﻿URL,MatchDateTime,Station,Show,IAShowID,IAPreviewThumb,Snippet
https://archive.org/details/CNNW_20140602_170000_Wolf#start/1257/end/1292,6/2/2014 17:21:12,CNN,Wolf,CNNW_20140602_170000_Wolf,https://archive.org/download/CNNW_20140602_170000_Wolf/CNNW_20140602_170000_Wolf.thumbs/CNNW_20140602_170000_Wolf_001245.jpg,"president's put into action? it's going to have, if it goes into effect and congress doesn't try to undo it and it doesn't get stuck in the courts, it would have a huge environmental impact, wolf, because burning coal is the largest source of greenhouse gas"
https://archive.org/details/CNNW_20140602_100000_New_Day#start/433/end/468,6/2/2014 10:07:28,CNN,New Day,CNNW_20140602_100000_New_Day,https://archive.org/download/CNNW_20140602_100000_New_Day/CNNW_20140602_100000_New_Day.thumbs/CNNW_20140602_100000_New_Day_000405.jpg,"a steep 30% cut in carbon emesses. so-called greenhouse gases, from coal-fired power plants. he's using his executive authority, proposing new epa regulations to take his strongest action yet against climate change. as president, and as a"
https://archive.org/details/CNNW_20140602_223000_Crossfire#start/1197/end/1232,6/2/2014 22:50:12,CNN,Crossfire,CNNW_20140602_223000_Crossfire,https://archive.org/download/CNNW_20140602_223000_Crossfire/CNNW_20140602_223000_Crossfire.thumbs/CNNW_20140602_223000_Crossfire_001185.jpg,"control, and they're always wrong. you know why? they underestimate the ability of the american business to innovate. may not even be telling the truth from the get-go. higher electricity cost, not only burdened the families in business. we're going to export our manufacturing and make not even a dent in global greenhouse gas"
https://archive.org/details/CNNW_20140602_130000_CNN_Newsroom#start/5368/end/5403,6/2/2014 14:29:43,CNN,CNN Newsroom,CNNW_20140602_130000_CNN_Newsroom,https://archive.org/download/CNNW_20140602_130000_CNN_Newsroom/CNNW_20140602_130000_CNN_Newsroom.thumbs/CNNW_20140602_130000_CNN_Newsroom_005295.jpg,"viagra. talk to you doctor. good morning. i'm carol costello. thank you so much for joining me. the obama administration will unveil its latest efforts to fight climate change today."
https://archive.org/details/CNNW_20140626_100000_New_Day#start/5734/end/5769,6/26/2014 11:35:49,CNN,New Day,CNNW_20140626_100000_New_Day,https://archive.org/download/CNNW_20140626_100000_New_Day/CNNW_20140626_100000_New_Day.thumbs/CNNW_20140626_100000_New_Day_005716.jpg,"but listen to the president's tone here speaking to an environmental group, league of conservation voters here. listen to his tone going after republicans who he says simply flat refuse to acknowledge that man is contributing to climate change."
https://archive.org/details/CNNW_20140629_170000_Fareed_Zakaria_GPS#start/326/end/361,6/29/2014 17:05:41,CNN,Fareed Zakaria GPS,CNNW_20140629_170000_Fareed_Zakaria_GPS,https://archive.org/download/CNNW_20140629_170000_Fareed_Zakaria_GPS/CNNW_20140629_170000_Fareed_Zakaria_GPS.thumbs/CNNW_20140629_170000_Fareed_Zakaria_GPS_000316.jpg,"probably be down 50% to 70%. americans will likely experience two to three times as many days with temperatures above 95 degrees as they do today. all this the reports also say if we don't do something about climate change now."
https://archive.org/details/CNNW_20140602_130000_CNN_Newsroom#start/5484/end/5519,6/2/2014 14:31:39,CNN,CNN Newsroom,CNNW_20140602_130000_CNN_Newsroom,https://archive.org/download/CNNW_20140602_130000_CNN_Newsroom/CNNW_20140602_130000_CNN_Newsroom.thumbs/CNNW_20140602_130000_CNN_Newsroom_005475.jpg,"commerce. the obama administration and epa itself said 8 billion a year. we're talking about real cost. jobs. 7% increases in electricity bills. yes, this is going to have an impact. you have to ask yourself for what? global warming, climate change are truly global. if we do this, do we make an"
https://archive.org/details/CNNW_20140602_100000_New_Day#start/7995/end/8030,6/2/2014 12:13:30,CNN,New Day,CNNW_20140602_100000_New_Day,https://archive.org/download/CNNW_20140602_100000_New_Day/CNNW_20140602_100000_New_Day.thumbs/CNNW_20140602_100000_New_Day_007995.jpg,"congress to force a steep 30% cut in carbon emissions, so-called greenhouse gases from co coal-powered fire plants, proposing new epa regulations to"
https://archive.org/details/CNNW_20140608_160000_State_of_the_Union_With_Candy_Crowley#start/3598/end/3633,6/8/2014 17:00:13,CNN,State of the Union With Candy Crowley,CNNW_20140608_160000_State_of_the_Union_With_Candy_Crowley,https://archive.org/download/CNNW_20140608_160000_State_of_the_Union_With_Candy_Crowley/CNNW_20140608_160000_State_of_the_Union_With_Candy_Crowley.thumbs/CNNW_20140608_160000_State_of_the_Union_With_Candy_Crowley_003586.jpg,"for seven months and ten days. also, why one of the most important cases before the supreme court is about teeth whitening. then, the consequences of global"
https://archive.org/details/CNNW_20140628_183000_Your_Money#start/711/end/746,6/28/2014 18:42:06,CNN,Your Money,CNNW_20140628_183000_Your_Money,https://archive.org/download/CNNW_20140628_183000_Your_Money/CNNW_20140628_183000_Your_Money.thumbs/CNNW_20140628_183000_Your_Money_000705.jpg,"similarities because excesses are building up and greenhouse gases. don't forget the important difference because as bad as the financial crisis was the government could come in at the last minute and take action."
https://archive.org/details/CNNW_20140602_130000_CNN_Newsroom#start/3723/end/3758,6/2/2014 14:02:18,CNN,CNN Newsroom,CNNW_20140602_130000_CNN_Newsroom,https://archive.org/download/CNNW_20140602_130000_CNN_Newsroom/CNNW_20140602_130000_CNN_Newsroom.thumbs/CNNW_20140602_130000_CNN_Newsroom_003705.jpg,"president obama is going around congress to force a steep 30% cut in carbon emissions, so-called greenhouse gases from coal fired power plants. he's using his executive authority proposing new epa regulations to take his"
https://archive.org/details/CNNW_20140602_130000_CNN_Newsroom#start/1015/end/1050,6/2/2014 13:17:10,CNN,CNN Newsroom,CNNW_20140602_130000_CNN_Newsroom,https://archive.org/download/CNNW_20140602_130000_CNN_Newsroom/CNNW_20140602_130000_CNN_Newsroom.thumbs/CNNW_20140602_130000_CNN_Newsroom_001005.jpg,"source of greenhouse gases. opponents say the plan will cost billions of dollars and cost the country hundreds of thousands of jobs mainly from coal plants. cnn's erin mcpike joins us live from washington to tell us more."
https://archive.org/details/CNNW_20140629_140000_Fareed_Zakaria_GPS#start/510/end/545,6/29/2014 14:08:45,CNN,Fareed Zakaria GPS,CNNW_20140629_140000_Fareed_Zakaria_GPS,https://archive.org/download/CNNW_20140629_140000_Fareed_Zakaria_GPS/CNNW_20140629_140000_Fareed_Zakaria_GPS.thumbs/CNNW_20140629_140000_Fareed_Zakaria_GPS_000495.jpg,"party. but you have a solution which is a carbon tax which is completely against republicans at least on capitol hill. what i said about a carbon tax, if some people that oppose it are opposing it because they"
https://archive.org/details/CNNW_20140602_130000_CNN_Newsroom#start/3675/end/3710,6/2/2014 14:01:30,CNN,CNN Newsroom,CNNW_20140602_130000_CNN_Newsroom,https://archive.org/download/CNNW_20140602_130000_CNN_Newsroom/CNNW_20140602_130000_CNN_Newsroom.thumbs/CNNW_20140602_130000_CNN_Newsroom_003675.jpg,"variety of options to meet those goals like developing wind and solar energy. supporters say this is a major step in cutting the biggest source of greenhouse gases. opponents say the plan will cost billions of dollars and cost the country hundreds of thousands of"
https://archive.org/details/CNNW_20140601_130000_State_of_the_Union_With_Candy_Crowley#start/3643/end/3678,6/1/2014 14:00:58,CNN,State of the Union With Candy Crowley,CNNW_20140601_130000_State_of_the_Union_With_Candy_Crowley,https://archive.org/download/CNNW_20140601_130000_State_of_the_Union_With_Candy_Crowley/CNNW_20140601_130000_State_of_the_Union_With_Candy_Crowley.thumbs/CNNW_20140601_130000_State_of_the_Union_With_Candy_Crowley_003646.jpg,"could afghanistan turn out to be a success? i will give you my case for optimism. also, from what to have for dinner and how to fix global warming, a revolutionary new way to"
https://archive.org/details/CNNW_20140619_200000_The_Lead_With_Jake_Tapper#start/3484/end/3519,6/19/2014 20:58:19,CNN,The Lead With Jake Tapper,CNNW_20140619_200000_The_Lead_With_Jake_Tapper,https://archive.org/download/CNNW_20140619_200000_The_Lead_With_Jake_Tapper/CNNW_20140619_200000_The_Lead_With_Jake_Tapper.thumbs/CNNW_20140619_200000_The_Lead_With_Jake_Tapper_003466.jpg,"his pet issue. down to this little puddle. republicans pointed out the obvious. senate democrats are just trying to please the left coast billionaire who plans to finance so many of their campaigns. steyer sees combating climate"
https://archive.org/details/CNNW_20140618_100000_New_Day#start/1555/end/1590,6/18/2014 10:26:10,CNN,New Day,CNNW_20140618_100000_New_Day,https://archive.org/download/CNNW_20140618_100000_New_Day/CNNW_20140618_100000_New_Day.thumbs/CNNW_20140618_100000_New_Day_001546.jpg,"for turning his back on the situation in iraq. reporter: right, it was scathing, basically accusing president obama of golfing while iraq burned saying iraq is at risk of falling to radical islamic terror group and mr. obama is talking climate"
https://archive.org/details/CNNW_20140629_220000_CNN_Newsroom#start/3039/end/3074,6/29/2014 22:50:54,CNN,CNN Newsroom,CNNW_20140629_220000_CNN_Newsroom,https://archive.org/download/CNNW_20140629_220000_CNN_Newsroom/CNNW_20140629_220000_CNN_Newsroom.thumbs/CNNW_20140629_220000_CNN_Newsroom_003015.jpg,"going to attack global warming, we have to understand how to build cities that are low carbon and that's why masd dchlmasdar such a contribution to glob"
https://archive.org/details/CNNW_20140608_170000_Fareed_Zakaria_GPS#start/0/end/35,6/8/2014 17:00:15,CNN,Fareed Zakaria GPS,CNNW_20140608_170000_Fareed_Zakaria_GPS,https://archive.org/download/CNNW_20140608_170000_Fareed_Zakaria_GPS/CNNW_20140608_170000_Fareed_Zakaria_GPS.thumbs/CNNW_20140608_170000_Fareed_Zakaria_GPS_000016.jpg,"also, why one of the most important cases before the supreme court is about teeth whitening. then, the consequences of global warming may seem far off for"
https://archive.org/details/CNNW_20140602_150000_At_This_Hour_With_Berman_and_Michaela#start/2665/end/2700,6/2/2014 15:44:40,CNN,At This Hour With Berman and Michaela,CNNW_20140602_150000_At_This_Hour_With_Berman_and_Michaela,https://archive.org/download/CNNW_20140602_150000_At_This_Hour_With_Berman_and_Michaela/CNNW_20140602_150000_At_This_Hour_With_Berman_and_Michaela.thumbs/CNNW_20140602_150000_At_This_Hour_With_Berman_and_Michaela_001306.jpg,"some responsible environmental regulation. it's time. it should have been done four years ago. in spite of your efforts -- he hasn't answered the fundamental question. look, we can scale back our greenhouse gas emissions and we have and we should lead but"
https://archive.org/details/CNNW_20140625_190000_CNN_Newsroom_With_Brooke_Baldwin#start/1094/end/1129,6/25/2014 19:18:29,CNN,CNN Newsroom With Brooke Baldwin,CNNW_20140625_190000_CNN_Newsroom_With_Brooke_Baldwin,https://archive.org/download/CNNW_20140625_190000_CNN_Newsroom_With_Brooke_Baldwin/CNNW_20140625_190000_CNN_Newsroom_With_Brooke_Baldwin.thumbs/CNNW_20140625_190000_CNN_Newsroom_With_Brooke_Baldwin_001066.jpg,"greenhouse gas emissions, same-sex marriage, immigration. but let's say boehner takes a bunch of beefs, rolls them all together, takes them to this federal judge. what would the judge do? almost certainly throw it out right away. okay. because this is actually"
https://archive.org/details/CNNW_20140626_100000_New_Day#start/5811/end/5846,6/26/2014 11:37:06,CNN,New Day,CNNW_20140626_100000_New_Day,https://archive.org/download/CNNW_20140626_100000_New_Day/CNNW_20140626_100000_New_Day.thumbs/CNNW_20140626_100000_New_Day_005806.jpg,"like that on climate change for the next two and a half votes. doesn't have the votes on his side and it's interesting the fight on climate change that he does choose to wage which is about the science which is something he can portray the republicans out of step and out of mainstream but he's not talking about cap and trade,"
https://archive.org/details/CNNW_20140629_170000_Fareed_Zakaria_GPS#start/517/end/552,6/29/2014 17:08:52,CNN,Fareed Zakaria GPS,CNNW_20140629_170000_Fareed_Zakaria_GPS,https://archive.org/download/CNNW_20140629_170000_Fareed_Zakaria_GPS/CNNW_20140629_170000_Fareed_Zakaria_GPS.thumbs/CNNW_20140629_170000_Fareed_Zakaria_GPS_000496.jpg,"carbon tax is some people that oppose it. are opposing it because they don't like the government playing a big role. and, you know, the perverse aspect of that is, frankly,"
https://archive.org/details/CNNW_20140602_150000_At_This_Hour_With_Berman_and_Michaela#start/2556/end/2591,6/2/2014 15:42:51,CNN,At This Hour With Berman and Michaela,CNNW_20140602_150000_At_This_Hour_With_Berman_and_Michaela,https://archive.org/download/CNNW_20140602_150000_At_This_Hour_With_Berman_and_Michaela/CNNW_20140602_150000_At_This_Hour_With_Berman_and_Michaela.thumbs/CNNW_20140602_150000_At_This_Hour_With_Berman_and_Michaela_001306.jpg,"curtail greenhouse gas emissions and they have actually gone down over the last several years. because? for a couple of reasons. one because the economy has slowed down but that's not the only reason. a lot more natural gas. because of fracking. a lot more natural gas and"
https://archive.org/details/CNNW_20140602_100000_New_Day#start/5244/end/5279,6/2/2014 11:27:39,CNN,New Day,CNNW_20140602_100000_New_Day,https://archive.org/download/CNNW_20140602_100000_New_Day/CNNW_20140602_100000_New_Day.thumbs/CNNW_20140602_100000_New_Day_005205.jpg,"using executive authority to take one could be one of the most significant steps to fight global warming in u.s. history. the environmental protection agency announcing a major proposal that calls for deep cuts on power plant emissions."
https://archive.org/details/CNNW_20140601_140000_Fareed_Zakaria_GPS#start/43/end/78,6/1/2014 14:00:58,CNN,Fareed Zakaria GPS,CNNW_20140601_140000_Fareed_Zakaria_GPS,https://archive.org/download/CNNW_20140601_140000_Fareed_Zakaria_GPS/CNNW_20140601_140000_Fareed_Zakaria_GPS.thumbs/CNNW_20140601_140000_Fareed_Zakaria_GPS_000045.jpg,"could afghanistan turn out to be a success? i will give you my case for optimism. also, from what to have for dinner and how to fix global warming, a revolutionary new way to solve problems."
https://archive.org/details/CNNW_20140608_140000_Fareed_Zakaria_GPS#start/66/end/101,6/8/2014 14:01:21,CNN,Fareed Zakaria GPS,CNNW_20140608_140000_Fareed_Zakaria_GPS,https://archive.org/download/CNNW_20140608_140000_Fareed_Zakaria_GPS/CNNW_20140608_140000_Fareed_Zakaria_GPS.thumbs/CNNW_20140608_140000_Fareed_Zakaria_GPS_000046.jpg,"whitening. then, the consequences of global warming may seem far off for you, but for this man, they are now. the president of an island nation struggles to figure out how to stop his country from sinking literally."
https://archive.org/details/CNNW_20140602_150000_At_This_Hour_With_Berman_and_Michaela#start/2507/end/2542,6/2/2014 15:42:02,CNN,At This Hour With Berman and Michaela,CNNW_20140602_150000_At_This_Hour_With_Berman_and_Michaela,https://archive.org/download/CNNW_20140602_150000_At_This_Hour_With_Berman_and_Michaela/CNNW_20140602_150000_At_This_Hour_With_Berman_and_Michaela.thumbs/CNNW_20140602_150000_At_This_Hour_With_Berman_and_Michaela_001306.jpg,"margaret hoover, speak for all republicans right now. there's a lack of republican cohesion on this issue. some do not believe that humans are contributing to global warming. there are some who do. if you do, isn't there something"
https://archive.org/details/CNNW_20140627_210000_The_Situation_Room#start/3123/end/3158,6/27/2014 21:52:18,CNN,The Situation Room,CNNW_20140627_210000_The_Situation_Room,https://archive.org/download/CNNW_20140627_210000_The_Situation_Room/CNNW_20140627_210000_The_Situation_Room.thumbs/CNNW_20140627_210000_The_Situation_Room_003105.jpg,"with all of this and the scientific evidence that air pollution causes global warming with you would think that the air quality would. be going down fast. but new at light pictures show it is just the different."
https://archive.org/details/CNNW_20140626_230000_Erin_Burnett_OutFront#start/3562/end/3597,6/26/2014 23:59:37,CNN,Erin Burnett OutFront,CNNW_20140626_230000_Erin_Burnett_OutFront,https://archive.org/download/CNNW_20140626_230000_Erin_Burnett_OutFront/CNNW_20140626_230000_Erin_Burnett_OutFront.thumbs/CNNW_20140626_230000_Erin_Burnett_OutFront_003555.jpg,"in the middle the desert. what you're trying to prove is bigger? absolutely. globalization is the key issue for the future, not only because cities will attack global warming, we have to understand how to build cities low carbon"
https://archive.org/details/CNNW_20140602_100000_New_Day#start/8998/end/9033,6/2/2014 12:30:13,CNN,New Day,CNNW_20140602_100000_New_Day,https://archive.org/download/CNNW_20140602_100000_New_Day/CNNW_20140602_100000_New_Day.thumbs/CNNW_20140602_100000_New_Day_008985.jpg,"us that bergdahl has not been classified as a deserter and is still scheduled to be promoted to staff sergeant. president obama using his executive authority to make a major push to address global warming, cutting emissions by"
https://archive.org/details/CNNW_20140601_170000_Fareed_Zakaria_GPS#start/71/end/106,6/1/2014 17:01:26,CNN,Fareed Zakaria GPS,CNNW_20140601_170000_Fareed_Zakaria_GPS,https://archive.org/download/CNNW_20140601_170000_Fareed_Zakaria_GPS/CNNW_20140601_170000_Fareed_Zakaria_GPS.thumbs/CNNW_20140601_170000_Fareed_Zakaria_GPS_000046.jpg,"ignatius, nick kristoff, christa freeland and dan cenow. next, could afghanistan turn out to be a success? i will give you my case for optimism. also, from what to have for dinner and how to fix global warming, a revolutionary new way"
https://archive.org/details/CNNW_20140619_200000_The_Lead_With_Jake_Tapper#start/3204/end/3239,6/19/2014 20:53:39,CNN,The Lead With Jake Tapper,CNNW_20140619_200000_The_Lead_With_Jake_Tapper,https://archive.org/download/CNNW_20140619_200000_The_Lead_With_Jake_Tapper/CNNW_20140619_200000_The_Lead_With_Jake_Tapper.thumbs/CNNW_20140619_200000_The_Lead_With_Jake_Tapper_003196.jpg,"there's a guy right here, his name is tom steyer. he's going to put $100 million into the legislative process to try to resurrect global warming as an issue. i don't know tom steyer from a bar of so. steyer's a hedge fund"
https://archive.org/details/CNNW_20140602_150000_At_This_Hour_With_Berman_and_Michaela#start/2429/end/2464,6/2/2014 15:40:44,CNN,At This Hour With Berman and Michaela,CNNW_20140602_150000_At_This_Hour_With_Berman_and_Michaela,https://archive.org/download/CNNW_20140602_150000_At_This_Hour_With_Berman_and_Michaela/CNNW_20140602_150000_At_This_Hour_With_Berman_and_Michaela.thumbs/CNNW_20140602_150000_At_This_Hour_With_Berman_and_Michaela_001306.jpg,"take the strongest action of his administration to try to slow climate change. he wants carbon emissions cut by"
https://archive.org/details/CNNW_20140602_100000_New_Day#start/6298/end/6333,6/2/2014 11:45:13,CNN,New Day,CNNW_20140602_100000_New_Day,https://archive.org/download/CNNW_20140602_100000_New_Day/CNNW_20140602_100000_New_Day.thumbs/CNNW_20140602_100000_New_Day_006285.jpg,"global warming. but the authority exists, clearly, i will say, when it comes to the interests that always claim in circumstances like this there will be job loss and doomsday scenario, that's what they said when regulation was put in place in 1990, over acid rain."
https://archive.org/details/CNNW_20140603_070000_CNNI_Simulcast#start/1035/end/1070,6/3/2014 7:17:30,CNN,CNNI Simulcast,CNNW_20140603_070000_CNNI_Simulcast,https://archive.org/download/CNNW_20140603_070000_CNNI_Simulcast/CNNW_20140603_070000_CNNI_Simulcast.thumbs/CNNW_20140603_070000_CNNI_Simulcast_000742.jpg,"president's latest action over climate change. barack obama directed the environmental protection agency to cut carbon emissions by 30%. this has to happen by 2030."
https://archive.org/details/CNNW_20140602_130000_CNN_Newsroom#start/5465/end/5500,6/2/2014 14:31:20,CNN,CNN Newsroom,CNNW_20140602_130000_CNN_Newsroom,https://archive.org/download/CNNW_20140602_130000_CNN_Newsroom/CNNW_20140602_130000_CNN_Newsroom.thumbs/CNNW_20140602_130000_CNN_Newsroom_005445.jpg,"the target here. it's the problem. it's the reason for carbon emissions and global warming. when you listen to alison grimes is it's more than a war on coal. it's a war on the economy. that number you quoted earlier, 50 billion a year, that comes from the u.s. chamber of"
https://archive.org/details/CNNW_20140627_170000_Wolf#start/3428/end/3463,6/27/2014 17:57:23,CNN,Wolf,CNNW_20140627_170000_Wolf,https://archive.org/download/CNNW_20140627_170000_Wolf/CNNW_20140627_170000_Wolf.thumbs/CNNW_20140627_170000_Wolf_003406.jpg,"desert. this is obviously happening here in the middle of the desert. what you're trying to prove is much bigger. absolutely. globalization is the key issue for the future. not only because cities are going to attack global warming, we have to understand how to build cities that are low"
https://archive.org/details/CNNW_20140608_140000_Fareed_Zakaria_GPS#start/2172/end/2207,6/8/2014 14:36:27,CNN,Fareed Zakaria GPS,CNNW_20140608_140000_Fareed_Zakaria_GPS,https://archive.org/download/CNNW_20140608_140000_Fareed_Zakaria_GPS/CNNW_20140608_140000_Fareed_Zakaria_GPS.thumbs/CNNW_20140608_140000_Fareed_Zakaria_GPS_002146.jpg,"tell me about your country. why is it particularly susceptible to climate change. you have to understand the geography of the island. they are very small islands"
https://archive.org/details/CNNW_20140629_140000_Fareed_Zakaria_GPS#start/557/end/592,6/29/2014 14:09:32,CNN,Fareed Zakaria GPS,CNNW_20140629_140000_Fareed_Zakaria_GPS,https://archive.org/download/CNNW_20140629_140000_Fareed_Zakaria_GPS/CNNW_20140629_140000_Fareed_Zakaria_GPS.thumbs/CNNW_20140629_140000_Fareed_Zakaria_GPS_000555.jpg,"part of society gets hit particularly hard and government comes in. and that's a role of government. government should come in, but we all pay. so a number of people who support the general idea say, look, we're not going to get a carbon tax in the united states"
https://archive.org/details/CNNW_20140603_070000_CNNI_Simulcast#start/54/end/89,6/3/2014 7:01:09,CNN,CNNI Simulcast,CNNW_20140603_070000_CNNI_Simulcast,https://archive.org/download/CNNW_20140603_070000_CNNI_Simulcast/CNNW_20140603_070000_CNNI_Simulcast.thumbs/CNNW_20140603_070000_CNNI_Simulcast_000052.jpg,"opposing views. the reaction to america's new plan to combat climate change. and a civil war, international condemnation and threats of violence. yet the presidential election is moving forward."
https://archive.org/details/CNNW_20140625_140000_CNN_Newsroom_With_Carol_Costello#start/631/end/666,6/25/2014 14:10:46,CNN,CNN Newsroom With Carol Costello,CNNW_20140625_140000_CNN_Newsroom_With_Carol_Costello,https://archive.org/download/CNNW_20140625_140000_CNN_Newsroom_With_Carol_Costello/CNNW_20140625_140000_CNN_Newsroom_With_Carol_Costello.thumbs/CNNW_20140625_140000_CNN_Newsroom_With_Carol_Costello_000615.jpg,"controversial topics, things he knows congress won't touch, gun control, climate change, minimum wage, gay marriage, power plants, health care, immigration. we are not just going to be waiting for legislation."
https://archive.org/details/CNNW_20140628_183000_Your_Money#start/761/end/796,6/28/2014 18:42:56,CNN,Your Money,CNNW_20140628_183000_Your_Money,https://archive.org/download/CNNW_20140628_183000_Your_Money/CNNW_20140628_183000_Your_Money.thumbs/CNNW_20140628_183000_Your_Money_000735.jpg,"need to show more leadership of the actions we are taking to protect ourselves from the immediate impacts of climate change. we will have to invest in resilience and will have to, i"
https://archive.org/details/CNNW_20140608_170000_Fareed_Zakaria_GPS#start/2386/end/2421,6/8/2014 17:40:01,CNN,Fareed Zakaria GPS,CNNW_20140608_170000_Fareed_Zakaria_GPS,https://archive.org/download/CNNW_20140608_170000_Fareed_Zakaria_GPS/CNNW_20140608_170000_Fareed_Zakaria_GPS.thumbs/CNNW_20140608_170000_Fareed_Zakaria_GPS_002386.jpg,"get serious about climate change? let me make the point that whatever is agreed within the united states today with china, it will not have a bearing on our future because already it's"
https://archive.org/details/CNNW_20140608_140000_Fareed_Zakaria_GPS#start/2445/end/2480,6/8/2014 14:41:00,CNN,Fareed Zakaria GPS,CNNW_20140608_140000_Fareed_Zakaria_GPS,https://archive.org/download/CNNW_20140608_140000_Fareed_Zakaria_GPS/CNNW_20140608_140000_Fareed_Zakaria_GPS.thumbs/CNNW_20140608_140000_Fareed_Zakaria_GPS_002446.jpg,"get serious about climate change? let me make the point that whatever is agreed within the united states today with china, it will not have a bearing on our future because already it's"
https://archive.org/details/CNNW_20140603_070000_CNNI_Simulcast#start/698/end/733,6/3/2014 7:11:53,CNN,CNNI Simulcast,CNNW_20140603_070000_CNNI_Simulcast,https://archive.org/download/CNNW_20140603_070000_CNNI_Simulcast/CNNW_20140603_070000_CNNI_Simulcast.thumbs/CNNW_20140603_070000_CNNI_Simulcast_000682.jpg,"the u.s. president takes his strongest action against climate change. no surprise, critics are outraged. whatever happened to good? good is choosing not to overshoot the moon, but to land right on it."
https://archive.org/details/CNNW_20140628_183000_Your_Money#start/681/end/716,6/28/2014 18:41:36,CNN,Your Money,CNNW_20140628_183000_Your_Money,https://archive.org/download/CNNW_20140628_183000_Your_Money/CNNW_20140628_183000_Your_Money.thumbs/CNNW_20140628_183000_Your_Money_000675.jpg,"business project calling on business to take action on climate change. the pressure is on business to think short term are tremendous in our system because markets tend to focus on the"
https://archive.org/details/CNNW_20140602_200000_The_Lead_With_Jake_Tapper#start/2238/end/2273,6/2/2014 20:37:33,CNN,The Lead With Jake Tapper,CNNW_20140602_200000_The_Lead_With_Jake_Tapper,https://archive.org/download/CNNW_20140602_200000_The_Lead_With_Jake_Tapper/CNNW_20140602_200000_The_Lead_With_Jake_Tapper.thumbs/CNNW_20140602_200000_The_Lead_With_Jake_Tapper_002236.jpg,"name of fighting climate change. the aim is to cut by the year of 2030. coal-powered plants will be hit the hardest because they emit more carbons than other plants. but despite arguing the"
https://archive.org/details/CNNW_20140629_170000_Fareed_Zakaria_GPS#start/1111/end/1146,6/29/2014 17:18:46,CNN,Fareed Zakaria GPS,CNNW_20140629_170000_Fareed_Zakaria_GPS,https://archive.org/download/CNNW_20140629_170000_Fareed_Zakaria_GPS/CNNW_20140629_170000_Fareed_Zakaria_GPS.thumbs/CNNW_20140629_170000_Fareed_Zakaria_GPS_001096.jpg,"climate change, i think you are talking about the need for immigration reform, stimulus up front and structural reform later, it's difficult to see a -- meet a lot of elected republicans who agree with you."
https://archive.org/details/CNNW_20140608_140000_Fareed_Zakaria_GPS#start/2123/end/2158,6/8/2014 14:35:38,CNN,Fareed Zakaria GPS,CNNW_20140608_140000_Fareed_Zakaria_GPS,https://archive.org/download/CNNW_20140608_140000_Fareed_Zakaria_GPS/CNNW_20140608_140000_Fareed_Zakaria_GPS.thumbs/CNNW_20140608_140000_Fareed_Zakaria_GPS_001996.jpg,"president obama's ambitious cap on carbon emissions sparked a lot of debate this week but for another country the climate change debate is more than words and policies. it is a matter of survival."
https://archive.org/details/CNNW_20140602_210000_The_Situation_Room#start/2682/end/2717,6/2/2014 21:44:57,CNN,The Situation Room,CNNW_20140602_210000_The_Situation_Room,https://archive.org/download/CNNW_20140602_210000_The_Situation_Room/CNNW_20140602_210000_The_Situation_Room.thumbs/CNNW_20140602_210000_The_Situation_Room_002655.jpg,"both sides battle it out and democrats in red states and cold states deal with a battle of their own. one of the strongest actions by any president to tackle climate change, president obama is"
https://archive.org/details/CNNW_20140608_170000_Fareed_Zakaria_GPS#start/2112/end/2147,6/8/2014 17:35:27,CNN,Fareed Zakaria GPS,CNNW_20140608_170000_Fareed_Zakaria_GPS,https://archive.org/download/CNNW_20140608_170000_Fareed_Zakaria_GPS/CNNW_20140608_170000_Fareed_Zakaria_GPS.thumbs/CNNW_20140608_170000_Fareed_Zakaria_GPS_002086.jpg,"giving me this opportunity. tell me about your country. why is it particularly susceptible to climate change. i think what's important here to understand is the geography of the island. they are very small islands"
https://archive.org/details/CNNW_20140602_090000_Early_Start_With_John_Berman_and_Christine_Romans#start/3550/end/3585,6/2/2014 9:59:25,CNN,Early Start With John Berman and Christine Romans,CNNW_20140602_090000_Early_Start_With_John_Berman_and_Christine_Romans,https://archive.org/download/CNNW_20140602_090000_Early_Start_With_John_Berman_and_Christine_Romans/CNNW_20140602_090000_Early_Start_With_John_Berman_and_Christine_Romans.thumbs/CNNW_20140602_090000_Early_Start_With_John_Berman_and_Christine_Romans_001726.jpg,"terrorists? power struggle. the white house skirts congress, announcing today massive cuts to carbon emissions, but republicans and businesses are fighting back. will it curb climate change significant significantly, at what expense to american jobs?"
https://archive.org/details/CNNW_20140602_100000_New_Day#start/7946/end/7981,6/2/2014 12:12:41,CNN,New Day,CNNW_20140602_100000_New_Day,https://archive.org/download/CNNW_20140602_100000_New_Day/CNNW_20140602_100000_New_Day.thumbs/CNNW_20140602_100000_New_Day_007935.jpg,"criticism on the environment. president obama using his executive authority to take on climate change with a new plan to cut carbon emissions from power plants by 30% by the year 2030. erin mcpike is following these"
https://archive.org/details/CNNW_20140602_100000_New_Day#start/8026/end/8061,6/2/2014 12:14:01,CNN,New Day,CNNW_20140602_100000_New_Day,https://archive.org/download/CNNW_20140602_100000_New_Day/CNNW_20140602_100000_New_Day.thumbs/CNNW_20140602_100000_New_Day_008025.jpg,"center. often these illnesses are aggravated by air pollution. pollution from the same sources that release carbon and contribute to climate change, and for the sake of all our kids, we've got to do more to reduce it."
https://archive.org/details/CNNW_20140628_183000_Your_Money#start/808/end/843,6/28/2014 18:43:43,CNN,Your Money,CNNW_20140628_183000_Your_Money,https://archive.org/download/CNNW_20140628_183000_Your_Money/CNNW_20140628_183000_Your_Money.thumbs/CNNW_20140628_183000_Your_Money_000795.jpg,"uses risk modeling methodology that is widely accepted by business will make a big difference. addressing climate change would add costs for companies at a time when the u.s. economy is under performing. you might call it the barbecue"
https://archive.org/details/CNNW_20140629_140000_Fareed_Zakaria_GPS#start/35/end/70,6/29/2014 14:00:50,CNN,Fareed Zakaria GPS,CNNW_20140629_140000_Fareed_Zakaria_GPS,https://archive.org/download/CNNW_20140629_140000_Fareed_Zakaria_GPS/CNNW_20140629_140000_Fareed_Zakaria_GPS.thumbs/CNNW_20140629_140000_Fareed_Zakaria_GPS_000045.jpg,"a terrific new report tallies up the costs to you and me and everyone from climate change. i will talk with two of the many high-powered people behind the study, two former treasury secretaries, one republican, one democrat."
https://archive.org/details/CNNW_20140629_140000_Fareed_Zakaria_GPS#start/332/end/367,6/29/2014 14:05:47,CNN,Fareed Zakaria GPS,CNNW_20140629_140000_Fareed_Zakaria_GPS,https://archive.org/download/CNNW_20140629_140000_Fareed_Zakaria_GPS/CNNW_20140629_140000_Fareed_Zakaria_GPS.thumbs/CNNW_20140629_140000_Fareed_Zakaria_GPS_000315.jpg,"three times as many days with temperatures above 95 degrees as they do today. all this the report's authors say if we don't do something about climate change now. the report has serious pedigree. it was released by an"
https://archive.org/details/CNNW_20140629_130000_State_of_the_Union_With_Candy_Crowley#start/3634/end/3669,6/29/2014 14:00:49,CNN,State of the Union With Candy Crowley,CNNW_20140629_130000_State_of_the_Union_With_Candy_Crowley,https://archive.org/download/CNNW_20140629_130000_State_of_the_Union_With_Candy_Crowley/CNNW_20140629_130000_State_of_the_Union_With_Candy_Crowley.thumbs/CNNW_20140629_130000_State_of_the_Union_With_Candy_Crowley_003616.jpg,"a terrific new report tallies up the costs to you and me and everyone from climate change. i will talk with two of the many high-powered people behind the study, two former treasury secretaries, one republican, one democrat."
https://archive.org/details/CNNW_20140608_170000_Fareed_Zakaria_GPS#start/2357/end/2392,6/8/2014 17:39:32,CNN,Fareed Zakaria GPS,CNNW_20140608_170000_Fareed_Zakaria_GPS,https://archive.org/download/CNNW_20140608_170000_Fareed_Zakaria_GPS/CNNW_20140608_170000_Fareed_Zakaria_GPS.thumbs/CNNW_20140608_170000_Fareed_Zakaria_GPS_002356.jpg,"the sidelines of the debate of climate change. the recent developments that i'm watching with a lot of interest and the rest of the attention of the international community is doing the same is the change in"
https://archive.org/details/CNNW_20140608_140000_Fareed_Zakaria_GPS#start/2509/end/2544,6/8/2014 14:42:04,CNN,Fareed Zakaria GPS,CNNW_20140608_140000_Fareed_Zakaria_GPS,https://archive.org/download/CNNW_20140608_140000_Fareed_Zakaria_GPS/CNNW_20140608_140000_Fareed_Zakaria_GPS.thumbs/CNNW_20140608_140000_Fareed_Zakaria_GPS_002506.jpg,"in the like situation where the impact of climate change is total annihilation of our nations. president tong, pleasure to have you on. thank you for having me. next on 'gps' all people are created equal, right?"
https://archive.org/details/CNNW_20140602_150000_At_This_Hour_With_Berman_and_Michaela#start/2417/end/2452,6/2/2014 15:40:32,CNN,At This Hour With Berman and Michaela,CNNW_20140602_150000_At_This_Hour_With_Berman_and_Michaela,https://archive.org/download/CNNW_20140602_150000_At_This_Hour_With_Berman_and_Michaela/CNNW_20140602_150000_At_This_Hour_With_Berman_and_Michaela.thumbs/CNNW_20140602_150000_At_This_Hour_With_Berman_and_Michaela_001306.jpg,"as president and as a parent, i refuse to condemn our children to a planet that is beyond fixing. that was president obama in a taped statement explaining his big climate change proposal using his executive authority to"
https://archive.org/details/CNNW_20140618_210000_The_Situation_Room#start/858/end/893,6/18/2014 21:14:33,CNN,The Situation Room,CNNW_20140618_210000_The_Situation_Room,https://archive.org/download/CNNW_20140618_210000_The_Situation_Room/CNNW_20140618_210000_The_Situation_Room.thumbs/CNNW_20140618_210000_The_Situation_Room_000856.jpg,"slamming president obama for allowing a security threat not seen since the cold war saying iraq is at risk of falling to a radical islamic terror threat and mr. obama is talking climate change. on capitol hill, a swift"
https://archive.org/details/CNNW_20140625_100000_New_Day#start/3936/end/3971,6/25/2014 11:05:51,CNN,New Day,CNNW_20140625_100000_New_Day,https://archive.org/download/CNNW_20140625_100000_New_Day/CNNW_20140625_100000_New_Day.thumbs/CNNW_20140625_100000_New_Day_003915.jpg,"reporter: the famous executive actions, dozens and dozens of them, tweaking regulations and making moves on some of the most controversial topics, things he knows congress won't or can't touch. gun control, climate change, minimum wage, gay marriage,"
https://archive.org/details/CNNW_20140625_140000_CNN_Newsroom_With_Carol_Costello#start/820/end/855,6/25/2014 14:13:55,CNN,CNN Newsroom With Carol Costello,CNNW_20140625_140000_CNN_Newsroom_With_Carol_Costello,https://archive.org/download/CNNW_20140625_140000_CNN_Newsroom_With_Carol_Costello/CNNW_20140625_140000_CNN_Newsroom_With_Carol_Costello.thumbs/CNNW_20140625_140000_CNN_Newsroom_With_Carol_Costello_000795.jpg,"paulson this saturday. they are going to talk about the impact of climate change on our economy. still to come, soccer, sign of the time. you see that board on the world cup sidelines and wonder what it"
https://archive.org/details/CNNW_20140626_100000_New_Day#start/5746/end/5781,6/26/2014 11:36:01,CNN,New Day,CNNW_20140626_100000_New_Day,https://archive.org/download/CNNW_20140626_100000_New_Day/CNNW_20140626_100000_New_Day.thumbs/CNNW_20140626_100000_New_Day_005746.jpg,"hey, i'm not a scientist which really translates into i accept that manmade climate change is real, but if i say so out loud i'll be run out of town by a bunch of fringe elements"
https://archive.org/details/CNNW_20140619_200000_The_Lead_With_Jake_Tapper#start/3250/end/3285,6/19/2014 20:54:25,CNN,The Lead With Jake Tapper,CNNW_20140619_200000_The_Lead_With_Jake_Tapper,https://archive.org/download/CNNW_20140619_200000_The_Lead_With_Jake_Tapper/CNNW_20140619_200000_The_Lead_With_Jake_Tapper.thumbs/CNNW_20140619_200000_The_Lead_With_Jake_Tapper_003226.jpg,"helping cuccinelli lose. climate changing is an important issue. we should all be proud of the work we've done to keep climate change denier ken cuccinelli out of the governor's mansioning obama, we don't want no"
https://archive.org/details/CNNW_20140602_170000_Wolf#start/33/end/68,6/2/2014 17:00:48,CNN,Wolf,CNNW_20140602_170000_Wolf,https://archive.org/download/CNNW_20140602_170000_Wolf/CNNW_20140602_170000_Wolf.thumbs/CNNW_20140602_170000_Wolf_000045.jpg,"calls bergdahl a deserter, not a hero. right now, president obama takes his strongest action yet on climate change. republicans say it will kill jobs, lots of them. democratic candidates may be getting ready to pay the price"
https://archive.org/details/CNNW_20140602_210000_The_Situation_Room#start/2653/end/2688,6/2/2014 21:44:28,CNN,The Situation Room,CNNW_20140602_210000_The_Situation_Room,https://archive.org/download/CNNW_20140602_210000_The_Situation_Room/CNNW_20140602_210000_The_Situation_Room.thumbs/CNNW_20140602_210000_The_Situation_Room_002595.jpg,"president obama is taking his boldest executive action yet to combat climate change but republican and some democratic critics are arguing that the changes could cost lots of american jobs. cnn's government regulation correspondent rene marsh has"
https://archive.org/details/CNNW_20140608_170000_Fareed_Zakaria_GPS#start/2062/end/2097,6/8/2014 17:34:37,CNN,Fareed Zakaria GPS,CNNW_20140608_170000_Fareed_Zakaria_GPS,https://archive.org/download/CNNW_20140608_170000_Fareed_Zakaria_GPS/CNNW_20140608_170000_Fareed_Zakaria_GPS.thumbs/CNNW_20140608_170000_Fareed_Zakaria_GPS_001996.jpg,"i thought it was something that, you know, old people got. president obama's ambitious cap on carbon emissions sparked a lot of debate this week but for another country the climate change debate is more than words and policies."
https://archive.org/details/CNNW_20140602_130000_CNN_Newsroom#start/3739/end/3774,6/2/2014 14:02:34,CNN,CNN Newsroom,CNNW_20140602_130000_CNN_Newsroom,https://archive.org/download/CNNW_20140602_130000_CNN_Newsroom/CNNW_20140602_130000_CNN_Newsroom.thumbs/CNNW_20140602_130000_CNN_Newsroom_003735.jpg,"strongest action yet against climate change. as president and as a parent, i refuse to condemn our children to a planet beyond fixing. reporter: linking the move to health problems like asthma, he taped his weekly address at the children's national medical"
https://archive.org/details/CNNW_20140602_130000_CNN_Newsroom#start/3755/end/3790,6/2/2014 14:02:50,CNN,CNN Newsroom,CNNW_20140602_130000_CNN_Newsroom,https://archive.org/download/CNNW_20140602_130000_CNN_Newsroom/CNNW_20140602_130000_CNN_Newsroom.thumbs/CNNW_20140602_130000_CNN_Newsroom_003735.jpg,"center. often these illnesses are aggravated by air pollution. pollution from the same sources that release carbon and contribute to climate change. and for the sake of all our kids, we've got to do more to reduce it. reporter: the new rules"
https://archive.org/details/CNNW_20140629_140000_Fareed_Zakaria_GPS#start/1109/end/1144,6/29/2014 14:18:44,CNN,Fareed Zakaria GPS,CNNW_20140629_140000_Fareed_Zakaria_GPS,https://archive.org/download/CNNW_20140629_140000_Fareed_Zakaria_GPS/CNNW_20140629_140000_Fareed_Zakaria_GPS.thumbs/CNNW_20140629_140000_Fareed_Zakaria_GPS_001095.jpg,"they'll correct. markets that are over price will correct. final question. hank, listening to you on climate change, i think you are talking about the need for immigration reform, stimulus up front and structural reform later, it's difficult to see"
https://archive.org/details/CNNW_20140608_170000_Fareed_Zakaria_GPS#start/2452/end/2487,6/8/2014 17:41:07,CNN,Fareed Zakaria GPS,CNNW_20140608_170000_Fareed_Zakaria_GPS,https://archive.org/download/CNNW_20140608_170000_Fareed_Zakaria_GPS/CNNW_20140608_170000_Fareed_Zakaria_GPS.thumbs/CNNW_20140608_170000_Fareed_Zakaria_GPS_002446.jpg,"marshall islands, the impact of climate change is total annihilation of our nations. president tong, pleasure to have you on. thank you for having me. next on 'gps' all people are created equal, right? not so fast according to my next guest."
https://archive.org/details/CNNW_20140608_140000_Fareed_Zakaria_GPS#start/2158/end/2193,6/8/2014 14:36:13,CNN,Fareed Zakaria GPS,CNNW_20140608_140000_Fareed_Zakaria_GPS,https://archive.org/download/CNNW_20140608_140000_Fareed_Zakaria_GPS/CNNW_20140608_140000_Fareed_Zakaria_GPS.thumbs/CNNW_20140608_140000_Fareed_Zakaria_GPS_002146.jpg,"entire nation wiped out by climate change. here to talk about the problem and the plan to save his people is the president of the island. pleasure to have you on. thank you for having and giving me this opportunity."
https://archive.org/details/CNNW_20140608_140000_Fareed_Zakaria_GPS#start/2416/end/2451,6/8/2014 14:40:31,CNN,Fareed Zakaria GPS,CNNW_20140608_140000_Fareed_Zakaria_GPS,https://archive.org/download/CNNW_20140608_140000_Fareed_Zakaria_GPS/CNNW_20140608_140000_Fareed_Zakaria_GPS.thumbs/CNNW_20140608_140000_Fareed_Zakaria_GPS_002416.jpg,"the sidelines of the debate of climate change. the recent developments that i'm watching with a lot of interest and the rest of the attention of the community is doing the same is the change in policy. we see this as a very"
https://archive.org/details/CNNW_20140625_150000_At_This_Hour_With_Berman_and_Michaela#start/677/end/712,6/25/2014 15:11:32,CNN,At This Hour With Berman and Michaela,CNNW_20140625_150000_At_This_Hour_With_Berman_and_Michaela,https://archive.org/download/CNNW_20140625_150000_At_This_Hour_With_Berman_and_Michaela/CNNW_20140625_150000_At_This_Hour_With_Berman_and_Michaela.thumbs/CNNW_20140625_150000_At_This_Hour_With_Berman_and_Michaela_000498.jpg,"issues, gun control, climate change, minimum wage, gay marng, power plants, health care, immigration. i've got a pen and i've got a phone and i can use that pen to sign executive orders and take executive actions and administrative actions that move"
https://archive.org/details/CNNW_20140619_200000_The_Lead_With_Jake_Tapper#start/3500/end/3535,6/19/2014 20:58:35,CNN,The Lead With Jake Tapper,CNNW_20140619_200000_The_Lead_With_Jake_Tapper,https://archive.org/download/CNNW_20140619_200000_The_Lead_With_Jake_Tapper/CNNW_20140619_200000_The_Lead_With_Jake_Tapper.thumbs/CNNW_20140619_200000_The_Lead_With_Jake_Tapper_003496.jpg,"change as good policy as well as good politics. giving away millions and millions of dollars to try to impact our political system so that we avoid the disaster of climate change i think speaks an awful lot to the this person's"
https://archive.org/details/CNNW_20140602_170000_Wolf#start/1195/end/1230,6/2/2014 17:20:10,CNN,Wolf,CNNW_20140602_170000_Wolf,https://archive.org/download/CNNW_20140602_170000_Wolf/CNNW_20140602_170000_Wolf.thumbs/CNNW_20140602_170000_Wolf_001185.jpg,"politics colliding. president obama takes action on the environment and climate change. the president is using his executive authority to target carbon emissions. the epa announcing today the proposed regulations. they call for power plants to cut carbon emissions 30% by the"
https://archive.org/details/CNNW_20140608_170000_Fareed_Zakaria_GPS#start/2096/end/2131,6/8/2014 17:35:11,CNN,Fareed Zakaria GPS,CNNW_20140608_170000_Fareed_Zakaria_GPS,https://archive.org/download/CNNW_20140608_170000_Fareed_Zakaria_GPS/CNNW_20140608_170000_Fareed_Zakaria_GPS.thumbs/CNNW_20140608_170000_Fareed_Zakaria_GPS_002086.jpg,"understand that this would be an entire nation wiped out by climate change. here to talk about the problem and the plan to save his people is the president of the island. pleasure to have you on. thank you for having and"
https://archive.org/details/CNNW_20140602_130000_CNN_Newsroom#start/3661/end/3696,6/2/2014 14:01:16,CNN,CNN Newsroom,CNNW_20140602_130000_CNN_Newsroom,https://archive.org/download/CNNW_20140602_130000_CNN_Newsroom/CNNW_20140602_130000_CNN_Newsroom.thumbs/CNNW_20140602_130000_CNN_Newsroom_003645.jpg,"president obama will be taking his strongest action yet against climate change. he'll bypass congress and have the epa announce a proposal to cut carbon emissions by 30% by 2030. other headlines being announced by the epa, states would have a"
https://archive.org/details/CNNW_20140602_130000_CNN_Newsroom#start/5513/end/5548,6/2/2014 14:32:08,CNN,CNN Newsroom,CNNW_20140602_130000_CNN_Newsroom,https://archive.org/download/CNNW_20140602_130000_CNN_Newsroom/CNNW_20140602_130000_CNN_Newsroom.thumbs/CNNW_20140602_130000_CNN_Newsroom_005505.jpg,"doing anything because the united states isn't doing anything about climate change. we have no moral authority. they are waiting for the u.s. to act and maybe they'll jump onboard. am i right, joe johns? i think you're right. this is going to make democrats"
https://archive.org/details/CNNW_20140602_100000_New_Day#start/464/end/499,6/2/2014 10:07:59,CNN,New Day,CNNW_20140602_100000_New_Day,https://archive.org/download/CNNW_20140602_100000_New_Day/CNNW_20140602_100000_New_Day.thumbs/CNNW_20140602_100000_New_Day_000465.jpg,"aggravated by air pollution. pollution from the same sources that release carbon and contribute to climate change. and for the sake of all of our kids, we've got to do more to reduce it. reporter: the new rules reportedly would give states and local government wide latitude"
https://archive.org/details/CNNW_20140602_100000_New_Day#start/6361/end/6396,6/2/2014 11:46:16,CNN,New Day,CNNW_20140602_100000_New_Day,https://archive.org/download/CNNW_20140602_100000_New_Day/CNNW_20140602_100000_New_Day.thumbs/CNNW_20140602_100000_New_Day_006345.jpg,"fuels. but we need to move forward. and you know the president, one of the major accomplishments of this administration and this area in energy and climate change that the car rule that the president instituted. again using his authority in cooperation with all of the"
https://archive.org/details/CNNW_20140602_100000_New_Day#start/8011/end/8046,6/2/2014 12:13:46,CNN,New Day,CNNW_20140602_100000_New_Day,https://archive.org/download/CNNW_20140602_100000_New_Day/CNNW_20140602_100000_New_Day.thumbs/CNNW_20140602_100000_New_Day_007995.jpg,"take his strongest action yet against climate change. as president and as a parent i refuse to condemn our children to a planet that's beyond fixing. reporter: linking the move to health problems like asthma, he taped his weekly address at the children's national medical"
https://archive.org/details/CNNW_20140605_130000_CNN_Newsroom#start/2501/end/2536,6/5/2014 13:41:56,CNN,CNN Newsroom,CNNW_20140605_130000_CNN_Newsroom,https://archive.org/download/CNNW_20140605_130000_CNN_Newsroom/CNNW_20140605_130000_CNN_Newsroom.thumbs/CNNW_20140605_130000_CNN_Newsroom_002475.jpg,"nearly 20 years. we're making important progress with my action plan for climate change indicates we've got to keep at it and do more. i know it's a cause david is also passionate about. we agree every nation has to do its share, all the major"
https://archive.org/details/CNNW_20140629_170000_Fareed_Zakaria_GPS#start/35/end/70,6/29/2014 17:00:50,CNN,Fareed Zakaria GPS,CNNW_20140629_170000_Fareed_Zakaria_GPS,https://archive.org/download/CNNW_20140629_170000_Fareed_Zakaria_GPS/CNNW_20140629_170000_Fareed_Zakaria_GPS.thumbs/CNNW_20140629_170000_Fareed_Zakaria_GPS_000016.jpg,"a terrific new report tallies up the cost to you and me and everyone from climate change. i will talk with two of the many high-powered people behind the study, two former treasury secretaries, one republican, one democrat. hank paulson and bob ruben."
https://archive.org/details/CNNW_20140629_160000_State_of_the_Union_With_Candy_Crowley#start/3636/end/3671,6/29/2014 17:00:51,CNN,State of the Union With Candy Crowley,CNNW_20140629_160000_State_of_the_Union_With_Candy_Crowley,https://archive.org/download/CNNW_20140629_160000_State_of_the_Union_With_Candy_Crowley/CNNW_20140629_160000_State_of_the_Union_With_Candy_Crowley.thumbs/CNNW_20140629_160000_State_of_the_Union_With_Candy_Crowley_003615.jpg,"a terrific new report tallies up the cost to you and me and everyone from climate change. i will talk with two of the many high-powered people behind the study, two former treasury secretaries, one republican, one democrat. hank paulson and bob ruben."
https://archive.org/details/CNNW_20140602_150000_At_This_Hour_With_Berman_and_Michaela#start/2524/end/2559,6/2/2014 15:42:19,CNN,At This Hour With Berman and Michaela,CNNW_20140602_150000_At_This_Hour_With_Berman_and_Michaela,https://archive.org/download/CNNW_20140602_150000_At_This_Hour_With_Berman_and_Michaela/CNNW_20140602_150000_At_This_Hour_With_Berman_and_Michaela.thumbs/CNNW_20140602_150000_At_This_Hour_With_Berman_and_Michaela_001306.jpg,"like this? aren't there proposals like this that need to take place to try to slow it down? so i will speak for myself. the majority of republicans. most republicans actually do believe that there is such a thing as climate change. we republicans have been"
https://archive.org/details/CNNW_20140618_100000_New_Day#start/8182/end/8217,6/18/2014 12:16:37,CNN,New Day,CNNW_20140618_100000_New_Day,https://archive.org/download/CNNW_20140618_100000_New_Day/CNNW_20140618_100000_New_Day.thumbs/CNNW_20140618_100000_New_Day_008176.jpg,"iraq burns, saying iraq is at the risk of falling to a radical islamic terror group and mr. obama is talking climate change. terrorists take control of more territory around resources than ever before in history and he goes golfing. he seems blithely unaware or"
https://archive.org/details/CNNW_20140602_100000_New_Day#start/607/end/642,6/2/2014 10:10:22,CNN,New Day,CNNW_20140602_100000_New_Day,https://archive.org/download/CNNW_20140602_100000_New_Day/CNNW_20140602_100000_New_Day.thumbs/CNNW_20140602_100000_New_Day_000585.jpg,"that's right. people were shocked for the first inaugural speech to mention climate change. this is evidence that the president is taking action. a little secret, folks. environmentals haven't always been satisfied with the administration's actions but this is a big step when it comes"
https://archive.org/details/CNNW_20140602_100000_New_Day#start/623/end/658,6/2/2014 10:10:38,CNN,New Day,CNNW_20140602_100000_New_Day,https://archive.org/download/CNNW_20140602_100000_New_Day/CNNW_20140602_100000_New_Day.thumbs/CNNW_20140602_100000_New_Day_000615.jpg,"to climate change. but the real challenge isn't to say, let's do better by the environment. it's making jobs without costing them. legitimate criticism that you're going to hurt one of the last bastions of blue collar workers. who cares if you do it if china"
https://archive.org/details/CNNW_20140602_100000_New_Day#start/7964/end/7999,6/2/2014 12:12:59,CNN,New Day,CNNW_20140602_100000_New_Day,https://archive.org/download/CNNW_20140602_100000_New_Day/CNNW_20140602_100000_New_Day.thumbs/CNNW_20140602_100000_New_Day_007965.jpg,"developments from washington. what are we learning about the announcement from the administration today? reporter: president obama couldn't get congress to pass a cap and trade bill in his first term. he's using a loophole to address climate change himself. he's traveling to europe"
https://archive.org/details/CNNW_20140624_200000_The_Lead_With_Jake_Tapper#start/3375/end/3410,6/24/2014 20:56:30,CNN,The Lead With Jake Tapper,CNNW_20140624_200000_The_Lead_With_Jake_Tapper,https://archive.org/download/CNNW_20140624_200000_The_Lead_With_Jake_Tapper/CNNW_20140624_200000_The_Lead_With_Jake_Tapper.thumbs/CNNW_20140624_200000_The_Lead_With_Jake_Tapper_003376.jpg,"surge in shark attacks this summer, and that they could be connected to climate change. today, noah reported we just came off the hottest month of may in recorded history and more people may be headed to the shores to beat the heat which mean ans more toes on jaws'"
https://archive.org/details/CNNW_20140605_130000_CNN_Newsroom#start/2454/end/2489,6/5/2014 13:41:09,CNN,CNN Newsroom,CNNW_20140605_130000_CNN_Newsroom,https://archive.org/download/CNNW_20140605_130000_CNN_Newsroom/CNNW_20140605_130000_CNN_Newsroom.thumbs/CNNW_20140605_130000_CNN_Newsroom_002445.jpg,"new standards that for the first time would limit carbon pollution from our existing power plants. it's one of the most ambitious steps any nation has taken to combat climate change. it would reduce carbon emissions from our electricity sector by 30%. it will help us meet the"
https://archive.org/details/CNNW_20140623_100000_New_Day#start/8670/end/8705,6/23/2014 12:24:45,CNN,New Day,CNNW_20140623_100000_New_Day,https://archive.org/download/CNNW_20140623_100000_New_Day/CNNW_20140623_100000_New_Day.thumbs/CNNW_20140623_100000_New_Day_008655.jpg,"mainstream america. i'll be honest there. but the chance of getting through the gaundlet that is the republican base of voters right now, where, first of all, you can't actually speak the truth and get -- you can't talk about climate change, you can't talk about obama care, you can't talk"
https://archive.org/details/CNNW_20140619_200000_The_Lead_With_Jake_Tapper#start/3220/end/3255,6/19/2014 20:53:55,CNN,The Lead With Jake Tapper,CNNW_20140619_200000_The_Lead_With_Jake_Tapper,https://archive.org/download/CNNW_20140619_200000_The_Lead_With_Jake_Tapper/CNNW_20140619_200000_The_Lead_With_Jake_Tapper.thumbs/CNNW_20140619_200000_The_Lead_With_Jake_Tapper_003196.jpg,"billionaire bursting onto the political scene on behalf of environmental causes. we need to hold these candidates accountable for being against science and be loud about the fact that if they don't believe climate change is real, we can't trust them. he's focusing on at least seven states that could decide"
https://archive.org/details/CNNW_20140605_130000_CNN_Newsroom#start/2438/end/2473,6/5/2014 13:40:53,CNN,CNN Newsroom,CNNW_20140605_130000_CNN_Newsroom,https://archive.org/download/CNNW_20140605_130000_CNN_Newsroom/CNNW_20140605_130000_CNN_Newsroom.thumbs/CNNW_20140605_130000_CNN_Newsroom_002415.jpg,"g7 to continue to lead by example in the fight against climate change which poses a danger to our environment, our economies and our national security. i made it clear that the united states will continue to do our part, and earlier this week we took a major step in proposing"
https://archive.org/details/CNNW_20140602_100000_New_Day#start/9958/end/9993,6/2/2014 12:46:13,CNN,New Day,CNNW_20140602_100000_New_Day,https://archive.org/download/CNNW_20140602_100000_New_Day/CNNW_20140602_100000_New_Day.thumbs/CNNW_20140602_100000_New_Day_009945.jpg,"coming up on 'new day,' a quick break here, how does a month under water sound? good? that's a great vacation. one explorer thinks it is. he's going to study climate change, also trying to break a record that's already held by his family. we'll talk with that man, fabien"
https://archive.org/details/CNNW_20140629_170000_Fareed_Zakaria_GPS#start/566/end/601,6/29/2014 17:09:41,CNN,Fareed Zakaria GPS,CNNW_20140629_170000_Fareed_Zakaria_GPS,https://archive.org/download/CNNW_20140629_170000_Fareed_Zakaria_GPS/CNNW_20140629_170000_Fareed_Zakaria_GPS.thumbs/CNNW_20140629_170000_Fareed_Zakaria_GPS_000556.jpg,"government should come in, but we all pay. so a number of people who support the general idea say, look, we're not going to get a carbon tax in the united states and let's be real. let's accept the fact that we're going to have to deal with a lot of second best solutions which are fuel efficiency standards, net metering. do you think that's the better path to go or is it worth holding out for what seems very"
https://archive.org/details/CNNW_20140602_130000_CNN_Newsroom#start/5623/end/5658,6/2/2014 14:33:58,CNN,CNN Newsroom,CNNW_20140602_130000_CNN_Newsroom,https://archive.org/download/CNNW_20140602_130000_CNN_Newsroom/CNNW_20140602_130000_CNN_Newsroom.thumbs/CNNW_20140602_130000_CNN_Newsroom_005595.jpg,"states can decide for themselves how to clean the air in part. isn't that worth doing something about climate change because we must. it's always the argument in the end. we have to do something. there are so many different aspects to doing something, you have to ask yourself is what you're doing legitimate?"
https://archive.org/details/CNNW_20140626_100000_New_Day#start/5827/end/5862,6/26/2014 11:37:22,CNN,New Day,CNNW_20140626_100000_New_Day,https://archive.org/download/CNNW_20140626_100000_New_Day/CNNW_20140626_100000_New_Day.thumbs/CNNW_20140626_100000_New_Day_005806.jpg,"regulation, things that republicans portray as job-killing regulations, josh dab killing cap and trade. he wants to fight it on different terms about the science and that they think is a winning argument politically. climate change one of the many issues where the president is using executive actions. house speaker john boehner"
https://archive.org/details/CNNW_20140626_100000_New_Day#start/5796/end/5831,6/26/2014 11:36:51,CNN,New Day,CNNW_20140626_100000_New_Day,https://archive.org/download/CNNW_20140626_100000_New_Day/CNNW_20140626_100000_New_Day.thumbs/CNNW_20140626_100000_New_Day_005776.jpg,"absolutely crazy, but on this issue, he feels like not only does he have public opinion on his side but he feels like he has an executive action plan that can make a depth in climate change and sees this as a real part of his legacy so i think you'll hear him saying things"
https://archive.org/details/CNNW_20140602_170000_Wolf#start/1335/end/1370,6/2/2014 17:22:30,CNN,Wolf,CNNW_20140602_170000_Wolf,https://archive.org/download/CNNW_20140602_170000_Wolf/CNNW_20140602_170000_Wolf.thumbs/CNNW_20140602_170000_Wolf_001335.jpg,"congress. climate change has been a huge issue for him. it's been a huge issue for the base of his party. this is something that he's doing on top of those auto emission standards that he generated in his first term. so he's clearly try to establish his legacy. the big question i have"
https://archive.org/details/CNNW_20140626_100000_New_Day#start/5718/end/5753,6/26/2014 11:35:33,CNN,New Day,CNNW_20140626_100000_New_Day,https://archive.org/download/CNNW_20140626_100000_New_Day/CNNW_20140626_100000_New_Day.thumbs/CNNW_20140626_100000_New_Day_005716.jpg,"anymore and it provides some actual tangible fodder for these hearings that are going to be happening on the hill. one of the president's priorities this year and for the rest of his term is to get some action out of washington on climate change. knows he'll have to do most of that through executive action"
