﻿URL,MatchDateTime,Station,Show,IAShowID,IAPreviewThumb,Snippet
https://archive.org/details/CNNW_20140923_100000_New_Day#start/5668/end/5703,9/23/2014 11:34:43,CNN,New Day,CNNW_20140923_100000_New_Day,https://archive.org/download/CNNW_20140923_100000_New_Day/CNNW_20140923_100000_New_Day.thumbs/CNNW_20140923_100000_New_Day_005656.jpg,"series of new initiatives designed to reduce carbon emissions. about 100 demonstrators were arrested for blocking streets near the stock exchange. protesting what they call wall street's contribution to global warming."
https://archive.org/details/CNNW_20140922_130000_CNN_Newsroom_With_Carol_Costello#start/2133/end/2168,9/22/2014 13:35:48,CNN,CNN Newsroom With Carol Costello,CNNW_20140922_130000_CNN_Newsroom_With_Carol_Costello,https://archive.org/download/CNNW_20140922_130000_CNN_Newsroom_With_Carol_Costello/CNNW_20140922_130000_CNN_Newsroom_With_Carol_Costello.thumbs/CNNW_20140922_130000_CNN_Newsroom_With_Carol_Costello_002115.jpg,"they say is the role of big business in climate change. good morning allison. reporter: good morning carol. they're putting the link between big business and climate change because of this. they say big business is helping to create the problem of global climate change because of"
https://archive.org/details/CNNW_20140921_200000_CNN_Newsroom#start/1057/end/1092,9/21/2014 20:17:52,CNN,CNN Newsroom,CNNW_20140921_200000_CNN_Newsroom,https://archive.org/download/CNNW_20140921_200000_CNN_Newsroom/CNNW_20140921_200000_CNN_Newsroom.thumbs/CNNW_20140921_200000_CNN_Newsroom_001036.jpg,"activists are rallying for action on climate change. people filled the streets of manhattan, among them celebrities and world leaders. in two days the united nations will hold a summit on climate change."
https://archive.org/details/CNNW_20140921_080000_CNNI_Simulcast#start/3637/end/3672,9/21/2014 9:00:52,CNN,CNNI Simulcast,CNNW_20140921_080000_CNNI_Simulcast,https://archive.org/download/CNNW_20140921_080000_CNNI_Simulcast/CNNW_20140921_080000_CNNI_Simulcast.thumbs/CNNW_20140921_080000_CNNI_Simulcast_001832.jpg,"one year after the terror of kenya's westgate mall attack, we look back on how that country is coping. and later, tens of thousands around the world are rallying today to fight climate change."
https://archive.org/details/CNNW_20140922_070000_CNNI_Simulcast#start/15/end/50,9/22/2014 7:00:30,CNN,CNNI Simulcast,CNNW_20140922_070000_CNNI_Simulcast,https://archive.org/download/CNNW_20140922_070000_CNNI_Simulcast/CNNW_20140922_070000_CNNI_Simulcast.thumbs/CNNW_20140922_070000_CNNI_Simulcast_000045.jpg,"an unprecedented wave of refugees flee for their lives into turkey creating nothing short of a humanitarian catastrophe. the global call for action, hundreds of thousands hit the streets saying action must be taken now on climate change."
https://archive.org/details/CNNW_20140922_060000_CNNI_Simulcast#start/3614/end/3649,9/22/2014 7:00:29,CNN,CNNI Simulcast,CNNW_20140922_060000_CNNI_Simulcast,https://archive.org/download/CNNW_20140922_060000_CNNI_Simulcast/CNNW_20140922_060000_CNNI_Simulcast.thumbs/CNNW_20140922_060000_CNNI_Simulcast_001748.jpg,"an unprecedented wave of refugees flee for their lives into turkey creating nothing short of a humanitarian catastrophe. the global call for action, hundreds of thousands hit the streets saying action must be taken now on climate change."
https://archive.org/details/CNNW_20140921_200000_CNN_Newsroom#start/3381/end/3416,9/21/2014 20:56:36,CNN,CNN Newsroom,CNNW_20140921_200000_CNN_Newsroom,https://archive.org/download/CNNW_20140921_200000_CNN_Newsroom/CNNW_20140921_200000_CNN_Newsroom.thumbs/CNNW_20140921_200000_CNN_Newsroom_003376.jpg,"answer about mars and its upper atmosphere could be very important. so we're not talking climate change, global warming or any other short term event. nasa is researching the natural"
https://archive.org/details/CNNW_20140924_170000_Wolf#start/1232/end/1267,9/24/2014 17:20:47,CNN,Wolf,CNNW_20140924_170000_Wolf,https://archive.org/download/CNNW_20140924_170000_Wolf/CNNW_20140924_170000_Wolf.thumbs/CNNW_20140924_170000_Wolf_001216.jpg,"that we had 120 or so leaders there. and i think also on other issues like climate change -- i think ban ki-moon deserves a lot of credit for that session he held yesterday where a lot of countries made some very strong commitments towards climate"
https://archive.org/details/CNNW_20140921_100000_New_Day_Sunday#start/2925/end/2960,9/21/2014 10:49:00,CNN,New Day Sunday,CNNW_20140921_100000_New_Day_Sunday,https://archive.org/download/CNNW_20140921_100000_New_Day_Sunday/CNNW_20140921_100000_New_Day_Sunday.thumbs/CNNW_20140921_100000_New_Day_Sunday_001305.jpg,"wednesday and, of course, isis will be the dominant topic in the conversation. it will be. you know there is so much else to talk about. they're going to dive into. the crisis in ukraine, the ebola outbreak, iran's nuclear campaign and climate change."
https://archive.org/details/CNNW_20140930_090000_Early_Start_With_John_Berman_and_Christine_Romans#start/1081/end/1116,9/30/2014 9:18:16,CNN,Early Start With John Berman and Christine Romans,CNNW_20140930_090000_Early_Start_With_John_Berman_and_Christine_Romans,https://archive.org/download/CNNW_20140930_090000_Early_Start_With_John_Berman_and_Christine_Romans/CNNW_20140930_090000_Early_Start_With_John_Berman_and_Christine_Romans.thumbs/CNNW_20140930_090000_Early_Start_With_John_Berman_and_Christine_Romans_001066.jpg,"the studies find the extreme heat would have been virtually impossible for not human caused climate change. the most definitive connection between a weather event and global warming. indra petersons has an early start on the forecast for today."
https://archive.org/details/CNNW_20140906_140000_CNN_Newsroom_With_Fredricka_Whitfield#start/14039/end/14074,9/6/2014 17:54:14,CNN,CNN Newsroom With Fredricka Whitfield,CNNW_20140906_140000_CNN_Newsroom_With_Fredricka_Whitfield,https://archive.org/download/CNNW_20140906_140000_CNN_Newsroom_With_Fredricka_Whitfield/CNNW_20140906_140000_CNN_Newsroom_With_Fredricka_Whitfield.thumbs/CNNW_20140906_140000_CNN_Newsroom_With_Fredricka_Whitfield_014025.jpg,"the degree to which this is the conversation that everyone there was having was really surprising to me. i met people who didn't know where this river was coming from or where it's going but water is on everyone's mind in california. i think that's really a sign of what's to come for us nationally especially with climate change."
https://archive.org/details/CNNW_20140921_170000_Fareed_Zakaria_GPS#start/3590/end/3625,9/21/2014 18:00:05,CNN,Fareed Zakaria GPS,CNNW_20140921_170000_Fareed_Zakaria_GPS,https://archive.org/download/CNNW_20140921_170000_Fareed_Zakaria_GPS/CNNW_20140921_170000_Fareed_Zakaria_GPS.thumbs/CNNW_20140921_170000_Fareed_Zakaria_GPS_003585.jpg,"hunt for the self-taught survivalist. and in new york, people are packing the streets for climate"
https://archive.org/details/CNNW_20140922_130000_CNN_Newsroom_With_Carol_Costello#start/1993/end/2028,9/22/2014 13:33:28,CNN,CNN Newsroom With Carol Costello,CNNW_20140922_130000_CNN_Newsroom_With_Carol_Costello,https://archive.org/download/CNNW_20140922_130000_CNN_Newsroom_With_Carol_Costello/CNNW_20140922_130000_CNN_Newsroom_With_Carol_Costello.thumbs/CNNW_20140922_130000_CNN_Newsroom_With_Carol_Costello_001815.jpg,"globe to fight climate change on the heels of secretary of state john kerry addressing the united nations about climate change in the next hour. the secretary is expected to deliver strong comments about how important this issue is putting climate change on the same level as fighting ebola and"
https://archive.org/details/CNNW_20140922_070000_CNNI_Simulcast#start/1308/end/1343,9/22/2014 7:22:03,CNN,CNNI Simulcast,CNNW_20140922_070000_CNNI_Simulcast,https://archive.org/download/CNNW_20140922_070000_CNNI_Simulcast/CNNW_20140922_070000_CNNI_Simulcast.thumbs/CNNW_20140922_070000_CNNI_Simulcast_000735.jpg,"greenhouse gas emissions. hundreds of thousands took part, their message was loud and clear. reporter: from manhattan to melbourne, copenhagen, to rio de"
https://archive.org/details/CNNW_20140922_080000_Early_Start_With_John_Berman_and_Christine_Romans#start/1011/end/1046,9/22/2014 8:17:06,CNN,Early Start With John Berman and Christine Romans,CNNW_20140922_080000_Early_Start_With_John_Berman_and_Christine_Romans,https://archive.org/download/CNNW_20140922_080000_Early_Start_With_John_Berman_and_Christine_Romans/CNNW_20140922_080000_Early_Start_With_John_Berman_and_Christine_Romans.thumbs/CNNW_20140922_080000_Early_Start_With_John_Berman_and_Christine_Romans_001005.jpg,"new york city urging action on global warming. it brought out lee nadicaprio."
https://archive.org/details/CNNW_20140914_140000_Fareed_Zakaria_GPS#start/3117/end/3152,9/14/2014 14:52:12,CNN,Fareed Zakaria GPS,CNNW_20140914_140000_Fareed_Zakaria_GPS,https://archive.org/download/CNNW_20140914_140000_Fareed_Zakaria_GPS/CNNW_20140914_140000_Fareed_Zakaria_GPS.thumbs/CNNW_20140914_140000_Fareed_Zakaria_GPS_003106.jpg,"issues, and climate change is misunderstood. i consider it not climate change but climate risk. there's climate risk, there's national security risk, there's g geopolitical risks. there's a series of risks which"
https://archive.org/details/CNNW_20140921_070000_CNNI_Simulcast#start/3031/end/3066,9/21/2014 7:50:46,CNN,CNNI Simulcast,CNNW_20140921_070000_CNNI_Simulcast,https://archive.org/download/CNNW_20140921_070000_CNNI_Simulcast/CNNW_20140921_070000_CNNI_Simulcast.thumbs/CNNW_20140921_070000_CNNI_Simulcast_001755.jpg,"worldwide rally sunday against climate change. in brazil rio de janeiro's iconic christ the redeemer statue was bathed in light friday along with a message calling for action against climate change. all of this meant to coincide"
https://archive.org/details/CNNW_20140922_070000_CNNI_Simulcast#start/1908/end/1943,9/22/2014 7:32:03,CNN,CNNI Simulcast,CNNW_20140922_070000_CNNI_Simulcast,https://archive.org/download/CNNW_20140922_070000_CNNI_Simulcast/CNNW_20140922_070000_CNNI_Simulcast.thumbs/CNNW_20140922_070000_CNNI_Simulcast_001770.jpg,"they hope to cut the greenhouse gas emissions. the u.s. secret service will boost its presence around the white house, security concerns there have raised concerns. officials say officers out"
https://archive.org/details/CNNW_20140921_090000_CNNI_Simulcast#start/2753/end/2788,9/21/2014 9:46:08,CNN,CNNI Simulcast,CNNW_20140921_090000_CNNI_Simulcast,https://archive.org/download/CNNW_20140921_090000_CNNI_Simulcast/CNNW_20140921_090000_CNNI_Simulcast.thumbs/CNNW_20140921_090000_CNNI_Simulcast_001665.jpg,"into the southeast. it will be atlanta's first front with noticeably dryer conditions, comfortable humidity into next week. new york 68, good stuff. all right. well, we talk about tough weather extremes. it's time to talk about climate"
https://archive.org/details/CNNW_20140921_090000_CNNI_Simulcast#start/2978/end/3013,9/21/2014 9:49:53,CNN,CNNI Simulcast,CNNW_20140921_090000_CNNI_Simulcast,https://archive.org/download/CNNW_20140921_090000_CNNI_Simulcast/CNNW_20140921_090000_CNNI_Simulcast.thumbs/CNNW_20140921_090000_CNNI_Simulcast_001665.jpg,"people's relationship to climate change is just changing so, so fast. they want the oceans as the front edge of the climate change story. i think it was the canaries and the coal mines. so right now working on the"
https://archive.org/details/CNNW_20140922_140000_CNN_Newsroom_With_Carol_Costello#start/2279/end/2314,9/22/2014 14:38:14,CNN,CNN Newsroom With Carol Costello,CNNW_20140922_140000_CNN_Newsroom_With_Carol_Costello,https://archive.org/download/CNNW_20140922_140000_CNN_Newsroom_With_Carol_Costello/CNNW_20140922_140000_CNN_Newsroom_With_Carol_Costello.thumbs/CNNW_20140922_140000_CNN_Newsroom_With_Carol_Costello_002265.jpg,"than 300000 climate change protesters in new york city yesterday. people showed up from all 50 states and around the world to draw attention to this important issue. yesterday's protests are being billed as the largest climate change demonstrations ever in"
https://archive.org/details/CNNW_20140924_060000_CNNI_Simulcast#start/3453/end/3488,9/24/2014 6:57:48,CNN,CNNI Simulcast,CNNW_20140924_060000_CNNI_Simulcast,https://archive.org/download/CNNW_20140924_060000_CNNI_Simulcast/CNNW_20140924_060000_CNNI_Simulcast.thumbs/CNNW_20140924_060000_CNNI_Simulcast_001774.jpg,"looked at climate change in that same way, as if it were a fiction, as if pretending that climate change wasn't real would somehow make it go away. but i think we all know better than that now. dicaprio recently was named a"
https://archive.org/details/CNNW_20140921_100000_New_Day_Sunday#start/1907/end/1942,9/21/2014 10:32:02,CNN,New Day Sunday,CNNW_20140921_100000_New_Day_Sunday,https://archive.org/download/CNNW_20140921_100000_New_Day_Sunday/CNNW_20140921_100000_New_Day_Sunday.thumbs/CNNW_20140921_100000_New_Day_Sunday_001305.jpg,"neighbor got so cold. all right. let's talk about temperatures back here on earth. climate change is a big deal. and today in new york organizers are promising the biggest climate change demonstration in history. in a few hours, tens of"
https://archive.org/details/CNNW_20140922_080000_Early_Start_With_John_Berman_and_Christine_Romans#start/2828/end/2863,9/22/2014 8:47:23,CNN,Early Start With John Berman and Christine Romans,CNNW_20140922_080000_Early_Start_With_John_Berman_and_Christine_Romans,https://archive.org/download/CNNW_20140922_080000_Early_Start_With_John_Berman_and_Christine_Romans/CNNW_20140922_080000_Early_Start_With_John_Berman_and_Christine_Romans.thumbs/CNNW_20140922_080000_Early_Start_With_John_Berman_and_Christine_Romans_001665.jpg,"streets here in new york city urging action on global warming. it brought out leonardo dicaprio. the rally comes as 120 world"
https://archive.org/details/CNNW_20140922_210000_The_Situation_Room#start/3938/end/3973,9/22/2014 22:05:53,CNN,The Situation Room,CNNW_20140922_210000_The_Situation_Room,https://archive.org/download/CNNW_20140922_210000_The_Situation_Room/CNNW_20140922_210000_The_Situation_Room.thumbs/CNNW_20140922_210000_The_Situation_Room_003916.jpg,"say are not doing enough to combat climate change. the obama administration i think really wants to elevate this issue, make some of the worst offenders stay true to their commitments on climate change. and lastly, wolf, the iran talks. you know, they're in the"
https://archive.org/details/CNNW_20140922_060000_CNNI_Simulcast#start/1034/end/1069,9/22/2014 6:17:29,CNN,CNNI Simulcast,CNNW_20140922_060000_CNNI_Simulcast,https://archive.org/download/CNNW_20140922_060000_CNNI_Simulcast/CNNW_20140922_060000_CNNI_Simulcast.thumbs/CNNW_20140922_060000_CNNI_Simulcast_000736.jpg,"as well. they will talk on ways to cut greenhouse gas emissions. one of the largest turnouts was in new york where people marched through the streets of manhattan. i talked to chip cummings, the"
https://archive.org/details/CNNW_20140921_100000_New_Day_Sunday#start/3052/end/3087,9/21/2014 10:51:07,CNN,New Day Sunday,CNNW_20140921_100000_New_Day_Sunday,https://archive.org/download/CNNW_20140921_100000_New_Day_Sunday/CNNW_20140921_100000_New_Day_Sunday.thumbs/CNNW_20140921_100000_New_Day_Sunday_001305.jpg,"there was not that photo op for the phone spak but there was a phone call since the late '70s. there are many opportunities. so we know news will be made in one form or another. we look forward to seeing the pictures about the huge climate"
https://archive.org/details/CNNW_20140930_090000_Early_Start_With_John_Berman_and_Christine_Romans#start/1066/end/1101,9/30/2014 9:18:01,CNN,Early Start With John Berman and Christine Romans,CNNW_20140930_090000_Early_Start_With_John_Berman_and_Christine_Romans,https://archive.org/download/CNNW_20140930_090000_Early_Start_With_John_Berman_and_Christine_Romans/CNNW_20140930_090000_Early_Start_With_John_Berman_and_Christine_Romans.thumbs/CNNW_20140930_090000_Early_Start_With_John_Berman_and_Christine_Romans_001066.jpg,"two weeks away. the new report says the heat wave hitting australia last year could only be caused by global warming. researchers using different methods that baked australia for much of 2013."
https://archive.org/details/CNNW_20140921_090000_CNNI_Simulcast#start/2784/end/2819,9/21/2014 9:46:39,CNN,CNNI Simulcast,CNNW_20140921_090000_CNNI_Simulcast,https://archive.org/download/CNNW_20140921_090000_CNNI_Simulcast/CNNW_20140921_090000_CNNI_Simulcast.thumbs/CNNW_20140921_090000_CNNI_Simulcast_001665.jpg,"in melbourne demanding action from the australian government. look at that. which just abolished -- they abolished the carbon tax created by the previous administration to try to clean the air."
https://archive.org/details/CNNW_20140902_230000_Erin_Burnett_OutFront#start/1623/end/1658,9/2/2014 23:27:18,CNN,Erin Burnett OutFront,CNNW_20140902_230000_Erin_Burnett_OutFront,https://archive.org/download/CNNW_20140902_230000_Erin_Burnett_OutFront/CNNW_20140902_230000_Erin_Burnett_OutFront.thumbs/CNNW_20140902_230000_Erin_Burnett_OutFront_001605.jpg,"you remember zawahiri didn't just talk about terrorism, they talked about global warming, trying to position themselves, believe it or not, as statesmen across this islamic world where they're trying to recruit people and raise money. they're trying to raise a"
https://archive.org/details/CNNW_20140921_070000_CNNI_Simulcast#start/3204/end/3239,9/21/2014 7:53:39,CNN,CNNI Simulcast,CNNW_20140921_070000_CNNI_Simulcast,https://archive.org/download/CNNW_20140921_070000_CNNI_Simulcast/CNNW_20140921_070000_CNNI_Simulcast.thumbs/CNNW_20140921_070000_CNNI_Simulcast_001755.jpg,"running our own small businesses. people's relationship to climate change is just changing so, so fast. the thing about the oceans is"
https://archive.org/details/CNNW_20140921_090000_CNNI_Simulcast#start/2959/end/2994,9/21/2014 9:49:34,CNN,CNNI Simulcast,CNNW_20140921_090000_CNNI_Simulcast,https://archive.org/download/CNNW_20140921_090000_CNNI_Simulcast/CNNW_20140921_090000_CNNI_Simulcast.thumbs/CNNW_20140921_090000_CNNI_Simulcast_001665.jpg,"have climate change, but a blue/green economy. fisher men like me can be on the water running our own small businesses."
https://archive.org/details/CNNW_20140921_100000_New_Day_Sunday#start/2095/end/2130,9/21/2014 10:35:10,CNN,New Day Sunday,CNNW_20140921_100000_New_Day_Sunday,https://archive.org/download/CNNW_20140921_100000_New_Day_Sunday/CNNW_20140921_100000_New_Day_Sunday.thumbs/CNNW_20140921_100000_New_Day_Sunday_001305.jpg,"something that will actually change policy? what we're seeing right now is a huge upswell in activity on climate change. it's not just this march."
https://archive.org/details/CNNW_20140921_180000_CNN_Newsroom#start/1/end/36,9/21/2014 18:00:16,CNN,CNN Newsroom,CNNW_20140921_180000_CNN_Newsroom,https://archive.org/download/CNNW_20140921_180000_CNN_Newsroom/CNNW_20140921_180000_CNN_Newsroom.thumbs/CNNW_20140921_180000_CNN_Newsroom_000045.jpg,"survivalist. and in new york, people are packing the streets for climate change march and it could be the largest of its kind. let's begin with the"
https://archive.org/details/CNNW_20140930_050000_CNNI_Simulcast#start/3068/end/3103,9/30/2014 5:51:23,CNN,CNNI Simulcast,CNNW_20140930_050000_CNNI_Simulcast,https://archive.org/download/CNNW_20140930_050000_CNNI_Simulcast/CNNW_20140930_050000_CNNI_Simulcast.thumbs/CNNW_20140930_050000_CNNI_Simulcast_001756.jpg,"the study says habitat loss and hunting and fishing are the biggest culprits, with climate change the next largest threat. after the break we go to mt."
https://archive.org/details/CNNW_20140921_090000_CNNI_Simulcast#start/2253/end/2288,9/21/2014 9:37:48,CNN,CNNI Simulcast,CNNW_20140921_090000_CNNI_Simulcast,https://archive.org/download/CNNW_20140921_090000_CNNI_Simulcast/CNNW_20140921_090000_CNNI_Simulcast.thumbs/CNNW_20140921_090000_CNNI_Simulcast_001665.jpg,"also, demonstrators for the environment have a message for the world's government. the battle against climate change. we'll take that message to the streets of major cities,"
https://archive.org/details/CNNW_20140922_130000_CNN_Newsroom_With_Carol_Costello#start/2192/end/2227,9/22/2014 13:36:47,CNN,CNN Newsroom With Carol Costello,CNNW_20140922_130000_CNN_Newsroom_With_Carol_Costello,https://archive.org/download/CNNW_20140922_130000_CNN_Newsroom_With_Carol_Costello/CNNW_20140922_130000_CNN_Newsroom_With_Carol_Costello.thumbs/CNNW_20140922_130000_CNN_Newsroom_With_Carol_Costello_002175.jpg,"they have a purpose in their march. i talked to one of the environmental activists. listen to what he had to say. the climate crisis is fundamentally an issue of the economy. over the last 10 to 20 years,"
https://archive.org/details/CNNW_20140922_130000_CNN_Newsroom_With_Carol_Costello#start/2207/end/2242,9/22/2014 13:37:02,CNN,CNN Newsroom With Carol Costello,CNNW_20140922_130000_CNN_Newsroom_With_Carol_Costello,https://archive.org/download/CNNW_20140922_130000_CNN_Newsroom_With_Carol_Costello/CNNW_20140922_130000_CNN_Newsroom_With_Carol_Costello.thumbs/CNNW_20140922_130000_CNN_Newsroom_With_Carol_Costello_002205.jpg,"frequent u.n. conferences have failed to deal with the fundamental problem of the climate crisis. flood wall street is an attempt to bring the problem to the doorstep of the people who are fundamentally responsible for"
https://archive.org/details/CNNW_20140922_140000_CNN_Newsroom_With_Carol_Costello#start/2480/end/2515,9/22/2014 14:41:35,CNN,CNN Newsroom With Carol Costello,CNNW_20140922_140000_CNN_Newsroom_With_Carol_Costello,https://archive.org/download/CNNW_20140922_140000_CNN_Newsroom_With_Carol_Costello/CNNW_20140922_140000_CNN_Newsroom_With_Carol_Costello.thumbs/CNNW_20140922_140000_CNN_Newsroom_With_Carol_Costello_002475.jpg,"issue. yesterday the march was moms, dads, kids from affected communities. people from communities where they're seeing their life-styles decimated by the climate crisis. they're seeing -- they have exploding incinerators and factories causing their kids"
https://archive.org/details/CNNW_20140922_070000_CNNI_Simulcast#start/1335/end/1370,9/22/2014 7:22:30,CNN,CNNI Simulcast,CNNW_20140922_070000_CNNI_Simulcast,https://archive.org/download/CNNW_20140922_070000_CNNI_Simulcast/CNNW_20140922_070000_CNNI_Simulcast.thumbs/CNNW_20140922_070000_CNNI_Simulcast_000735.jpg,"janero, to participate in the movement. this climate change is defining the issue of our time. reporter: alongside the u.n. secretary ban ki-moon, several"
https://archive.org/details/CNNW_20140922_060000_CNNI_Simulcast#start/1018/end/1053,9/22/2014 6:17:13,CNN,CNNI Simulcast,CNNW_20140922_060000_CNNI_Simulcast,https://archive.org/download/CNNW_20140922_060000_CNNI_Simulcast/CNNW_20140922_060000_CNNI_Simulcast.thumbs/CNNW_20140922_060000_CNNI_Simulcast_000736.jpg,"demonstrators around the world are sending a message to the u.n. that urgent action is needed to reverse climate change. rallies were held in london, paris, berlin, bogota, colombia,"
https://archive.org/details/CNNW_20140922_140000_CNN_Newsroom_With_Carol_Costello#start/2264/end/2299,9/22/2014 14:37:59,CNN,CNN Newsroom With Carol Costello,CNNW_20140922_140000_CNN_Newsroom_With_Carol_Costello,https://archive.org/download/CNNW_20140922_140000_CNN_Newsroom_With_Carol_Costello/CNNW_20140922_140000_CNN_Newsroom_With_Carol_Costello.thumbs/CNNW_20140922_140000_CNN_Newsroom_With_Carol_Costello_002265.jpg,"climate advocacy. we are at a pivotal turning point. we are seeing the effects of rapid climate change happening every week in the news. dicaprio marched with more"
https://archive.org/details/CNNW_20140921_070000_CNNI_Simulcast#start/3111/end/3146,9/21/2014 7:52:06,CNN,CNNI Simulcast,CNNW_20140921_070000_CNNI_Simulcast,https://archive.org/download/CNNW_20140921_070000_CNNI_Simulcast/CNNW_20140921_070000_CNNI_Simulcast.thumbs/CNNW_20140921_070000_CNNI_Simulcast_001755.jpg,"for my farm specifically climate change is here and now. this is not a 100-year problem in the future. wonder what this mayhem is. i was -- my farm was                 _"
https://archive.org/details/CNNW_20140921_090000_CNNI_Simulcast#start/2877/end/2912,9/21/2014 9:48:12,CNN,CNNI Simulcast,CNNW_20140921_090000_CNNI_Simulcast,https://archive.org/download/CNNW_20140921_090000_CNNI_Simulcast/CNNW_20140921_090000_CNNI_Simulcast.thumbs/CNNW_20140921_090000_CNNI_Simulcast_001665.jpg,"years for now. for my farm specifically, climate change is here and now. this is not 100-year problem in the future. my farm was destroyed twice by"
https://archive.org/details/CNNW_20140922_070000_CNNI_Simulcast#start/1370/end/1405,9/22/2014 7:23:05,CNN,CNNI Simulcast,CNNW_20140922_070000_CNNI_Simulcast,https://archive.org/download/CNNW_20140922_070000_CNNI_Simulcast/CNNW_20140922_070000_CNNI_Simulcast.thumbs/CNNW_20140922_070000_CNNI_Simulcast_000735.jpg,"rabid climate change happening in the news. reporter: june through august was documented as the warmest summer since documenting began in 1880, for many organizers it is cause for concern."
https://archive.org/details/CNNW_20140921_180000_CNN_Newsroom#start/492/end/527,9/21/2014 18:08:27,CNN,CNN Newsroom,CNNW_20140921_180000_CNN_Newsroom,https://archive.org/download/CNNW_20140921_180000_CNN_Newsroom/CNNW_20140921_180000_CNN_Newsroom.thumbs/CNNW_20140921_180000_CNN_Newsroom_000465.jpg,"climate march activists are filling the streets to demand government action on climate change. alison cosic is in new york. describe the scene for us earlier? reporter: it is actually"
https://archive.org/details/CNNW_20140921_180000_CNN_Newsroom#start/588/end/623,9/21/2014 18:10:03,CNN,CNN Newsroom,CNNW_20140921_180000_CNN_Newsroom,https://archive.org/download/CNNW_20140921_180000_CNN_Newsroom/CNNW_20140921_180000_CNN_Newsroom.thumbs/CNNW_20140921_180000_CNN_Newsroom_000585.jpg,"on tuesday. he said it is really once again just about momentum, especially leading up to a big conference on climate change happening in paris next year. and leonardo dicaprio was"
https://archive.org/details/CNNW_20140923_170000_Wolf#start/225/end/260,9/23/2014 17:04:00,CNN,Wolf,CNNW_20140923_170000_Wolf,https://archive.org/download/CNNW_20140923_170000_Wolf/CNNW_20140923_170000_Wolf.thumbs/CNNW_20140923_170000_Wolf_000226.jpg,"many of us met in copenhagen. since then, our understanding of climate change has advanced. both in the deepening science that says this once-distant threat has moved firmly into the"
https://archive.org/details/CNNW_20140922_060000_CNNI_Simulcast#start/1902/end/1937,9/22/2014 6:31:57,CNN,CNNI Simulcast,CNNW_20140922_060000_CNNI_Simulcast,https://archive.org/download/CNNW_20140922_060000_CNNI_Simulcast/CNNW_20140922_060000_CNNI_Simulcast.thumbs/CNNW_20140922_060000_CNNI_Simulcast_001748.jpg,"live -- 2600 lives. and tens of thousands marching to show that help is needed on climate change situations. they marched in a variety of places including brazil and bogota, colombia."
https://archive.org/details/CNNW_20140924_060000_CNNI_Simulcast#start/3422/end/3457,9/24/2014 6:57:17,CNN,CNNI Simulcast,CNNW_20140924_060000_CNNI_Simulcast,https://archive.org/download/CNNW_20140924_060000_CNNI_Simulcast/CNNW_20140924_060000_CNNI_Simulcast.thumbs/CNNW_20140924_060000_CNNI_Simulcast_001774.jpg,"combating climate change if we are joined in this effort by every nation. developed and developing alike. nobody gets a pass. now, hollywood actor leonardo dicaprio also spoke at the"
https://archive.org/details/CNNW_20140922_070000_CNNI_Simulcast#start/1892/end/1927,9/22/2014 7:31:47,CNN,CNNI Simulcast,CNNW_20140922_070000_CNNI_Simulcast,https://archive.org/download/CNNW_20140922_070000_CNNI_Simulcast/CNNW_20140922_070000_CNNI_Simulcast.thumbs/CNNW_20140922_070000_CNNI_Simulcast_001770.jpg,"villages in syria late last week. and hundreds of thousands turned out to protest climate change, they wanted to send a message to the leaders as they gather for the world summit."
https://archive.org/details/CNNW_20140922_130000_CNN_Newsroom_With_Carol_Costello#start/2095/end/2130,9/22/2014 13:35:10,CNN,CNN Newsroom With Carol Costello,CNNW_20140922_130000_CNN_Newsroom_With_Carol_Costello,https://archive.org/download/CNNW_20140922_130000_CNN_Newsroom_With_Carol_Costello/CNNW_20140922_130000_CNN_Newsroom_With_Carol_Costello.thumbs/CNNW_20140922_130000_CNN_Newsroom_With_Carol_Costello_002085.jpg,"into the summit saturday. world leaders will gather at the united nations and offer ideas to combat climate change. as an environmental activist and newly appointed u.n. messenger of peace, actor leonardo decap"
https://archive.org/details/CNNW_20140922_180000_CNN_Newsroom_With_Brooke_Baldwin#start/1590/end/1625,9/22/2014 18:26:45,CNN,CNN Newsroom With Brooke Baldwin,CNNW_20140922_180000_CNN_Newsroom_With_Brooke_Baldwin,https://archive.org/download/CNNW_20140922_180000_CNN_Newsroom_With_Brooke_Baldwin/CNNW_20140922_180000_CNN_Newsroom_With_Brooke_Baldwin.thumbs/CNNW_20140922_180000_CNN_Newsroom_With_Brooke_Baldwin_001545.jpg,"sense and climate change protesters brought their message to wall street today. ugh. heartburn. did someone say burn? try alka seltzer reliefchews. they work just as fast and are proven to taste better"
https://archive.org/details/CNNW_20140924_060000_CNNI_Simulcast#start/3437/end/3472,9/24/2014 6:57:32,CNN,CNNI Simulcast,CNNW_20140924_060000_CNNI_Simulcast,https://archive.org/download/CNNW_20140924_060000_CNNI_Simulcast/CNNW_20140924_060000_CNNI_Simulcast.thumbs/CNNW_20140924_060000_CNNI_Simulcast_001774.jpg,"united nations summit. he's urging world leaders to act now on climate change. as an actor i pretend for a living. i play fictitious characters, often solving fictitious problems. i believe that mankind has"
https://archive.org/details/CNNW_20140921_200000_CNN_Newsroom#start/1186/end/1221,9/21/2014 20:20:01,CNN,CNN Newsroom,CNNW_20140921_200000_CNN_Newsroom,https://archive.org/download/CNNW_20140921_200000_CNN_Newsroom/CNNW_20140921_200000_CNN_Newsroom.thumbs/CNNW_20140921_200000_CNN_Newsroom_001186.jpg,"was fortunate to come up into. and i talked with lots of activists and they say the point of this march is to build momentum to a big climate change conference that is happening in"
https://archive.org/details/CNNW_20140922_070000_CNNI_Simulcast#start/1119/end/1154,9/22/2014 7:18:54,CNN,CNNI Simulcast,CNNW_20140922_070000_CNNI_Simulcast,https://archive.org/download/CNNW_20140922_070000_CNNI_Simulcast/CNNW_20140922_070000_CNNI_Simulcast.thumbs/CNNW_20140922_070000_CNNI_Simulcast_000735.jpg,"another country trying to figure it out. trying to work it out. there were these huge demonstrations all over the world on the weekend. this was over climate change. we'll talk about what the world"
https://archive.org/details/CNNW_20140922_170000_Wolf#start/65/end/100,9/22/2014 17:01:20,CNN,Wolf,CNNW_20140922_170000_Wolf,https://archive.org/download/CNNW_20140922_170000_Wolf/CNNW_20140922_170000_Wolf.thumbs/CNNW_20140922_170000_Wolf_000045.jpg,"meeting on climate change. these are going to be huge topics of discussions at the united nations. our cnn correspondent richard roth says the sideline conversations, often referred to in his words, speed dating"
https://archive.org/details/CNNW_20140921_070000_CNNI_Simulcast#start/24/end/59,9/21/2014 7:00:39,CNN,CNNI Simulcast,CNNW_20140921_070000_CNNI_Simulcast,https://archive.org/download/CNNW_20140921_070000_CNNI_Simulcast/CNNW_20140921_070000_CNNI_Simulcast.thumbs/CNNW_20140921_070000_CNNI_Simulcast_000015.jpg,"alan henning's wife and friends speak out. a second security incident at the white house. and troubling new information about friday's security breach. also the devastating impact of climate change on an oyster farmer."
https://archive.org/details/CNNW_20140921_100000_New_Day_Sunday#start/1565/end/1600,9/21/2014 10:26:20,CNN,New Day Sunday,CNNW_20140921_100000_New_Day_Sunday,https://archive.org/download/CNNW_20140921_100000_New_Day_Sunday/CNNW_20140921_100000_New_Day_Sunday.thumbs/CNNW_20140921_100000_New_Day_Sunday_001305.jpg,"streets of new york. massive climate change march is promising to be the largest ever event of its kind. could make some history. hello! three grams daily of beta-glucan. a soluable fiber"
https://archive.org/details/CNNW_20140921_100000_New_Day_Sunday#start/2081/end/2116,9/21/2014 10:34:56,CNN,New Day Sunday,CNNW_20140921_100000_New_Day_Sunday,https://archive.org/download/CNNW_20140921_100000_New_Day_Sunday/CNNW_20140921_100000_New_Day_Sunday.thumbs/CNNW_20140921_100000_New_Day_Sunday_001305.jpg,"country, you say. but i've gone to marches for climate change, for political action after controversial verdicts in trials. the question is how does that change into something more than the day, than the image,"
https://archive.org/details/CNNW_20140921_090000_CNNI_Simulcast#start/2800/end/2835,9/21/2014 9:46:55,CNN,CNNI Simulcast,CNNW_20140921_090000_CNNI_Simulcast,https://archive.org/download/CNNW_20140921_090000_CNNI_Simulcast/CNNW_20140921_090000_CNNI_Simulcast.thumbs/CNNW_20140921_090000_CNNI_Simulcast_001665.jpg,"in brazil, rio de janeiro iconic christ the redeemer statute was draped in light calling for a message for action against climate change. all of this was said to highlight the summit on climate"
https://archive.org/details/CNNW_20140923_100000_New_Day#start/2303/end/2338,9/23/2014 10:38:38,CNN,New Day,CNNW_20140923_100000_New_Day,https://archive.org/download/CNNW_20140923_100000_New_Day/CNNW_20140923_100000_New_Day.thumbs/CNNW_20140923_100000_New_Day_002296.jpg,"minister and an iranian president since the islamic revolution in 1979. the world's most powerful political and corporate leaders are expected to be on hand for the largest gathering ever on climate change, happening at the"
https://archive.org/details/CNNW_20140922_100000_New_Day#start/745/end/780,9/22/2014 10:12:40,CNN,New Day,CNNW_20140922_100000_New_Day,https://archive.org/download/CNNW_20140922_100000_New_Day/CNNW_20140922_100000_New_Day.thumbs/CNNW_20140922_100000_New_Day_000735.jpg,"giants planning to make pledges to cut carbon dioxide emissions in order to fight climate change. on sunday, demonstrators rallied in new york and around the world demanding action. to west africa, 100-tonnes of"
https://archive.org/details/CNNW_20140922_070000_CNNI_Simulcast#start/1404/end/1439,9/22/2014 7:23:39,CNN,CNNI Simulcast,CNNW_20140922_070000_CNNI_Simulcast,https://archive.org/download/CNNW_20140922_070000_CNNI_Simulcast/CNNW_20140922_070000_CNNI_Simulcast.thumbs/CNNW_20140922_070000_CNNI_Simulcast_000735.jpg,"and protesters are hoping to pressure world leaders to do just that as they gather on tuesday for the u.n. summit on climate change. cnn, atlanta. and how much impact do you think they have? those demonstrations, when you"
https://archive.org/details/CNNW_20140921_180000_CNN_Newsroom#start/524/end/559,9/21/2014 18:08:59,CNN,CNN Newsroom,CNNW_20140921_180000_CNN_Newsroom,https://archive.org/download/CNNW_20140921_180000_CNN_Newsroom/CNNW_20140921_180000_CNN_Newsroom.thumbs/CNNW_20140921_180000_CNN_Newsroom_000525.jpg,"climate change and hoping to bring it to the forefront. they are holding signs and pounding on drums through music and their signs. yes. we're seeing droughts, massive droughts across the midwest and california, storms that are"
https://archive.org/details/CNNW_20140921_180000_CNN_Newsroom#start/604/end/639,9/21/2014 18:10:19,CNN,CNN Newsroom,CNNW_20140921_180000_CNN_Newsroom,https://archive.org/download/CNNW_20140921_180000_CNN_Newsroom/CNNW_20140921_180000_CNN_Newsroom.thumbs/CNNW_20140921_180000_CNN_Newsroom_000585.jpg,"also at the march. is he expected to speak at the summit on climate change. reporter: he is. he's taken a lead roll with the u.n. and celebrities lend their voices and name to issues but"
https://archive.org/details/CNNW_20140922_180000_CNN_Newsroom_With_Brooke_Baldwin#start/2541/end/2576,9/22/2014 18:42:36,CNN,CNN Newsroom With Brooke Baldwin,CNNW_20140922_180000_CNN_Newsroom_With_Brooke_Baldwin,https://archive.org/download/CNNW_20140922_180000_CNN_Newsroom_With_Brooke_Baldwin/CNNW_20140922_180000_CNN_Newsroom_With_Brooke_Baldwin.thumbs/CNNW_20140922_180000_CNN_Newsroom_With_Brooke_Baldwin_002535.jpg,"new york city. a live picture now of the financial district. there they are. those are climate change protesters. one day after that massive rally that we saw take place. some took around to challenge wall street."
https://archive.org/details/CNNW_20140921_100000_New_Day_Sunday#start/1921/end/1956,9/21/2014 10:32:16,CNN,New Day Sunday,CNNW_20140921_100000_New_Day_Sunday,https://archive.org/download/CNNW_20140921_100000_New_Day_Sunday/CNNW_20140921_100000_New_Day_Sunday.thumbs/CNNW_20140921_100000_New_Day_Sunday_001305.jpg,"thousands, maybe even hundreds of thousands of protesters will kick off a massive rally and a march through the streets of manhattan. and while climate change deniers are, well, as americans apple pie, activists want to"
https://archive.org/details/CNNW_20140922_140000_CNN_Newsroom_With_Carol_Costello#start/2248/end/2283,9/22/2014 14:37:43,CNN,CNN Newsroom With Carol Costello,CNNW_20140922_140000_CNN_Newsroom_With_Carol_Costello,https://archive.org/download/CNNW_20140922_140000_CNN_Newsroom_With_Carol_Costello/CNNW_20140922_140000_CNN_Newsroom_With_Carol_Costello.thumbs/CNNW_20140922_140000_CNN_Newsroom_With_Carol_Costello_002235.jpg,"at the u.n. summit this week, climate change. the u.n. even put a celebrity face on this controversial issue, movie star and now producer leonardo dicaprioment his title 'unmessenger of peace.' this makes him the u.n. vice for"
https://archive.org/details/CNNW_20140922_140000_CNN_Newsroom_With_Carol_Costello#start/2418/end/2453,9/22/2014 14:40:33,CNN,CNN Newsroom With Carol Costello,CNNW_20140922_140000_CNN_Newsroom_With_Carol_Costello,https://archive.org/download/CNNW_20140922_140000_CNN_Newsroom_With_Carol_Costello/CNNW_20140922_140000_CNN_Newsroom_With_Carol_Costello.thumbs/CNNW_20140922_140000_CNN_Newsroom_With_Carol_Costello_002415.jpg,"that. 70% of republicans believe climate change is real. it's an undeniable fact. it's one of those issues like a lot of issues where the small fringe vocal minority that has trouble with reality has been"
https://archive.org/details/CNNW_20140924_060000_CNNI_Simulcast#start/3109/end/3144,9/24/2014 6:52:04,CNN,CNNI Simulcast,CNNW_20140924_060000_CNNI_Simulcast,https://archive.org/download/CNNW_20140924_060000_CNNI_Simulcast/CNNW_20140924_060000_CNNI_Simulcast.thumbs/CNNW_20140924_060000_CNNI_Simulcast_001774.jpg,"we look at the social media campaign trying to reverse the impact of isis. also ahead here on cnn, china makes an unprecedented statement about climate change as the u.s. president calls for beijing's help. stay with us."
https://archive.org/details/CNNW_20140930_040000_CNNI_Simulcast#start/3355/end/3390,9/30/2014 4:56:10,CNN,CNNI Simulcast,CNNW_20140930_040000_CNNI_Simulcast,https://archive.org/download/CNNW_20140930_040000_CNNI_Simulcast/CNNW_20140930_040000_CNNI_Simulcast.thumbs/CNNW_20140930_040000_CNNI_Simulcast_000976.jpg,"this time. the leaders will meet again in the oval office on tuesday. they're expected to talk about issues including economic growth, security cooperation and climate change. and if you haven't already heard, bill and hillary clinton"
https://archive.org/details/CNNW_20140921_070000_CNNI_Simulcast#start/3080/end/3115,9/21/2014 7:51:35,CNN,CNNI Simulcast,CNNW_20140921_070000_CNNI_Simulcast,https://archive.org/download/CNNW_20140921_070000_CNNI_Simulcast/CNNW_20140921_070000_CNNI_Simulcast.thumbs/CNNW_20140921_070000_CNNI_Simulcast_001755.jpg,"in the era of climate change growing food is more difficult. what we're seeing on the farm is more invasive species. we're seeing seaweeds coming in, for example, and blanketing our oyster beds. specifically for me, it seems"
https://archive.org/details/CNNW_20140921_070000_CNNI_Simulcast#start/3127/end/3162,9/21/2014 7:52:22,CNN,CNNI Simulcast,CNNW_20140921_070000_CNNI_Simulcast,https://archive.org/download/CNNW_20140921_070000_CNNI_Simulcast/CNNW_20140921_070000_CNNI_Simulcast.thumbs/CNNW_20140921_070000_CNNI_Simulcast_001755.jpg,"destroyed twice by hurricanes. hurricane irene and hurricane sandy came through. storm surges buried my entire crop. 80% dead. most of my gear washed out to sea. the flip side of climate change is that because i was destroyed"
https://archive.org/details/CNNW_20140921_090000_CNNI_Simulcast#start/2844/end/2879,9/21/2014 9:47:39,CNN,CNNI Simulcast,CNNW_20140921_090000_CNNI_Simulcast,https://archive.org/download/CNNW_20140921_090000_CNNI_Simulcast/CNNW_20140921_090000_CNNI_Simulcast.thumbs/CNNW_20140921_090000_CNNI_Simulcast_001665.jpg,"in the earth, climate change, growing food is more difficult. what we're seeing on the farm is more invasive species. we're seeing sea we hads coming in for example and blanketing our oyster beds. specifically for me it seems"
https://archive.org/details/CNNW_20140922_060000_CNNI_Simulcast#start/49/end/84,9/22/2014 6:01:04,CNN,CNNI Simulcast,CNNW_20140922_060000_CNNI_Simulcast,https://archive.org/download/CNNW_20140922_060000_CNNI_Simulcast/CNNW_20140922_060000_CNNI_Simulcast.thumbs/CNNW_20140922_060000_CNNI_Simulcast_000046.jpg,"tens of thousands of demonstrators across the globe demand urgent action on climate change, also ahead here, the white house beeves up security after an armed intruder manages to get to the front door of the president's home."
https://archive.org/details/CNNW_20140922_060000_CNNI_Simulcast#start/3403/end/3438,9/22/2014 6:56:58,CNN,CNNI Simulcast,CNNW_20140922_060000_CNNI_Simulcast,https://archive.org/download/CNNW_20140922_060000_CNNI_Simulcast/CNNW_20140922_060000_CNNI_Simulcast.thumbs/CNNW_20140922_060000_CNNI_Simulcast_001748.jpg,"volati volatile evolution craft. that is catchy. maven will try to study what happened to the climate change. scientists believe water once existed here. and it was a festive weekend in malta as the tiny nation"
https://archive.org/details/CNNW_20140924_020000_CNN_Tonight#start/1242/end/1277,9/24/2014 2:20:57,CNN,CNN Tonight,CNNW_20140924_020000_CNN_Tonight,https://archive.org/download/CNNW_20140924_020000_CNN_Tonight/CNNW_20140924_020000_CNN_Tonight.thumbs/CNNW_20140924_020000_CNN_Tonight_001216.jpg,"meeting at the u.n. security council. on climate change this time on global terrorism. the president meeting with the u.n. security council to talk about a resolution hepassed by s that sets standard for dealing with the problem of foreign fighters."
https://archive.org/details/CNNW_20140924_080000_Early_Start_With_John_Berman_and_Christine_Romans#start/2883/end/2918,9/24/2014 8:48:18,CNN,Early Start With John Berman and Christine Romans,CNNW_20140924_080000_Early_Start_With_John_Berman_and_Christine_Romans,https://archive.org/download/CNNW_20140924_080000_Early_Start_With_John_Berman_and_Christine_Romans/CNNW_20140924_080000_Early_Start_With_John_Berman_and_Christine_Romans.thumbs/CNNW_20140924_080000_Early_Start_With_John_Berman_and_Christine_Romans_001725.jpg,"and we will help developing nations do theirs. president obama also announced majors to help the developing countries better prepare for climate change. the man described as a person of interest in the disappearance of hannah graham is now officially a suspect."
https://archive.org/details/CNNW_20140916_210000_The_Situation_Room#start/4402/end/4437,9/16/2014 22:13:37,CNN,The Situation Room,CNNW_20140916_210000_The_Situation_Room,https://archive.org/download/CNNW_20140916_210000_The_Situation_Room/CNNW_20140916_210000_The_Situation_Room.thumbs/CNNW_20140916_210000_The_Situation_Room_004395.jpg,"more wealth and income inequality than we've had since 1929, a billionaire class not only controlling our economy, but citizens united now having hundreds of millions of dollars in elections. you have climate change out there. we need candidates to stand up"
https://archive.org/details/CNNW_20140921_200000_CNN_Newsroom#start/1153/end/1188,9/21/2014 20:19:28,CNN,CNN Newsroom,CNNW_20140921_200000_CNN_Newsroom,https://archive.org/download/CNNW_20140921_200000_CNN_Newsroom/CNNW_20140921_200000_CNN_Newsroom.thumbs/CNNW_20140921_200000_CNN_Newsroom_001156.jpg,"russel, with a lot of issues, especially with climate change, they bring out celebrities but most of the celebrities that showed up today, they really have carried this issue with them. i want you to listen to what mark said to me earlier."
https://archive.org/details/CNNW_20140922_210000_The_Situation_Room#start/3922/end/3957,9/22/2014 22:05:37,CNN,The Situation Room,CNNW_20140922_210000_The_Situation_Room,https://archive.org/download/CNNW_20140922_210000_The_Situation_Room/CNNW_20140922_210000_The_Situation_Room.thumbs/CNNW_20140922_210000_The_Situation_Room_003916.jpg,"global threat. and then there's climate change, kind of exploded this year. you have this u.n. climate summit. a lot of leaders addressing that. but you saw on sunday hundreds of thousands of people demonstrating on the streets against their leaders who they"
https://archive.org/details/CNNW_20140923_100000_New_Day#start/2336/end/2371,9/23/2014 10:39:11,CNN,New Day,CNNW_20140923_100000_New_Day,https://archive.org/download/CNNW_20140923_100000_New_Day/CNNW_20140923_100000_New_Day.thumbs/CNNW_20140923_100000_New_Day_002326.jpg,"discussion on climate change. breaking overnight, an update to the manhunt for palestinian suspects who allegedly killed three israeli teens this summer. israel's military says one suspect was killed in a shoot-out in the west bank, another seriously wounded."
https://archive.org/details/CNNW_20140921_090000_CNNI_Simulcast#start/2892/end/2927,9/21/2014 9:48:27,CNN,CNNI Simulcast,CNNW_20140921_090000_CNNI_Simulcast,https://archive.org/download/CNNW_20140921_090000_CNNI_Simulcast/CNNW_20140921_090000_CNNI_Simulcast.thumbs/CNNW_20140921_090000_CNNI_Simulcast_001665.jpg,"hurricanes. hurricane irene and hurricane sandy came through. storm surges buried my entire crop. 80% dead. most of my gear washed out to sea. the flip side of climate change is that because i was destroyed i had to adapt."
https://archive.org/details/CNNW_20140922_140000_CNN_Newsroom_With_Carol_Costello#start/2556/end/2591,9/22/2014 14:42:51,CNN,CNN Newsroom With Carol Costello,CNNW_20140922_140000_CNN_Newsroom_With_Carol_Costello,https://archive.org/download/CNNW_20140922_140000_CNN_Newsroom_With_Carol_Costello/CNNW_20140922_140000_CNN_Newsroom_With_Carol_Costello.thumbs/CNNW_20140922_140000_CNN_Newsroom_With_Carol_Costello_002535.jpg,"meanwhile, we have not hesitated to mobilize against this perceived threat of isis which there's no imminent planned attack or imminent threat and meanwhile we know climate change threatens us. it threatens the great plains with the droughts, it threatens"
https://archive.org/details/CNNW_20140927_100000_New_Day_Saturday#start/6170/end/6205,9/27/2014 11:43:05,CNN,New Day Saturday,CNNW_20140927_100000_New_Day_Saturday,https://archive.org/download/CNNW_20140927_100000_New_Day_Saturday/CNNW_20140927_100000_New_Day_Saturday.thumbs/CNNW_20140927_100000_New_Day_Saturday_002295.jpg,"aggression in ukraine. ebola and climate change. here's how he framed u.s. leadership in the fight against isis. listen. the people of the world look to us to lead, and wed welcome that responsibility. we're heirs to a proud legacy of"
https://archive.org/details/CNNW_20140922_180000_CNN_Newsroom_With_Brooke_Baldwin#start/2604/end/2639,9/22/2014 18:43:39,CNN,CNN Newsroom With Brooke Baldwin,CNNW_20140922_180000_CNN_Newsroom_With_Brooke_Baldwin,https://archive.org/download/CNNW_20140922_180000_CNN_Newsroom_With_Brooke_Baldwin/CNNW_20140922_180000_CNN_Newsroom_With_Brooke_Baldwin.thumbs/CNNW_20140922_180000_CNN_Newsroom_With_Brooke_Baldwin_002595.jpg,"go behind me here. as far as the eye can see, you see the protesters protesting big business that they say is contributing to global climate change. don? you know, is that the occupy wall street crowd or is this a"
https://archive.org/details/CNNW_20140921_070000_CNNI_Simulcast#start/2907/end/2942,9/21/2014 7:48:42,CNN,CNNI Simulcast,CNNW_20140921_070000_CNNI_Simulcast,https://archive.org/download/CNNW_20140921_070000_CNNI_Simulcast/CNNW_20140921_070000_CNNI_Simulcast.thumbs/CNNW_20140921_070000_CNNI_Simulcast_001755.jpg,"about climate change. this just as a massive march is planned in new york this weekend. more about it come up. ugh. does your carpet ever feel rough and dirty? don't avoid it. resolve it. our new formula not only cleans and freshens"
https://archive.org/details/CNNW_20140921_090000_CNNI_Simulcast#start/47/end/82,9/21/2014 9:01:02,CNN,CNNI Simulcast,CNNW_20140921_090000_CNNI_Simulcast,https://archive.org/download/CNNW_20140921_090000_CNNI_Simulcast/CNNW_20140921_090000_CNNI_Simulcast.thumbs/CNNW_20140921_090000_CNNI_Simulcast_000045.jpg,"coping. and later, tens of thousands around the world are rallying today to fight climate change. we'll meet one of those people and find out why he's inspired to join the march. hello once again. welcome to our viewers in the"
https://archive.org/details/CNNW_20140924_100000_New_Day#start/3473/end/3508,9/24/2014 10:58:08,CNN,New Day,CNNW_20140924_100000_New_Day,https://archive.org/download/CNNW_20140924_100000_New_Day/CNNW_20140924_100000_New_Day.thumbs/CNNW_20140924_100000_New_Day_003466.jpg,"ukraine, ebola, climate change, and now isis. it's not as if we're going to see a u.n. resolution authorizing the use of force in syria it's already begun, anyway and it could face a veto. what president obama will look for is a resolution from the"
https://archive.org/details/CNNW_20140923_170000_Wolf#start/116/end/151,9/23/2014 17:02:11,CNN,Wolf,CNNW_20140923_170000_Wolf,https://archive.org/download/CNNW_20140923_170000_Wolf/CNNW_20140923_170000_Wolf.thumbs/CNNW_20140923_170000_Wolf_000106.jpg,"hard-to-detect explosives. we expect to hear directly from president obama shortly. he'll be speaking at the united nations summit on climate change. we'll have live coverage of that. it's unclear whether he'll have anything else to say about the air strikes against those"
https://archive.org/details/CNNW_20140921_180000_CNN_Newsroom#start/557/end/592,9/21/2014 18:09:32,CNN,CNN Newsroom,CNNW_20140921_180000_CNN_Newsroom,https://archive.org/download/CNNW_20140921_180000_CNN_Newsroom/CNNW_20140921_180000_CNN_Newsroom.thumbs/CNNW_20140921_180000_CNN_Newsroom_000555.jpg,"and the answer is so clear. reporter: now activists like the one you just heard from are telling me the purpose of the march is to show that the climate change momentum to bring change to what is happening in the country is really all about"
https://archive.org/details/CNNW_20140924_140000_CNN_Newsroom_With_Carol_Costello#start/1621/end/1656,9/24/2014 14:27:16,CNN,CNN Newsroom With Carol Costello,CNNW_20140924_140000_CNN_Newsroom_With_Carol_Costello,https://archive.org/download/CNNW_20140924_140000_CNN_Newsroom_With_Carol_Costello/CNNW_20140924_140000_CNN_Newsroom_With_Carol_Costello.thumbs/CNNW_20140924_140000_CNN_Newsroom_With_Carol_Costello_001605.jpg,"only succeed in combatting climate change if wer joined in this effort by every other nation, by every major power. that's how we can protect this planet for our children and our grandchildren. in other words, on issue after issue, we cannot rely on a rule"
https://archive.org/details/CNNW_20140923_170000_Wolf#start/338/end/373,9/23/2014 17:05:53,CNN,Wolf,CNNW_20140923_170000_Wolf,https://archive.org/download/CNNW_20140923_170000_Wolf/CNNW_20140923_170000_Wolf.thumbs/CNNW_20140923_170000_Wolf_000316.jpg,"we have to cut carbon pollution in our own countries to prevent the worst effects of climate change. we have to adapt to the impacts that unfortunately we can no longer avoid and we have to work together as a global community to tackle this global threat"
https://archive.org/details/CNNW_20140922_140000_CNN_Newsroom_With_Carol_Costello#start/1861/end/1896,9/22/2014 14:31:16,CNN,CNN Newsroom With Carol Costello,CNNW_20140922_140000_CNN_Newsroom_With_Carol_Costello,https://archive.org/download/CNNW_20140922_140000_CNN_Newsroom_With_Carol_Costello/CNNW_20140922_140000_CNN_Newsroom_With_Carol_Costello.thumbs/CNNW_20140922_140000_CNN_Newsroom_With_Carol_Costello_001845.jpg,"u.s. system but they're coming in being processed through customs. understand. tom blank; thanks for your insight, we appreciate it. nice to be with you. thank you. nice to have you here. still to come in the newsroom, john kerry says climate change is as big a"
https://archive.org/details/CNNW_20140922_140000_CNN_Newsroom_With_Carol_Costello#start/2450/end/2485,9/22/2014 14:41:05,CNN,CNN Newsroom With Carol Costello,CNNW_20140922_140000_CNN_Newsroom_With_Carol_Costello,https://archive.org/download/CNNW_20140922_140000_CNN_Newsroom_With_Carol_Costello/CNNW_20140922_140000_CNN_Newsroom_With_Carol_Costello.thumbs/CNNW_20140922_140000_CNN_Newsroom_With_Carol_Costello_002445.jpg,"to see the evidence of climate change. i actually was enjoying your tweets yesterday and i want to show our viewers one of your tweets. you tweeted 'all these radical fringe extremists marching.' and this is the picture. a group of senior citizens. your point?"
https://archive.org/details/CNNW_20140930_070000_CNNI_Simulcast#start/2912/end/2947,9/30/2014 7:48:47,CNN,CNNI Simulcast,CNNW_20140930_070000_CNNI_Simulcast,https://archive.org/download/CNNW_20140930_070000_CNNI_Simulcast/CNNW_20140930_070000_CNNI_Simulcast.thumbs/CNNW_20140930_070000_CNNI_Simulcast_001066.jpg,"the leaders are set to meet on tuesday. they have a number of issues to discuss, including economic growth, security and climate change. if you haven't heard, and i'm sure you have, bill and hillary clinton are now grandparents. and now, we have video of their"
https://archive.org/details/CNNW_20140930_060000_CNNI_Simulcast#start/2819/end/2854,9/30/2014 6:47:14,CNN,CNNI Simulcast,CNNW_20140930_060000_CNNI_Simulcast,https://archive.org/download/CNNW_20140930_060000_CNNI_Simulcast/CNNW_20140930_060000_CNNI_Simulcast.thumbs/CNNW_20140930_060000_CNNI_Simulcast_000915.jpg,"he was at the white house for a private dinner, he didn't eat, he's fasting. the leaders will meet again in the oval office tuesday. with a number of issues to discuss, including economic growth, security and climate change. still to come here for you"
https://archive.org/details/CNNW_20140921_070000_CNNI_Simulcast#start/3218/end/3253,9/21/2014 7:53:53,CNN,CNNI Simulcast,CNNW_20140921_070000_CNNI_Simulcast,https://archive.org/download/CNNW_20140921_070000_CNNI_Simulcast/CNNW_20140921_070000_CNNI_Simulcast.thumbs/CNNW_20140921_070000_CNNI_Simulcast_001755.jpg,"that we're at the sort of front edge of the climate change story. i think it was just the canaries in the coal mines. this is the biggest crisis humanity has ever faced. this is an existential threat. and are we going to generations"
https://archive.org/details/CNNW_20140921_070000_CNNI_Simulcast#start/3252/end/3287,9/21/2014 7:54:27,CNN,CNNI Simulcast,CNNW_20140921_070000_CNNI_Simulcast,https://archive.org/download/CNNW_20140921_070000_CNNI_Simulcast/CNNW_20140921_070000_CNNI_Simulcast.thumbs/CNNW_20140921_070000_CNNI_Simulcast_001755.jpg,"the oyster farmer who will be at that huge rally in new york city against climate change, and we will cover that story for you today and have it here on cnn. we turn now to the weather and the king fire in california,"
https://archive.org/details/CNNW_20140921_090000_CNNI_Simulcast#start/2770/end/2805,9/21/2014 9:46:25,CNN,CNNI Simulcast,CNNW_20140921_090000_CNNI_Simulcast,https://archive.org/download/CNNW_20140921_090000_CNNI_Simulcast/CNNW_20140921_090000_CNNI_Simulcast.thumbs/CNNW_20140921_090000_CNNI_Simulcast_001665.jpg,"change. thank you, ivan. across the world climate change protesters want to make sure this is a sunday to remember. organizers in new york say they expect more than 150000 people to march as part of the global rally for the environment. thousands are already marching"
https://archive.org/details/CNNW_20140924_080000_Early_Start_With_John_Berman_and_Christine_Romans#start/1927/end/1962,9/24/2014 8:32:22,CNN,Early Start With John Berman and Christine Romans,CNNW_20140924_080000_Early_Start_With_John_Berman_and_Christine_Romans,https://archive.org/download/CNNW_20140924_080000_Early_Start_With_John_Berman_and_Christine_Romans/CNNW_20140924_080000_Early_Start_With_John_Berman_and_Christine_Romans.thumbs/CNNW_20140924_080000_Early_Start_With_John_Berman_and_Christine_Romans_001725.jpg,"more of those air strikes. and later on in the afternoon, the president is going to chair the security council. before he did it on the subject of climate change. this time around, it will be on the subject of foreign fighters. the president want tux about the"
https://archive.org/details/CNNW_20140923_100000_New_Day#start/5652/end/5687,9/23/2014 11:34:27,CNN,New Day,CNNW_20140923_100000_New_Day,https://archive.org/download/CNNW_20140923_100000_New_Day/CNNW_20140923_100000_New_Day.thumbs/CNNW_20140923_100000_New_Day_005626.jpg,"in the midst of all the information breaking overnight about the u.s.-led air strikes against isis targets in syria, president obama will be among 120 heads of states attending this morning's climate change summit at the united nations. top executives from big oil will also be there to announce a"
https://archive.org/details/CNNW_20140923_170000_Wolf#start/130/end/165,9/23/2014 17:02:25,CNN,Wolf,CNNW_20140923_170000_Wolf,https://archive.org/download/CNNW_20140923_170000_Wolf/CNNW_20140923_170000_Wolf.thumbs/CNNW_20140923_170000_Wolf_000106.jpg,"terrorist targets in syria. he spoke extensively about them earlier in the day. we'll bring you his remarks coming up later this hour on climate change. we'll see what else he speaks about. we're deploying the resources of cnn to cover this story like no other news organization can."
https://archive.org/details/CNNW_20140923_170000_Wolf#start/369/end/404,9/23/2014 17:06:24,CNN,Wolf,CNNW_20140923_170000_Wolf,https://archive.org/download/CNNW_20140923_170000_Wolf/CNNW_20140923_170000_Wolf.thumbs/CNNW_20140923_170000_Wolf_000346.jpg,"president's speech on climate change, bring you all the highlights. jim acosta, our senior white house correspondent has just shown up at the united nations. i know the president is here. you're here. getting new information on what we know about the u.s.-led air"
https://archive.org/details/CNNW_20140924_090000_Early_Start_With_John_Berman_and_Christine_Romans#start/184/end/219,9/24/2014 9:03:19,CNN,Early Start With John Berman and Christine Romans,CNNW_20140924_090000_Early_Start_With_John_Berman_and_Christine_Romans,https://archive.org/download/CNNW_20140924_090000_Early_Start_With_John_Berman_and_Christine_Romans/CNNW_20140924_090000_Early_Start_With_John_Berman_and_Christine_Romans.thumbs/CNNW_20140924_090000_Early_Start_With_John_Berman_and_Christine_Romans_000166.jpg,"and later on in the afternoon, the president will chair the u.n. security council. before he did it on the subject of climate change, this time around, it will be on the subject of foreign fighters. the president wants to talk about the dangers imposed by foreign fighters."
https://archive.org/details/CNNW_20140921_140000_Fareed_Zakaria_GPS#start/3586/end/3621,9/21/2014 15:00:01,CNN,Fareed Zakaria GPS,CNNW_20140921_140000_Fareed_Zakaria_GPS,https://archive.org/download/CNNW_20140921_140000_Fareed_Zakaria_GPS/CNNW_20140921_140000_Fareed_Zakaria_GPS.thumbs/CNNW_20140921_140000_Fareed_Zakaria_GPS_003585.jpg,"climate change activists are taking to the streets around the world today demending action from their governments to reduce carbon emissions. you're looking at live pictures of people in new york getting ready to take part in the people's climate mamp in new york which kicks off in a 456"
https://archive.org/details/CNNW_20140921_070000_CNNI_Simulcast#start/3190/end/3225,9/21/2014 7:53:25,CNN,CNNI Simulcast,CNNW_20140921_070000_CNNI_Simulcast,https://archive.org/download/CNNW_20140921_070000_CNNI_Simulcast/CNNW_20140921_070000_CNNI_Simulcast.thumbs/CNNW_20140921_070000_CNNI_Simulcast_001755.jpg,"a major game changer in our ocean, reimagine the oceans as this place where we can both address climate change, improve water quality, and actually build a blue-green economy that's robust, it's a major jobs creator, so fishermen like me can continue to be on the water"
https://archive.org/details/CNNW_20140921_080000_CNNI_Simulcast#start/3416/end/3451,9/21/2014 8:57:11,CNN,CNNI Simulcast,CNNW_20140921_080000_CNNI_Simulcast,https://archive.org/download/CNNW_20140921_080000_CNNI_Simulcast/CNNW_20140921_080000_CNNI_Simulcast.thumbs/CNNW_20140921_080000_CNNI_Simulcast_001832.jpg,"fight climate change. we'll introduce you to one fisherman in the united states who says he's already feeling the effects of it, farming for oysters, or trying to farm for oysters. he'll be at that march in new york. york. we'll have the story after this. -- captions by vitac -- www.vitac.com       _"
https://archive.org/details/CNNW_20140921_100000_New_Day_Sunday#start/1999/end/2034,9/21/2014 10:33:34,CNN,New Day Sunday,CNNW_20140921_100000_New_Day_Sunday,https://archive.org/download/CNNW_20140921_100000_New_Day_Sunday/CNNW_20140921_100000_New_Day_Sunday.thumbs/CNNW_20140921_100000_New_Day_Sunday_001305.jpg,"secretary-general joining us letting us know how important this is but we'll see labor unions, doctors, families, those impacted most by climate change, indigenous peoples. it will be a beautiful, diverse day. i was reading this piece in the new yorker. it was q&a with an"
https://archive.org/details/CNNW_20140922_140000_CNN_Newsroom_With_Carol_Costello#start/2404/end/2439,9/22/2014 14:40:19,CNN,CNN Newsroom With Carol Costello,CNNW_20140922_140000_CNN_Newsroom_With_Carol_Costello,https://archive.org/download/CNNW_20140922_140000_CNN_Newsroom_With_Carol_Costello/CNNW_20140922_140000_CNN_Newsroom_With_Carol_Costello.thumbs/CNNW_20140922_140000_CNN_Newsroom_With_Carol_Costello_002385.jpg,"well they say look, there's a carbon bubble forming and everybody has to take notice, carol. all right, stick around, alison, i'm going to get right back to you. so, sally, first of all i'd like to say there's nothing controversial about climate change. i don't know why it said"
https://archive.org/details/CNNW_20140924_060000_CNNI_Simulcast#start/3469/end/3504,9/24/2014 6:58:04,CNN,CNNI Simulcast,CNNW_20140924_060000_CNNI_Simulcast,https://archive.org/download/CNNW_20140924_060000_CNNI_Simulcast/CNNW_20140924_060000_CNNI_Simulcast.thumbs/CNNW_20140924_060000_CNNI_Simulcast_001774.jpg,"u.n. messenger of peace with a special focus on climate change. well, raqqa is the de facto capital of isis in syria. yeah. it bore the brunt of the first wave of u.s.-led air strikes in the country. coming up next hour, we'll take a closer look at this isis stronghold."
https://archive.org/details/CNNW_20140923_170000_Wolf#start/209/end/244,9/23/2014 17:03:44,CNN,Wolf,CNNW_20140923_170000_Wolf,https://archive.org/download/CNNW_20140923_170000_Wolf/CNNW_20140923_170000_Wolf.thumbs/CNNW_20140923_170000_Wolf_000196.jpg,"to disrupt. we're going to have much more on what's going on at the pentagon, the u.s. air strikes. but i want to go inside the united nations right now. the president of the united states just beginning his remarks on climate change. let's listen in briefly. five years have passed since"
https://archive.org/details/CNNW_20140924_030000_Anderson_Cooper_360#start/106/end/141,9/24/2014 3:02:01,CNN,Anderson Cooper 360,CNNW_20140924_030000_Anderson_Cooper_360,https://archive.org/download/CNNW_20140924_030000_Anderson_Cooper_360/CNNW_20140924_030000_Anderson_Cooper_360.thumbs/CNNW_20140924_030000_Anderson_Cooper_360_000105.jpg,"continue the air strikes. be looking for reaction from the president on that tomorrow. and then later in the afternoon, the president will be doing something he has done once before, chair a u.n. security council meeting. he did this back in 2009 on subject of climate change. this time on the dangers posed"
https://archive.org/details/CNNW_20140922_140000_CNN_Newsroom_With_Carol_Costello#start/2110/end/2145,9/22/2014 14:35:25,CNN,CNN Newsroom With Carol Costello,CNNW_20140922_140000_CNN_Newsroom_With_Carol_Costello,https://archive.org/download/CNNW_20140922_140000_CNN_Newsroom_With_Carol_Costello/CNNW_20140922_140000_CNN_Newsroom_With_Carol_Costello.thumbs/CNNW_20140922_140000_CNN_Newsroom_With_Carol_Costello_002085.jpg,"good morning, i'm carol costello, thanks so much for joining me. secretary of state john kerry will meet with world leaders at the united nations in new york. kerry will tackle a host of international crises from climate change to ebola to isis and so much more. in fact, this is a huge week at"
https://archive.org/details/CNNW_20140921_070000_CNNI_Simulcast#start/3047/end/3082,9/21/2014 7:51:02,CNN,CNNI Simulcast,CNNW_20140921_070000_CNNI_Simulcast,https://archive.org/download/CNNW_20140921_070000_CNNI_Simulcast/CNNW_20140921_070000_CNNI_Simulcast.thumbs/CNNW_20140921_070000_CNNI_Simulcast_001755.jpg,"with the united nations summit in new york on the environment that gets under way tuesday. we want to bring you the story now of an oyster fisherman who says he'll be at that rally in new york. that's because he says he's increasingly seeing the effects of climate change in the ocean"
https://archive.org/details/CNNW_20140922_140000_CNN_Newsroom_With_Carol_Costello#start/2542/end/2577,9/22/2014 14:42:37,CNN,CNN Newsroom With Carol Costello,CNNW_20140922_140000_CNN_Newsroom_With_Carol_Costello,https://archive.org/download/CNNW_20140922_140000_CNN_Newsroom_With_Carol_Costello/CNNW_20140922_140000_CNN_Newsroom_With_Carol_Costello.thumbs/CNNW_20140922_140000_CNN_Newsroom_With_Carol_Costello_002535.jpg,"tree. there's an irony here. i wrote a piece for the seine then web site about why it is that isis which, by the way, was not in the department's quadrennial review of threats against our country, didn't even exist as a threat in march but climate change is mentioned eight times."
https://archive.org/details/CNNW_20140924_100000_New_Day#start/3909/end/3944,9/24/2014 11:05:24,CNN,New Day,CNNW_20140924_100000_New_Day,https://archive.org/download/CNNW_20140924_100000_New_Day/CNNW_20140924_100000_New_Day.thumbs/CNNW_20140924_100000_New_Day_003886.jpg,"tangible things, this is the u.s.'s war, this is obama's war? well i think he does have a very important moment. there's a lot of things going on at the united nations. some of it that we also have to deal with climate change and then the president is going to chair a meeting of the security"
https://archive.org/details/CNNW_20140921_070000_CNNI_Simulcast#start/3284/end/3319,9/21/2014 7:54:59,CNN,CNNI Simulcast,CNNW_20140921_070000_CNNI_Simulcast,https://archive.org/download/CNNW_20140921_070000_CNNI_Simulcast/CNNW_20140921_070000_CNNI_Simulcast.thumbs/CNNW_20140921_070000_CNNI_Simulcast_001755.jpg,"person, who is obviously not well. and we'll see what happens to him. but we'll look at the fire here. and of course a nice segue from that story, really climate change, one of the things we talk about is severe drought, exceptional drought. california has been in it now for several seasons. so we continue with this"
https://archive.org/details/CNNW_20140924_090000_Early_Start_With_John_Berman_and_Christine_Romans#start/1894/end/1929,9/24/2014 9:31:49,CNN,Early Start With John Berman and Christine Romans,CNNW_20140924_090000_Early_Start_With_John_Berman_and_Christine_Romans,https://archive.org/download/CNNW_20140924_090000_Early_Start_With_John_Berman_and_Christine_Romans/CNNW_20140924_090000_Early_Start_With_John_Berman_and_Christine_Romans.thumbs/CNNW_20140924_090000_Early_Start_With_John_Berman_and_Christine_Romans_001696.jpg,"like to see more of those air strikes in the weeks to come. and later on in the afternoon, the president will chair the u.n. security council. before he did it on the subject of climate change, this time around, it will be on the subject of foreign fighters. the president wants to talk about the dangers posed by those"
