﻿URL,MatchDateTime,Station,Show,IAShowID,IAPreviewThumb,Snippet
https://archive.org/details/CNNW_20131117_160000_Reliable_Sources#start/1574/end/1609,11/17/2013 16:26:29,CNN,Reliable Sources,CNNW_20131117_160000_Reliable_Sources,https://archive.org/download/CNNW_20131117_160000_Reliable_Sources/CNNW_20131117_160000_Reliable_Sources.thumbs/CNNW_20131117_160000_Reliable_Sources_001575.jpg,"in recorded history. here's a question. is climate change to blame? because some people suggest maybe there's a link to climate change. scientists can say whether climate change contributed to this particular typhoon, they believe global warming is making"
https://archive.org/details/CNNW_20131112_050000_Piers_Morgan_Live#start/1441/end/1476,11/12/2013 5:24:16,CNN,Piers Morgan Live,CNNW_20131112_050000_Piers_Morgan_Live,https://archive.org/download/CNNW_20131112_050000_Piers_Morgan_Live/CNNW_20131112_050000_Piers_Morgan_Live.thumbs/CNNW_20131112_050000_Piers_Morgan_Live_001426.jpg,"now, is it too soon? we don't know yet exactly how the scientists will finally come out on this particular typhoon, how much of it was caused by global warming. but at this point in 2013, because global warming is so"
https://archive.org/details/CNNW_20131106_110000_New_Day#start/10338/end/10373,11/6/2013 13:52:33,CNN,New Day,CNNW_20131106_110000_New_Day,https://archive.org/download/CNNW_20131106_110000_New_Day/CNNW_20131106_110000_New_Day.thumbs/CNNW_20131106_110000_New_Day_010335.jpg,"the price of wind has dropped by more than 50% in the last four years, and so what's happening in the u.s. is that we're beginning to displace coal fired power plants with clean energy. the united states has reduced its greenhouse gas emissions"
https://archive.org/details/CNNW_20131108_070000_Anderson_Cooper_Special_Report#start/240/end/275,11/8/2013 7:04:15,CNN,Anderson Cooper Special Report,CNNW_20131108_070000_Anderson_Cooper_Special_Report,https://archive.org/download/CNNW_20131108_070000_Anderson_Cooper_Special_Report/CNNW_20131108_070000_Anderson_Cooper_Special_Report.thumbs/CNNW_20131108_070000_Anderson_Cooper_Special_Report_000225.jpg,"religious opposition to it based on 70s hysteria that's not based on science. we're saying, internalize the pollution costs of all resources. so we absolutely have to have carbon pollution limits to solve global warming."
https://archive.org/details/CNNW_20131108_110000_New_Day#start/1970/end/2005,11/8/2013 11:33:05,CNN,New Day,CNNW_20131108_110000_New_Day,https://archive.org/download/CNNW_20131108_110000_New_Day/CNNW_20131108_110000_New_Day.thumbs/CNNW_20131108_110000_New_Day_001965.jpg,"you look at that and that is ominous looking. give us an idea of the conditions that created this. is climate change the finger we have to point at? when you look at any individual storm we can't link it to climate change."
https://archive.org/details/CNNW_20131107_233000_Crossfire#start/327/end/362,11/7/2013 23:35:42,CNN,Crossfire,CNNW_20131107_233000_Crossfire,https://archive.org/download/CNNW_20131107_233000_Crossfire/CNNW_20131107_233000_Crossfire.thumbs/CNNW_20131107_233000_Crossfire_000315.jpg,"so i've always been an advocate the solar and wind. i actually lobbied for the subsidies for solar and wind, but when you look at what's happening in the world, this is not the early '70s. back then no one was worried about global warming."
https://archive.org/details/CNNW_20131112_220000_The_Situation_Room#start/4600/end/4635,11/12/2013 23:16:55,CNN,The Situation Room,CNNW_20131112_220000_The_Situation_Room,https://archive.org/download/CNNW_20131112_220000_The_Situation_Room/CNNW_20131112_220000_The_Situation_Room.thumbs/CNNW_20131112_220000_The_Situation_Room_004575.jpg,"brian todd has been looking into this part of the story. he's joining us live from noaa. what do they say? reporter: experts here do not believe the climate change"
https://archive.org/details/CNNW_20131117_160000_Reliable_Sources#start/1669/end/1704,11/17/2013 16:28:04,CNN,Reliable Sources,CNNW_20131117_160000_Reliable_Sources,https://archive.org/download/CNNW_20131117_160000_Reliable_Sources/CNNW_20131117_160000_Reliable_Sources.thumbs/CNNW_20131117_160000_Reliable_Sources_001665.jpg,"evidence is overwhelming. 98% of scientists agree the ipc international panel on climate change just came out with a report talking about the fact that unequivocally human beings are contributing to climate"
https://archive.org/details/CNNW_20131108_070000_Anderson_Cooper_Special_Report#start/54/end/89,11/8/2013 7:01:09,CNN,Anderson Cooper Special Report,CNNW_20131108_070000_Anderson_Cooper_Special_Report,https://archive.org/download/CNNW_20131108_070000_Anderson_Cooper_Special_Report/CNNW_20131108_070000_Anderson_Cooper_Special_Report.thumbs/CNNW_20131108_070000_Anderson_Cooper_Special_Report_000045.jpg,"explain. i was really disappointed to see almost no coverage of any interviews with experts about energy efficiency or renewable energy like solar and wind when these are the cleanest, fastest and the cheapest solutions to climate change."
https://archive.org/details/CNNW_20131112_220000_The_Situation_Room#start/4585/end/4620,11/12/2013 23:16:40,CNN,The Situation Room,CNNW_20131112_220000_The_Situation_Room,https://archive.org/download/CNNW_20131112_220000_The_Situation_Room/CNNW_20131112_220000_The_Situation_Room.thumbs/CNNW_20131112_220000_The_Situation_Room_004575.jpg,"sanjay gupta, thanks very much for that report. you got it, wolf, anytime. violent storms often batter the philippines, but this killer typhoon may be the most powerful in history. here's the question. is climate change to blame?"
https://archive.org/details/CNNW_20131112_020000_Piers_Morgan_Live#start/1527/end/1562,11/12/2013 2:25:42,CNN,Piers Morgan Live,CNNW_20131112_020000_Piers_Morgan_Live,https://archive.org/download/CNNW_20131112_020000_Piers_Morgan_Live/CNNW_20131112_020000_Piers_Morgan_Live.thumbs/CNNW_20131112_020000_Piers_Morgan_Live_001515.jpg,"climate change, what is the worst that can happen? we clean up the world a little bit? doctor, back to you, good point, we can over-compensate for that. but what is the result of under-reacting on climate"
https://archive.org/details/CNNW_20131117_160000_Reliable_Sources#start/77/end/112,11/17/2013 16:01:32,CNN,Reliable Sources,CNNW_20131117_160000_Reliable_Sources,https://archive.org/download/CNNW_20131117_160000_Reliable_Sources/CNNW_20131117_160000_Reliable_Sources.thumbs/CNNW_20131117_160000_Reliable_Sources_000075.jpg,"going to write about. the things that go wrong get prominent attention. that's how it's always been. that's not unique to me as president. and i'm up to the challenge. and speaking of blame, when it comes to climate change, most"
https://archive.org/details/CNNW_20131103_150000_Fareed_Zakaria_GPS#start/2502/end/2537,11/3/2013 15:41:57,CNN,Fareed Zakaria GPS,CNNW_20131103_150000_Fareed_Zakaria_GPS,https://archive.org/download/CNNW_20131103_150000_Fareed_Zakaria_GPS/CNNW_20131103_150000_Fareed_Zakaria_GPS.thumbs/CNNW_20131103_150000_Fareed_Zakaria_GPS_002475.jpg,"start to dumb everything down and if you do that, you're going to get hopelessly left behind. up next, one year after hurricane sandy. more from mayor bloomberg and others on what cities can do to deal with the effects of climate change."
https://archive.org/details/CNNW_20131103_150000_Fareed_Zakaria_GPS#start/3111/end/3146,11/3/2013 15:52:06,CNN,Fareed Zakaria GPS,CNNW_20131103_150000_Fareed_Zakaria_GPS,https://archive.org/download/CNNW_20131103_150000_Fareed_Zakaria_GPS/CNNW_20131103_150000_Fareed_Zakaria_GPS.thumbs/CNNW_20131103_150000_Fareed_Zakaria_GPS_003105.jpg,"or the mayors come and they don't do that without permission from the central government. we sit around and we complain about the chinese. we should look in the mirror. america is where people don't believe in climate change or"
https://archive.org/details/CNNW_20131112_220000_The_Situation_Room#start/4615/end/4650,11/12/2013 23:17:10,CNN,The Situation Room,CNNW_20131112_220000_The_Situation_Room,https://archive.org/download/CNNW_20131112_220000_The_Situation_Room/CNNW_20131112_220000_The_Situation_Room.thumbs/CNNW_20131112_220000_The_Situation_Room_004605.jpg,"creates a greater number of storms, but they do say global warming could make the storms more intense. he's the philippines delegate to the u.n. climate change conference. he also happens to be from"
https://archive.org/details/CNNW_20131104_170000_Around_the_World#start/3087/end/3122,11/4/2013 17:51:42,CNN,Around the World,CNNW_20131104_170000_Around_the_World,https://archive.org/download/CNNW_20131104_170000_Around_the_World/CNNW_20131104_170000_Around_the_World.thumbs/CNNW_20131104_170000_Around_the_World_003076.jpg,"the costs, the economic challenges that the industry faces. but of course we want to solve global warming and stop the climate crisis in the cheapest, fastest way that we can. and that's why we're focused on energy efficiency and renewables as the best solution. but the solution is to"
https://archive.org/details/CNNW_20131103_180000_Fareed_Zakaria_GPS#start/2974/end/3009,11/3/2013 18:49:49,CNN,Fareed Zakaria GPS,CNNW_20131103_180000_Fareed_Zakaria_GPS,https://archive.org/download/CNNW_20131103_180000_Fareed_Zakaria_GPS/CNNW_20131103_180000_Fareed_Zakaria_GPS.thumbs/CNNW_20131103_180000_Fareed_Zakaria_GPS_002955.jpg,"you have tried both before but even after particularly after sandy to lay out a plan for new york in terms of investments that with a make it more resilient. it strikes me that you run up against two big political problems. first there is still a big debate certainly in washington as to whether climate change is"
https://archive.org/details/CNNW_20131112_220000_The_Situation_Room#start/4665/end/4700,11/12/2013 23:18:00,CNN,The Situation Room,CNNW_20131112_220000_The_Situation_Room,https://archive.org/download/CNNW_20131112_220000_The_Situation_Room/CNNW_20131112_220000_The_Situation_Room.thumbs/CNNW_20131112_220000_The_Situation_Room_004665.jpg,"describe how i feel about the losses. reporter: he says he'll go on a hunger strike until a meaningful outcome to climate change is in sight. he believes the intensity of this typhoon is the result of global warming which many scientists believe is a man-made"
https://archive.org/details/CNNW_20131103_180000_Fareed_Zakaria_GPS#start/2863/end/2898,11/3/2013 18:47:58,CNN,Fareed Zakaria GPS,CNNW_20131103_180000_Fareed_Zakaria_GPS,https://archive.org/download/CNNW_20131103_180000_Fareed_Zakaria_GPS/CNNW_20131103_180000_Fareed_Zakaria_GPS.thumbs/CNNW_20131103_180000_Fareed_Zakaria_GPS_002865.jpg,"their own greenhouse gases. in the developing world what's really difficult is that cities are not credit worthy. of the 500 largest of cities in the developing world, only 4% are internationally credit worthy."
https://archive.org/details/CNNW_20131103_150000_Fareed_Zakaria_GPS#start/2857/end/2892,11/3/2013 15:47:52,CNN,Fareed Zakaria GPS,CNNW_20131103_150000_Fareed_Zakaria_GPS,https://archive.org/download/CNNW_20131103_150000_Fareed_Zakaria_GPS/CNNW_20131103_150000_Fareed_Zakaria_GPS.thumbs/CNNW_20131103_150000_Fareed_Zakaria_GPS_002835.jpg,"their own greenhouse gases. in the developing world what's really difficult is that cities are not credit worthy. of the 500 largest of cities in the developing world, only 4% are internationally credit worthy."
https://archive.org/details/CNNW_20131112_050000_Piers_Morgan_Live#start/1478/end/1513,11/12/2013 5:24:53,CNN,Piers Morgan Live,CNNW_20131112_050000_Piers_Morgan_Live,https://archive.org/download/CNNW_20131112_050000_Piers_Morgan_Live/CNNW_20131112_050000_Piers_Morgan_Live.thumbs/CNNW_20131112_050000_Piers_Morgan_Live_001456.jpg,"the u.n. governmental panel on climate change would lead us to expect just what we are seeing now. last year with hurricane sandy. now with typhoon haiyan. and on and on and on. we have overheated the atmosphere, and we'll see stronger storms. how much of this storm was because of global warming, is it 10% or 90%? that is something we need more scientific research into, to find out. but to deny there is some kind of connection is at this point i"
https://archive.org/details/CNNW_20131108_110000_New_Day#start/2015/end/2050,11/8/2013 11:33:50,CNN,New Day,CNNW_20131108_110000_New_Day,https://archive.org/download/CNNW_20131108_110000_New_Day/CNNW_20131108_110000_New_Day.thumbs/CNNW_20131108_110000_New_Day_001995.jpg,"the clearest connection is related to coastal flooding. sea levels have risen global by by 8 inches or so. that's due to a 40% or so increase in carbon dioxide, other greenhouse gases have gone up as we put more fossil fuels"
https://archive.org/details/CNNW_20131112_080000_Piers_Morgan_Live#start/1452/end/1487,11/12/2013 8:24:27,CNN,Piers Morgan Live,CNNW_20131112_080000_Piers_Morgan_Live,https://archive.org/download/CNNW_20131112_080000_Piers_Morgan_Live/CNNW_20131112_080000_Piers_Morgan_Live.thumbs/CNNW_20131112_080000_Piers_Morgan_Live_001425.jpg,"global warming. but at this point in 2013, because global warming is so advanced, every weather event on the earth has some relationship to that. and certainly all the climate scientists and the consensus opinions that just came out from"
https://archive.org/details/CNNW_20131112_020000_Piers_Morgan_Live#start/1449/end/1484,11/12/2013 2:24:24,CNN,Piers Morgan Live,CNNW_20131112_020000_Piers_Morgan_Live,https://archive.org/download/CNNW_20131112_020000_Piers_Morgan_Live/CNNW_20131112_020000_Piers_Morgan_Live.thumbs/CNNW_20131112_020000_Piers_Morgan_Live_001425.jpg,"out on this particular typhoon, how much of it was caused by global warming. but at this point in 2013, because global warming is so advanced, every weather event on the earth has some relationship to that. and certainly all the climate scientists and the consensus"
https://archive.org/details/CNNW_20131112_020000_Piers_Morgan_Live#start/1602/end/1637,11/12/2013 2:26:57,CNN,Piers Morgan Live,CNNW_20131112_020000_Piers_Morgan_Live,https://archive.org/download/CNNW_20131112_020000_Piers_Morgan_Live/CNNW_20131112_020000_Piers_Morgan_Live.thumbs/CNNW_20131112_020000_Piers_Morgan_Live_001575.jpg,"spencer, i believe you don't even agree that climate change is man made, last time i checked. if you revised your position i would love to hear about it. listening to you talk about climate change, that a man made climate change you reject that"
https://archive.org/details/CNNW_20131117_130000_New_Day_Sunday#start/3586/end/3621,11/17/2013 14:00:01,CNN,New Day Sunday,CNNW_20131117_130000_New_Day_Sunday,https://archive.org/download/CNNW_20131117_130000_New_Day_Sunday/CNNW_20131117_130000_New_Day_Sunday.thumbs/CNNW_20131117_130000_New_Day_Sunday_003585.jpg,"curiosity is literally unassailable. we see the record even in the frozen materials in the soils today. collecting new measurements will give those analyzing the data give them a better understanding of the climate"
https://archive.org/details/CNNW_20131112_080000_Piers_Morgan_Live#start/1611/end/1646,11/12/2013 8:27:06,CNN,Piers Morgan Live,CNNW_20131112_080000_Piers_Morgan_Live,https://archive.org/download/CNNW_20131112_080000_Piers_Morgan_Live/CNNW_20131112_080000_Piers_Morgan_Live.thumbs/CNNW_20131112_080000_Piers_Morgan_Live_001605.jpg,"would love to hear about it. listening to you talk about climate change, that a man made climate change you reject that 99 -- so you stand against the 97% of scientists who say this. and piers, i have to tell you as"
https://archive.org/details/CNNW_20131117_160000_Reliable_Sources#start/1654/end/1689,11/17/2013 16:27:49,CNN,Reliable Sources,CNNW_20131117_160000_Reliable_Sources,https://archive.org/download/CNNW_20131117_160000_Reliable_Sources/CNNW_20131117_160000_Reliable_Sources.thumbs/CNNW_20131117_160000_Reliable_Sources_001635.jpg,"what do you make of climate change that we're seeing in media? it's very interesting today that we're still having this discussion and debate in the united states about climate change, is it happening and skeptics have a powerful voice in this country."
https://archive.org/details/CNNW_20131103_180000_Fareed_Zakaria_GPS#start/3005/end/3040,11/3/2013 18:50:20,CNN,Fareed Zakaria GPS,CNNW_20131103_180000_Fareed_Zakaria_GPS,https://archive.org/download/CNNW_20131103_180000_Fareed_Zakaria_GPS/CNNW_20131103_180000_Fareed_Zakaria_GPS.thumbs/CNNW_20131103_180000_Fareed_Zakaria_GPS_002985.jpg,"and we're unwilling to make investments for our grandchildren and getting to the point we're unwilling to make investments for children. what about climate change? you have gotten into trouble with views on climate change. i would argue. don't make the argument that the"
https://archive.org/details/CNNW_20131121_040000_Erin_Burnett_OutFront#start/3417/end/3452,11/21/2013 4:57:12,CNN,Erin Burnett OutFront,CNNW_20131121_040000_Erin_Burnett_OutFront,https://archive.org/download/CNNW_20131121_040000_Erin_Burnett_OutFront/CNNW_20131121_040000_Erin_Burnett_OutFront.thumbs/CNNW_20131121_040000_Erin_Burnett_OutFront_003405.jpg,"they've gone as far with an arborist from stanford to look at in the future as climate change happens these trees going to be adaptable to climate change. that's the level of detail that they're looking at. cupertino mayor points out that while apple's products help"
https://archive.org/details/CNNW_20131112_220000_The_Situation_Room#start/4135/end/4170,11/12/2013 23:09:10,CNN,The Situation Room,CNNW_20131112_220000_The_Situation_Room,https://archive.org/download/CNNW_20131112_220000_The_Situation_Room/CNNW_20131112_220000_The_Situation_Room.thumbs/CNNW_20131112_220000_The_Situation_Room_004125.jpg,"sanjay gupta. and is global warming to blame for this super typhoon? a c-130 has just landed with badly needed supplies at the"
https://archive.org/details/CNNW_20131103_150000_Fareed_Zakaria_GPS#start/3006/end/3041,11/3/2013 15:50:21,CNN,Fareed Zakaria GPS,CNNW_20131103_150000_Fareed_Zakaria_GPS,https://archive.org/download/CNNW_20131103_150000_Fareed_Zakaria_GPS/CNNW_20131103_150000_Fareed_Zakaria_GPS.thumbs/CNNW_20131103_150000_Fareed_Zakaria_GPS_002985.jpg,"grandchildren and getting to the point we're unwilling to make investments for children. what about climate change? you have gotten into trouble with views on climate change. i would argue don't make the argument that the world is going to be different 50 years from now. nobody cares about 50 years from now."
https://archive.org/details/CNNW_20131112_050000_Piers_Morgan_Live#start/1536/end/1571,11/12/2013 5:25:51,CNN,Piers Morgan Live,CNNW_20131112_050000_Piers_Morgan_Live,https://archive.org/download/CNNW_20131112_050000_Piers_Morgan_Live/CNNW_20131112_050000_Piers_Morgan_Live.thumbs/CNNW_20131112_050000_Piers_Morgan_Live_001516.jpg,"bit? doctor, back to you, good point, we can over-compensate for that. but what is the result of under-reacting on climate change, in the end more dangerous? well, even though i'm a skeptic, i don't know of anyone that has denied climate change. it has always changed. george clooney's analogy to"
https://archive.org/details/CNNW_20131106_110000_New_Day#start/10355/end/10390,11/6/2013 13:52:50,CNN,New Day,CNNW_20131106_110000_New_Day,https://archive.org/download/CNNW_20131106_110000_New_Day/CNNW_20131106_110000_New_Day.thumbs/CNNW_20131106_110000_New_Day_010335.jpg,"more than any other country in the last five years. in fact we've reduced our greenhouse gas pollution to levels not seen since 1992. and the reason for that is that we're accumulating huge inventories of clean energy so this film it's a good"
https://archive.org/details/CNNW_20131103_150000_Fareed_Zakaria_GPS#start/2889/end/2924,11/3/2013 15:48:24,CNN,Fareed Zakaria GPS,CNNW_20131103_150000_Fareed_Zakaria_GPS,https://archive.org/download/CNNW_20131103_150000_Fareed_Zakaria_GPS/CNNW_20131103_150000_Fareed_Zakaria_GPS.thumbs/CNNW_20131103_150000_Fareed_Zakaria_GPS_002865.jpg,"greenhouse gas emissions. when you look at this at the rockefeller foundation, what do you think is the key to building this kind of resilience? resilience is about the ability to rebound more quickly and more effectively after these shocks and stresses. we need much more robust syst s"
https://archive.org/details/CNNW_20131111_210000_The_Lead_With_Jake_Tapper#start/645/end/680,11/11/2013 21:11:00,CNN,The Lead With Jake Tapper,CNNW_20131111_210000_The_Lead_With_Jake_Tapper,https://archive.org/download/CNNW_20131111_210000_The_Lead_With_Jake_Tapper/CNNW_20131111_210000_The_Lead_With_Jake_Tapper.thumbs/CNNW_20131111_210000_The_Lead_With_Jake_Tapper_000645.jpg,"the head with a hammer. at some point in time i just want to tell you to stop because it's going to start to hurt. we always say we can't blame one storm on climate change. we can't blame one storm on climate change. but all of a sudden, we've got 10 or 20 storms that are the biggest we have ever seen. when do you start blaming it on"
https://archive.org/details/CNNW_20131108_040000_Anderson_Cooper_Special_Report#start/662/end/697,11/8/2013 4:11:17,CNN,Anderson Cooper Special Report,CNNW_20131108_040000_Anderson_Cooper_Special_Report,https://archive.org/download/CNNW_20131108_040000_Anderson_Cooper_Special_Report/CNNW_20131108_040000_Anderson_Cooper_Special_Report.thumbs/CNNW_20131108_040000_Anderson_Cooper_Special_Report_000585.jpg,"vo: opportunity. that's the real walmart. welcome back. we're talking about the promise and peril of nuclear energy in the wake of fukushima but also in the shadow of global warming. neither risk is hypothetical as"
https://archive.org/details/CNNW_20131103_180000_Fareed_Zakaria_GPS#start/2880/end/2915,11/3/2013 18:48:15,CNN,Fareed Zakaria GPS,CNNW_20131103_180000_Fareed_Zakaria_GPS,https://archive.org/download/CNNW_20131103_180000_Fareed_Zakaria_GPS/CNNW_20131103_180000_Fareed_Zakaria_GPS.thumbs/CNNW_20131103_180000_Fareed_Zakaria_GPS_002865.jpg,"higher percentage are nationally credit worthy. they need technology and know how to plan and build cities that will be cleaner and greener and more livable and at the same time make the contribution they need to make to reducing our greenhouse gas emissions. when you look at this at the rockefeller foundation, what do"
https://archive.org/details/CNNW_20131105_180000_CNN_Newsroom#start/2954/end/2989,11/5/2013 18:49:29,CNN,CNN Newsroom,CNNW_20131105_180000_CNN_Newsroom,https://archive.org/download/CNNW_20131105_180000_CNN_Newsroom/CNNW_20131105_180000_CNN_Newsroom.thumbs/CNNW_20131105_180000_CNN_Newsroom_002955.jpg,"with all the safety issues. you could make it less expensive. to have a carbon tax to get it cost competitive. if we're going to do it in a market based way, you have to"
https://archive.org/details/CNNW_20131108_040000_Anderson_Cooper_Special_Report#start/240/end/275,11/8/2013 4:04:15,CNN,Anderson Cooper Special Report,CNNW_20131108_040000_Anderson_Cooper_Special_Report,https://archive.org/download/CNNW_20131108_040000_Anderson_Cooper_Special_Report/CNNW_20131108_040000_Anderson_Cooper_Special_Report.thumbs/CNNW_20131108_040000_Anderson_Cooper_Special_Report_000225.jpg,"religious opposition to it based on 70s hysteria that's not based on science. we're saying, internalize the pollution costs of all resources. so we absolutely have to have carbon pollution limits to solve global warming. i think we all agree about that."
https://archive.org/details/CNNW_20131117_160000_Reliable_Sources#start/1765/end/1800,11/17/2013 16:29:40,CNN,Reliable Sources,CNNW_20131117_160000_Reliable_Sources,https://archive.org/download/CNNW_20131117_160000_Reliable_Sources/CNNW_20131117_160000_Reliable_Sources.thumbs/CNNW_20131117_160000_Reliable_Sources_001755.jpg,"then you get in trouble. the report -- this report is more uncertain about the role of global warming and driving hurricane patterns and intensity going forward. so it's unfortunate that we have media and public generally where we focus on dramatic extreme"
https://archive.org/details/CNNW_20131112_220000_The_Situation_Room#start/4713/end/4748,11/12/2013 23:18:48,CNN,The Situation Room,CNNW_20131112_220000_The_Situation_Room,https://archive.org/download/CNNW_20131112_220000_The_Situation_Room/CNNW_20131112_220000_The_Situation_Room.thumbs/CNNW_20131112_220000_The_Situation_Room_004695.jpg,"for the past couple of decades. the warmer water and the sheer volume of water in that region fuel the energy of typhoons. scientists say single weather events like typhoon haiyan cannot be conclusively linked to global warming, but there's at"
https://archive.org/details/CNNW_20131117_160000_Reliable_Sources#start/1602/end/1637,11/17/2013 16:26:57,CNN,Reliable Sources,CNNW_20131117_160000_Reliable_Sources,https://archive.org/download/CNNW_20131117_160000_Reliable_Sources/CNNW_20131117_160000_Reliable_Sources.thumbs/CNNW_20131117_160000_Reliable_Sources_001605.jpg,"journalists have to report on the global climate change? joining me to discuss this in washington, cnn's special correspondent philippe cousteau"
https://archive.org/details/CNNW_20131104_000000_CNN_Newsroom#start/2812/end/2847,11/4/2013 0:47:07,CNN,CNN Newsroom,CNNW_20131104_000000_CNN_Newsroom,https://archive.org/download/CNNW_20131104_000000_CNN_Newsroom/CNNW_20131104_000000_CNN_Newsroom.thumbs/CNNW_20131104_000000_CNN_Newsroom_002805.jpg,"working on to tackle climate change isn't working. it is all going in the other direction. so it has a huge set of"
https://archive.org/details/CNNW_20131112_020000_Piers_Morgan_Live#start/1479/end/1514,11/12/2013 2:24:54,CNN,Piers Morgan Live,CNNW_20131112_020000_Piers_Morgan_Live,https://archive.org/download/CNNW_20131112_020000_Piers_Morgan_Live/CNNW_20131112_020000_Piers_Morgan_Live.thumbs/CNNW_20131112_020000_Piers_Morgan_Live_001455.jpg,"atmosphere, and we'll see stronger storms. how much of this storm was because of global warming, is it 10% or 90%? that is something we need more scientific research into, to find out. but to deny there is some kind of connection is at this point i"
https://archive.org/details/CNNW_20131112_020000_Piers_Morgan_Live#start/1557/end/1592,11/12/2013 2:26:12,CNN,Piers Morgan Live,CNNW_20131112_020000_Piers_Morgan_Live,https://archive.org/download/CNNW_20131112_020000_Piers_Morgan_Live/CNNW_20131112_020000_Piers_Morgan_Live.thumbs/CNNW_20131112_020000_Piers_Morgan_Live_001545.jpg,"medical use is misused, because we have millions of examples of diseases that we know when they occur, how to cure some of them. in the case of global warming, we have one patient. the earth, the earth is a little warmer right now."
https://archive.org/details/CNNW_20131112_080000_Piers_Morgan_Live#start/1539/end/1574,11/12/2013 8:25:54,CNN,Piers Morgan Live,CNNW_20131112_080000_Piers_Morgan_Live,https://archive.org/download/CNNW_20131112_080000_Piers_Morgan_Live/CNNW_20131112_080000_Piers_Morgan_Live.thumbs/CNNW_20131112_080000_Piers_Morgan_Live_001545.jpg,"dangerous? well, even though i'm a skeptic, i don't know of anyone that has denied climate change. it has always changed. george clooney's analogy to"
https://archive.org/details/CNNW_20131112_050000_Piers_Morgan_Live#start/1523/end/1558,11/12/2013 5:25:38,CNN,Piers Morgan Live,CNNW_20131112_050000_Piers_Morgan_Live,https://archive.org/download/CNNW_20131112_050000_Piers_Morgan_Live/CNNW_20131112_050000_Piers_Morgan_Live.thumbs/CNNW_20131112_050000_Piers_Morgan_Live_001516.jpg,"we are in some way involved in climate change, is ridiculous. what is the worst that can happen? we clean up the world a little"
https://archive.org/details/CNNW_20131103_180000_Fareed_Zakaria_GPS#start/2956/end/2991,11/3/2013 18:49:31,CNN,Fareed Zakaria GPS,CNNW_20131103_180000_Fareed_Zakaria_GPS,https://archive.org/download/CNNW_20131103_180000_Fareed_Zakaria_GPS/CNNW_20131103_180000_Fareed_Zakaria_GPS.thumbs/CNNW_20131103_180000_Fareed_Zakaria_GPS_002955.jpg,"and community fabric so resilience is really about all of those elements and more than climate change. the next shock could be terror, an economic crisis."
https://archive.org/details/CNNW_20131107_140000_CNN_Newsroom#start/6229/end/6264,11/7/2013 15:44:04,CNN,CNN Newsroom,CNNW_20131107_140000_CNN_Newsroom,https://archive.org/download/CNNW_20131107_140000_CNN_Newsroom/CNNW_20131107_140000_CNN_Newsroom.thumbs/CNNW_20131107_140000_CNN_Newsroom_006226.jpg,"different sides of the situation. now supporting the use of nuclear power to fight climate change and president of the breakthrough institute in new york. debbie siez."
https://archive.org/details/CNNW_20131108_070000_Anderson_Cooper_Special_Report#start/663/end/698,11/8/2013 7:11:18,CNN,Anderson Cooper Special Report,CNNW_20131108_070000_Anderson_Cooper_Special_Report,https://archive.org/download/CNNW_20131108_070000_Anderson_Cooper_Special_Report/CNNW_20131108_070000_Anderson_Cooper_Special_Report.thumbs/CNNW_20131108_070000_Anderson_Cooper_Special_Report_000645.jpg,"we're talking about the promise and peril of nuclear energy in the wake of fukushima but also in the shadow of global warming. neither risk is hypothetical as disasters at japan, chernobyl and three mile island show. the question is not can they be made safe from these accidents"
https://archive.org/details/CNNW_20131112_080000_Piers_Morgan_Live#start/1484/end/1519,11/12/2013 8:24:59,CNN,Piers Morgan Live,CNNW_20131112_080000_Piers_Morgan_Live,https://archive.org/download/CNNW_20131112_080000_Piers_Morgan_Live/CNNW_20131112_080000_Piers_Morgan_Live.thumbs/CNNW_20131112_080000_Piers_Morgan_Live_001485.jpg,"how much of this storm was because of global warming, is it 10% or 90%? that is something we need more scientific research into, to find out. but to deny there is some kind of connection is at this point i think very irresponsible. it doesn't do justice, the"
https://archive.org/details/CNNW_20131121_233000_Crossfire#start/1770/end/1805,11/21/2013 23:59:45,CNN,Crossfire,CNNW_20131121_233000_Crossfire,https://archive.org/download/CNNW_20131121_233000_Crossfire/CNNW_20131121_233000_Crossfire.thumbs/CNNW_20131121_233000_Crossfire_001756.jpg,"it has been a sad year when a country faces so many problems and we are doing virtually nothing to address those problems whrgs we see filibuster after filibuster. we are dealing with, as scientists tell us, maybe you agree with me, maybe you don't. that global warming is one great"
https://archive.org/details/CNNW_20131109_160000_CNN_Newsroom#start/1632/end/1667,11/9/2013 16:27:27,CNN,CNN Newsroom,CNNW_20131109_160000_CNN_Newsroom,https://archive.org/download/CNNW_20131109_160000_CNN_Newsroom/CNNW_20131109_160000_CNN_Newsroom.thumbs/CNNW_20131109_160000_CNN_Newsroom_001636.jpg,"look, they wantw winn winner. but more importantly, these individuals want to stand with someone who believes in climate change and believes that we have to do something."
https://archive.org/details/CNNW_20131116_200000_CNN_Newsroom#start/2945/end/2980,11/16/2013 20:49:20,CNN,CNN Newsroom,CNNW_20131116_200000_CNN_Newsroom,https://archive.org/download/CNNW_20131116_200000_CNN_Newsroom/CNNW_20131116_200000_CNN_Newsroom.thumbs/CNNW_20131116_200000_CNN_Newsroom_002926.jpg,"desert, geological world, kind of boring rocks. to this exciting, blooming world with a history that does include warm, wet times. climate change. dynamic atmosphere landslides. buried ice, unbelievable."
https://archive.org/details/CNNW_20131117_140000_State_of_the_Union#start/0/end/30,11/17/2013 14:00:10,CNN,State of the Union,CNNW_20131117_140000_State_of_the_Union,https://archive.org/download/CNNW_20131117_140000_State_of_the_Union/CNNW_20131117_140000_State_of_the_Union.thumbs/CNNW_20131117_140000_State_of_the_Union_000045.jpg,"understanding of the climate change over to red planet's history. thank you for joining us. stay tuned for 'state of the union' with candy crowley. it starts now."
https://archive.org/details/CNNW_20131105_180000_CNN_Newsroom#start/2970/end/3005,11/5/2013 18:49:45,CNN,CNN Newsroom,CNNW_20131105_180000_CNN_Newsroom,https://archive.org/download/CNNW_20131105_180000_CNN_Newsroom/CNNW_20131105_180000_CNN_Newsroom.thumbs/CNNW_20131105_180000_CNN_Newsroom_002955.jpg,"have a carbon tax. if you're going to attack somebody, don't attack the environmentalists, who are trying to get the costs right to make clean energy go forward. to me, that's the weird thing about the film. i'm not attacking environmentalists. i am an environmentalist and"
https://archive.org/details/CNNW_20131112_020000_Piers_Morgan_Live#start/1540/end/1575,11/12/2013 2:25:55,CNN,Piers Morgan Live,CNNW_20131112_020000_Piers_Morgan_Live,https://archive.org/download/CNNW_20131112_020000_Piers_Morgan_Live/CNNW_20131112_020000_Piers_Morgan_Live.thumbs/CNNW_20131112_020000_Piers_Morgan_Live_001515.jpg,"change, in the end more dangerous? well, even though i'm a skeptic, i don't know of anyone that has denied climate change. it has always changed. george clooney's analogy to"
https://archive.org/details/CNNW_20131108_043000_Crossfire#start/345/end/380,11/8/2013 4:36:00,CNN,Crossfire,CNNW_20131108_043000_Crossfire,https://archive.org/download/CNNW_20131108_043000_Crossfire/CNNW_20131108_043000_Crossfire.thumbs/CNNW_20131108_043000_Crossfire_000345.jpg,"qaudruple the amount of of energy it consumes over the next century. if we want to do something serious about the climate, our emissions need to go to zero from the energy sector. but even if you don't care about global warming or you don't think it's much of a problem, consider this."
https://archive.org/details/CNNW_20131108_073000_Crossfire#start/331/end/366,11/8/2013 7:35:46,CNN,Crossfire,CNNW_20131108_073000_Crossfire,https://archive.org/download/CNNW_20131108_073000_Crossfire/CNNW_20131108_073000_Crossfire.thumbs/CNNW_20131108_073000_Crossfire_000315.jpg,"not the early 70s anymore. back then no one was very worried about global warming. the world is going to triple or qaudruple the amount of of energy it consumes over the next century. if we want to do something serious about the climate, our emissions need to go to zero from the energy sector."
https://archive.org/details/CNNW_20131108_073000_Crossfire#start/346/end/381,11/8/2013 7:36:01,CNN,Crossfire,CNNW_20131108_073000_Crossfire,https://archive.org/download/CNNW_20131108_073000_Crossfire/CNNW_20131108_073000_Crossfire.thumbs/CNNW_20131108_073000_Crossfire_000345.jpg,"but even if you don't care about global warming or you don't think it's much of a problem, consider this. earlier this year, former nasa climate scientist james hansen did a study. he found that nuclear energy over the last 40 years that's been used worldwide has saved 1.8 million lives by producing"
https://archive.org/details/CNNW_20131105_180000_CNN_Newsroom#start/3004/end/3039,11/5/2013 18:50:19,CNN,CNN Newsroom,CNNW_20131105_180000_CNN_Newsroom,https://archive.org/download/CNNW_20131105_180000_CNN_Newsroom/CNNW_20131105_180000_CNN_Newsroom.thumbs/CNNW_20131105_180000_CNN_Newsroom_002985.jpg,"advanced nuclear technology to combat climate change and that has been met with dismissal from the leadership and i think it's, they've doubled down on this epic i think it shows the leadership"
https://archive.org/details/CNNW_20131103_150000_Fareed_Zakaria_GPS#start/2768/end/2803,11/3/2013 15:46:23,CNN,Fareed Zakaria GPS,CNNW_20131103_150000_Fareed_Zakaria_GPS,https://archive.org/download/CNNW_20131103_150000_Fareed_Zakaria_GPS/CNNW_20131103_150000_Fareed_Zakaria_GPS.thumbs/CNNW_20131103_150000_Fareed_Zakaria_GPS_002745.jpg,"climate change. i had a great set of panelists recently at the clinton global initiative. michael bloomberg, the mayor of new york city, judith roden and jim kim, president of the world"
https://archive.org/details/CNNW_20131112_220000_The_Situation_Room#start/4681/end/4716,11/12/2013 23:18:16,CNN,The Situation Room,CNNW_20131112_220000_The_Situation_Room,https://archive.org/download/CNNW_20131112_220000_The_Situation_Room/CNNW_20131112_220000_The_Situation_Room.thumbs/CNNW_20131112_220000_The_Situation_Room_004665.jpg,"problem. luis says there could be a link queen climate change and these storms. there is not necessarily an increasing number of storms, there's mixed results there that we're seeing more intense"
https://archive.org/details/CNNW_20131108_043000_Crossfire#start/329/end/364,11/8/2013 4:35:44,CNN,Crossfire,CNNW_20131108_043000_Crossfire,https://archive.org/download/CNNW_20131108_043000_Crossfire/CNNW_20131108_043000_Crossfire.thumbs/CNNW_20131108_043000_Crossfire_000315.jpg,"amounts of energy consumption. so i've always been an advocate of solar and wind. i actually lobbied for the subsidies for solar and wind. but when you look at what's happening in the world, this is not the early 70s anymore. back then no one was very worried about global warming. the world is going to triple or"
https://archive.org/details/CNNW_20131112_050000_Piers_Morgan_Live#start/1569/end/1604,11/12/2013 5:26:24,CNN,Piers Morgan Live,CNNW_20131112_050000_Piers_Morgan_Live,https://archive.org/download/CNNW_20131112_050000_Piers_Morgan_Live/CNNW_20131112_050000_Piers_Morgan_Live.thumbs/CNNW_20131112_050000_Piers_Morgan_Live_001546.jpg,"in the case of global warming, we have one patient. the earth, the earth is a little warmer right now. we're not exactly sure whether it is 100% due to mankind or 50% due to mankind, 50% due to nature and by chance, today we had -- dr. spencer, that is not true, sir. that is not true."
https://archive.org/details/CNNW_20131112_080000_Piers_Morgan_Live#start/1564/end/1599,11/12/2013 8:26:19,CNN,Piers Morgan Live,CNNW_20131112_080000_Piers_Morgan_Live,https://archive.org/download/CNNW_20131112_080000_Piers_Morgan_Live/CNNW_20131112_080000_Piers_Morgan_Live.thumbs/CNNW_20131112_080000_Piers_Morgan_Live_001545.jpg,"medical issues is misplaced, because we have millions of examples of diseases that we know when they occur, how to cure some of them. in the case of global warming, we have one patient. the earth, the earth is a little warmer right now. we're not exactly sure whether it is 100% due to mankind or 50%"
https://archive.org/details/CNNW_20131106_110000_New_Day#start/10290/end/10325,11/6/2013 13:51:45,CNN,New Day,CNNW_20131106_110000_New_Day,https://archive.org/download/CNNW_20131106_110000_New_Day/CNNW_20131106_110000_New_Day.thumbs/CNNW_20131106_110000_New_Day_010275.jpg,"i'd just become increasingly alarmed over the last decade or so that everything that we environmentalists have tried to do to tackle climate change has failed and we need nuclear energy, advanced better nuclear"
https://archive.org/details/CNNW_20131112_080000_Piers_Morgan_Live#start/1528/end/1563,11/12/2013 8:25:43,CNN,Piers Morgan Live,CNNW_20131112_080000_Piers_Morgan_Live,https://archive.org/download/CNNW_20131112_080000_Piers_Morgan_Live/CNNW_20131112_080000_Piers_Morgan_Live.thumbs/CNNW_20131112_080000_Piers_Morgan_Live_001515.jpg,"we clean up the world a little bit? doctor, back to you, good point, we can over-compensate for that. but what is the result of under-reacting on climate change, in the end more"
https://archive.org/details/CNNW_20131117_130000_New_Day_Sunday#start/3555/end/3590,11/17/2013 13:59:30,CNN,New Day Sunday,CNNW_20131117_130000_New_Day_Sunday,https://archive.org/download/CNNW_20131117_130000_New_Day_Sunday/CNNW_20131117_130000_New_Day_Sunday.thumbs/CNNW_20131117_130000_New_Day_Sunday_003555.jpg,"sun turn red and barren. it's gone from a desert, geological world, kind of boring rocks to this exciting blooming world with a history that does include warm wet times, climate change, dynamic atmosphere, land"
https://archive.org/details/CNNW_20131116_180000_CNN_Newsroom#start/2119/end/2154,11/16/2013 18:35:34,CNN,CNN Newsroom,CNNW_20131116_180000_CNN_Newsroom,https://archive.org/download/CNNW_20131116_180000_CNN_Newsroom/CNNW_20131116_180000_CNN_Newsroom.thumbs/CNNW_20131116_180000_CNN_Newsroom_002116.jpg,"like it is so obvious, the american people are behind it. that's stalled. we're doing nothing on what may be humanity's greatest challenge, catastrophic climate change and the republicans aren't willing to work with the"
https://archive.org/details/CNNW_20131121_000000_Erin_Burnett_OutFront#start/3592/end/3627,11/21/2013 1:00:07,CNN,Erin Burnett OutFront,CNNW_20131121_000000_Erin_Burnett_OutFront,https://archive.org/download/CNNW_20131121_000000_Erin_Burnett_OutFront/CNNW_20131121_000000_Erin_Burnett_OutFront.thumbs/CNNW_20131121_000000_Erin_Burnett_OutFront_003585.jpg,"they are planting 7000 trees. they have gone as far with an arborest from stanford to look in the future as climate change happens, will these trees be adaptable. that's the level of detail they"
https://archive.org/details/CNNW_20131108_073000_Crossfire#start/363/end/398,11/8/2013 7:36:18,CNN,Crossfire,CNNW_20131108_073000_Crossfire,https://archive.org/download/CNNW_20131108_073000_Crossfire/CNNW_20131108_073000_Crossfire.thumbs/CNNW_20131108_073000_Crossfire_000345.jpg,"zero air pollution energy. and he says that if we expand it we'll save another 7 million lives. those numbers have to be convincing for people that care about climate change. there's still radiation. tell that to the fukushima"
https://archive.org/details/CNNW_20131108_170000_Around_the_World#start/2117/end/2152,11/8/2013 17:35:32,CNN,Around the World,CNNW_20131108_170000_Around_the_World,https://archive.org/download/CNNW_20131108_170000_Around_the_World/CNNW_20131108_170000_Around_the_World.thumbs/CNNW_20131108_170000_Around_the_World_002116.jpg,"coming up, the philippines now dealing with the aftermath of one of the strongest storms ever to hit this year. it begs the question, is this all about climate change? that's yext on 'around the world.'."
https://archive.org/details/CNNW_20131108_170000_Around_the_World#start/2638/end/2673,11/8/2013 17:44:13,CNN,Around the World,CNNW_20131108_170000_Around_the_World,https://archive.org/download/CNNW_20131108_170000_Around_the_World/CNNW_20131108_170000_Around_the_World.thumbs/CNNW_20131108_170000_Around_the_World_002626.jpg,"you can't blame one storm on climb change. you just made a reference to so many. can you reference sandy, katrina, wilma, gilbert, this thing, can you put climate change on the menu? certainly when you've got that"
https://archive.org/details/CNNW_20131121_010000_Anderson_Cooper_360#start/0/end/34,11/21/2013 1:00:14,CNN,Anderson Cooper 360,CNNW_20131121_010000_Anderson_Cooper_360,https://archive.org/download/CNNW_20131121_010000_Anderson_Cooper_360/CNNW_20131121_010000_Anderson_Cooper_360.thumbs/CNNW_20131121_010000_Anderson_Cooper_360_000045.jpg,"arborest from stanford to look in the future as climate change happens, will these trees be adaptable. that's the level of detail they are looking at. reporter: the mayor points out while apple's prod duucts m"
https://archive.org/details/CNNW_20131109_190000_Your_Money#start/1689/end/1724,11/9/2013 19:28:24,CNN,Your Money,CNNW_20131109_190000_Your_Money,https://archive.org/download/CNNW_20131109_190000_Your_Money/CNNW_20131109_190000_Your_Money.thumbs/CNNW_20131109_190000_Your_Money_001665.jpg,"according to the world health organization killed 3 million people every year, 3 million people every year just from particulate pollution. that doesn't account for ocean acid case, climate change and all that. the surprising thing to me on"
https://archive.org/details/CNNW_20131103_150000_Fareed_Zakaria_GPS#start/424/end/459,11/3/2013 15:07:19,CNN,Fareed Zakaria GPS,CNNW_20131103_150000_Fareed_Zakaria_GPS,https://archive.org/download/CNNW_20131103_150000_Fareed_Zakaria_GPS/CNNW_20131103_150000_Fareed_Zakaria_GPS.thumbs/CNNW_20131103_150000_Fareed_Zakaria_GPS_000405.jpg,"it's serious. it's something new. we've had misunderstandings on one or the other side. different perceptions on certain issues, namely iraq, guantanamo or even climate change and other things. we always had a pragmatic way to find a solution."
https://archive.org/details/CNNW_20131117_160000_Reliable_Sources#start/1299/end/1334,11/17/2013 16:21:54,CNN,Reliable Sources,CNNW_20131117_160000_Reliable_Sources,https://archive.org/download/CNNW_20131117_160000_Reliable_Sources/CNNW_20131117_160000_Reliable_Sources.thumbs/CNNW_20131117_160000_Reliable_Sources_001275.jpg,"facing the planet, but where is the urgency and attention span from the media? we'll turn up the temperature on the coverage of climate change with thank to our panel when we come back. [ imitating engine revving ].  _"
https://archive.org/details/CNNW_20131117_160000_Reliable_Sources#start/1591/end/1626,11/17/2013 16:26:46,CNN,Reliable Sources,CNNW_20131117_160000_Reliable_Sources,https://archive.org/download/CNNW_20131117_160000_Reliable_Sources/CNNW_20131117_160000_Reliable_Sources.thumbs/CNNW_20131117_160000_Reliable_Sources_001575.jpg,"storms stronger. plenty of coverage about the typhoon and questions about climate change. what to do about it. how to adapt to a changing world. those often get fleeting generally superficial coverage in mainstream media. what responsibility do"
https://archive.org/details/CNNW_20131117_160000_Reliable_Sources#start/1750/end/1785,11/17/2013 16:29:25,CNN,Reliable Sources,CNNW_20131117_160000_Reliable_Sources,https://archive.org/download/CNNW_20131117_160000_Reliable_Sources/CNNW_20131117_160000_Reliable_Sources.thumbs/CNNW_20131117_160000_Reliable_Sources_001725.jpg,"norms. this is something that happened today and nearby. unless it's event like what happened in the philippines when we dive in but the problem there is if we only focus on climate change when there's a hurricane,"
https://archive.org/details/CNNW_20131117_160000_Reliable_Sources#start/1780/end/1815,11/17/2013 16:29:55,CNN,Reliable Sources,CNNW_20131117_160000_Reliable_Sources,https://archive.org/download/CNNW_20131117_160000_Reliable_Sources/CNNW_20131117_160000_Reliable_Sources.thumbs/CNNW_20131117_160000_Reliable_Sources_001755.jpg,"weather events but they are kind of like the hardest place to look if you want to explore basics of climate change that are completely undisputed. we're warming the world and humans are a big driver of that"
https://archive.org/details/CNNW_20131117_160000_Reliable_Sources#start/1844/end/1879,11/17/2013 16:30:59,CNN,Reliable Sources,CNNW_20131117_160000_Reliable_Sources,https://archive.org/download/CNNW_20131117_160000_Reliable_Sources/CNNW_20131117_160000_Reliable_Sources.thumbs/CNNW_20131117_160000_Reliable_Sources_001845.jpg,"boulder on media coverage on climate change in this country. you see in 2007 coverage peaked at 450 plus stories for the five newspapers that they charted and it peaked again in 2009 as barack obama came into office"
https://archive.org/details/CNNW_20131103_160000_Reliable_Sources#start/1631/end/1666,11/3/2013 16:27:26,CNN,Reliable Sources,CNNW_20131103_160000_Reliable_Sources,https://archive.org/download/CNNW_20131103_160000_Reliable_Sources/CNNW_20131103_160000_Reliable_Sources.thumbs/CNNW_20131103_160000_Reliable_Sources_001606.jpg,"poke holes in whatever working thesis you have developed. but it doesn't mean, for example, that you give equal time for people who deny climate change. we have certainly seen instances of that. you know, there are moments --  _"
https://archive.org/details/CNNW_20131103_150000_Fareed_Zakaria_GPS#start/2959/end/2994,11/3/2013 15:49:34,CNN,Fareed Zakaria GPS,CNNW_20131103_150000_Fareed_Zakaria_GPS,https://archive.org/download/CNNW_20131103_150000_Fareed_Zakaria_GPS/CNNW_20131103_150000_Fareed_Zakaria_GPS.thumbs/CNNW_20131103_150000_Fareed_Zakaria_GPS_002955.jpg,"of those elements and more than climate change. the next shock could be terror, an economic crisis. you have tried both before but even after particularly after sandy to lay out a plan for new york in terms of"
https://archive.org/details/CNNW_20131112_050000_Piers_Morgan_Live#start/1717/end/1752,11/12/2013 5:28:52,CNN,Piers Morgan Live,CNNW_20131112_050000_Piers_Morgan_Live,https://archive.org/download/CNNW_20131112_050000_Piers_Morgan_Live/CNNW_20131112_050000_Piers_Morgan_Live.thumbs/CNNW_20131112_050000_Piers_Morgan_Live_001696.jpg,"that climate change is not related to stronger storms -- well, this is an interesting debate. i think it is actually journalistic malpractice to not have a fair debate. but thank you for the lecture on journalism."
https://archive.org/details/CNNW_20131108_110000_New_Day#start/2046/end/2081,11/8/2013 11:34:21,CNN,New Day,CNNW_20131108_110000_New_Day,https://archive.org/download/CNNW_20131108_110000_New_Day/CNNW_20131108_110000_New_Day.thumbs/CNNW_20131108_110000_New_Day_002025.jpg,"coastal flooding. that is a very clear connection. between climate change and coastal flooding. when you talk about the conditions that are leading to the super storm, does that tell you, could the u.s. ever see something like a super typhoon"
https://archive.org/details/CNNW_20131108_043000_Crossfire#start/376/end/411,11/8/2013 4:36:31,CNN,Crossfire,CNNW_20131108_043000_Crossfire,https://archive.org/download/CNNW_20131108_043000_Crossfire/CNNW_20131108_043000_Crossfire.thumbs/CNNW_20131108_043000_Crossfire_000375.jpg,"we'll save another 7 million lives. those numbers have to be convincing for people that care about climate change. there's still radiation. tell that to the fukushima area, the chernobyl area. tell it to the areas where hundreds of square miles are now"
https://archive.org/details/CNNW_20131105_180000_CNN_Newsroom#start/2767/end/2802,11/5/2013 18:46:22,CNN,CNN Newsroom,CNNW_20131105_180000_CNN_Newsroom,https://archive.org/download/CNNW_20131105_180000_CNN_Newsroom/CNNW_20131105_180000_CNN_Newsroom.thumbs/CNNW_20131105_180000_CNN_Newsroom_002745.jpg,"even hold the key to climate change. look at this from pandora's promise. assuming that the world continues to develop and that china and india and brazil become rich countries over the next half century or century, how much energy is the world"
https://archive.org/details/CNNW_20131108_070000_Anderson_Cooper_Special_Report#start/1480/end/1515,11/8/2013 7:24:55,CNN,Anderson Cooper Special Report,CNNW_20131108_070000_Anderson_Cooper_Special_Report,https://archive.org/download/CNNW_20131108_070000_Anderson_Cooper_Special_Report/CNNW_20131108_070000_Anderson_Cooper_Special_Report.thumbs/CNNW_20131108_070000_Anderson_Cooper_Special_Report_001455.jpg,"ultimately results in rising sea levels and massive climate change. and so i think that unless we can turn the ship around and turn it around very quickly, it bodes for a very, very difficult future for our children and grandchildren."
https://archive.org/details/CNNW_20131106_010000_Anderson_Cooper_360#start/607/end/642,11/6/2013 1:10:22,CNN,Anderson Cooper 360,CNNW_20131106_010000_Anderson_Cooper_360,https://archive.org/download/CNNW_20131106_010000_Anderson_Cooper_360/CNNW_20131106_010000_Anderson_Cooper_360.thumbs/CNNW_20131106_010000_Anderson_Cooper_360_000585.jpg,"on wealthy americans, he's been against that. he has a case to make. on the other hand, has he supported gun control in the past? yes. has he talked about climate change being a real thing? yes. has he worked with democrats in"
https://archive.org/details/CNNW_20131107_170000_Around_the_World#start/1727/end/1762,11/7/2013 17:29:02,CNN,Around the World,CNNW_20131107_170000_Around_the_World,https://archive.org/download/CNNW_20131107_170000_Around_the_World/CNNW_20131107_170000_Around_the_World.thumbs/CNNW_20131107_170000_Around_the_World_001725.jpg,"fukushima. when you think of nuclear power can bring up images of cancer rates and destruction everywhere. now a new, provocative cnn film looks at whether or not nuclear power could hold the key to fighting climate change and providing the planet with"
https://archive.org/details/CNNW_20131108_170000_Around_the_World#start/2653/end/2688,11/8/2013 17:44:28,CNN,Around the World,CNNW_20131108_170000_Around_the_World,https://archive.org/download/CNNW_20131108_170000_Around_the_World/CNNW_20131108_170000_Around_the_World.thumbs/CNNW_20131108_170000_Around_the_World_002626.jpg,"many things. you can't blame one storm on climate change. any climatologist will tell you that. when you start adding up everything, you hit me so many times with a hammer i'm going to tell you to stop. that's what we're facing now,"
https://archive.org/details/CNNW_20131112_050000_Piers_Morgan_Live#start/1633/end/1668,11/12/2013 5:27:28,CNN,Piers Morgan Live,CNNW_20131112_050000_Piers_Morgan_Live,https://archive.org/download/CNNW_20131112_050000_Piers_Morgan_Live/CNNW_20131112_050000_Piers_Morgan_Live.thumbs/CNNW_20131112_050000_Piers_Morgan_Live_001606.jpg,"to climate deniers about climate stories. that is journalistically irresponsible. mark, did you know i'm one of the 97%, that includes people who believe that some portion of climate change is man made. and i do believe some portion of it is."
https://archive.org/details/CNNW_20131112_080000_Piers_Morgan_Live#start/1515/end/1550,11/12/2013 8:25:30,CNN,Piers Morgan Live,CNNW_20131112_080000_Piers_Morgan_Live,https://archive.org/download/CNNW_20131112_080000_Piers_Morgan_Live/CNNW_20131112_080000_Piers_Morgan_Live.thumbs/CNNW_20131112_080000_Piers_Morgan_Live_001515.jpg,"and 1% who says you're fine, you probably want to check it up for the 99. you know what i mean? the idea that we ignore -- that we are in some way involved in climate change, what is the worst that can happen?"
https://archive.org/details/CNNW_20131112_080000_Piers_Morgan_Live#start/1642/end/1677,11/12/2013 8:27:37,CNN,Piers Morgan Live,CNNW_20131112_080000_Piers_Morgan_Live,https://archive.org/download/CNNW_20131112_080000_Piers_Morgan_Live/CNNW_20131112_080000_Piers_Morgan_Live.thumbs/CNNW_20131112_080000_Piers_Morgan_Live_001635.jpg,"who believe that some portion of climate change is man made. and i do believe some portion of it is. you think it is a very small portion, sir. do you deny that you stand in opposition to the overwhelming"
https://archive.org/details/CNNW_20131112_080000_Piers_Morgan_Live#start/1392/end/1427,11/12/2013 8:23:27,CNN,Piers Morgan Live,CNNW_20131112_080000_Piers_Morgan_Live,https://archive.org/download/CNNW_20131112_080000_Piers_Morgan_Live/CNNW_20131112_080000_Piers_Morgan_Live.thumbs/CNNW_20131112_080000_Piers_Morgan_Live_001365.jpg,"considerably, and we're at record lows. the news has not reported there were many hurricanes in the atlantic. and the debate is continuing, very vocal on both sides as to whether the climate change is playing a part in the monster"
https://archive.org/details/CNNW_20131112_080000_Piers_Morgan_Live#start/1421/end/1456,11/12/2013 8:23:56,CNN,Piers Morgan Live,CNNW_20131112_080000_Piers_Morgan_Live,https://archive.org/download/CNNW_20131112_080000_Piers_Morgan_Live/CNNW_20131112_080000_Piers_Morgan_Live.thumbs/CNNW_20131112_080000_Piers_Morgan_Live_001395.jpg,"those that interview scientists. and i beg to differ with them if they say it is not. the fact of the matter is there is an overwhelming consensus that climate change is man-made, it is real, and that it is"
https://archive.org/details/CNNW_20131112_080000_Piers_Morgan_Live#start/1468/end/1503,11/12/2013 8:24:43,CNN,Piers Morgan Live,CNNW_20131112_080000_Piers_Morgan_Live,https://archive.org/download/CNNW_20131112_080000_Piers_Morgan_Live/CNNW_20131112_080000_Piers_Morgan_Live.thumbs/CNNW_20131112_080000_Piers_Morgan_Live_001455.jpg,"the u.n. governmental opinion on climate change would lead us to expect just what we are seeing now. last year with hurricane sandy. now with typhoon haiyan. and on and on and on. we have overheated the atmosphere, and we'll see stronger storms."
https://archive.org/details/CNNW_20131103_180000_Fareed_Zakaria_GPS#start/3118/end/3153,11/3/2013 18:52:13,CNN,Fareed Zakaria GPS,CNNW_20131103_180000_Fareed_Zakaria_GPS,https://archive.org/download/CNNW_20131103_180000_Fareed_Zakaria_GPS/CNNW_20131103_180000_Fareed_Zakaria_GPS.thumbs/CNNW_20131103_180000_Fareed_Zakaria_GPS_003105.jpg,"to send mayors and they come and they don't do that without permission from the ken central government. we should like in a mirror. it is america where people don't believe in climate change or some. it is america where they don't"
https://archive.org/details/CNNW_20131112_020000_Piers_Morgan_Live#start/1400/end/1435,11/12/2013 2:23:35,CNN,Piers Morgan Live,CNNW_20131112_020000_Piers_Morgan_Live,https://archive.org/download/CNNW_20131112_020000_Piers_Morgan_Live/CNNW_20131112_020000_Piers_Morgan_Live.thumbs/CNNW_20131112_020000_Piers_Morgan_Live_001395.jpg,"atlantic. and the debate is continuing, very vocal on both sides as to whether the climate change is playing a part in the monster sto storms. many scientists believe it is, many believe it is not. and that it is no different from"
https://archive.org/details/CNNW_20131112_020000_Piers_Morgan_Live#start/1432/end/1467,11/12/2013 2:24:07,CNN,Piers Morgan Live,CNNW_20131112_020000_Piers_Morgan_Live,https://archive.org/download/CNNW_20131112_020000_Piers_Morgan_Live/CNNW_20131112_020000_Piers_Morgan_Live.thumbs/CNNW_20131112_020000_Piers_Morgan_Live_001425.jpg,"that climate change is man-made, it is real, and that it is happening now and it will produce far more powerful storms as we go forward. now, is it too soon? we don't know yet exactly how the scientists will finally come"
https://archive.org/details/CNNW_20131112_020000_Piers_Morgan_Live#start/1464/end/1499,11/12/2013 2:24:39,CNN,Piers Morgan Live,CNNW_20131112_020000_Piers_Morgan_Live,https://archive.org/download/CNNW_20131112_020000_Piers_Morgan_Live/CNNW_20131112_020000_Piers_Morgan_Live.thumbs/CNNW_20131112_020000_Piers_Morgan_Live_001455.jpg,"opinions that just came out from the u.n. governmental opinion on climate change would lead us to expect just what we are seeing now. last year with hurricane sandy. now with typhoon haiyan. and on and on and on. we have overheated the"
https://archive.org/details/CNNW_20131117_160000_Reliable_Sources#start/1859/end/1894,11/17/2013 16:31:14,CNN,Reliable Sources,CNNW_20131117_160000_Reliable_Sources,https://archive.org/download/CNNW_20131117_160000_Reliable_Sources/CNNW_20131117_160000_Reliable_Sources.thumbs/CNNW_20131117_160000_Reliable_Sources_001845.jpg,"making climate change a big issue and then there are other charts from other parts of the world and while our stories peak here, if they look at australia for example, four times the amount of coverage in the top five newspapers there."
https://archive.org/details/CNNW_20131116_200000_CNN_Newsroom#start/2979/end/3014,11/16/2013 20:49:54,CNN,CNN Newsroom,CNNW_20131116_200000_CNN_Newsroom,https://archive.org/download/CNNW_20131116_200000_CNN_Newsroom/CNNW_20131116_200000_CNN_Newsroom.thumbs/CNNW_20131116_200000_CNN_Newsroom_002956.jpg,"reporter: collectinging the pressures in the atmosphere will give those analyzing the data a better understanding of the climate change under the red planet's history. we expect to learn now the modern mars working in detail. to see its climate space."
https://archive.org/details/CNNW_20131103_130000_New_Day_Sunday#start/3202/end/3237,11/3/2013 13:53:37,CNN,New Day Sunday,CNNW_20131103_130000_New_Day_Sunday,https://archive.org/download/CNNW_20131103_130000_New_Day_Sunday/CNNW_20131103_130000_New_Day_Sunday.thumbs/CNNW_20131103_130000_New_Day_Sunday_003196.jpg,"so. other things that can take out life on earth are major climate change. if you're a life form that is adapted to a certain configuration or combination of temperature and atmosphere conditions, then if that changes faster than you can respond,"
https://archive.org/details/CNNW_20131112_220000_The_Situation_Room#start/4730/end/4765,11/12/2013 23:19:05,CNN,The Situation Room,CNNW_20131112_220000_The_Situation_Room,https://archive.org/download/CNNW_20131112_220000_The_Situation_Room/CNNW_20131112_220000_The_Situation_Room.thumbs/CNNW_20131112_220000_The_Situation_Room_004725.jpg,"least one lethal factor caused by climate change. the fact that the sea levels are rising means that as you get these types of storm systems, you will be driving more water towards land. and that increases the vulnerability of a larger number"
https://archive.org/details/CNNW_20131112_050000_Piers_Morgan_Live#start/1393/end/1428,11/12/2013 5:23:28,CNN,Piers Morgan Live,CNNW_20131112_050000_Piers_Morgan_Live,https://archive.org/download/CNNW_20131112_050000_Piers_Morgan_Live/CNNW_20131112_050000_Piers_Morgan_Live.thumbs/CNNW_20131112_050000_Piers_Morgan_Live_001366.jpg,"record lows. the news has not reported there were many hurricanes in the atlantic. and the debate is continuing, very vocal on both sides as to whether the climate change is playing a part in the monster storms. many scientists believe it is,"
https://archive.org/details/CNNW_20131111_210000_The_Lead_With_Jake_Tapper#start/661/end/696,11/11/2013 21:11:16,CNN,The Lead With Jake Tapper,CNNW_20131111_210000_The_Lead_With_Jake_Tapper,https://archive.org/download/CNNW_20131111_210000_The_Lead_With_Jake_Tapper/CNNW_20131111_210000_The_Lead_With_Jake_Tapper.thumbs/CNNW_20131111_210000_The_Lead_With_Jake_Tapper_000645.jpg,"climate change? i think everybody needs to open up their eyes and realize what's going on here. great commentary. thank you, chad. coming up next, secretary of state john kerry will have to explain to the senate why a potential nuclear deal with iran fell apart."
https://archive.org/details/CNNW_20131108_110000_New_Day#start/2001/end/2036,11/8/2013 11:33:36,CNN,New Day,CNNW_20131108_110000_New_Day,https://archive.org/download/CNNW_20131108_110000_New_Day/CNNW_20131108_110000_New_Day.thumbs/CNNW_20131108_110000_New_Day_001995.jpg,"the philippines gets hit with eight typhoons or so a year. this one is particularly strong but this region gets hit a lot. as we look to the future and try to link this to climate change, there are several things to talk about."
https://archive.org/details/CNNW_20131108_040000_Anderson_Cooper_Special_Report#start/1487/end/1522,11/8/2013 4:25:02,CNN,Anderson Cooper Special Report,CNNW_20131108_040000_Anderson_Cooper_Special_Report,https://archive.org/download/CNNW_20131108_040000_Anderson_Cooper_Special_Report/CNNW_20131108_040000_Anderson_Cooper_Special_Report.thumbs/CNNW_20131108_040000_Anderson_Cooper_Special_Report_001485.jpg,"increasingly become a carbon-dependent globe, which ultimately results in rising sea levels and massive climate change. and so i think that unless we can turn the ship around and turn it around very quickly, it bodes for a very, very difficult future for our children and"
https://archive.org/details/CNNW_20131108_190000_CNN_Newsroom#start/1894/end/1929,11/8/2013 19:31:49,CNN,CNN Newsroom,CNNW_20131108_190000_CNN_Newsroom,https://archive.org/download/CNNW_20131108_190000_CNN_Newsroom/CNNW_20131108_190000_CNN_Newsroom.thumbs/CNNW_20131108_190000_CNN_Newsroom_001876.jpg,"storms like this should get stronger because of the climate change making the water warmer. but at the same time, they may become less frequent because the high level winds that knock them down may be more frequent as well. what are you paying attention"
https://archive.org/details/CNNW_20131112_080000_Piers_Morgan_Live#start/1596/end/1631,11/12/2013 8:26:51,CNN,Piers Morgan Live,CNNW_20131112_080000_Piers_Morgan_Live,https://archive.org/download/CNNW_20131112_080000_Piers_Morgan_Live/CNNW_20131112_080000_Piers_Morgan_Live.thumbs/CNNW_20131112_080000_Piers_Morgan_Live_001575.jpg,"what the ipcc just said in its report. that humankinds' activities are now responsible for most of this. frankly, i don't know why, dr. spencer, i believe you don't even agree that climate change is man made, last time i checked. if you revised your position i"
https://archive.org/details/CNNW_20131112_080000_Piers_Morgan_Live#start/1689/end/1724,11/12/2013 8:28:24,CNN,Piers Morgan Live,CNNW_20131112_080000_Piers_Morgan_Live,https://archive.org/download/CNNW_20131112_080000_Piers_Morgan_Live/CNNW_20131112_080000_Piers_Morgan_Live.thumbs/CNNW_20131112_080000_Piers_Morgan_Live_001665.jpg,"2013 that climate change is not man made and happening now and causing great suffering in the philippines. great suffering. how do you explain that most of the people who have died in tropical storms -- talking about how there is no human fingerprints on this."
https://archive.org/details/CNNW_20131111_210000_The_Lead_With_Jake_Tapper#start/615/end/650,11/11/2013 21:10:30,CNN,The Lead With Jake Tapper,CNNW_20131111_210000_The_Lead_With_Jake_Tapper,https://archive.org/download/CNNW_20131111_210000_The_Lead_With_Jake_Tapper/CNNW_20131111_210000_The_Lead_With_Jake_Tapper.thumbs/CNNW_20131111_210000_The_Lead_With_Jake_Tapper_000615.jpg,"people ask the question did climate change play a part. i know it's difficult to make connections like that but we pulled up the commentary end of last year from the chief philippines negotiator at the climate talks that gave a tearful appeal for progress,"
https://archive.org/details/CNNW_20131106_110000_New_Day#start/10246/end/10281,11/6/2013 13:51:01,CNN,New Day,CNNW_20131106_110000_New_Day,https://archive.org/download/CNNW_20131106_110000_New_Day/CNNW_20131106_110000_New_Day.thumbs/CNNW_20131106_110000_New_Day_010245.jpg,"debated topic and there say major development this week, four of the world's top environmentalists have written an open letter calling for more nuclear power they say it's the only way to reverse climate change. this comes as a new cnn film 'pando 'pandora's promise' that"
https://archive.org/details/CNNW_20131112_020000_Piers_Morgan_Live#start/1635/end/1670,11/12/2013 2:27:30,CNN,Piers Morgan Live,CNNW_20131112_020000_Piers_Morgan_Live,https://archive.org/download/CNNW_20131112_020000_Piers_Morgan_Live/CNNW_20131112_020000_Piers_Morgan_Live.thumbs/CNNW_20131112_020000_Piers_Morgan_Live_001635.jpg,"stories. that is journalistically irresponsible. mark, did you know i'm one of the 97%, that includes people who believe that some portion of climate change is man made. and i do believe some portion of it is. you think it is a very small"
https://archive.org/details/CNNW_20131119_233000_Crossfire#start/1746/end/1781,11/19/2013 23:59:21,CNN,Crossfire,CNNW_20131119_233000_Crossfire,https://archive.org/download/CNNW_20131119_233000_Crossfire/CNNW_20131119_233000_Crossfire.thumbs/CNNW_20131119_233000_Crossfire_001725.jpg,"president obama laid out a very ambitious agenda in his inaugural address. immigration reform, tax reform, gun control, climate change. has he moved enough for you on any of the issues so far? i'm going to break the rule and go back to the last point."
https://archive.org/details/CNNW_20131117_160000_Reliable_Sources#start/1686/end/1721,11/17/2013 16:28:21,CNN,Reliable Sources,CNNW_20131117_160000_Reliable_Sources,https://archive.org/download/CNNW_20131117_160000_Reliable_Sources/CNNW_20131117_160000_Reliable_Sources.thumbs/CNNW_20131117_160000_Reliable_Sources_001665.jpg,"change. it's happening now. yet we're still having this debate primarily in this country about climate change and is it even real? i think that's caused a lot of real problems and long-term lasting negative impacts on the health of our planet. andy, the report that"
https://archive.org/details/CNNW_20131103_150000_Fareed_Zakaria_GPS#start/2973/end/3008,11/3/2013 15:49:48,CNN,Fareed Zakaria GPS,CNNW_20131103_150000_Fareed_Zakaria_GPS,https://archive.org/download/CNNW_20131103_150000_Fareed_Zakaria_GPS/CNNW_20131103_150000_Fareed_Zakaria_GPS.thumbs/CNNW_20131103_150000_Fareed_Zakaria_GPS_002955.jpg,"investments that with a make it more resilient. it strikes me that you run up against two big political problems. first there is still a big debate certainly in washington as to whether climate change is real and man-made and secondly"
https://archive.org/details/CNNW_20131105_180000_CNN_Newsroom#start/2877/end/2912,11/5/2013 18:48:12,CNN,CNN Newsroom,CNNW_20131105_180000_CNN_Newsroom,https://archive.org/download/CNNW_20131105_180000_CNN_Newsroom/CNNW_20131105_180000_CNN_Newsroom.thumbs/CNNW_20131105_180000_CNN_Newsroom_002865.jpg,"environmental movement to do anything to combat climate change and i think it's the old definition of insanity is doing the same thing over and over again and expecting a different result. i think frankly, the environmental movement is guilty of that, so it's incumbent on us"
https://archive.org/details/CNNW_20131112_050000_Piers_Morgan_Live#start/1683/end/1718,11/12/2013 5:28:18,CNN,Piers Morgan Live,CNNW_20131112_050000_Piers_Morgan_Live,https://archive.org/download/CNNW_20131112_050000_Piers_Morgan_Live/CNNW_20131112_050000_Piers_Morgan_Live.thumbs/CNNW_20131112_050000_Piers_Morgan_Live_001666.jpg,"see, this is the conspiracy thinking that you must retreat to in order to say in the year 2013 that climate change is not man made and happening now and causing great suffering in the philippines. great suffering. and we have not o-- dealt with"
https://archive.org/details/CNNW_20131103_180000_Fareed_Zakaria_GPS#start/2767/end/2802,11/3/2013 18:46:22,CNN,Fareed Zakaria GPS,CNNW_20131103_180000_Fareed_Zakaria_GPS,https://archive.org/download/CNNW_20131103_180000_Fareed_Zakaria_GPS/CNNW_20131103_180000_Fareed_Zakaria_GPS.thumbs/CNNW_20131103_180000_Fareed_Zakaria_GPS_002685.jpg,"more and more people around the world are moving to urban centers. and with that, cities have grown in power and importance. but what can a city do to combat something even bigger? climate change. i had a great set of panelists recently at the clinton global initiative."
https://archive.org/details/CNNW_20131108_110000_New_Day#start/2097/end/2132,11/8/2013 11:35:12,CNN,New Day,CNNW_20131108_110000_New_Day,https://archive.org/download/CNNW_20131108_110000_New_Day/CNNW_20131108_110000_New_Day.thumbs/CNNW_20131108_110000_New_Day_002085.jpg,"that's even if storms themselves don't change at all. what might happen to storms, that's the next question really. here the research and jury is out on tropical storms. we talked earlier about a warm source of water. we do expect climate change to warm those upper ocean"
https://archive.org/details/CNNW_20131108_040000_Anderson_Cooper_Special_Report#start/69/end/104,11/8/2013 4:01:24,CNN,Anderson Cooper Special Report,CNNW_20131108_040000_Anderson_Cooper_Special_Report,https://archive.org/download/CNNW_20131108_040000_Anderson_Cooper_Special_Report/CNNW_20131108_040000_Anderson_Cooper_Special_Report.thumbs/CNNW_20131108_040000_Anderson_Cooper_Special_Report_000045.jpg,"climate change. and in this country the utilities have tripled investment in energy efficiency just in the last few years. that's making all of our homes and shops and businesses get more energy services out of the power that we generate. that's just scratching the surface. but the film clearly says"
https://archive.org/details/CNNW_20131112_050000_Piers_Morgan_Live#start/1601/end/1636,11/12/2013 5:26:56,CNN,Piers Morgan Live,CNNW_20131112_050000_Piers_Morgan_Live,https://archive.org/download/CNNW_20131112_050000_Piers_Morgan_Live/CNNW_20131112_050000_Piers_Morgan_Live.thumbs/CNNW_20131112_050000_Piers_Morgan_Live_001576.jpg,"this. frankly, i don't know why, dr. spencer, i believe you don't even agree that climate change is man made, last time i checked. if you revised your position i would love to hear about it. well, you're wrong about that. i believe that we don't know --  _"
https://archive.org/details/CNNW_20131112_050000_Piers_Morgan_Live#start/1619/end/1654,11/12/2013 5:27:14,CNN,Piers Morgan Live,CNNW_20131112_050000_Piers_Morgan_Live,https://archive.org/download/CNNW_20131112_050000_Piers_Morgan_Live/CNNW_20131112_050000_Piers_Morgan_Live.thumbs/CNNW_20131112_050000_Piers_Morgan_Live_001606.jpg,"that a man-made climate change you reject that 99 -- so you stand against the 97% of scientists who say this. and piers, i have to tell you as a journalist, you know, we don't talk -- no, mark, i'm part of the 99%. i don't think we should talk"
https://archive.org/details/CNNW_20131111_210000_The_Lead_With_Jake_Tapper#start/629/end/664,11/11/2013 21:10:44,CNN,The Lead With Jake Tapper,CNNW_20131111_210000_The_Lead_With_Jake_Tapper,https://archive.org/download/CNNW_20131111_210000_The_Lead_With_Jake_Tapper/CNNW_20131111_210000_The_Lead_With_Jake_Tapper.thumbs/CNNW_20131111_210000_The_Lead_With_Jake_Tapper_000615.jpg,"saying his country was right in the crosshairs of these sort of super storms that might be exacerbated by climate change. is it correct, is there anything to back up making a connection between those two things? you know, it's almost like i want you to stop hitting me on"
https://archive.org/details/CNNW_20131103_180000_Fareed_Zakaria_GPS#start/419/end/454,11/3/2013 18:07:14,CNN,Fareed Zakaria GPS,CNNW_20131103_180000_Fareed_Zakaria_GPS,https://archive.org/download/CNNW_20131103_180000_Fareed_Zakaria_GPS/CNNW_20131103_180000_Fareed_Zakaria_GPS.thumbs/CNNW_20131103_180000_Fareed_Zakaria_GPS_000405.jpg,"we've had misunderstandings on one or the other side. different perceptions on certain issues, namely iraq, guantanamo or even climate change and other things. we always had a pragmatic way to find a solution. now we are at the level that european leaders don't only lose faith in a partner but also their face."
https://archive.org/details/CNNW_20131103_180000_Fareed_Zakaria_GPS#start/2515/end/2550,11/3/2013 18:42:10,CNN,Fareed Zakaria GPS,CNNW_20131103_180000_Fareed_Zakaria_GPS,https://archive.org/download/CNNW_20131103_180000_Fareed_Zakaria_GPS/CNNW_20131103_180000_Fareed_Zakaria_GPS.thumbs/CNNW_20131103_180000_Fareed_Zakaria_GPS_002505.jpg,"up next, one near after hurricane sandy. more from mayor bloomberg and others on what cities can do to deal with the effects of climate change. are you flo? yes. is this the thing you gave my husband? well, yeah, yes. the 'name your price' tool. you tell us the price you want to pay,"
https://archive.org/details/CNNW_20131112_020000_Piers_Morgan_Live#start/1681/end/1716,11/12/2013 2:28:16,CNN,Piers Morgan Live,CNNW_20131112_020000_Piers_Morgan_Live,https://archive.org/download/CNNW_20131112_020000_Piers_Morgan_Live/CNNW_20131112_020000_Piers_Morgan_Live.thumbs/CNNW_20131112_020000_Piers_Morgan_Live_001665.jpg,"interviewing those on one kind of the story. see, this is the conspiracy thinking that you must retreat to in order to say in the year 2013 that climate change is not man made and happening now and causing great suffering in the philippines. great suffering. how do you explain that most"
https://archive.org/details/CNNW_20131112_050000_Piers_Morgan_Live#start/1422/end/1457,11/12/2013 5:23:57,CNN,Piers Morgan Live,CNNW_20131112_050000_Piers_Morgan_Live,https://archive.org/download/CNNW_20131112_050000_Piers_Morgan_Live/CNNW_20131112_050000_Piers_Morgan_Live.thumbs/CNNW_20131112_050000_Piers_Morgan_Live_001396.jpg,"well, my view is that of those that interview scientists. and i beg to differ with them if they say it is not. the fact of the matter is there is an overwhelming consensus that climate change is man-made, it is real, and that it is happening now and it will produce far more powerful storms as we go forward."
