﻿URL,MatchDateTime,Station,Show,IAShowID,IAPreviewThumb,Snippet
https://archive.org/details/CNNW_20180728_230000_The_Van_Jones_Show#start/1208/end/1243,7/28/2018 23:20:23,CNN,The Van Jones Show,CNNW_20180728_230000_The_Van_Jones_Show,https://archive.org/download/CNNW_20180728_230000_The_Van_Jones_Show/CNNW_20180728_230000_The_Van_Jones_Show.thumbs/CNNW_20180728_230000_The_Van_Jones_Show_001197.jpg,"i will support it wholeheartedly, if he doesn't i won't. that's the way i am with anybody. i share your passion to make sure the coal minors are treated right and well. you also have a climate crisis. and the whole global warming"
https://archive.org/details/CNNW_20180730_060000_CNN_Newsroom_Live#start/2266/end/2301,7/30/2018 6:38:01,CNN,CNN Newsroom Live,CNNW_20180730_060000_CNN_Newsroom_Live,https://archive.org/download/CNNW_20180730_060000_CNN_Newsroom_Live/CNNW_20180730_060000_CNN_Newsroom_Live.thumbs/CNNW_20180730_060000_CNN_Newsroom_Live_002248.jpg,"emissions of greenhouse gases. he why, which we haven't done. is this accurate? the world remains more than 85% reliant on fossil fuels. yeah. this is my 30th year writing about global warming. i am getting a gray beard. and i look back at the story i"
https://archive.org/details/CNNW_20180730_060000_CNN_Newsroom_Live#start/2234/end/2269,7/30/2018 6:37:29,CNN,CNN Newsroom Live,CNNW_20180730_060000_CNN_Newsroom_Live,https://archive.org/download/CNNW_20180730_060000_CNN_Newsroom_Live/CNNW_20180730_060000_CNN_Newsroom_Live.thumbs/CNNW_20180730_060000_CNN_Newsroom_Live_002218.jpg,"and that really has to be part of the conversation also, especially because even if the world got serious about global warming, even if china and india and we all kimt igss and greenhouse gases, the climate system doesn't notice that for decades. this is a big system."
https://archive.org/details/CNNW_20180714_140000_CNN_Newsroom_With_Victor_Blackwell_and_Christi_Paul#start/255/end/290,7/14/2018 14:04:30,CNN,CNN Newsroom With Victor Blackwell and Christi Paul,CNNW_20180714_140000_CNN_Newsroom_With_Victor_Blackwell_and_Christi_Paul,https://archive.org/download/CNNW_20180714_140000_CNN_Newsroom_With_Victor_Blackwell_and_Christi_Paul/CNNW_20180714_140000_CNN_Newsroom_With_Victor_Blackwell_and_Christi_Paul.thumbs/CNNW_20180714_140000_CNN_Newsroom_With_Victor_Blackwell_and_Christi_Paul_000237.jpg,"people who repeatedly say that donald trump is not welcome here. the main reason is they don't like his policies, don't like what he has to say on immigration, climate change."
https://archive.org/details/CNNW_20180727_200000_The_Lead_With_Jake_Tapper#start/3498/end/3533,7/27/2018 20:58:33,CNN,The Lead With Jake Tapper,CNNW_20180727_200000_The_Lead_With_Jake_Tapper,https://archive.org/download/CNNW_20180727_200000_The_Lead_With_Jake_Tapper/CNNW_20180727_200000_The_Lead_With_Jake_Tapper.thumbs/CNNW_20180727_200000_The_Lead_With_Jake_Tapper_003478.jpg,"across the state. and one of 88 across the country. this is that new normal, unpredictability. the large, explosive growth fires. reporter: sadly, this is new normal worldwide as temperatures rise due to climate change."
https://archive.org/details/CNNW_20180730_060000_CNN_Newsroom_Live#start/2014/end/2049,7/30/2018 6:33:49,CNN,CNN Newsroom Live,CNNW_20180730_060000_CNN_Newsroom_Live,https://archive.org/download/CNNW_20180730_060000_CNN_Newsroom_Live/CNNW_20180730_060000_CNN_Newsroom_Live.thumbs/CNNW_20180730_060000_CNN_Newsroom_Live_002008.jpg,"reportedly been killed. let's talk more about this with andrew revkinds. he's a strategic, environmental, and science journalist with the national geographic society and the author of 'weather: an illustrated history from cloud atlases to climate change.'"
https://archive.org/details/CNNW_20180713_140000_CNN_Newsroom_With_John_Berman_and_Poppy_Harlow#start/2505/end/2540,7/13/2018 14:42:00,CNN,CNN Newsroom With John Berman and Poppy Harlow,CNNW_20180713_140000_CNN_Newsroom_With_John_Berman_and_Poppy_Harlow,https://archive.org/download/CNNW_20180713_140000_CNN_Newsroom_With_John_Berman_and_Poppy_Harlow/CNNW_20180713_140000_CNN_Newsroom_With_John_Berman_and_Poppy_Harlow.thumbs/CNNW_20180713_140000_CNN_Newsroom_With_John_Berman_and_Poppy_Harlow_002487.jpg,"reporter: so you couldn't get more british understatement than that frankly. but this is all about people are 150eing what donald trump encan sul hates the anger against racism here, immigration, his general global stance frankly even on climate change."
https://archive.org/details/CNNW_20180723_090000_Early_Start_with_Christine_Romans_and_Dave_Briggs#start/2952/end/2987,7/23/2018 9:49:27,CNN,Early Start with Christine Romans and Dave Briggs,CNNW_20180723_090000_Early_Start_with_Christine_Romans_and_Dave_Briggs,https://archive.org/download/CNNW_20180723_090000_Early_Start_with_Christine_Romans_and_Dave_Briggs/CNNW_20180723_090000_Early_Start_with_Christine_Romans_and_Dave_Briggs.thumbs/CNNW_20180723_090000_Early_Start_with_Christine_Romans_and_Dave_Briggs_002937.jpg,"it is a mistake to say business is trying to work with government that they are supporting every policy of the government. that is not true. dimon warns the trade policies in particular could hurt economic growth. he is on climate change and"
https://archive.org/details/CNNW_20180706_160000_Inside_Politics#start/3539/end/3574,7/6/2018 16:59:14,CNN,Inside Politics,CNNW_20180706_160000_Inside_Politics,https://archive.org/download/CNNW_20180706_160000_Inside_Politics/CNNW_20180706_160000_Inside_Politics.thumbs/CNNW_20180706_160000_Inside_Politics_003538.jpg,"pruitt yesterday, says he now understands he's going to need a team of lawyers and this is going to go on for months because these investigations aren't going anywhere. andrew wheeler is now in charge. most republicans think essentially you'll have the same policy. this is andrew wheeler at his confirmation hearing on the question of climate change."
https://archive.org/details/CNNW_20180711_070000_CNN_Tonight_With_Don_Lemon#start/2144/end/2179,7/11/2018 7:35:59,CNN,CNN Tonight With Don Lemon,CNNW_20180711_070000_CNN_Tonight_With_Don_Lemon,https://archive.org/download/CNNW_20180711_070000_CNN_Tonight_With_Don_Lemon/CNNW_20180711_070000_CNN_Tonight_With_Don_Lemon.thumbs/CNNW_20180711_070000_CNN_Tonight_With_Don_Lemon_002127.jpg,"and what stoltenburg has been saying, when he came to london recently. he said, looks this differences in nato. we disagree over iran, climate"
https://archive.org/details/CNNW_20180705_200000_The_Lead_With_Jake_Tapper#start/2757/end/2792,7/5/2018 20:46:12,CNN,The Lead With Jake Tapper,CNNW_20180705_200000_The_Lead_With_Jake_Tapper,https://archive.org/download/CNNW_20180705_200000_The_Lead_With_Jake_Tapper/CNNW_20180705_200000_The_Lead_With_Jake_Tapper.thumbs/CNNW_20180705_200000_The_Lead_With_Jake_Tapper_002758.jpg,"know you know is a climate change denier himself. do you see any hope there? no. the american people are clear. they understand that climate change is it rereal."
https://archive.org/details/CNNW_20180729_000000_CNN_Newsroom_With_Ana_Cabrera#start/2812/end/2847,7/29/2018 0:47:07,CNN,CNN Newsroom With Ana Cabrera,CNNW_20180729_000000_CNN_Newsroom_With_Ana_Cabrera,https://archive.org/download/CNNW_20180729_000000_CNN_Newsroom_With_Ana_Cabrera/CNNW_20180729_000000_CNN_Newsroom_With_Ana_Cabrera.thumbs/CNNW_20180729_000000_CNN_Newsroom_With_Ana_Cabrera_002787.jpg,"at least 800000 acres in this pristine plain. a place brimming with life and beauty made all the more fragile by a staggering rise in arctic temperature. do you believe in climate"
https://archive.org/details/CNNW_20180728_090000_CNN_Newsroom_Live#start/1234/end/1269,7/28/2018 9:20:49,CNN,CNN Newsroom Live,CNNW_20180728_090000_CNN_Newsroom_Live,https://archive.org/download/CNNW_20180728_090000_CNN_Newsroom_Live/CNNW_20180728_090000_CNN_Newsroom_Live.thumbs/CNNW_20180728_090000_CNN_Newsroom_Live_001227.jpg,"mart of the world. and climate change. even though we can't directly pin these individual events on climate change, what we as meteorologistsed on scientists around the world are recognizing, all these things are occurring more frequently."
https://archive.org/details/CNNW_20180730_060000_CNN_Newsroom_Live#start/2038/end/2073,7/30/2018 6:34:13,CNN,CNN Newsroom Live,CNNW_20180730_060000_CNN_Newsroom_Live,https://archive.org/download/CNNW_20180730_060000_CNN_Newsroom_Live/CNNW_20180730_060000_CNN_Newsroom_Live.thumbs/CNNW_20180730_060000_CNN_Newsroom_Live_002038.jpg,"is global warming the common thread here? do we know? it's a common thread. the problem is we live in a world where so many things are"
https://archive.org/details/CNNW_20180728_230000_The_Van_Jones_Show#start/1223/end/1258,7/28/2018 23:20:38,CNN,The Van Jones Show,CNNW_20180728_230000_The_Van_Jones_Show,https://archive.org/download/CNNW_20180728_230000_The_Van_Jones_Show/CNNW_20180728_230000_The_Van_Jones_Show.thumbs/CNNW_20180728_230000_The_Van_Jones_Show_001197.jpg,"situation. how do you deal with that issue? i believe global warming exists. when it comes -- you know, in terms of coal mining, what i say is that the most important thing that ever comes out of a coal"
https://archive.org/details/CNNW_20180703_220000_Situation_Room_With_Wolf_Blitzer#start/2365/end/2400,7/3/2018 22:39:40,CNN,Situation Room With Wolf Blitzer,CNNW_20180703_220000_Situation_Room_With_Wolf_Blitzer,https://archive.org/download/CNNW_20180703_220000_Situation_Room_With_Wolf_Blitzer/CNNW_20180703_220000_Situation_Room_With_Wolf_Blitzer.thumbs/CNNW_20180703_220000_Situation_Room_With_Wolf_Blitzer_002367.jpg,"administration's efforts to reduce greenhouse gas emissions. so i think a lot of this has to do with the fact that republicans support what he is doing at the epa. and unless many more of them call for his head, i don't think he's going anywhere. and what the president knows, to go on from what sabrina is saying, excuse me, what pruitt knows, is that the president is"
https://archive.org/details/CNNW_20180705_200000_The_Lead_With_Jake_Tapper#start/834/end/869,7/5/2018 20:14:09,CNN,The Lead With Jake Tapper,CNNW_20180705_200000_The_Lead_With_Jake_Tapper,https://archive.org/download/CNNW_20180705_200000_The_Lead_With_Jake_Tapper/CNNW_20180705_200000_The_Lead_With_Jake_Tapper.thumbs/CNNW_20180705_200000_The_Lead_With_Jake_Tapper_000838.jpg,"the epa that protects our environment and climate change to benefit all of us including our children. so i would urge you to resign"
https://archive.org/details/CNNW_20180706_190000_CNN_Newsroom_With_Brooke_Baldwin#start/1859/end/1894,7/6/2018 19:31:14,CNN,CNN Newsroom With Brooke Baldwin,CNNW_20180706_190000_CNN_Newsroom_With_Brooke_Baldwin,https://archive.org/download/CNNW_20180706_190000_CNN_Newsroom_With_Brooke_Baldwin/CNNW_20180706_190000_CNN_Newsroom_With_Brooke_Baldwin.thumbs/CNNW_20180706_190000_CNN_Newsroom_With_Brooke_Baldwin_001858.jpg,"that does protect our environment. somebody that believes in climate change. with pe now the woman you saw on the video, mom and teacher,"
https://archive.org/details/CNNW_20180707_080000_CNN_Newsroom_Live#start/2138/end/2173,7/7/2018 8:35:53,CNN,CNN Newsroom Live,CNNW_20180707_080000_CNN_Newsroom_Live,https://archive.org/download/CNNW_20180707_080000_CNN_Newsroom_Live/CNNW_20180707_080000_CNN_Newsroom_Live.thumbs/CNNW_20180707_080000_CNN_Newsroom_Live_002128.jpg,"confirmation hearing last november. wheeler speaking about the issue of climate change. was anything happening when you climbed kilimanjaro there that relates to fossil fuel"
https://archive.org/details/CNNW_20180718_080000_Early_Start_with_Christine_Romans_and_Dave_Briggs#start/2266/end/2301,7/18/2018 8:38:01,CNN,Early Start with Christine Romans and Dave Briggs,CNNW_20180718_080000_Early_Start_with_Christine_Romans_and_Dave_Briggs,https://archive.org/download/CNNW_20180718_080000_Early_Start_with_Christine_Romans_and_Dave_Briggs/CNNW_20180718_080000_Early_Start_with_Christine_Romans_and_Dave_Briggs.thumbs/CNNW_20180718_080000_Early_Start_with_Christine_Romans_and_Dave_Briggs_002248.jpg,"climate change denial and also border control. this was probably, though, one of the most pointed statements. take a listen. strongman politics are ascendant, suddenly, whereby"
https://archive.org/details/CNNW_20180728_090000_CNN_Newsroom_Live#start/1856/end/1891,7/28/2018 9:31:11,CNN,CNN Newsroom Live,CNNW_20180728_090000_CNN_Newsroom_Live,https://archive.org/download/CNNW_20180728_090000_CNN_Newsroom_Live/CNNW_20180728_090000_CNN_Newsroom_Live.thumbs/CNNW_20180728_090000_CNN_Newsroom_Live_001857.jpg,"paris climate change agreement. russian president vladimir putin says he is ready to visit washington. however that invitation has been pushed to next year. he invited the u.s. president to"
https://archive.org/details/CNNW_20180704_140000_CNN_Newsroom_With_John_Berman_and_Poppy_Harlow#start/1583/end/1618,7/4/2018 14:26:38,CNN,CNN Newsroom With John Berman and Poppy Harlow,CNNW_20180704_140000_CNN_Newsroom_With_John_Berman_and_Poppy_Harlow,https://archive.org/download/CNNW_20180704_140000_CNN_Newsroom_With_John_Berman_and_Poppy_Harlow/CNNW_20180704_140000_CNN_Newsroom_With_John_Berman_and_Poppy_Harlow.thumbs/CNNW_20180704_140000_CNN_Newsroom_With_John_Berman_and_Poppy_Harlow_001587.jpg,"somebody who believes in climate change and takes it seriously for the benefit of our children. i would urge you to resign before your scandal push you out. that was earlier this week."
https://archive.org/details/CNNW_20180706_000000_Anderson_Cooper_360#start/542/end/577,7/6/2018 0:09:17,CNN,Anderson Cooper 360,CNNW_20180706_000000_Anderson_Cooper_360,https://archive.org/download/CNNW_20180706_000000_Anderson_Cooper_360/CNNW_20180706_000000_Anderson_Cooper_360.thumbs/CNNW_20180706_000000_Anderson_Cooper_360_000538.jpg,"inhofe. senator inhofe of oklahoma is one of the climate change skeptics. he worked there, left, went to k-street and followed that golden path that leads to lobbying job, lobbied for big"
https://archive.org/details/CNNW_20180709_230000_Erin_Burnett_OutFront#start/332/end/367,7/9/2018 23:05:47,CNN,Erin Burnett OutFront,CNNW_20180709_230000_Erin_Burnett_OutFront,https://archive.org/download/CNNW_20180709_230000_Erin_Burnett_OutFront/CNNW_20180709_230000_Erin_Burnett_OutFront.thumbs/CNNW_20180709_230000_Erin_Burnett_OutFront_000328.jpg,"people who respected the rights of workers, people who respected women's rights, people who are concerned about the environment and climate change. people who believed in justice. if president trump were to"
https://archive.org/details/CNNW_20180705_200000_The_Lead_With_Jake_Tapper#start/2677/end/2712,7/5/2018 20:44:52,CNN,The Lead With Jake Tapper,CNNW_20180705_200000_The_Lead_With_Jake_Tapper,https://archive.org/download/CNNW_20180705_200000_The_Lead_With_Jake_Tapper/CNNW_20180705_200000_The_Lead_With_Jake_Tapper.thumbs/CNNW_20180705_200000_The_Lead_With_Jake_Tapper_002668.jpg,"challenged. but the major concern that i have is that at a time when climate change is the great environmental crisis facing this planet, and just this week we have seen reports of community"
https://archive.org/details/CNNW_20180706_140000_CNN_Newsroom_With_John_Berman_and_Poppy_Harlow#start/3109/end/3144,7/6/2018 14:52:04,CNN,CNN Newsroom With John Berman and Poppy Harlow,CNNW_20180706_140000_CNN_Newsroom_With_John_Berman_and_Poppy_Harlow,https://archive.org/download/CNNW_20180706_140000_CNN_Newsroom_With_John_Berman_and_Poppy_Harlow/CNNW_20180706_140000_CNN_Newsroom_With_John_Berman_and_Poppy_Harlow.thumbs/CNNW_20180706_140000_CNN_Newsroom_With_John_Berman_and_Poppy_Harlow_003087.jpg,"oklahoma, a former chairman of the senate environment committee. he is someone who has denied some of the mainstream science regarding climate change, even threw a snowball on the senate floor to make the point."
https://archive.org/details/CNNW_20180718_090000_Early_Start_with_Christine_Romans_and_Dave_Briggs#start/2457/end/2492,7/18/2018 9:41:12,CNN,Early Start with Christine Romans and Dave Briggs,CNNW_20180718_090000_Early_Start_with_Christine_Romans_and_Dave_Briggs,https://archive.org/download/CNNW_20180718_090000_Early_Start_with_Christine_Romans_and_Dave_Briggs/CNNW_20180718_090000_Early_Start_with_Christine_Romans_and_Dave_Briggs.thumbs/CNNW_20180718_090000_Early_Start_with_Christine_Romans_and_Dave_Briggs_002458.jpg,"climate change, on border control and also just the way that leaders carry themselves in front of the people in the press. take a listen at a particularly pointed remark. strong man politics are"
https://archive.org/details/CNNW_20180731_010000_Anderson_Cooper_360#start/3179/end/3214,7/31/2018 1:53:14,CNN,Anderson Cooper 360,CNNW_20180731_010000_Anderson_Cooper_360,https://archive.org/download/CNNW_20180731_010000_Anderson_Cooper_360/CNNW_20180731_010000_Anderson_Cooper_360.thumbs/CNNW_20180731_010000_Anderson_Cooper_360_003177.jpg,"vegetation around. after another california wildfire back in december, the governor said maybe this is now the new normal and he suggested maybe climate change is exacerbating the conditions that lead to blazes like this."
https://archive.org/details/CNNW_20180705_200000_The_Lead_With_Jake_Tapper#start/2690/end/2725,7/5/2018 20:45:05,CNN,The Lead With Jake Tapper,CNNW_20180705_200000_The_Lead_With_Jake_Tapper,https://archive.org/download/CNNW_20180705_200000_The_Lead_With_Jake_Tapper/CNNW_20180705_200000_The_Lead_With_Jake_Tapper.thumbs/CNNW_20180705_200000_The_Lead_With_Jake_Tapper_002668.jpg,"fall over america in the world, seeing the highest temperatures they've seen. we have an epa director who doesn't believe in climate change, let alone propose ideas to address the crisis. in my view pruitt has been"
https://archive.org/details/CNNW_20180705_200000_The_Lead_With_Jake_Tapper#start/2723/end/2758,7/5/2018 20:45:38,CNN,The Lead With Jake Tapper,CNNW_20180705_200000_The_Lead_With_Jake_Tapper,https://archive.org/download/CNNW_20180705_200000_The_Lead_With_Jake_Tapper/CNNW_20180705_200000_The_Lead_With_Jake_Tapper.thumbs/CNNW_20180705_200000_The_Lead_With_Jake_Tapper_002698.jpg,"to understand the climate change is real, that environmental protection is enormously important for this country, and get them on board to demand trump a point an epa administrator to represents the american people and not just the"
https://archive.org/details/CNNW_20180705_200000_The_Lead_With_Jake_Tapper#start/2805/end/2840,7/5/2018 20:47:00,CNN,The Lead With Jake Tapper,CNNW_20180705_200000_The_Lead_With_Jake_Tapper,https://archive.org/download/CNNW_20180705_200000_The_Lead_With_Jake_Tapper/CNNW_20180705_200000_The_Lead_With_Jake_Tapper.thumbs/CNNW_20180705_200000_The_Lead_With_Jake_Tapper_002788.jpg,"look, not every republican agrees with trump or pruitt, that climate change is a hoax. there are many republicans understand it's real and serious issue. and we need three or four of them to join us in saying that"
https://archive.org/details/CNNW_20180703_160000_Inside_Politics#start/2392/end/2427,7/3/2018 16:40:07,CNN,Inside Politics,CNNW_20180703_160000_Inside_Politics,https://archive.org/download/CNNW_20180703_160000_Inside_Politics/CNNW_20180703_160000_Inside_Politics.thumbs/CNNW_20180703_160000_Inside_Politics_002367.jpg,"protect our environment, somebody who believes in climate change and takes it seriously for the benefit of all of us, including our children. so i would urge you to resign before your scandals push you out. somebody help me."
https://archive.org/details/CNNW_20180725_140000_CNN_Newsroom_With_John_Berman_and_Poppy_Harlow#start/3123/end/3158,7/25/2018 14:52:18,CNN,CNN Newsroom With John Berman and Poppy Harlow,CNNW_20180725_140000_CNN_Newsroom_With_John_Berman_and_Poppy_Harlow,https://archive.org/download/CNNW_20180725_140000_CNN_Newsroom_With_John_Berman_and_Poppy_Harlow/CNNW_20180725_140000_CNN_Newsroom_With_John_Berman_and_Poppy_Harlow.thumbs/CNNW_20180725_140000_CNN_Newsroom_With_John_Berman_and_Poppy_Harlow_003117.jpg,"the president, she is one republican who believes in man-made climate change but wants her state to keep drilling regardless. if this will happen here, it would just destroy the entire place. reporter: up in the refuge,"
https://archive.org/details/CNNW_20180727_190000_CNN_Newsroom_With_Brooke_Baldwin#start/29/end/64,7/27/2018 19:00:44,CNN,CNN Newsroom With Brooke Baldwin,CNNW_20180727_190000_CNN_Newsroom_With_Brooke_Baldwin,https://archive.org/download/CNNW_20180727_190000_CNN_Newsroom_With_Brooke_Baldwin/CNNW_20180727_190000_CNN_Newsroom_With_Brooke_Baldwin.thumbs/CNNW_20180727_190000_CNN_Newsroom_With_Brooke_Baldwin_000057.jpg,"again with climate change. we're seeing more of these wildfires and unfortunately, the weather forecast, not looking good over the next several days. triple digit temperatures. 110 degrees, also a red flag warning in the area."
https://archive.org/details/CNNW_20180727_180000_CNN_Newsroom_With_Brooke_Baldwin#start/3625/end/3660,7/27/2018 19:00:40,CNN,CNN Newsroom With Brooke Baldwin,CNNW_20180727_180000_CNN_Newsroom_With_Brooke_Baldwin,https://archive.org/download/CNNW_20180727_180000_CNN_Newsroom_With_Brooke_Baldwin/CNNW_20180727_180000_CNN_Newsroom_With_Brooke_Baldwin.thumbs/CNNW_20180727_180000_CNN_Newsroom_With_Brooke_Baldwin_003627.jpg,"the flames advanced on that hospital. we've said it time and time again with climate change. we're seeing more of these wildfires and unfortunately, the weather forecast, not looking good over the next several days. triple digit temperatures."
https://archive.org/details/CNNW_20180724_130000_CNN_Newsroom_With_John_Berman_and_Poppy_Harlow#start/3144/end/3179,7/24/2018 13:52:39,CNN,CNN Newsroom With John Berman and Poppy Harlow,CNNW_20180724_130000_CNN_Newsroom_With_John_Berman_and_Poppy_Harlow,https://archive.org/download/CNNW_20180724_130000_CNN_Newsroom_With_John_Berman_and_Poppy_Harlow/CNNW_20180724_130000_CNN_Newsroom_With_John_Berman_and_Poppy_Harlow.thumbs/CNNW_20180724_130000_CNN_Newsroom_With_John_Berman_and_Poppy_Harlow_003117.jpg,"this specific region of greenland have long been known for producing big icebergs. there's no known link to climate change. the people know how to endure the challenges of living in the arctic. one key rule hard learned by"
https://archive.org/details/CNNW_20180724_230000_Erin_Burnett_OutFront#start/3197/end/3232,7/24/2018 23:53:32,CNN,Erin Burnett OutFront,CNNW_20180724_230000_Erin_Burnett_OutFront,https://archive.org/download/CNNW_20180724_230000_Erin_Burnett_OutFront/CNNW_20180724_230000_Erin_Burnett_OutFront.thumbs/CNNW_20180724_230000_Erin_Burnett_OutFront_003178.jpg,"republican who believes in man made climate change, but wants her state to keep drilling regardless. if this will happen here, it would just destroy the entire -- the entire place. reporter: up in the refuge, photographer florian schultz is"
https://archive.org/details/CNNW_20180725_180000_CNN_Newsroom_With_Brooke_Baldwin#start/3187/end/3222,7/25/2018 18:53:22,CNN,CNN Newsroom With Brooke Baldwin,CNNW_20180725_180000_CNN_Newsroom_With_Brooke_Baldwin,https://archive.org/download/CNNW_20180725_180000_CNN_Newsroom_With_Brooke_Baldwin/CNNW_20180725_180000_CNN_Newsroom_With_Brooke_Baldwin.thumbs/CNNW_20180725_180000_CNN_Newsroom_With_Brooke_Baldwin_003177.jpg,"and despite numerous requests, she refuses to be interviewed. she's one republican who believes in manmade climate change but wants her state to keep drilling regardless. if this will happen here, it would just destroy the entire"
https://archive.org/details/CNNW_20180731_050000_Anderson_Cooper_360#start/3190/end/3225,7/31/2018 5:53:25,CNN,Anderson Cooper 360,CNNW_20180731_050000_Anderson_Cooper_360,https://archive.org/download/CNNW_20180731_050000_Anderson_Cooper_360/CNNW_20180731_050000_Anderson_Cooper_360.thumbs/CNNW_20180731_050000_Anderson_Cooper_360_003177.jpg,"maybe climate change is exacerbating the conditions that lead to blazes like this. anderson? nick watt, appreciate it on the fire lines. just ahead a new book on the horizon. a source saying it gives a front"
https://archive.org/details/CNNW_20180728_090000_CNN_Newsroom_Live#start/1250/end/1285,7/28/2018 9:21:05,CNN,CNN Newsroom Live,CNNW_20180728_090000_CNN_Newsroom_Live,https://archive.org/download/CNNW_20180728_090000_CNN_Newsroom_Live/CNNW_20180728_090000_CNN_Newsroom_Live.thumbs/CNNW_20180728_090000_CNN_Newsroom_Live_001227.jpg,"so the fingerprints there of climate change definitely quite invisible. all right. so let's re-visit the car fire, because this is just an incredible fire to see burning. this could be your house. this could be my house."
https://archive.org/details/CNNW_20180705_200000_The_Lead_With_Jake_Tapper#start/822/end/857,7/5/2018 20:13:57,CNN,The Lead With Jake Tapper,CNNW_20180705_200000_The_Lead_With_Jake_Tapper,https://archive.org/download/CNNW_20180705_200000_The_Lead_With_Jake_Tapper/CNNW_20180705_200000_The_Lead_With_Jake_Tapper.thumbs/CNNW_20180705_200000_The_Lead_With_Jake_Tapper_000808.jpg,"the mother days ago confronted scott pruitt in washington restaurant and urged him to resign, particularly over standing over climate change. if you could stand by, i want to play that moment to remind our viewers. we deserve to have someone in"
https://archive.org/details/CNNW_20180715_080000_CNN_Newsroom_Live#start/3411/end/3446,7/15/2018 8:57:06,CNN,CNN Newsroom Live,CNNW_20180715_080000_CNN_Newsroom_Live,https://archive.org/download/CNNW_20180715_080000_CNN_Newsroom_Live/CNNW_20180715_080000_CNN_Newsroom_Live.thumbs/CNNW_20180715_080000_CNN_Newsroom_Live_003388.jpg,"footage coming off the west coast of greenland to say the least. planet warming. that's right. the fingerprints of climate change. derek, thank you. let's vet, more news right after the break. before shipstation it was crazy. it's great when you see"
https://archive.org/details/CNNW_20180724_140000_CNN_Newsroom_With_John_Berman_and_Poppy_Harlow#start/3309/end/3344,7/24/2018 14:55:24,CNN,CNN Newsroom With John Berman and Poppy Harlow,CNNW_20180724_140000_CNN_Newsroom_With_John_Berman_and_Poppy_Harlow,https://archive.org/download/CNNW_20180724_140000_CNN_Newsroom_With_John_Berman_and_Poppy_Harlow/CNNW_20180724_140000_CNN_Newsroom_With_John_Berman_and_Poppy_Harlow.thumbs/CNNW_20180724_140000_CNN_Newsroom_With_John_Berman_and_Poppy_Harlow_003298.jpg,"sovereignty. you saw how emotional it was. very emotional. we will get into climate change. they are going after the one product changing their landscape. forever. forever. thank you for going. thank you for doing this. it's beautifully shot and"
https://archive.org/details/CNNW_20180724_230000_Erin_Burnett_OutFront#start/47/end/82,7/24/2018 23:01:02,CNN,Erin Burnett OutFront,CNNW_20180724_230000_Erin_Burnett_OutFront,https://archive.org/download/CNNW_20180724_230000_Erin_Burnett_OutFront/CNNW_20180724_230000_Erin_Burnett_OutFront.thumbs/CNNW_20180724_230000_Erin_Burnett_OutFront_000058.jpg,"president of the united states. what's he talking about? and our special 'outfront' series about oil drilling in alaska. the president is going full steam ahead with that. can you believe in climate change and still say 'drill, baby, drill'? let's go 'outfront.'"
https://archive.org/details/CNNW_20180730_060000_CNN_Newsroom_Live#start/2159/end/2194,7/30/2018 6:36:14,CNN,CNN Newsroom Live,CNNW_20180730_060000_CNN_Newsroom_Live,https://archive.org/download/CNNW_20180730_060000_CNN_Newsroom_Live/CNNW_20180730_060000_CNN_Newsroom_Live.thumbs/CNNW_20180730_060000_CNN_Newsroom_Live_002158.jpg,"and that doesn't mean climate change isn't happening also. it just means we have to pay attention to more than one thing at i atime. right. we're putting ourselves into pockets where there are situations, especially california, where fires have"
https://archive.org/details/CNNW_20180729_090000_CNN_Newsroom_Live#start/469/end/504,7/29/2018 9:08:04,CNN,CNN Newsroom Live,CNNW_20180729_090000_CNN_Newsroom_Live,https://archive.org/download/CNNW_20180729_090000_CNN_Newsroom_Live/CNNW_20180729_090000_CNN_Newsroom_Live.thumbs/CNNW_20180729_090000_CNN_Newsroom_Live_000447.jpg,"their belts. climate change is making an impact. i was reading here since 2012, there has not been a month without a wildfire burning in the state. and the governor has called this a new normal. so this is a completely"
https://archive.org/details/CNNW_20180729_080000_CNN_Newsroom_Live#start/328/end/363,7/29/2018 8:05:43,CNN,CNN Newsroom Live,CNNW_20180729_080000_CNN_Newsroom_Live,https://archive.org/download/CNNW_20180729_080000_CNN_Newsroom_Live/CNNW_20180729_080000_CNN_Newsroom_Live.thumbs/CNNW_20180729_080000_CNN_Newsroom_Live_000327.jpg,"fire behave yoior that they witnessed and experienced on thursday evening into friday morning, they had never seen before. and these are men and women that have many, many years of experience and training under their belts. climate change is making an"
https://archive.org/details/CNNW_20180705_230000_Erin_Burnett_OutFront#start/284/end/319,7/5/2018 23:04:59,CNN,Erin Burnett OutFront,CNNW_20180705_230000_Erin_Burnett_OutFront,https://archive.org/download/CNNW_20180705_230000_Erin_Burnett_OutFront/CNNW_20180705_230000_Erin_Burnett_OutFront.thumbs/CNNW_20180705_230000_Erin_Burnett_OutFront_000267.jpg,"epa, his name is andrew wheeler. he's a former oil and dpgas lobbyist. he has spent a lot of time on capitol hill working for one of the biggest climate change deniers, who was serving in the senate. and there's no question that andrew wheeler, who actually"
https://archive.org/details/CNNW_20180706_190000_CNN_Newsroom_With_Brooke_Baldwin#start/1810/end/1845,7/6/2018 19:30:25,CNN,CNN Newsroom With Brooke Baldwin,CNNW_20180706_190000_CNN_Newsroom_With_Brooke_Baldwin,https://archive.org/download/CNNW_20180706_190000_CNN_Newsroom_With_Brooke_Baldwin/CNNW_20180706_190000_CNN_Newsroom_With_Brooke_Baldwin.thumbs/CNNW_20180706_190000_CNN_Newsroom_With_Brooke_Baldwin_001798.jpg,"committee, and we know -- he knows the ins and outs of how washington works. he was also top aide to oklahoma senator jim inhoff, a vocal denier of climate change. when he was asked during his confirm's hearing back in november, this is what he said."
https://archive.org/details/CNNW_20180711_130000_CNN_Newsroom_With_John_Berman_and_Poppy_Harlow#start/561/end/596,7/11/2018 13:09:36,CNN,CNN Newsroom With John Berman and Poppy Harlow,CNNW_20180711_130000_CNN_Newsroom_With_John_Berman_and_Poppy_Harlow,https://archive.org/download/CNNW_20180711_130000_CNN_Newsroom_With_John_Berman_and_Poppy_Harlow/CNNW_20180711_130000_CNN_Newsroom_With_John_Berman_and_Poppy_Harlow.thumbs/CNNW_20180711_130000_CNN_Newsroom_With_John_Berman_and_Poppy_Harlow_000537.jpg,"climate change, the kind of things that are threatening not only europe but the world. it does so many things people don't understand. i think it would be interesting for the audience to know that the nato navy does anti-piracy"
https://archive.org/details/CNNW_20180714_230000_The_Van_Jones_Show#start/639/end/674,7/14/2018 23:10:54,CNN,The Van Jones Show,CNNW_20180714_230000_The_Van_Jones_Show,https://archive.org/download/CNNW_20180714_230000_The_Van_Jones_Show/CNNW_20180714_230000_The_Van_Jones_Show.thumbs/CNNW_20180714_230000_The_Van_Jones_Show_000627.jpg,"are on the spectrum. we made community college free here. raised the minimum wage here. we have been fighting climate change here and around the country. americans are looking for problem solvers. he said people could smell the midwest on me when i was in"
https://archive.org/details/CNNW_20180714_080000_CNN_Newsroom_Live#start/1539/end/1574,7/14/2018 8:25:54,CNN,CNN Newsroom Live,CNNW_20180714_080000_CNN_Newsroom_Live,https://archive.org/download/CNNW_20180714_080000_CNN_Newsroom_Live/CNNW_20180714_080000_CNN_Newsroom_Live.thumbs/CNNW_20180714_080000_CNN_Newsroom_Live_001527.jpg,"question. why are you here? i'm here because i'm the mother of two daughters. i'm here because trump is against everything from breast feeding being assumed from the u.n. to climate change to the future of the world. to taking other people's children away from them."
https://archive.org/details/CNNW_20180725_080000_Early_Start_with_Christine_Romans_and_Dave_Briggs#start/3330/end/3365,7/25/2018 8:55:45,CNN,Early Start with Christine Romans and Dave Briggs,CNNW_20180725_080000_Early_Start_with_Christine_Romans_and_Dave_Briggs,https://archive.org/download/CNNW_20180725_080000_Early_Start_with_Christine_Romans_and_Dave_Briggs/CNNW_20180725_080000_Early_Start_with_Christine_Romans_and_Dave_Briggs.thumbs/CNNW_20180725_080000_Early_Start_with_Christine_Romans_and_Dave_Briggs_003327.jpg,"different fronts around athens, so an investigation is under way to work out whether arson may have been involved. but whether or not it was, the big story here, really, dave, is climate change. we are talking about the record temperatures that left the earth"
https://archive.org/details/CNNW_20180725_180000_CNN_Newsroom_With_Brooke_Baldwin#start/2962/end/2997,7/25/2018 18:49:37,CNN,CNN Newsroom With Brooke Baldwin,CNNW_20180725_180000_CNN_Newsroom_With_Brooke_Baldwin,https://archive.org/download/CNNW_20180725_180000_CNN_Newsroom_With_Brooke_Baldwin/CNNW_20180725_180000_CNN_Newsroom_With_Brooke_Baldwin.thumbs/CNNW_20180725_180000_CNN_Newsroom_With_Brooke_Baldwin_002937.jpg,"this is where the last caribou give birth, a place of life and beauty made all the more fragile by a staggering rise in arctic temperatures. do you believe in climate change? you think it exists? there is a cooling and there is a heating."
https://archive.org/details/CNNW_20180703_170000_Wolf#start/950/end/985,7/3/2018 17:16:05,CNN,Wolf,CNNW_20180703_170000_Wolf,https://archive.org/download/CNNW_20180703_170000_Wolf/CNNW_20180703_170000_Wolf.thumbs/CNNW_20180703_170000_Wolf_000928.jpg,"at epa who actually does protect our environment, somebody who believes in climate change and takes it seriously. so i would urge you to resign before your scandals push you out. what's the #1 new skincare product in 2018? olay whips. absorbs faster than the $100, $200, and even $400 cream."
https://archive.org/details/CNNW_20180715_200000_CNN_Newsroom_With_Fredricka_Whitfield#start/2084/end/2119,7/15/2018 20:34:59,CNN,CNN Newsroom With Fredricka Whitfield,CNNW_20180715_200000_CNN_Newsroom_With_Fredricka_Whitfield,https://archive.org/download/CNNW_20180715_200000_CNN_Newsroom_With_Fredricka_Whitfield/CNNW_20180715_200000_CNN_Newsroom_With_Fredricka_Whitfield.thumbs/CNNW_20180715_200000_CNN_Newsroom_With_Fredricka_Whitfield_002067.jpg,"undermine, usurp our values, and our policies in california when it comes to climate change, and our environmental laws, and quite frankly to tear the innocent babies from the arms of their mothers, so this is a good thing in california and choice is always a good thing."
https://archive.org/details/CNNW_20180724_230000_Erin_Burnett_OutFront#start/2910/end/2945,7/24/2018 23:48:45,CNN,Erin Burnett OutFront,CNNW_20180724_230000_Erin_Burnett_OutFront,https://archive.org/download/CNNW_20180724_230000_Erin_Burnett_OutFront/CNNW_20180724_230000_Erin_Burnett_OutFront.thumbs/CNNW_20180724_230000_Erin_Burnett_OutFront_002908.jpg,"new tonight, trump's plan to open up america's last big wilderness to big oil. so the question is, can you fight climate change and support more drilling? the senior senator from alaska, lisa murkowski, is trying to do just that. she backs trump's plan for drilling in the arctic wildlife"
https://archive.org/details/CNNW_20180730_060000_CNN_Newsroom_Live#start/2205/end/2240,7/30/2018 6:37:00,CNN,CNN Newsroom Live,CNNW_20180730_060000_CNN_Newsroom_Live,https://archive.org/download/CNNW_20180730_060000_CNN_Newsroom_Live/CNNW_20180730_060000_CNN_Newsroom_Live.thumbs/CNNW_20180730_060000_CNN_Newsroom_Live_002188.jpg,"governor, jerry brown has been very quick to focus californians and the rest of the world on climate change. he's been a very powerful spokesman on that. but it's very rare to see him or other california politicians in these areas of rapid growth saying we need to slow down."
https://archive.org/details/CNNW_20180703_230000_Erin_Burnett_OutFront#start/1825/end/1860,7/3/2018 23:30:40,CNN,Erin Burnett OutFront,CNNW_20180703_230000_Erin_Burnett_OutFront,https://archive.org/download/CNNW_20180703_230000_Erin_Burnett_OutFront/CNNW_20180703_230000_Erin_Burnett_OutFront.thumbs/CNNW_20180703_230000_Erin_Burnett_OutFront_001827.jpg,"environment and who believes in climate change and treats it seriously for all of us and including our children. i urge you to resign before you are pushed out. the woman in that video, she is out front now. thank you for coming in. thank you for having me. so tell me, why did you"
https://archive.org/details/CNNW_20180705_230000_Erin_Burnett_OutFront#start/377/end/412,7/5/2018 23:06:32,CNN,Erin Burnett OutFront,CNNW_20180705_230000_Erin_Burnett_OutFront,https://archive.org/download/CNNW_20180705_230000_Erin_Burnett_OutFront/CNNW_20180705_230000_Erin_Burnett_OutFront.thumbs/CNNW_20180705_230000_Erin_Burnett_OutFront_000357.jpg,"to combat climate change. he also had a personal rapport with scott pruitt. and i think that is an underappreciated part of the story here. inside of the white house, a lot of his aides have been telling him for weeks, even months, that this person is somebody who really needed to go, that the"
https://archive.org/details/CNNW_20180715_220000_CNN_Newsroom_With_Ana_Cabrera#start/2464/end/2499,7/15/2018 22:41:19,CNN,CNN Newsroom With Ana Cabrera,CNNW_20180715_220000_CNN_Newsroom_With_Ana_Cabrera,https://archive.org/download/CNNW_20180715_220000_CNN_Newsroom_With_Ana_Cabrera/CNNW_20180715_220000_CNN_Newsroom_With_Ana_Cabrera.thumbs/CNNW_20180715_220000_CNN_Newsroom_With_Ana_Cabrera_002458.jpg,"do you remember back in 2010 when he was running for reelection in a difficult year for democrats? he did an ad in which he took a gun and shot a hole in president obama's cap in trade bill that passed the house on climate change. so, look, it is in his interest"
https://archive.org/details/CNNW_20180725_140000_CNN_Newsroom_With_John_Berman_and_Poppy_Harlow#start/2903/end/2938,7/25/2018 14:48:38,CNN,CNN Newsroom With John Berman and Poppy Harlow,CNNW_20180725_140000_CNN_Newsroom_With_John_Berman_and_Poppy_Harlow,https://archive.org/download/CNNW_20180725_140000_CNN_Newsroom_With_John_Berman_and_Poppy_Harlow/CNNW_20180725_140000_CNN_Newsroom_With_John_Berman_and_Poppy_Harlow.thumbs/CNNW_20180725_140000_CNN_Newsroom_With_John_Berman_and_Poppy_Harlow_002877.jpg,"temperature. do you believe in climate change? do you think it exists is this. there is a cooling and there is a heating. if the ice caps were going to be gone they would be gone by now but now they're setting records. reporter: i that's the exact opposite of the truth."
https://archive.org/details/CNNW_20180724_230000_Erin_Burnett_OutFront#start/2975/end/3010,7/24/2018 23:49:50,CNN,Erin Burnett OutFront,CNNW_20180724_230000_Erin_Burnett_OutFront,https://archive.org/download/CNNW_20180724_230000_Erin_Burnett_OutFront/CNNW_20180724_230000_Erin_Burnett_OutFront.thumbs/CNNW_20180724_230000_Erin_Burnett_OutFront_002968.jpg,"fragile by a staggering rise in arctic temperature. do you believe in climate change? do you think it exists? there is a cooling and there is a heating. the ice caps were going to melt, they were going to be gone by now, but now they're setting records. reporter: that is the exact opposite of the truth. and this time lapse of nasa"
