﻿URL,MatchDateTime,Station,Show,IAShowID,IAPreviewThumb,Snippet
https://archive.org/details/CNNW_20140809_220000_CNN_Newsroom_With_Don_Lemon#start/2151/end/2186,8/9/2014 22:36:06,CNN,CNN Newsroom With Don Lemon,CNNW_20140809_220000_CNN_Newsroom_With_Don_Lemon,https://archive.org/download/CNNW_20140809_220000_CNN_Newsroom_With_Don_Lemon/CNNW_20140809_220000_CNN_Newsroom_With_Don_Lemon.thumbs/CNNW_20140809_220000_CNN_Newsroom_With_Don_Lemon_002146.jpg,"blockade. it is like saying there is no global warming. it is delusion. even though the united states government recognized the blockade as part of the occupation. gaza is an open air with 1.8 million people living in"
https://archive.org/details/CNNW_20140809_130000_Smerconish#start/2120/end/2155,8/9/2014 13:35:35,CNN,Smerconish,CNNW_20140809_130000_Smerconish,https://archive.org/download/CNNW_20140809_130000_Smerconish/CNNW_20140809_130000_Smerconish.thumbs/CNNW_20140809_130000_Smerconish_002116.jpg,"from a position of strength and a two-state solution would be a good outcome. rula jebreal, go ahead. two things, there is no blockade. it is like saying there is no global warming. it is delusion."
https://archive.org/details/CNNW_20140804_130000_CNN_Newsroom_With_Carol_Costello#start/2862/end/2897,8/4/2014 13:47:57,CNN,CNN Newsroom With Carol Costello,CNNW_20140804_130000_CNN_Newsroom_With_Carol_Costello,https://archive.org/download/CNNW_20140804_130000_CNN_Newsroom_With_Carol_Costello/CNNW_20140804_130000_CNN_Newsroom_With_Carol_Costello.thumbs/CNNW_20140804_130000_CNN_Newsroom_With_Carol_Costello_002836.jpg,"erie that caused in part by fertilizer in the lake and by global warming. the mayor also went into those reasons. that's a touchy subject in that part of the country. you can see what the water looked like, pea soup."
https://archive.org/details/CNNW_20140817_170000_Fareed_Zakaria_GPS#start/2193/end/2228,8/17/2014 17:36:48,CNN,Fareed Zakaria GPS,CNNW_20140817_170000_Fareed_Zakaria_GPS,https://archive.org/download/CNNW_20140817_170000_Fareed_Zakaria_GPS/CNNW_20140817_170000_Fareed_Zakaria_GPS.thumbs/CNNW_20140817_170000_Fareed_Zakaria_GPS_002175.jpg,"reactor designs. they reasoned that nuclear power is carbon free, sustainable, and can generate great quantities of electricity. in fact, they couldn't imagine tackling climate change and keeping up with the world's energy demands which are"
https://archive.org/details/CNNW_20140817_140000_Fareed_Zakaria_GPS#start/2186/end/2221,8/17/2014 14:36:41,CNN,Fareed Zakaria GPS,CNNW_20140817_140000_Fareed_Zakaria_GPS,https://archive.org/download/CNNW_20140817_140000_Fareed_Zakaria_GPS/CNNW_20140817_140000_Fareed_Zakaria_GPS.thumbs/CNNW_20140817_140000_Fareed_Zakaria_GPS_002175.jpg,"reactor designs. they reasoned that nuclear power is carbon free, sustainable, and can generate great quantities of electricity. in fact, they couldn't imagine tackling climate change and keeping up with the world's energy demands which are"
https://archive.org/details/CNNW_20140827_100000_New_Day#start/1684/end/1719,8/27/2014 10:28:19,CNN,New Day,CNNW_20140827_100000_New_Day,https://archive.org/download/CNNW_20140827_100000_New_Day/CNNW_20140827_100000_New_Day.thumbs/CNNW_20140827_100000_New_Day_001665.jpg,"accidental other if it was suspicious. this young man is 23 years old. he had gone to israel to study. his parents are now in israel to monitor that search for him. the white house is making a new environmental push to curb climate change. according to the 'new york times' the obama administration"
