﻿URL,MatchDateTime,Station,Show,IAShowID,IAPreviewThumb,Snippet
https://archive.org/details/CNN_20110221_110000_American_Morning#start/9397/end/9432,2/21/2011 13:36:52,CNN,American Morning,CNN_20110221_110000_American_Morning,https://archive.org/download/CNN_20110221_110000_American_Morning/CNN_20110221_110000_American_Morning.thumbs/CNN_20110221_110000_American_Morning_009390.jpg,"wasn't talking enough about the war in iraq and afghanistan. kerry apologized to another woman who said he called her a neanderthal for not believing in global warming."
https://archive.org/details/CNN_20110207_160000_CNN_Newsroom#start/2934/end/2969,2/7/2011 16:49:09,CNN,CNN Newsroom,CNN_20110207_160000_CNN_Newsroom,https://archive.org/download/CNN_20110207_160000_CNN_Newsroom/CNN_20110207_160000_CNN_Newsroom.thumbs/CNN_20110207_160000_CNN_Newsroom_002933.jpg,"based on the need for further scientific analysis delayed the greenhouse gas rules for bio mass. i ordered agencies to find ways to make regulations more flexible for small businesses. and we've turned a tangle of"
https://archive.org/details/CNN_20110209_060000_Anderson_Cooper_360#start/2582/end/2617,2/9/2011 6:43:17,CNN,Anderson Cooper 360,CNN_20110209_060000_Anderson_Cooper_360,https://archive.org/download/CNN_20110209_060000_Anderson_Cooper_360/CNN_20110209_060000_Anderson_Cooper_360.thumbs/CNN_20110209_060000_Anderson_Cooper_360_002580.jpg,"have fewer cubs and more miscarriages as climate change melts ice on alberta's hudson bay. an estimated 900 polar bears live in the area, down from 1200 a decade ago. anderson, check out the"
https://archive.org/details/CNN_20110209_070000_Anderson_Cooper_360#start/2508/end/2543,2/9/2011 7:42:03,CNN,Anderson Cooper 360,CNN_20110209_070000_Anderson_Cooper_360,https://archive.org/download/CNN_20110209_070000_Anderson_Cooper_360/CNN_20110209_070000_Anderson_Cooper_360.thumbs/CNN_20110209_070000_Anderson_Cooper_360_002490.jpg,"a new study by researchers predigs that polar bears will have fewer cubs and more miscarriages as climate change melts ice on alberta's hudson bay. an estimated 900 polar bears live in the area, down from 1200 a decade ago."
https://archive.org/details/CNN_20110209_030000_Anderson_Cooper_360#start/6119/end/6154,2/9/2011 4:42:14,CNN,Anderson Cooper 360,CNN_20110209_030000_Anderson_Cooper_360,https://archive.org/download/CNN_20110209_030000_Anderson_Cooper_360/CNN_20110209_030000_Anderson_Cooper_360.thumbs/CNN_20110209_030000_Anderson_Cooper_360_006120.jpg,"miscarriages as climate change melts ice on alberta's hudson bay. an estimated 900 polar bears live in the area, down from 1200 a decade ago. anderson, check out the woman on the right of your screen, she's the one in the red"
https://archive.org/details/CNN_20110209_030000_Anderson_Cooper_360#start/2580/end/2615,2/9/2011 3:43:15,CNN,Anderson Cooper 360,CNN_20110209_030000_Anderson_Cooper_360,https://archive.org/download/CNN_20110209_030000_Anderson_Cooper_360/CNN_20110209_030000_Anderson_Cooper_360.thumbs/CNN_20110209_030000_Anderson_Cooper_360_002580.jpg,"due out next week. a new study by researchers predicts that polar bear also have fewer cubs and more miscarriages as climate change melts ice on alberta's hudson bay. an estimated 900 polar bears live in the area, down from"
