﻿URL,MatchDateTime,Station,Show,IAShowID,IAPreviewThumb,Snippet
https://archive.org/details/CNNW_20150122_100000_Early_Start_With_John_Berman_and_Christine_Romans#start/556/end/591,1/22/2015 10:09:31,CNN,Early Start With John Berman and Christine Romans,CNNW_20150122_100000_Early_Start_With_John_Berman_and_Christine_Romans,https://archive.org/download/CNNW_20150122_100000_Early_Start_With_John_Berman_and_Christine_Romans/CNNW_20150122_100000_Early_Start_With_John_Berman_and_Christine_Romans.thumbs/CNNW_20150122_100000_Early_Start_With_John_Berman_and_Christine_Romans_000555.jpg,"that transformed the arctic. one alaska senator says it focuses too much on climate change and too little on development and build up of critical infrastructure. some votes in the senate on issue of climate change."
https://archive.org/details/CNNW_20150125_100000_CNNI_Simulcast#start/3075/end/3110,1/25/2015 10:51:30,CNN,CNNI Simulcast,CNNW_20150125_100000_CNNI_Simulcast,https://archive.org/download/CNNW_20150125_100000_CNNI_Simulcast/CNNW_20150125_100000_CNNI_Simulcast.thumbs/CNNW_20150125_100000_CNNI_Simulcast_003075.jpg,"we've got white house correspondent michelle kosinski with us now. shortly after the midterm elections there was a historic deal with china as it relates to greenhouse gases and climate change. there is one to be discussed"
https://archive.org/details/CNNW_20150128_150000_CNN_Newsroom_With_Carol_Costello#start/2081/end/2116,1/28/2015 15:34:56,CNN,CNN Newsroom With Carol Costello,CNNW_20150128_150000_CNN_Newsroom_With_Carol_Costello,https://archive.org/download/CNNW_20150128_150000_CNN_Newsroom_With_Carol_Costello/CNNW_20150128_150000_CNN_Newsroom_With_Carol_Costello.thumbs/CNNW_20150128_150000_CNN_Newsroom_With_Carol_Costello_002055.jpg,"dioxide in the atmosphere when we burn fossil fuels and when tom brady and bill belichick start talking for 2 1/2 hours at press conferences spewing out carbon dioxide making climate change that much worse. so yes, climate change also"
https://archive.org/details/CNNW_20150125_110000_New_Day_Sunday#start/1644/end/1679,1/25/2015 11:27:39,CNN,New Day Sunday,CNNW_20150125_110000_New_Day_Sunday,https://archive.org/download/CNNW_20150125_110000_New_Day_Sunday/CNNW_20150125_110000_New_Day_Sunday.thumbs/CNNW_20150125_110000_New_Day_Sunday_001626.jpg,"renewable energy more accessible and effortible to the world. president and i expressed hope for a successful -- on climate change this year."
https://archive.org/details/CNNW_20150101_100500_All_the_Best_All_the_Worst_2014_An_Anderson_Cooper_360_Special#start/308/end/343,1/1/2015 10:10:23,CNN,All the Best All the Worst 2014 An Anderson Cooper 360 Special,CNNW_20150101_100500_All_the_Best_All_the_Worst_2014_An_Anderson_Cooper_360_Special,https://archive.org/download/CNNW_20150101_100500_All_the_Best_All_the_Worst_2014_An_Anderson_Cooper_360_Special/CNNW_20150101_100500_All_the_Best_All_the_Worst_2014_An_Anderson_Cooper_360_Special.thumbs/CNNW_20150101_100500_All_the_Best_All_the_Worst_2014_An_Anderson_Cooper_360_Special_000285.jpg,"taking aggressive steps to address climate change. none of the agreements and rollbacks and trades, none of that would be important. i'm upset about the climate"
https://archive.org/details/CNNW_20150105_010000_All_the_Best_All_the_Worst_2014_An_Anderson_Cooper_360_Special#start/365/end/400,1/5/2015 1:06:20,CNN,All the Best All the Worst 2014 An Anderson Cooper 360 Special,CNNW_20150105_010000_All_the_Best_All_the_Worst_2014_An_Anderson_Cooper_360_Special,https://archive.org/download/CNNW_20150105_010000_All_the_Best_All_the_Worst_2014_An_Anderson_Cooper_360_Special/CNNW_20150105_010000_All_the_Best_All_the_Worst_2014_An_Anderson_Cooper_360_Special.thumbs/CNNW_20150105_010000_All_the_Best_All_the_Worst_2014_An_Anderson_Cooper_360_Special_000345.jpg,"worst followup, the virgin space plane that exploded in flight just days later, killing a pilot. best news about inner space for some in the science community, people are talking more about global climate change."
https://archive.org/details/CNNW_20150122_100000_Early_Start_With_John_Berman_and_Christine_Romans#start/2350/end/2385,1/22/2015 10:39:25,CNN,Early Start With John Berman and Christine Romans,CNNW_20150122_100000_Early_Start_With_John_Berman_and_Christine_Romans,https://archive.org/download/CNNW_20150122_100000_Early_Start_With_John_Berman_and_Christine_Romans/CNNW_20150122_100000_Early_Start_With_John_Berman_and_Christine_Romans.thumbs/CNNW_20150122_100000_Early_Start_With_John_Berman_and_Christine_Romans_002325.jpg,"anniversary of the rowe versus wade decision. president obama issues an executive order to try to better coordinate federal programs in the arctic ocean. the president says this is necessary due to climate change."
https://archive.org/details/CNNW_20150122_100000_Early_Start_With_John_Berman_and_Christine_Romans#start/542/end/577,1/22/2015 10:09:17,CNN,Early Start With John Berman and Christine Romans,CNNW_20150122_100000_Early_Start_With_John_Berman_and_Christine_Romans,https://archive.org/download/CNNW_20150122_100000_Early_Start_With_John_Berman_and_Christine_Romans/CNNW_20150122_100000_Early_Start_With_John_Berman_and_Christine_Romans.thumbs/CNNW_20150122_100000_Early_Start_With_John_Berman_and_Christine_Romans_000525.jpg,"votes short marking the anniversary of the rowe versus wade decision. president obama issuing an executive order for federal programs in the arctic ocean. the president says it is necessary for the climate change"
https://archive.org/details/CNNW_20150101_010000_All_the_Best_All_the_Worst_2014_An_Anderson_Cooper_360_Special#start/1787/end/1822,1/1/2015 1:30:02,CNN,All the Best All the Worst 2014 An Anderson Cooper 360 Special,CNNW_20150101_010000_All_the_Best_All_the_Worst_2014_An_Anderson_Cooper_360_Special,https://archive.org/download/CNNW_20150101_010000_All_the_Best_All_the_Worst_2014_An_Anderson_Cooper_360_Special/CNNW_20150101_010000_All_the_Best_All_the_Worst_2014_An_Anderson_Cooper_360_Special.thumbs/CNNW_20150101_010000_All_the_Best_All_the_Worst_2014_An_Anderson_Cooper_360_Special_001486.jpg,"best continuing trend for rights activists? it's like a really big year for gay rights. a lot of gay marriage. worst continuing trend for environmentalists. that's the biggest story of the year, we didn't do much on climate change."
https://archive.org/details/CNNW_20150101_010000_All_the_Best_All_the_Worst_2014_An_Anderson_Cooper_360_Special#start/350/end/385,1/1/2015 1:06:05,CNN,All the Best All the Worst 2014 An Anderson Cooper 360 Special,CNNW_20150101_010000_All_the_Best_All_the_Worst_2014_An_Anderson_Cooper_360_Special,https://archive.org/download/CNNW_20150101_010000_All_the_Best_All_the_Worst_2014_An_Anderson_Cooper_360_Special/CNNW_20150101_010000_All_the_Best_All_the_Worst_2014_An_Anderson_Cooper_360_Special.thumbs/CNNW_20150101_010000_All_the_Best_All_the_Worst_2014_An_Anderson_Cooper_360_Special_000346.jpg,"you know, when the highlight of the year is that ebola didn't kill everyone, that's not a good year. the best news about inner space in the science community, people are talking more about global climate change."
https://archive.org/details/CNNW_20150120_210000_The_Lead_With_Jake_Tapper#start/999/end/1034,1/20/2015 21:16:54,CNN,The Lead With Jake Tapper,CNNW_20150120_210000_The_Lead_With_Jake_Tapper,https://archive.org/download/CNNW_20150120_210000_The_Lead_With_Jake_Tapper/CNNW_20150120_210000_The_Lead_With_Jake_Tapper.thumbs/CNNW_20150120_210000_The_Lead_With_Jake_Tapper_000976.jpg,"with our politics lead. just a few hours from now in the building you're looking at president obama will speak directly to the american people in his state of the yunl aunion address. the economy will no doubt be most of his message, with a side of immigration, climate change,"
https://archive.org/details/CNNW_20150125_110000_New_Day_Sunday#start/3008/end/3043,1/25/2015 11:50:23,CNN,New Day Sunday,CNNW_20150125_110000_New_Day_Sunday,https://archive.org/download/CNNW_20150125_110000_New_Day_Sunday/CNNW_20150125_110000_New_Day_Sunday.thumbs/CNNW_20150125_110000_New_Day_Sunday_003006.jpg,"world we are going to give them, then there is pressure. climate change itself is a huge pressure. global warming is a huge pressure. and all those who think about a better life and a better world for the future generations,"
https://archive.org/details/CNNW_20150122_090000_Early_Start_With_John_Berman_and_Christine_Romans#start/2321/end/2356,1/22/2015 9:38:56,CNN,Early Start With John Berman and Christine Romans,CNNW_20150122_090000_Early_Start_With_John_Berman_and_Christine_Romans,https://archive.org/download/CNNW_20150122_090000_Early_Start_With_John_Berman_and_Christine_Romans/CNNW_20150122_090000_Early_Start_With_John_Berman_and_Christine_Romans.thumbs/CNNW_20150122_090000_Early_Start_With_John_Berman_and_Christine_Romans_002325.jpg,"doesn't do enough and focuses too much on climate change and not enough for infrastructure. on the subject of climate change the senate is on record saying climate change is real and not a hoax."
https://archive.org/details/CNNW_20150125_100000_CNNI_Simulcast#start/1904/end/1939,1/25/2015 10:31:59,CNN,CNNI Simulcast,CNNW_20150125_100000_CNNI_Simulcast,https://archive.org/download/CNNW_20150125_100000_CNNI_Simulcast/CNNW_20150125_100000_CNNI_Simulcast.thumbs/CNNW_20150125_100000_CNNI_Simulcast_001905.jpg,"greenhouse gas target ps. the u.s. recently overtook russia to become india's biggest weapons supplier. they hope to secure a deal to build more nuclear power plants in india. they want to reduce its depend"
https://archive.org/details/CNNW_20150122_090000_Early_Start_With_John_Berman_and_Christine_Romans#start/569/end/604,1/22/2015 9:09:44,CNN,Early Start With John Berman and Christine Romans,CNNW_20150122_090000_Early_Start_With_John_Berman_and_Christine_Romans,https://archive.org/download/CNNW_20150122_090000_Early_Start_With_John_Berman_and_Christine_Romans/CNNW_20150122_090000_Early_Start_With_John_Berman_and_Christine_Romans.thumbs/CNNW_20150122_090000_Early_Start_With_John_Berman_and_Christine_Romans_000555.jpg,"the president says this is a necessary response of climate change for the arctic. one alaska senator says the order does not do enough and focuses too much on climate change and too little on development and build up of"
https://archive.org/details/CNNW_20150104_000000_All_the_Best_All_the_Worst_2014_An_Anderson_Cooper_360_Special#start/379/end/414,1/4/2015 0:06:34,CNN,All the Best All the Worst 2014 An Anderson Cooper 360 Special,CNNW_20150104_000000_All_the_Best_All_the_Worst_2014_An_Anderson_Cooper_360_Special,https://archive.org/download/CNNW_20150104_000000_All_the_Best_All_the_Worst_2014_An_Anderson_Cooper_360_Special/CNNW_20150104_000000_All_the_Best_All_the_Worst_2014_An_Anderson_Cooper_360_Special.thumbs/CNNW_20150104_000000_All_the_Best_All_the_Worst_2014_An_Anderson_Cooper_360_Special_000375.jpg,"the united states taking aggressive steps to address climate change. none of these agreements and rollbacks and trades and these keeping track of local businesses, none of that would be important. i'm very upset about the climate change. and i am not a fan of the polar"
https://archive.org/details/CNNW_20150101_140000_CNN_Newsroom_With_Carol_Costello#start/2178/end/2213,1/1/2015 14:36:33,CNN,CNN Newsroom With Carol Costello,CNNW_20150101_140000_CNN_Newsroom_With_Carol_Costello,https://archive.org/download/CNNW_20150101_140000_CNN_Newsroom_With_Carol_Costello/CNNW_20150101_140000_CNN_Newsroom_With_Carol_Costello.thumbs/CNNW_20150101_140000_CNN_Newsroom_With_Carol_Costello_002175.jpg,"towards the theory that weather really is to blame. he even brought up climate change and said maybe climate change has made it too difficult to fly in tropical climates. why would he say something like that? you know i think that weather is most likely related"
https://archive.org/details/CNNW_20150101_100500_All_the_Best_All_the_Worst_2014_An_Anderson_Cooper_360_Special#start/1660/end/1695,1/1/2015 10:32:55,CNN,All the Best All the Worst 2014 An Anderson Cooper 360 Special,CNNW_20150101_100500_All_the_Best_All_the_Worst_2014_An_Anderson_Cooper_360_Special,https://archive.org/download/CNNW_20150101_100500_All_the_Best_All_the_Worst_2014_An_Anderson_Cooper_360_Special/CNNW_20150101_100500_All_the_Best_All_the_Worst_2014_An_Anderson_Cooper_360_Special.thumbs/CNNW_20150101_100500_All_the_Best_All_the_Worst_2014_An_Anderson_Cooper_360_Special_001425.jpg,"efficie initiatives. best continuing trend for rights activists? this felt like a really big year for gay rights. a lot of gay marriage. worst continuing trend for environmentists. that is the biggest story for the year. we did not do much on climate"
https://archive.org/details/CNNW_20150125_200000_CNN_Newsroom#start/1810/end/1845,1/25/2015 20:30:25,CNN,CNN Newsroom,CNNW_20150125_200000_CNN_Newsroom,https://archive.org/download/CNNW_20150125_200000_CNN_Newsroom/CNNW_20150125_200000_CNN_Newsroom.thumbs/CNNW_20150125_200000_CNN_Newsroom_001815.jpg,"export reform. climate change working toward a climate agreement, they said clean energy defense"
https://archive.org/details/CNNW_20150101_140000_CNN_Newsroom_With_Carol_Costello#start/2226/end/2261,1/1/2015 14:37:21,CNN,CNN Newsroom With Carol Costello,CNNW_20150101_140000_CNN_Newsroom_With_Carol_Costello,https://archive.org/download/CNNW_20150101_140000_CNN_Newsroom_With_Carol_Costello/CNNW_20150101_140000_CNN_Newsroom_With_Carol_Costello.thumbs/CNNW_20150101_140000_CNN_Newsroom_With_Carol_Costello_002205.jpg,"justice to the aufgs safety issues that are important here. you have to say well there's weather related, maybe it's related to global warming, but so what? you have to deal as an airline you have to deal with the weather. that's why pilots are paid what"
https://archive.org/details/CNNW_20150122_090000_Early_Start_With_John_Berman_and_Christine_Romans#start/2341/end/2376,1/22/2015 9:39:16,CNN,Early Start With John Berman and Christine Romans,CNNW_20150122_090000_Early_Start_With_John_Berman_and_Christine_Romans,https://archive.org/download/CNNW_20150122_090000_Early_Start_With_John_Berman_and_Christine_Romans/CNNW_20150122_090000_Early_Start_With_John_Berman_and_Christine_Romans.thumbs/CNNW_20150122_090000_Early_Start_With_John_Berman_and_Christine_Romans_002325.jpg,"with that wording passed by a 98-1 margin. they say climate change exists but did not pass the measure"
https://archive.org/details/CNNW_20150122_090000_Early_Start_With_John_Berman_and_Christine_Romans#start/584/end/619,1/22/2015 9:09:59,CNN,Early Start With John Berman and Christine Romans,CNNW_20150122_090000_Early_Start_With_John_Berman_and_Christine_Romans,https://archive.org/download/CNNW_20150122_090000_Early_Start_With_John_Berman_and_Christine_Romans/CNNW_20150122_090000_Early_Start_With_John_Berman_and_Christine_Romans.thumbs/CNNW_20150122_090000_Early_Start_With_John_Berman_and_Christine_Romans_000585.jpg,"infrastructure. as for the political climate. climate change is real and not a hoax. that measure passed by 98-1 margin. senators voted down the"
https://archive.org/details/CNNW_20150105_060000_All_the_Best_All_the_Worst_2014_An_Anderson_Cooper_360_Special#start/369/end/404,1/5/2015 6:06:24,CNN,All the Best All the Worst 2014 An Anderson Cooper 360 Special,CNNW_20150105_060000_All_the_Best_All_the_Worst_2014_An_Anderson_Cooper_360_Special,https://archive.org/download/CNNW_20150105_060000_All_the_Best_All_the_Worst_2014_An_Anderson_Cooper_360_Special/CNNW_20150105_060000_All_the_Best_All_the_Worst_2014_An_Anderson_Cooper_360_Special.thumbs/CNNW_20150105_060000_All_the_Best_All_the_Worst_2014_An_Anderson_Cooper_360_Special_000346.jpg,"worst follow up, the virgin galactic plane that crashed days later killing a pilot. people are talking more about global climate change. problem is, the world still"
https://archive.org/details/CNNW_20150125_110000_New_Day_Sunday#start/2077/end/2112,1/25/2015 11:34:52,CNN,New Day Sunday,CNNW_20150125_110000_New_Day_Sunday,https://archive.org/download/CNNW_20150125_110000_New_Day_Sunday/CNNW_20150125_110000_New_Day_Sunday.thumbs/CNNW_20150125_110000_New_Day_Sunday_002076.jpg,"expectations with india. we will promote clean energy and climate change. we very much support india's goal for solar energy and stand ready to speed this with"
https://archive.org/details/CNNW_20150125_100000_CNNI_Simulcast#start/1887/end/1922,1/25/2015 10:31:42,CNN,CNNI Simulcast,CNNW_20150125_100000_CNNI_Simulcast,https://archive.org/download/CNNW_20150125_100000_CNNI_Simulcast/CNNW_20150125_100000_CNNI_Simulcast.thumbs/CNNW_20150125_100000_CNNI_Simulcast_001875.jpg,"balance for u.s. in aesha. climate change. india is the large east car don emit emitter. palm is hoping to lobby the prime minister on reaching"
https://archive.org/details/CNNW_20150122_090000_Early_Start_With_John_Berman_and_Christine_Romans#start/2305/end/2340,1/22/2015 9:38:40,CNN,Early Start With John Berman and Christine Romans,CNNW_20150122_090000_Early_Start_With_John_Berman_and_Christine_Romans,https://archive.org/download/CNNW_20150122_090000_Early_Start_With_John_Berman_and_Christine_Romans/CNNW_20150122_090000_Early_Start_With_John_Berman_and_Christine_Romans.thumbs/CNNW_20150122_090000_Early_Start_With_John_Berman_and_Christine_Romans_002295.jpg,"executive order to better coordinate programs in the arctic ocean. the president says it is necessary to the decades of climate change. one alaska senator says it"
https://archive.org/details/CNNW_20150121_080000_CNNI_Simulcast#start/1991/end/2026,1/21/2015 8:33:26,CNN,CNNI Simulcast,CNNW_20150121_080000_CNNI_Simulcast,https://archive.org/download/CNNW_20150121_080000_CNNI_Simulcast/CNNW_20150121_080000_CNNI_Simulcast.thumbs/CNNW_20150121_080000_CNNI_Simulcast_001965.jpg,"forward, and into 201. in terms of legislative action. on the other hand he is moving through unilateral executive action immigration, climate change normalization with cuba."
https://archive.org/details/CNNW_20150125_110000_New_Day_Sunday#start/2133/end/2168,1/25/2015 11:35:48,CNN,New Day Sunday,CNNW_20150125_110000_New_Day_Sunday,https://archive.org/download/CNNW_20150125_110000_New_Day_Sunday/CNNW_20150125_110000_New_Day_Sunday.thumbs/CNNW_20150125_110000_New_Day_Sunday_002106.jpg,"perhaps no country could potentially be more effective by the impacts of climate change and no country is going to be more important in moving forward, a stronger agreement"
https://archive.org/details/CNNW_20150122_100000_Early_Start_With_John_Berman_and_Christine_Romans#start/2367/end/2402,1/22/2015 10:39:42,CNN,Early Start With John Berman and Christine Romans,CNNW_20150122_100000_Early_Start_With_John_Berman_and_Christine_Romans,https://archive.org/download/CNNW_20150122_100000_Early_Start_With_John_Berman_and_Christine_Romans/CNNW_20150122_100000_Early_Start_With_John_Berman_and_Christine_Romans.thumbs/CNNW_20150122_100000_Early_Start_With_John_Berman_and_Christine_Romans_002355.jpg,"it's features and accessibility. one alaska senator says the order does not do enough. it focuses too much on climate change and not enough on infrastructure. the republican controlled"
https://archive.org/details/CNNW_20150125_090000_CNNI_Simulcast#start/149/end/184,1/25/2015 9:02:44,CNN,CNNI Simulcast,CNNW_20150125_090000_CNNI_Simulcast,https://archive.org/download/CNNW_20150125_090000_CNNI_Simulcast/CNNW_20150125_090000_CNNI_Simulcast.thumbs/CNNW_20150125_090000_CNNI_Simulcast_000135.jpg,"talking about. there is talk that trade will be high on the agenda defense, power, climate change and also cities. that's a project the prime minister is key on building 100"
https://archive.org/details/CNNW_20150121_150000_CNN_Newsroom_With_Carol_Costello#start/2859/end/2894,1/21/2015 15:47:54,CNN,CNN Newsroom With Carol Costello,CNNW_20150121_150000_CNN_Newsroom_With_Carol_Costello,https://archive.org/download/CNNW_20150121_150000_CNN_Newsroom_With_Carol_Costello/CNNW_20150121_150000_CNN_Newsroom_With_Carol_Costello.thumbs/CNNW_20150121_150000_CNN_Newsroom_With_Carol_Costello_002835.jpg,"we'll have a bill marked up today and move that next week. at the bottom of the numbers closing gitmo and addressing climate change. it's time for a new beginning"
https://archive.org/details/CNNW_20150121_110000_New_Day#start/9390/end/9425,1/21/2015 13:36:45,CNN,New Day,CNNW_20150121_110000_New_Day,https://archive.org/download/CNNW_20150121_110000_New_Day/CNNW_20150121_110000_New_Day.thumbs/CNNW_20150121_110000_New_Day_009375.jpg,"he's acted on immigration. he's acted on climate change and most importantly, we are seeing real strong signs in the economy that i think explain why some of those numbers have moved back."
https://archive.org/details/CNNW_20150125_120000_New_Day_Sunday#start/3471/end/3506,1/25/2015 12:58:06,CNN,New Day Sunday,CNNW_20150125_120000_New_Day_Sunday,https://archive.org/download/CNNW_20150125_120000_New_Day_Sunday/CNNW_20150125_120000_New_Day_Sunday.thumbs/CNNW_20150125_120000_New_Day_Sunday_001185.jpg,"joint news conference with indian prime minister modi. they addressed everything from climate change to differences to help advance nuclear cooperation between two nations. president obama arrived in new delhi greeted by modi at the"
https://archive.org/details/CNNW_20150105_010000_All_the_Best_All_the_Worst_2014_An_Anderson_Cooper_360_Special#start/394/end/429,1/5/2015 1:06:49,CNN,All the Best All the Worst 2014 An Anderson Cooper 360 Special,CNNW_20150105_010000_All_the_Best_All_the_Worst_2014_An_Anderson_Cooper_360_Special,https://archive.org/download/CNNW_20150105_010000_All_the_Best_All_the_Worst_2014_An_Anderson_Cooper_360_Special/CNNW_20150105_010000_All_the_Best_All_the_Worst_2014_An_Anderson_Cooper_360_Special.thumbs/CNNW_20150105_010000_All_the_Best_All_the_Worst_2014_An_Anderson_Cooper_360_Special_000375.jpg,"that would be important. i'm very upset about the climate change, and i'm not a fan of the polar vortex. the polar vortex is really cute because i'm from wisconsin. so for us, we just call this"
https://archive.org/details/CNNW_20150105_010000_All_the_Best_All_the_Worst_2014_An_Anderson_Cooper_360_Special#start/1719/end/1754,1/5/2015 1:28:54,CNN,All the Best All the Worst 2014 An Anderson Cooper 360 Special,CNNW_20150105_010000_All_the_Best_All_the_Worst_2014_An_Anderson_Cooper_360_Special,https://archive.org/download/CNNW_20150105_010000_All_the_Best_All_the_Worst_2014_An_Anderson_Cooper_360_Special/CNNW_20150105_010000_All_the_Best_All_the_Worst_2014_An_Anderson_Cooper_360_Special.thumbs/CNNW_20150105_010000_All_the_Best_All_the_Worst_2014_An_Anderson_Cooper_360_Special_001455.jpg,"the year, we didn't do much on climate change. best news from the benjamins, housing values are still rising, joblessness is still falling. its been a great year in terms of the economic recovery. the recovery has done really,"
https://archive.org/details/CNNW_20150105_060000_All_the_Best_All_the_Worst_2014_An_Anderson_Cooper_360_Special#start/400/end/435,1/5/2015 6:06:55,CNN,All the Best All the Worst 2014 An Anderson Cooper 360 Special,CNNW_20150105_060000_All_the_Best_All_the_Worst_2014_An_Anderson_Cooper_360_Special,https://archive.org/download/CNNW_20150105_060000_All_the_Best_All_the_Worst_2014_An_Anderson_Cooper_360_Special/CNNW_20150105_060000_All_the_Best_All_the_Worst_2014_An_Anderson_Cooper_360_Special.thumbs/CNNW_20150105_060000_All_the_Best_All_the_Worst_2014_An_Anderson_Cooper_360_Special_000376.jpg,"i'm very upset about the climate change, and i'm not a fan of the polar vortex. the polar vortex is really cute, because i'm from wisconsin. so for us, we just call this winter. worst chilling news on"
https://archive.org/details/CNNW_20150125_110000_New_Day_Sunday#start/149/end/184,1/25/2015 11:02:44,CNN,New Day Sunday,CNNW_20150125_110000_New_Day_Sunday,https://archive.org/download/CNNW_20150125_110000_New_Day_Sunday/CNNW_20150125_110000_New_Day_Sunday.thumbs/CNNW_20150125_110000_New_Day_Sunday_000126.jpg,"two things, michelle, a possible nuclear deal, and also talking climate change. what kind of details do you have what we might learn this morning? yeah. those are real possibility. reporter: the big headline today in india, though, coming"
https://archive.org/details/CNNW_20150125_110000_New_Day_Sunday#start/918/end/953,1/25/2015 11:15:33,CNN,New Day Sunday,CNNW_20150125_110000_New_Day_Sunday,https://archive.org/download/CNNW_20150125_110000_New_Day_Sunday/CNNW_20150125_110000_New_Day_Sunday.thumbs/CNNW_20150125_110000_New_Day_Sunday_000906.jpg,"phenomenal with the future within the 21st century. one of the things, too, we expect they are going to talk about that is going to be potentially groundbreaking is climate change and china has always been frustrated."
https://archive.org/details/CNNW_20150128_150000_CNN_Newsroom_With_Carol_Costello#start/2114/end/2149,1/28/2015 15:35:29,CNN,CNN Newsroom With Carol Costello,CNNW_20150128_150000_CNN_Newsroom_With_Carol_Costello,https://archive.org/download/CNNW_20150128_150000_CNN_Newsroom_With_Carol_Costello/CNNW_20150128_150000_CNN_Newsroom_With_Carol_Costello.thumbs/CNNW_20150128_150000_CNN_Newsroom_With_Carol_Costello_002115.jpg,"climate change will bring more intense storms in the future. one of the basic facts is as the climate gets hotter the atmosphere gets warmer and it can hold more water vapor. the ocean gets hotter and more"
https://archive.org/details/CNNW_20150122_100000_Early_Start_With_John_Berman_and_Christine_Romans#start/573/end/608,1/22/2015 10:09:48,CNN,Early Start With John Berman and Christine Romans,CNNW_20150122_100000_Early_Start_With_John_Berman_and_Christine_Romans,https://archive.org/download/CNNW_20150122_100000_Early_Start_With_John_Berman_and_Christine_Romans/CNNW_20150122_100000_Early_Start_With_John_Berman_and_Christine_Romans.thumbs/CNNW_20150122_100000_Early_Start_With_John_Berman_and_Christine_Romans_000555.jpg,"senate voting 98-1 and saying it is real and not a hoax. however, other votes of whether humans contribute to climate change and they did not vote yes on those amendments. senate passing amendments saying"
https://archive.org/details/CNNW_20150122_100000_Early_Start_With_John_Berman_and_Christine_Romans#start/2383/end/2418,1/22/2015 10:39:58,CNN,Early Start With John Berman and Christine Romans,CNNW_20150122_100000_Early_Start_With_John_Berman_and_Christine_Romans,https://archive.org/download/CNNW_20150122_100000_Early_Start_With_John_Berman_and_Christine_Romans/CNNW_20150122_100000_Early_Start_With_John_Berman_and_Christine_Romans.thumbs/CNNW_20150122_100000_Early_Start_With_John_Berman_and_Christine_Romans_002355.jpg,"senate on record saying climate change is real. it is not a hoax. that measure passed by a 98-1 margin. senators voted down a pair of amendments to the bill saying human activity is part of it."
https://archive.org/details/CNNW_20150104_000000_All_the_Best_All_the_Worst_2014_An_Anderson_Cooper_360_Special#start/363/end/398,1/4/2015 0:06:18,CNN,All the Best All the Worst 2014 An Anderson Cooper 360 Special,CNNW_20150104_000000_All_the_Best_All_the_Worst_2014_An_Anderson_Cooper_360_Special,https://archive.org/download/CNNW_20150104_000000_All_the_Best_All_the_Worst_2014_An_Anderson_Cooper_360_Special/CNNW_20150104_000000_All_the_Best_All_the_Worst_2014_An_Anderson_Cooper_360_Special.thumbs/CNNW_20150104_000000_All_the_Best_All_the_Worst_2014_An_Anderson_Cooper_360_Special_000345.jpg,"later killing a pilot. best news about inner space for people in the science community -- people are talking more about global climate change. problem is, the world still can't seem to agree on a plan of action."
https://archive.org/details/CNNW_20150101_010000_All_the_Best_All_the_Worst_2014_An_Anderson_Cooper_360_Special#start/378/end/413,1/1/2015 1:06:33,CNN,All the Best All the Worst 2014 An Anderson Cooper 360 Special,CNNW_20150101_010000_All_the_Best_All_the_Worst_2014_An_Anderson_Cooper_360_Special,https://archive.org/download/CNNW_20150101_010000_All_the_Best_All_the_Worst_2014_An_Anderson_Cooper_360_Special/CNNW_20150101_010000_All_the_Best_All_the_Worst_2014_An_Anderson_Cooper_360_Special.thumbs/CNNW_20150101_010000_All_the_Best_All_the_Worst_2014_An_Anderson_Cooper_360_Special_000376.jpg,"be important. i'm very upset about the climate change. and i am not a fan of the polar vortex. the polar vortex is really cute because i'm from wisconsin, so for us, we just call this"
https://archive.org/details/CNNW_20150124_100000_CNNI_Simulcast#start/2913/end/2948,1/24/2015 10:48:48,CNN,CNNI Simulcast,CNNW_20150124_100000_CNNI_Simulcast,https://archive.org/download/CNNW_20150124_100000_CNNI_Simulcast/CNNW_20150124_100000_CNNI_Simulcast.thumbs/CNNW_20150124_100000_CNNI_Simulcast_002896.jpg,"bulletin of atomic scientists which reset it's dooms day clock on thursday citing a growing threat from climate change and nuclear arms race. scientists moved the clock up two minutes to 11:57 p.m."
https://archive.org/details/CNNW_20150105_010000_All_the_Best_All_the_Worst_2014_An_Anderson_Cooper_360_Special#start/381/end/416,1/5/2015 1:06:36,CNN,All the Best All the Worst 2014 An Anderson Cooper 360 Special,CNNW_20150105_010000_All_the_Best_All_the_Worst_2014_An_Anderson_Cooper_360_Special,https://archive.org/download/CNNW_20150105_010000_All_the_Best_All_the_Worst_2014_An_Anderson_Cooper_360_Special/CNNW_20150105_010000_All_the_Best_All_the_Worst_2014_An_Anderson_Cooper_360_Special.thumbs/CNNW_20150105_010000_All_the_Best_All_the_Worst_2014_An_Anderson_Cooper_360_Special_000375.jpg,"problem is, the world still can't seem to agree on a plan of action. if the united states weren't taking aggressive steps to address climate change, none of the agreements and rollbacks and trades and these keeping track of local businesses, none of"
https://archive.org/details/CNNW_20150105_060000_All_the_Best_All_the_Worst_2014_An_Anderson_Cooper_360_Special#start/385/end/420,1/5/2015 6:06:40,CNN,All the Best All the Worst 2014 An Anderson Cooper 360 Special,CNNW_20150105_060000_All_the_Best_All_the_Worst_2014_An_Anderson_Cooper_360_Special,https://archive.org/download/CNNW_20150105_060000_All_the_Best_All_the_Worst_2014_An_Anderson_Cooper_360_Special/CNNW_20150105_060000_All_the_Best_All_the_Worst_2014_An_Anderson_Cooper_360_Special.thumbs/CNNW_20150105_060000_All_the_Best_All_the_Worst_2014_An_Anderson_Cooper_360_Special_000376.jpg,"can't seem to agree on a plan of action. if the united states were taking aggressive steps to address climate change, none of these agreements and roll backs and trades and keeping track of local businesses, none of that would be important."
https://archive.org/details/CNNW_20150125_120000_New_Day_Sunday#start/3604/end/3639,1/25/2015 13:00:19,CNN,New Day Sunday,CNNW_20150125_120000_New_Day_Sunday,https://archive.org/download/CNNW_20150125_120000_New_Day_Sunday/CNNW_20150125_120000_New_Day_Sunday.thumbs/CNNW_20150125_120000_New_Day_Sunday_001185.jpg,"christi paul. i'm victor blackwell. goods to be with you. this new era is a dawning of a new era. a short time ago president obama wrapped up a joint conference there. they addressed everything from climate change to better nuclear"
https://archive.org/details/CNNW_20150128_150000_CNN_Newsroom_With_Carol_Costello#start/2063/end/2098,1/28/2015 15:34:38,CNN,CNN Newsroom With Carol Costello,CNNW_20150128_150000_CNN_Newsroom_With_Carol_Costello,https://archive.org/download/CNNW_20150128_150000_CNN_Newsroom_With_Carol_Costello/CNNW_20150128_150000_CNN_Newsroom_With_Carol_Costello.thumbs/CNNW_20150128_150000_CNN_Newsroom_With_Carol_Costello_002055.jpg,"as much. climate change is real. we're all obsessed with deflategate. let's keep in mind there's something about which you should give a [ bleep ] like tom brady the world is getting hotter and hotter and you know why? we humans are pumping carbon"
https://archive.org/details/CNNW_20150128_150000_CNN_Newsroom_With_Carol_Costello#start/2098/end/2133,1/28/2015 15:35:13,CNN,CNN Newsroom With Carol Costello,CNNW_20150128_150000_CNN_Newsroom_With_Carol_Costello,https://archive.org/download/CNNW_20150128_150000_CNN_Newsroom_With_Carol_Costello/CNNW_20150128_150000_CNN_Newsroom_With_Carol_Costello.thumbs/CNNW_20150128_150000_CNN_Newsroom_With_Carol_Costello_002085.jpg,"means more intense storms. let's put aside deflategate and talk about climate change and how it's affecting our lives. i'm joined by a climate expert. hi joe. hi. thanks for having me. thanks for being here. explain to our viewers how"
https://archive.org/details/CNNW_20150125_170000_State_of_the_Union#start/1821/end/1856,1/25/2015 17:30:36,CNN,State of the Union,CNNW_20150125_170000_State_of_the_Union,https://archive.org/download/CNNW_20150125_170000_State_of_the_Union/CNNW_20150125_170000_State_of_the_Union.thumbs/CNNW_20150125_170000_State_of_the_Union_001815.jpg,"and they did what was best for the american worker. the senate voted this week 98-1 that climate change is not a hoax. if rick santorum were still in the senate would you have supported that. is the climate warming."
https://archive.org/details/CNNW_20150122_160000_CNN_Newsroom#start/2769/end/2804,1/22/2015 16:46:24,CNN,CNN Newsroom,CNNW_20150122_160000_CNN_Newsroom,https://archive.org/download/CNNW_20150122_160000_CNN_Newsroom/CNNW_20150122_160000_CNN_Newsroom.thumbs/CNNW_20150122_160000_CNN_Newsroom_002745.jpg,"he recently said he thinks climate change is an issue again when me said before he didn't. i kind of agree are reihan for a different reason. i'd like to see them both get in. one should be a decoy for the"
https://archive.org/details/CNNW_20150101_010000_All_the_Best_All_the_Worst_2014_An_Anderson_Cooper_360_Special#start/366/end/401,1/1/2015 1:06:21,CNN,All the Best All the Worst 2014 An Anderson Cooper 360 Special,CNNW_20150101_010000_All_the_Best_All_the_Worst_2014_An_Anderson_Cooper_360_Special,https://archive.org/download/CNNW_20150101_010000_All_the_Best_All_the_Worst_2014_An_Anderson_Cooper_360_Special/CNNW_20150101_010000_All_the_Best_All_the_Worst_2014_An_Anderson_Cooper_360_Special.thumbs/CNNW_20150101_010000_All_the_Best_All_the_Worst_2014_An_Anderson_Cooper_360_Special_000346.jpg,"problem is, the world still can't seem to agree on a plan of action. the united states taking aggressive steps to address climate change. none of these agreements and rollbacks and trades and these keeping track of local businesses, none of that would"
https://archive.org/details/CNNW_20150101_010000_All_the_Best_All_the_Worst_2014_An_Anderson_Cooper_360_Special#start/3573/end/3608,1/1/2015 1:59:48,CNN,All the Best All the Worst 2014 An Anderson Cooper 360 Special,CNNW_20150101_010000_All_the_Best_All_the_Worst_2014_An_Anderson_Cooper_360_Special,https://archive.org/download/CNNW_20150101_010000_All_the_Best_All_the_Worst_2014_An_Anderson_Cooper_360_Special/CNNW_20150101_010000_All_the_Best_All_the_Worst_2014_An_Anderson_Cooper_360_Special.thumbs/CNNW_20150101_010000_All_the_Best_All_the_Worst_2014_An_Anderson_Cooper_360_Special_001486.jpg,"my hope for 2015 is the world gets motivated to work together on climate change. if we could just live in a world where we thought that the police were being policed by somebody, i think 2015 would be a dramatic improvement over"
https://archive.org/details/CNNW_20150101_100500_All_the_Best_All_the_Worst_2014_An_Anderson_Cooper_360_Special#start/294/end/329,1/1/2015 10:10:09,CNN,All the Best All the Worst 2014 An Anderson Cooper 360 Special,CNNW_20150101_100500_All_the_Best_All_the_Worst_2014_An_Anderson_Cooper_360_Special,https://archive.org/download/CNNW_20150101_100500_All_the_Best_All_the_Worst_2014_An_Anderson_Cooper_360_Special/CNNW_20150101_100500_All_the_Best_All_the_Worst_2014_An_Anderson_Cooper_360_Special.thumbs/CNNW_20150101_100500_All_the_Best_All_the_Worst_2014_An_Anderson_Cooper_360_Special_000285.jpg,"the virgin rocket killing a pilot days later. best news for the science community. people are talking more about global climate change. problem is the world still can't seem to agree on a plan of action. if the united states were"
https://archive.org/details/CNNW_20150116_070000_CNNI_Simulcast#start/1014/end/1049,1/16/2015 7:17:09,CNN,CNNI Simulcast,CNNW_20150116_070000_CNNI_Simulcast,https://archive.org/download/CNNW_20150116_070000_CNNI_Simulcast/CNNW_20150116_070000_CNNI_Simulcast.thumbs/CNNW_20150116_070000_CNNI_Simulcast_001005.jpg,"issues could spark change there on the country. she joins us live from manila. of course there is excitement for the pope but he has been quite outspoken on a number of issues including climate change. people will be holding a massive"
https://archive.org/details/CNNW_20150104_000000_All_the_Best_All_the_Worst_2014_An_Anderson_Cooper_360_Special#start/1704/end/1739,1/4/2015 0:28:39,CNN,All the Best All the Worst 2014 An Anderson Cooper 360 Special,CNNW_20150104_000000_All_the_Best_All_the_Worst_2014_An_Anderson_Cooper_360_Special,https://archive.org/download/CNNW_20150104_000000_All_the_Best_All_the_Worst_2014_An_Anderson_Cooper_360_Special/CNNW_20150104_000000_All_the_Best_All_the_Worst_2014_An_Anderson_Cooper_360_Special.thumbs/CNNW_20150104_000000_All_the_Best_All_the_Worst_2014_An_Anderson_Cooper_360_Special_001455.jpg,"it's like a really big year for gay rights. a lot of gay marriage. worst continuing trend for environmentalists. that's the biggest story of the year, is that we didn't do much on climate change. best news from the benjamins,"
https://archive.org/details/CNNW_20150125_140000_State_of_the_Union#start/1822/end/1857,1/25/2015 14:30:37,CNN,State of the Union,CNNW_20150125_140000_State_of_the_Union,https://archive.org/download/CNNW_20150125_140000_State_of_the_Union/CNNW_20150125_140000_State_of_the_Union.thumbs/CNNW_20150125_140000_State_of_the_Union_001815.jpg,"the best for the american voter. they voted 98-1 that climate change is not a hoax. if rick santorum were still in the senate would you have supported that? is the climate warming sfwh ingwarming? clearly over the past 15 or 20"
https://archive.org/details/CNNW_20150105_060000_All_the_Best_All_the_Worst_2014_An_Anderson_Cooper_360_Special#start/1689/end/1724,1/5/2015 6:28:24,CNN,All the Best All the Worst 2014 An Anderson Cooper 360 Special,CNNW_20150105_060000_All_the_Best_All_the_Worst_2014_An_Anderson_Cooper_360_Special,https://archive.org/download/CNNW_20150105_060000_All_the_Best_All_the_Worst_2014_An_Anderson_Cooper_360_Special/CNNW_20150105_060000_All_the_Best_All_the_Worst_2014_An_Anderson_Cooper_360_Special.thumbs/CNNW_20150105_060000_All_the_Best_All_the_Worst_2014_An_Anderson_Cooper_360_Special_001456.jpg,"best continuing trend for rights activists? it's like a really big year for gay rights. a lot of gay marriage. worst continuing trend for environmentalists. that's the biggest story of the year, is that we didn't do much on climate change. best news from the benjamins,"
https://archive.org/details/CNNW_20150125_110000_New_Day_Sunday#start/996/end/1031,1/25/2015 11:16:51,CNN,New Day Sunday,CNNW_20150125_110000_New_Day_Sunday,https://archive.org/download/CNNW_20150125_110000_New_Day_Sunday/CNNW_20150125_110000_New_Day_Sunday.thumbs/CNNW_20150125_110000_New_Day_Sunday_000996.jpg,"the india is plants a tree for the future. i think that is the discussions they will have in terms of climate change. that tree planted just a few steps away from where president bill clinton planted a tree on his visit to india at the"
https://archive.org/details/CNNW_20150125_130000_New_Day_Sunday#start/13/end/48,1/25/2015 13:00:28,CNN,New Day Sunday,CNNW_20150125_130000_New_Day_Sunday,https://archive.org/download/CNNW_20150125_130000_New_Day_Sunday/CNNW_20150125_130000_New_Day_Sunday.thumbs/CNNW_20150125_130000_New_Day_Sunday_000046.jpg,"wrapped up a joint conference there. they addressed everything from climate change to better nuclear cooperation. president obama arrived in new delhi this morning, as we said greeted by modi at the tarmac. this is not the usual protocol, that's why we point it out."
https://archive.org/details/CNNW_20150104_000000_All_the_Best_All_the_Worst_2014_An_Anderson_Cooper_360_Special#start/3553/end/3588,1/4/2015 0:59:28,CNN,All the Best All the Worst 2014 An Anderson Cooper 360 Special,CNNW_20150104_000000_All_the_Best_All_the_Worst_2014_An_Anderson_Cooper_360_Special,https://archive.org/download/CNNW_20150104_000000_All_the_Best_All_the_Worst_2014_An_Anderson_Cooper_360_Special/CNNW_20150104_000000_All_the_Best_All_the_Worst_2014_An_Anderson_Cooper_360_Special.thumbs/CNNW_20150104_000000_All_the_Best_All_the_Worst_2014_An_Anderson_Cooper_360_Special_001455.jpg,"year. we need a good 2015. my hope for 2015 is to get motivated to work together on climate change. if we just lived in a world where we thought the police were being policed by somebody, i think '15 will be a dramatic improvement over 2014."
https://archive.org/details/CNNW_20150101_110000_New_Day#start/235/end/270,1/1/2015 11:04:10,CNN,New Day,CNNW_20150101_110000_New_Day,https://archive.org/download/CNNW_20150101_110000_New_Day/CNNW_20150101_110000_New_Day.thumbs/CNNW_20150101_110000_New_Day_000225.jpg,"but we could hope. it's been a rough year we need a good 2015. my hope for 2015 is the world gets motivated to work together on climate change. if we could just live in a world where we thought the police were being policed by"
https://archive.org/details/CNNW_20150122_090000_Early_Start_With_John_Berman_and_Christine_Romans#start/600/end/635,1/22/2015 9:10:15,CNN,Early Start With John Berman and Christine Romans,CNNW_20150122_090000_Early_Start_With_John_Berman_and_Christine_Romans,https://archive.org/download/CNNW_20150122_090000_Early_Start_With_John_Berman_and_Christine_Romans/CNNW_20150122_090000_Early_Start_With_John_Berman_and_Christine_Romans.thumbs/CNNW_20150122_090000_Early_Start_With_John_Berman_and_Christine_Romans_000585.jpg,"amendment to the keystone pipeline. they said climate change exists, but humans are not contributing. the president is on the road trying to sell his middle class economic program and other ideas in the state of the union. he delivers a speech today at"
https://archive.org/details/CNNW_20150125_120000_New_Day_Sunday#start/95/end/130,1/25/2015 12:01:50,CNN,New Day Sunday,CNNW_20150125_120000_New_Day_Sunday,https://archive.org/download/CNNW_20150125_120000_New_Day_Sunday/CNNW_20150125_120000_New_Day_Sunday.thumbs/CNNW_20150125_120000_New_Day_Sunday_000075.jpg,"wrapped up a joint news conference with india prime minister narendra modi and addressed climate change and ironing out nuclear cooperation between the two nations. president obama arrived in new delhi this morning and greeted by modi on the tarmac. this is his second visit to the"
https://archive.org/details/CNNW_20150105_010000_All_the_Best_All_the_Worst_2014_An_Anderson_Cooper_360_Special#start/3539/end/3574,1/5/2015 1:59:14,CNN,All the Best All the Worst 2014 An Anderson Cooper 360 Special,CNNW_20150105_010000_All_the_Best_All_the_Worst_2014_An_Anderson_Cooper_360_Special,https://archive.org/download/CNNW_20150105_010000_All_the_Best_All_the_Worst_2014_An_Anderson_Cooper_360_Special/CNNW_20150105_010000_All_the_Best_All_the_Worst_2014_An_Anderson_Cooper_360_Special.thumbs/CNNW_20150105_010000_All_the_Best_All_the_Worst_2014_An_Anderson_Cooper_360_Special_001455.jpg,"we need a good 2015. my hope for 2015 is the world gets motivated to work together on climate change. if we could just live in a world where we thought that the police were being policed by somebody, i think 2015 will be a"
https://archive.org/details/CNNW_20150105_060000_All_the_Best_All_the_Worst_2014_An_Anderson_Cooper_360_Special#start/3541/end/3576,1/5/2015 6:59:16,CNN,All the Best All the Worst 2014 An Anderson Cooper 360 Special,CNNW_20150105_060000_All_the_Best_All_the_Worst_2014_An_Anderson_Cooper_360_Special,https://archive.org/download/CNNW_20150105_060000_All_the_Best_All_the_Worst_2014_An_Anderson_Cooper_360_Special/CNNW_20150105_060000_All_the_Best_All_the_Worst_2014_An_Anderson_Cooper_360_Special.thumbs/CNNW_20150105_060000_All_the_Best_All_the_Worst_2014_An_Anderson_Cooper_360_Special_001456.jpg,"gets motivated to work together on climate change. if we could just live in a world where we thought that the police were being policed by somebody, i think 2015 would be a dramatic improvement over 2014. my hope for 2015, we can all"
https://archive.org/details/CNNW_20150121_070000_CNNI_Simulcast#start/2688/end/2723,1/21/2015 7:45:03,CNN,CNNI Simulcast,CNNW_20150121_070000_CNNI_Simulcast,https://archive.org/download/CNNW_20150121_070000_CNNI_Simulcast/CNNW_20150121_070000_CNNI_Simulcast.thumbs/CNNW_20150121_070000_CNNI_Simulcast_002685.jpg,"italian prime minister you've got business leaders, bill and medicallinda gates to eliminate a few. al gore speaking. they set goals, whether it is climate change goals, whether it is global poverty goals. and there is a way to track how they are able to accomplish"
https://archive.org/details/CNNW_20150131_150000_CNN_Newsroom#start/2563/end/2598,1/31/2015 15:42:58,CNN,CNN Newsroom,CNNW_20150131_150000_CNN_Newsroom,https://archive.org/download/CNNW_20150131_150000_CNN_Newsroom/CNNW_20150131_150000_CNN_Newsroom.thumbs/CNNW_20150131_150000_CNN_Newsroom_002536.jpg,"responsibility for climate change as long as they pursue that strategy they might win the right wing and the nomination but disqualify themselves from the general election. the challenge for the republican party isn't about fighting gnaw face or messenger, it's about an organ transplant and getting a"
https://archive.org/details/CNNW_20150125_110000_New_Day_Sunday#start/963/end/998,1/25/2015 11:16:18,CNN,New Day Sunday,CNNW_20150125_110000_New_Day_Sunday,https://archive.org/download/CNNW_20150125_110000_New_Day_Sunday/CNNW_20150125_110000_New_Day_Sunday.thumbs/CNNW_20150125_110000_New_Day_Sunday_000936.jpg,"the president just returned from china where he did strike a deal that was monumental in terms of changing the approach toward climate change. if he can get both the chinese and the indians to do these kind of things and the united states has signed up for additional"
https://archive.org/details/CNNW_20150125_110000_New_Day_Sunday#start/3131/end/3166,1/25/2015 11:52:26,CNN,New Day Sunday,CNNW_20150125_110000_New_Day_Sunday,https://archive.org/download/CNNW_20150125_110000_New_Day_Sunday/CNNW_20150125_110000_New_Day_Sunday.thumbs/CNNW_20150125_110000_New_Day_Sunday_003126.jpg,"important issues but, mostly, really paying attention -- we are not only talking about climate change here and a possible nuclear deal between these two countries, but the state of security around the world, particularly when it comes to dealing with terrorists. we want to bring in our own"
https://archive.org/details/CNNW_20150125_130000_New_Day_Sunday#start/59/end/94,1/25/2015 13:01:14,CNN,New Day Sunday,CNNW_20150125_130000_New_Day_Sunday,https://archive.org/download/CNNW_20150125_130000_New_Day_Sunday/CNNW_20150125_130000_New_Day_Sunday.thumbs/CNNW_20150125_130000_New_Day_Sunday_000046.jpg,"well, both sides wanted to highlight the deepening of this relationship and cooperation on a number of levels. civil nuclear agreement that they're working on. climate change. counter terror, you name it, but when it came time for questions, the big questions facing obama have been elsewhere, namely,"
https://archive.org/details/CNNW_20150122_100000_Early_Start_With_John_Berman_and_Christine_Romans#start/588/end/623,1/22/2015 10:10:03,CNN,Early Start With John Berman and Christine Romans,CNNW_20150122_100000_Early_Start_With_John_Berman_and_Christine_Romans,https://archive.org/download/CNNW_20150122_100000_Early_Start_With_John_Berman_and_Christine_Romans/CNNW_20150122_100000_Early_Start_With_John_Berman_and_Christine_Romans.thumbs/CNNW_20150122_100000_Early_Start_With_John_Berman_and_Christine_Romans_000585.jpg,"climate change is real but not willing to say humans are a cause. president obama is still on the road selling his middle class economic program and other ideas he laid out in the state of union. the president will speak at the university of kansas. after that he returns to"
https://archive.org/details/CNNW_20150121_080000_CNNI_Simulcast#start/1373/end/1408,1/21/2015 8:23:08,CNN,CNNI Simulcast,CNNW_20150121_080000_CNNI_Simulcast,https://archive.org/download/CNNW_20150121_080000_CNNI_Simulcast/CNNW_20150121_080000_CNNI_Simulcast.thumbs/CNNW_20150121_080000_CNNI_Simulcast_001365.jpg,"i was looking at the panels. you have a panel looking at the context, a panel on climate change. there is a lot of talk about the outlook for this on the terror front and economically speaking. yeah. and the president, the u.s. president put the economy front"
https://archive.org/details/CNNW_20150115_150000_CNN_Newsroom_With_Carol_Costello#start/2559/end/2594,1/15/2015 15:42:54,CNN,CNN Newsroom With Carol Costello,CNNW_20150115_150000_CNN_Newsroom_With_Carol_Costello,https://archive.org/download/CNNW_20150115_150000_CNN_Newsroom_With_Carol_Costello/CNNW_20150115_150000_CNN_Newsroom_With_Carol_Costello.thumbs/CNNW_20150115_150000_CNN_Newsroom_With_Carol_Costello_002535.jpg,"necessarily be surprised if they lash out. he used this home-spun analogy, carol. he said i don't care if the guy is my best friend if he insults my mom, i'm going to punch him in the nose. that was his analogy. we also heard from him on climate change saying that he"
https://archive.org/details/CNNW_20150125_120000_New_Day_Sunday#start/188/end/223,1/25/2015 12:03:23,CNN,New Day Sunday,CNNW_20150125_120000_New_Day_Sunday,https://archive.org/download/CNNW_20150125_120000_New_Day_Sunday/CNNW_20150125_120000_New_Day_Sunday.thumbs/CNNW_20150125_120000_New_Day_Sunday_000165.jpg,"cooperation and defense technology. also climate change and lifting people out of poverty in india. sounds like there is a deepening cooperation in all of these areas. but nothing to the point of being signed, sealed, and delivered. i think it was telling that the white house didn't put out any big announcements or fact"
https://archive.org/details/CNNW_20150125_110000_New_Day_Sunday#start/2978/end/3013,1/25/2015 11:49:53,CNN,New Day Sunday,CNNW_20150125_110000_New_Day_Sunday,https://archive.org/download/CNNW_20150125_110000_New_Day_Sunday/CNNW_20150125_110000_New_Day_Sunday.thumbs/CNNW_20150125_110000_New_Day_Sunday_002976.jpg,"get a better understanding what we are hearing from the prime minister. suzanne was talking a moment ago about the climate change agreement and what we are also hearing from the prime minister. i think we have got another question here. let's listen in. between the united states and china does not impose any"
https://archive.org/details/CNNW_20150128_150000_CNN_Newsroom_With_Carol_Costello#start/2238/end/2273,1/28/2015 15:37:33,CNN,CNN Newsroom With Carol Costello,CNNW_20150128_150000_CNN_Newsroom_With_Carol_Costello,https://archive.org/download/CNNW_20150128_150000_CNN_Newsroom_With_Carol_Costello/CNNW_20150128_150000_CNN_Newsroom_With_Carol_Costello.thumbs/CNNW_20150128_150000_CNN_Newsroom_With_Carol_Costello_002235.jpg,"these more intense storms that will come our way because of climate change. christine romans is here with more on the economics of this storm. winter happens. mother nature happens no question. when it is intense like this and you have cities shut down it costs a lot of money and most of"
https://archive.org/details/CNNW_20150118_200000_CNN_Newsroom#start/2198/end/2233,1/18/2015 20:36:53,CNN,CNN Newsroom,CNNW_20150118_200000_CNN_Newsroom,https://archive.org/download/CNNW_20150118_200000_CNN_Newsroom/CNNW_20150118_200000_CNN_Newsroom.thumbs/CNNW_20150118_200000_CNN_Newsroom_002175.jpg,"executive power on a whole array of other issues such as immigration, the climate change regulations and possibility of a climate deal with china and probably others that are coming. i think we'll see two very different things. framing the debate with legislative proposals and actually changing the landscape with unilateral executive"
https://archive.org/details/CNNW_20150114_110000_New_Day#start/5656/end/5691,1/14/2015 12:34:31,CNN,New Day,CNNW_20150114_110000_New_Day,https://archive.org/download/CNNW_20150114_110000_New_Day/CNNW_20150114_110000_New_Day.thumbs/CNNW_20150114_110000_New_Day_005655.jpg,"president obama's climate change adviser. senior adviser, he's leaving next month, to be there, the question is if hillary clinton runs for president. but you don't leave a senior job at the white house unless you have a little private information that she's going to run for president, right? i mean this has been the plan"
