﻿URL,MatchDateTime,Station,Show,IAShowID,IAPreviewThumb,Snippet
https://archive.org/details/CNN_20100328_100000_CNN_Newsroom#start/707/end/742,3/28/2010 10:12:02,CNN,CNN Newsroom,CNN_20100328_100000_CNN_Newsroom,https://archive.org/download/CNN_20100328_100000_CNN_Newsroom/CNN_20100328_100000_CNN_Newsroom.thumbs/CNN_20100328_100000_CNN_Newsroom_000686.jpg,"probably yours as well. everybody spent an hour in the dark. did you observe this? i did not. somewhere in one of those cities, someone said, dude, did you forget to pay the bill? what happened? guest: but it's a good cause. it's supposed to draw attention to global warming and climate"
https://archive.org/details/CNN_20100323_100000_American_Morning#start/3050/end/3085,3/23/2010 10:51:05,CNN,American Morning,CNN_20100323_100000_American_Morning,https://archive.org/download/CNN_20100323_100000_American_Morning/CNN_20100323_100000_American_Morning.thumbs/CNN_20100323_100000_American_Morning_003030.jpg,"so we can safely store it. where it won't get into the atmosphere. exxonmobil is spending more than 100 million dollars. to build a plant that will demonstrate this process. i'm very optimistic about it. because this technology could be used. to reduce greenhouse gas emissions significantly."
https://archive.org/details/CNN_20100331_230000_John_King_USA#start/1236/end/1271,3/31/2010 23:20:51,CNN,John King USA,CNN_20100331_230000_John_King_USA,https://archive.org/download/CNN_20100331_230000_John_King_USA/CNN_20100331_230000_John_King_USA.thumbs/CNN_20100331_230000_John_King_USA_001224.jpg,"the fact of the matter is, new plans that will take us seven years forward with respect to the outer continental shelf are based on what is the best science for the -- what about this is a piece of the bigger climate change debate? well, on the energy and climate change legislation that"
https://archive.org/details/CNN_20100327_230000_CNN_Newsroom#start/1330/end/1365,3/27/2010 23:22:25,CNN,CNN Newsroom,CNN_20100327_230000_CNN_Newsroom,https://archive.org/download/CNN_20100327_230000_CNN_Newsroom/CNN_20100327_230000_CNN_Newsroom.thumbs/CNN_20100327_230000_CNN_Newsroom_001314.jpg,"looks more like a nightmare than something fun. so, listen, so the message, then, seems to be, i don't know. use of energy -- use less energy i should say but i understand your focus is climate change."
https://archive.org/details/CNN_20100304_220000_The_Situation_Room_With_Wolf_Blitzer#start/903/end/938,3/4/2010 22:15:18,CNN,The Situation Room With Wolf Blitzer,CNN_20100304_220000_The_Situation_Room_With_Wolf_Blitzer,https://archive.org/download/CNN_20100304_220000_The_Situation_Room_With_Wolf_Blitzer/CNN_20100304_220000_The_Situation_Room_With_Wolf_Blitzer.thumbs/CNN_20100304_220000_The_Situation_Room_With_Wolf_Blitzer_000894.jpg,"white house wanted. it has gone nowhere in the senate and this one issue is already coming back to bite democrats in the house. here's an ad i want to show you run against virginia democrat for his vote on climate change legislation."
https://archive.org/details/CNN_20100304_220000_The_Situation_Room_With_Wolf_Blitzer#start/921/end/956,3/4/2010 22:15:36,CNN,The Situation Room With Wolf Blitzer,CNN_20100304_220000_The_Situation_Room_With_Wolf_Blitzer,https://archive.org/download/CNN_20100304_220000_The_Situation_Room_With_Wolf_Blitzer/CNN_20100304_220000_The_Situation_Room_With_Wolf_Blitzer.thumbs/CNN_20100304_220000_The_Situation_Room_With_Wolf_Blitzer_000924.jpg,"with nancy pelosi over and over. tell him he was wrong to vote important the pelosi energy tax. now, wolf, the republican campaign committee read similar ads to this one slamming several other democrats for their climate change vote already."
https://archive.org/details/CNN_20100331_210000_The_Situation_Room_With_Wolf_Blitzer#start/964/end/999,3/31/2010 21:16:19,CNN,The Situation Room With Wolf Blitzer,CNN_20100331_210000_The_Situation_Room_With_Wolf_Blitzer,https://archive.org/download/CNN_20100331_210000_The_Situation_Room_With_Wolf_Blitzer/CNN_20100331_210000_The_Situation_Room_With_Wolf_Blitzer.thumbs/CNN_20100331_210000_The_Situation_Room_With_Wolf_Blitzer_000960.jpg,"e-mails to other scientists about climate change were hacked and posted on the internet. critics seized on them claiming the e-mails showed scientists were trying to exaggerate the threat of global warming. not true, according to a parliamentary committee in the uk."
https://archive.org/details/CNN_20100303_020000_Larry_King_Live#start/585/end/620,3/3/2010 2:10:00,CNN,Larry King Live,CNN_20100303_020000_Larry_King_Live,https://archive.org/download/CNN_20100303_020000_Larry_King_Live/CNN_20100303_020000_Larry_King_Live.thumbs/CNN_20100303_020000_Larry_King_Live_000570.jpg,"and that's exactly what i can bring to this job. larry: how do you assess governor schwarzenegger? i think the governor has been a bull thinker. he's led the country in terms of climate change and dealing with global warming. he's put a lot of stuff out on"
https://archive.org/details/CNN_20100303_050000_Larry_King_Live#start/592/end/627,3/3/2010 5:10:07,CNN,Larry King Live,CNN_20100303_050000_Larry_King_Live,https://archive.org/download/CNN_20100303_050000_Larry_King_Live/CNN_20100303_050000_Larry_King_Live.thumbs/CNN_20100303_050000_Larry_King_Live_000570.jpg,"he's led the country in terms of climate change and dealing with global warming. he's put a lot of stuff out on the budget, but he's running to the buzz saw of partisan bickering up there. and there was a time when the republicans used to work with democrats. and i don't know all the things"
https://archive.org/details/CNN_20100329_050000_CNN_Newsroom#start/489/end/524,3/29/2010 5:08:24,CNN,CNN Newsroom,CNN_20100329_050000_CNN_Newsroom,https://archive.org/download/CNN_20100329_050000_CNN_Newsroom/CNN_20100329_050000_CNN_Newsroom.thumbs/CNN_20100329_050000_CNN_Newsroom_000476.jpg,"i'm very optimistic about it. because this technology could be used. to reduce greenhouse gas emissions significantly. to reduce greenhouse gas emissions significantly. hos15% or more on car to geico insurance?e you host: did the waltons take way too long to say goodnight? mom: g'night john boy. g'night mary ellen."
https://archive.org/details/CNN_20100305_003040_The_Situation_Room_With_Wolf_Blitzer#start/1743/end/1778,3/5/2010 0:59:58,CNN,The Situation Room With Wolf Blitzer,CNN_20100305_003040_The_Situation_Room_With_Wolf_Blitzer,https://archive.org/download/CNN_20100305_003040_The_Situation_Room_With_Wolf_Blitzer/CNN_20100305_003040_The_Situation_Room_With_Wolf_Blitzer.thumbs/CNN_20100305_003040_The_Situation_Room_With_Wolf_Blitzer_001734.jpg,"rain, whales, the nature of green, global warming, boy are you at the wrong concert. i am so sick and"
https://archive.org/details/CNN_20100327_150000_CNN_Newsroom#start/2170/end/2205,3/27/2010 15:36:25,CNN,CNN Newsroom,CNN_20100327_150000_CNN_Newsroom,https://archive.org/download/CNN_20100327_150000_CNN_Newsroom/CNN_20100327_150000_CNN_Newsroom.thumbs/CNN_20100327_150000_CNN_Newsroom_002154.jpg,"planet earth. it's a global call to unity and action on mitigating climate change, stopping climate change and committing to carbon caps. reporter: but what does it"
https://archive.org/details/CNN_20100325_000000_Campbell_Brown#start/1519/end/1554,3/25/2010 0:25:34,CNN,Campbell Brown,CNN_20100325_000000_Campbell_Brown,https://archive.org/download/CNN_20100325_000000_Campbell_Brown/CNN_20100325_000000_Campbell_Brown.thumbs/CNN_20100325_000000_Campbell_Brown_001464.jpg,"to reduce greenhouse gas emissions significantly. throughout our lives, we encounter new opportunities. at the hartford, we help you pursue them with confidence. by preparing you for tomorrow."
https://archive.org/details/CNN_20100304_233024_The_Situation_Room_With_Wolf_Blitzer#start/2001/end/2036,3/5/2010 0:04:00,CNN,The Situation Room With Wolf Blitzer,CNN_20100304_233024_The_Situation_Room_With_Wolf_Blitzer,https://archive.org/download/CNN_20100304_233024_The_Situation_Room_With_Wolf_Blitzer/CNN_20100304_233024_The_Situation_Room_With_Wolf_Blitzer.thumbs/CNN_20100304_233024_The_Situation_Room_With_Wolf_Blitzer_001974.jpg,"explains why. you know, senate democrats are making life and reelection very uncomfortable for their colleagues in the house, and here's why. remember, president obama promised transformation. he wanted bold action on jobs, on finance reform, on climate"
https://archive.org/details/CNN_20100331_150000_CNN_Newsroom#start/1706/end/1741,3/31/2010 15:28:41,CNN,CNN Newsroom,CNN_20100331_150000_CNN_Newsroom,https://archive.org/download/CNN_20100331_150000_CNN_Newsroom/CNN_20100331_150000_CNN_Newsroom.thumbs/CNN_20100331_150000_CNN_Newsroom_001704.jpg,"the pump, suddenly everyone is an energy expert and when it goes back down, everybody's back to their old habits. for decades we've talked about the threat to future generations posed by our current system of energy, even as we can see the mounting evidence of climate"
https://archive.org/details/CNN_20100323_230000_John_King_USA#start/2135/end/2170,3/23/2010 23:35:50,CNN,John King USA,CNN_20100323_230000_John_King_USA,https://archive.org/download/CNN_20100323_230000_John_King_USA/CNN_20100323_230000_John_King_USA.thumbs/CNN_20100323_230000_John_King_USA_002005.jpg,"to reduce greenhouse gas emissions significantly. i come from a, you know, small farm, you know, town, in pleasantville, iowa, population 1000. you know, you don't feel like you have the power to influence political debate. you know, you can vote, but"
https://archive.org/details/CNN_20100327_020000_Anderson_Cooper_360#start/5443/end/5478,3/27/2010 3:30:58,CNN,Anderson Cooper 360,CNN_20100327_020000_Anderson_Cooper_360,https://archive.org/download/CNN_20100327_020000_Anderson_Cooper_360/CNN_20100327_020000_Anderson_Cooper_360.thumbs/CNN_20100327_020000_Anderson_Cooper_360_005421.jpg,"i'm very optimistic about it. because this technology could be used. to reduce greenhouse gas emissions significantly. when we tn lolobster into irresistible creations. like new wood-grilled lobster and parmesan scampi. our signature lobster lover's dream. and eleven more choices."
https://archive.org/details/CNN_20100331_150000_CNN_Newsroom#start/2302/end/2337,3/31/2010 15:38:37,CNN,CNN Newsroom,CNN_20100331_150000_CNN_Newsroom,https://archive.org/download/CNN_20100331_150000_CNN_Newsroom/CNN_20100331_150000_CNN_Newsroom.thumbs/CNN_20100331_150000_CNN_Newsroom_002273.jpg,"we need to develop alternative and renewable services, and i believe nuclear is part of the equation for independence and reducing our greenhouse gas emissions. i don't think we can drill our way out of this problem. senator cardin, good to see you."
https://archive.org/details/CNN_20100322_170000_CNN_Newsroom#start/5230/end/5265,3/22/2010 18:27:25,CNN,CNN Newsroom,CNN_20100322_170000_CNN_Newsroom,https://archive.org/download/CNN_20100322_170000_CNN_Newsroom/CNN_20100322_170000_CNN_Newsroom.thumbs/CNN_20100322_170000_CNN_Newsroom_005220.jpg,"there is a volucano. and it's under a glacier. in a glacier. yes. but not caused by global warming. we're talking about it was a fairly dormant but now"
https://archive.org/details/CNN_20100331_230000_John_King_USA#start/2015/end/2050,3/31/2010 23:33:50,CNN,John King USA,CNN_20100331_230000_John_King_USA,https://archive.org/download/CNN_20100331_230000_John_King_USA/CNN_20100331_230000_John_King_USA.thumbs/CNN_20100331_230000_John_King_USA_001884.jpg,"where it won't get into the atmosphere. exxonmobil is spending more than 100 million dollars. to build a plant that will demonstrate this process. i'm very optimistic about it. because this technology could be used. to reduce greenhouse gas emissions significantly. today's most important"
https://archive.org/details/CNN_20100324_050000_Anderson_Cooper_360#start/1101/end/1136,3/24/2010 5:18:36,CNN,Anderson Cooper 360,CNN_20100324_050000_Anderson_Cooper_360,https://archive.org/download/CNN_20100324_050000_Anderson_Cooper_360/CNN_20100324_050000_Anderson_Cooper_360.thumbs/CNN_20100324_050000_Anderson_Cooper_360_001075.jpg,"exxonmobil is spending more than 100 million dollars. to build a plant that will demonstrate this process. i'm very optimistic about it. because this technology could be used. to reduce greenhouse gas emissions significantly. some people like to pretend. a flood could never happen to them."
https://archive.org/details/CNN_20100324_020000_Anderson_Cooper_360#start/2048/end/2083,3/24/2010 2:34:23,CNN,Anderson Cooper 360,CNN_20100324_020000_Anderson_Cooper_360,https://archive.org/download/CNN_20100324_020000_Anderson_Cooper_360/CNN_20100324_020000_Anderson_Cooper_360.thumbs/CNN_20100324_020000_Anderson_Cooper_360_002034.jpg,"where it won't get into the atmosphere. exxonmobil is spending more than 100 million dollars. to build a plant that will demonstrate this process. i'm very optimistic about it. because this technology could be used. to reduce greenhouse gas emissions significantly. no matter how the market changes,"
https://archive.org/details/CNN_20100329_100000_American_Morning#start/2334/end/2369,3/29/2010 10:39:09,CNN,American Morning,CNN_20100329_100000_American_Morning,https://archive.org/download/CNN_20100329_100000_American_Morning/CNN_20100329_100000_American_Morning.thumbs/CNN_20100329_100000_American_Morning_002304.jpg,"to build a plant that will demonstrate this process. i'm very optimistic about it. because this technology could be used. to reduce greenhouse gas emissions significantly. of the world's most revered luxury sedan. this is a history of over 50000 crash-tested cars."
https://archive.org/details/CNN_20100327_190000_CNN_Newsroom#start/3047/end/3082,3/27/2010 19:51:02,CNN,CNN Newsroom,CNN_20100327_190000_CNN_Newsroom,https://archive.org/download/CNN_20100327_190000_CNN_Newsroom/CNN_20100327_190000_CNN_Newsroom.thumbs/CNN_20100327_190000_CNN_Newsroom_003022.jpg,"i'm very optimistic about it. because this technology could be used. to reduce greenhouse gas emissions significantly. sir? finding everything okay? i work for a different insurance company. my auto policy's just getting a little too expensive. with progressive, you get the 'name your price' option,"
https://archive.org/details/CNN_20100331_170000_CNN_Newsroom#start/880/end/915,3/31/2010 17:14:55,CNN,CNN Newsroom,CNN_20100331_170000_CNN_Newsroom,https://archive.org/download/CNN_20100331_170000_CNN_Newsroom/CNN_20100331_170000_CNN_Newsroom.thumbs/CNN_20100331_170000_CNN_Newsroom_000865.jpg,"we've got to bring down our greenhouse gas emissions which means using less fossil fuel. generally speaking this administration does seem to support that view. yeah, it's true. there's a lot that the obama administration is doing that we strongly support. the news that we'll hear"
https://archive.org/details/CNN_20100310_160000_CNN_Newsroom#start/4474/end/4509,3/10/2010 17:14:49,CNN,CNN Newsroom,CNN_20100310_160000_CNN_Newsroom,https://archive.org/download/CNN_20100310_160000_CNN_Newsroom/CNN_20100310_160000_CNN_Newsroom.thumbs/CNN_20100310_160000_CNN_Newsroom_004461.jpg,"threaten other regions as well as the united states. in addition to earthquakes and tsunamis, global warming is a major concern for the entire planet. we must draw the lessons from"
https://archive.org/details/CNN_20100328_210000_Amanpour#start/1570/end/1605,3/28/2010 21:26:25,CNN,Amanpour,CNN_20100328_210000_Amanpour,https://archive.org/download/CNN_20100328_210000_Amanpour/CNN_20100328_210000_Amanpour.thumbs/CNN_20100328_210000_Amanpour_001560.jpg,"to build a plant that will demonstrate this process. i'm very optimistic about it. because this technology could be used. to reduce greenhouse gas emissions significantly. if you feel fraud or identity theft only happens to other people, then don't bother watching this commp$cial. i've taken precautions all my life."
https://archive.org/details/CNN_20100331_210000_The_Situation_Room_With_Wolf_Blitzer#start/979/end/1014,3/31/2010 21:16:34,CNN,The Situation Room With Wolf Blitzer,CNN_20100331_210000_The_Situation_Room_With_Wolf_Blitzer,https://archive.org/download/CNN_20100331_210000_The_Situation_Room_With_Wolf_Blitzer/CNN_20100331_210000_The_Situation_Room_With_Wolf_Blitzer.thumbs/CNN_20100331_210000_The_Situation_Room_With_Wolf_Blitzer_000960.jpg,"it's been investigating this and has cleared jones of hiding or manipulating data. the panel concluded, in its words, we have found no reason in this unfortunate episode to challenge the scientific consensus that global warming is happening and that it is induced"
https://archive.org/details/CNN_20100312_050000_Larry_King_Live#start/1674/end/1709,3/12/2010 5:28:09,CNN,Larry King Live,CNN_20100312_050000_Larry_King_Live,https://archive.org/download/CNN_20100312_050000_Larry_King_Live/CNN_20100312_050000_Larry_King_Live.thumbs/CNN_20100312_050000_Larry_King_Live_001650.jpg,"corner he may not call himself an alcoholic, but we can observe it. there are so many addictions not being acknowledged as addictions in our society. look at the obesity crisis. that's food addiction. look at global warming. that's the addiction to overconsumption."
https://archive.org/details/CNN_20100328_020000_CNN_Newsroom#start/1192/end/1227,3/28/2010 2:20:07,CNN,CNN Newsroom,CNN_20100328_020000_CNN_Newsroom,https://archive.org/download/CNN_20100328_020000_CNN_Newsroom/CNN_20100328_020000_CNN_Newsroom.thumbs/CNN_20100328_020000_CNN_Newsroom_001194.jpg,"world, millions switched off light switches at 8:30 local time for earth hour. the hour of darkness is meant to invite r lighten the world on global warming. more than a billion people took part in the event last year."
https://archive.org/details/CNN_20100331_210000_The_Situation_Room_With_Wolf_Blitzer#start/640/end/675,3/31/2010 21:10:55,CNN,The Situation Room With Wolf Blitzer,CNN_20100331_210000_The_Situation_Room_With_Wolf_Blitzer,https://archive.org/download/CNN_20100331_210000_The_Situation_Room_With_Wolf_Blitzer/CNN_20100331_210000_The_Situation_Room_With_Wolf_Blitzer.thumbs/CNN_20100331_210000_The_Situation_Room_With_Wolf_Blitzer_000630.jpg,"questions over global warming. british lawmakers have wrapped up their investigation of the scientists at the center of it all. stand by for results. and the suspects in a militia plot to kill police appear in court. what these christian warriors"
https://archive.org/details/CNN_20100317_100000_American_Morning#start/1739/end/1774,3/17/2010 10:29:14,CNN,American Morning,CNN_20100317_100000_American_Morning,https://archive.org/download/CNN_20100317_100000_American_Morning/CNN_20100317_100000_American_Morning.thumbs/CNN_20100317_100000_American_Morning_001740.jpg,"world. reporter: other issues like climate change reach beyond its memberships. we need you to join the fight. reporter: it is called grass roots organizing and many do it."
https://archive.org/details/CNN_20100312_020000_Larry_King_Live#start/1676/end/1711,3/12/2010 2:28:11,CNN,Larry King Live,CNN_20100312_020000_Larry_King_Live,https://archive.org/download/CNN_20100312_020000_Larry_King_Live/CNN_20100312_020000_Larry_King_Live.thumbs/CNN_20100312_020000_Larry_King_Live_001650.jpg,"corner he may not call himself an alcoholic, but we can observe it. there are so many addictions not being acknowledged as addictions in our society. look at the obesity crisis. that's food addiction. look at global warming. that's the addiction to overconsumption. we need to wake up to the"
https://archive.org/details/CNN_20100328_050000_CNN_Newsroom#start/1192/end/1227,3/28/2010 5:20:07,CNN,CNN Newsroom,CNN_20100328_050000_CNN_Newsroom,https://archive.org/download/CNN_20100328_050000_CNN_Newsroom/CNN_20100328_050000_CNN_Newsroom.thumbs/CNN_20100328_050000_CNN_Newsroom_001164.jpg,"their light switches at 8:30 p.m. local time for earth hour. the hour of darkness is meant tone lighten the world on global warming. organizers say last year more than a billion people took part in the event. certainly interesting to watch. we watched some of it here on"
https://archive.org/details/CNN_20100331_150000_CNN_Newsroom#start/1214/end/1249,3/31/2010 15:20:29,CNN,CNN Newsroom,CNN_20100331_150000_CNN_Newsroom,https://archive.org/download/CNN_20100331_150000_CNN_Newsroom/CNN_20100331_150000_CNN_Newsroom.thumbs/CNN_20100331_150000_CNN_Newsroom_001195.jpg,"we've got carol browner, the white house energy and climate change director. please give them a big round of applause. they put in a lot of work. good afternoonor martin"
https://archive.org/details/CNN_20100314_190000_Your_Money#start/806/end/841,3/14/2010 19:13:41,CNN,Your Money,CNN_20100314_190000_Your_Money,https://archive.org/download/CNN_20100314_190000_Your_Money/CNN_20100314_190000_Your_Money.thumbs/CNN_20100314_190000_Your_Money_000805.jpg,"christine, that i see with that philosophy. where do most jobs come from in this country? they come from businesses and they come from mostly actually small businesses, employers who hire less than 50 workers and those are the businesses that are kind of on strike right now. they're hunkered down. they're very worried about the future and you know what? they're worried about washington. they're worried about the health care bill with the new taxes, the union agenda, the climate"
https://archive.org/details/CNN_20100327_160000_CNN_Newsroom#start/1043/end/1078,3/27/2010 16:17:38,CNN,CNN Newsroom,CNN_20100327_160000_CNN_Newsroom,https://archive.org/download/CNN_20100327_160000_CNN_Newsroom/CNN_20100327_160000_CNN_Newsroom.thumbs/CNN_20100327_160000_CNN_Newsroom_001016.jpg,"tower. the event is aimed at raising awareness of global warming. windows broken out or shot out. people's lives are being threatened and gas lines are being cut as well. all this over the new health care bill? where does free speech cross the line? our legal guys will be weighing in."
https://archive.org/details/CNN_20100306_030000_Anderson_Cooper_360#start/312/end/347,3/6/2010 3:05:27,CNN,Anderson Cooper 360,CNN_20100306_030000_Anderson_Cooper_360,https://archive.org/download/CNN_20100306_030000_Anderson_Cooper_360/CNN_20100306_030000_Anderson_Cooper_360.thumbs/CNN_20100306_030000_Anderson_Cooper_360_000296.jpg,"the eve of health care, regulatory reform, climate change. i love the way you've been able to use the term shilly shallying twice. we don't hear that term enough. it's interesting when you see"
https://archive.org/details/CNN_20100327_230000_CNN_Newsroom#start/1229/end/1264,3/27/2010 23:20:44,CNN,CNN Newsroom,CNN_20100327_230000_CNN_Newsroom,https://archive.org/download/CNN_20100327_230000_CNN_Newsroom/CNN_20100327_230000_CNN_Newsroom.thumbs/CNN_20100327_230000_CNN_Newsroom_001225.jpg,"earth hour. right here on the east coast. an hour of darkness, meant to enlighten the world about climate change. businesses, city, states, counties, and individuals, like you, will turn off the lights in"
https://archive.org/details/CNN_20100331_210000_The_Situation_Room_With_Wolf_Blitzer#start/993/end/1028,3/31/2010 21:16:48,CNN,The Situation Room With Wolf Blitzer,CNN_20100331_210000_The_Situation_Room_With_Wolf_Blitzer,https://archive.org/download/CNN_20100331_210000_The_Situation_Room_With_Wolf_Blitzer/CNN_20100331_210000_The_Situation_Room_With_Wolf_Blitzer.thumbs/CNN_20100331_210000_The_Situation_Room_With_Wolf_Blitzer_000990.jpg,"by human activity. however, the report did criticize jones for not complying with requests from climate change skeptics for data. the panel had said it could sympathize with his frustration for complying with requests that"
https://archive.org/details/CNN_20100304_220000_The_Situation_Room_With_Wolf_Blitzer#start/858/end/893,3/4/2010 22:14:33,CNN,The Situation Room With Wolf Blitzer,CNN_20100304_220000_The_Situation_Room_With_Wolf_Blitzer,https://archive.org/download/CNN_20100304_220000_The_Situation_Room_With_Wolf_Blitzer/CNN_20100304_220000_The_Situation_Room_With_Wolf_Blitzer.thumbs/CNN_20100304_220000_The_Situation_Room_With_Wolf_Blitzer_000834.jpg,"climate change. it would seem very little has become law because congress has been busy grappling with health care. right? the house has been busy passing these bills. the house passed an expensive jobs bill but the senate passed"
https://archive.org/details/CNN_20100304_220000_The_Situation_Room_With_Wolf_Blitzer#start/890/end/925,3/4/2010 22:15:05,CNN,The Situation Room With Wolf Blitzer,CNN_20100304_220000_The_Situation_Room_With_Wolf_Blitzer,https://archive.org/download/CNN_20100304_220000_The_Situation_Room_With_Wolf_Blitzer/CNN_20100304_220000_The_Situation_Room_With_Wolf_Blitzer.thumbs/CNN_20100304_220000_The_Situation_Room_With_Wolf_Blitzer_000864.jpg,"standards for democrats. on the senate they are working on a watered-down compromise version that has gone nowhere. and then climate change. the house democrats have taken very controversial vote on a bill there and passed it the"
https://archive.org/details/CNN_20100306_060000_Anderson_Cooper_360#start/314/end/349,3/6/2010 6:05:29,CNN,Anderson Cooper 360,CNN_20100306_060000_Anderson_Cooper_360,https://archive.org/download/CNN_20100306_060000_Anderson_Cooper_360/CNN_20100306_060000_Anderson_Cooper_360.thumbs/CNN_20100306_060000_Anderson_Cooper_360_000296.jpg,"that kind of shilly-shallying doesn't help the president, especially on the eve of health care. regulatory reform, climate change. i love the way you've been able to use the term. shilly-shallying twice."
https://archive.org/details/CNN_20100328_000000_Campbell_Brown#start/1751/end/1786,3/28/2010 0:29:26,CNN,Campbell Brown,CNN_20100328_000000_Campbell_Brown,https://archive.org/download/CNN_20100328_000000_Campbell_Brown/CNN_20100328_000000_Campbell_Brown.thumbs/CNN_20100328_000000_Campbell_Brown_001733.jpg,"minute. stan hour of darkness meant to enlighten the world about climate change. millions are turning off all of their lights in solidarity 8:30 p.m. local time just in a few minutes. about one minute."
https://archive.org/details/CNN_20100321_140000_Fareed_Zakaria_GPS#start/2023/end/2058,3/21/2010 14:33:58,CNN,Fareed Zakaria GPS,CNN_20100321_140000_Fareed_Zakaria_GPS,https://archive.org/download/CNN_20100321_140000_Fareed_Zakaria_GPS/CNN_20100321_140000_Fareed_Zakaria_GPS.thumbs/CNN_20100321_140000_Fareed_Zakaria_GPS_002003.jpg,"because you were betting on the financial system collapsing, and you knew it, you had to be able to imagine a world radically different than the world you were sitting in. people have trouble with that. this is why global warming has so much trouble getting politicized. people have trouble saying, yeah, yeah, yeah, the scientists"
https://archive.org/details/CNN_20100331_210000_The_Situation_Room_With_Wolf_Blitzer#start/933/end/968,3/31/2010 21:15:48,CNN,The Situation Room With Wolf Blitzer,CNN_20100331_210000_The_Situation_Room_With_Wolf_Blitzer,https://archive.org/download/CNN_20100331_210000_The_Situation_Room_With_Wolf_Blitzer/CNN_20100331_210000_The_Situation_Room_With_Wolf_Blitzer.thumbs/CNN_20100331_210000_The_Situation_Room_With_Wolf_Blitzer_000930.jpg,"let's get to a follow-up now to a huge controversy in the debate on climb change. it centered on a british scientist that leaked e-mails and fed doubt whether global warming is real. now a pan until the uk has completed its investigation into what a lot of people have come to call, climate-gate. mary snow is working the story"
https://archive.org/details/CNN_20100304_233024_The_Situation_Room_With_Wolf_Blitzer#start/2086/end/2121,3/5/2010 0:05:25,CNN,The Situation Room With Wolf Blitzer,CNN_20100304_233024_The_Situation_Room_With_Wolf_Blitzer,https://archive.org/download/CNN_20100304_233024_The_Situation_Room_With_Wolf_Blitzer/CNN_20100304_233024_The_Situation_Room_With_Wolf_Blitzer.thumbs/CNN_20100304_233024_The_Situation_Room_With_Wolf_Blitzer_002063.jpg,"administration. now, wolf, the republican committee has run several ads similar to this one, slamming other democrats for their climate change vote already. the problem is, wolf, will they agree with his agenda or not? over in the house, they have"
https://archive.org/details/CNN_20100327_150000_CNN_Newsroom#start/2202/end/2237,3/27/2010 15:36:57,CNN,CNN Newsroom,CNN_20100327_150000_CNN_Newsroom,https://archive.org/download/CNN_20100327_150000_CNN_Newsroom/CNN_20100327_150000_CNN_Newsroom.thumbs/CNN_20100327_150000_CNN_Newsroom_002183.jpg,"they want action on climate change. reporter: an initiative of the wwf, it started in 2007 when more than 2 million sydney residents turned off all nonessential lights. the world followed australia's lead with this year's event reportedly ontrack to become the"
https://archive.org/details/CNN_20100310_050000_Larry_King_Live#start/3023/end/3058,3/10/2010 5:50:38,CNN,Larry King Live,CNN_20100310_050000_Larry_King_Live,https://archive.org/download/CNN_20100310_050000_Larry_King_Live/CNN_20100310_050000_Larry_King_Live.thumbs/CNN_20100310_050000_Larry_King_Live_002998.jpg,"water. that's why. larry: why climb a mountain to turn people's attention to water? well, you know what? kilimanjaro is the site of -- in tanzania is the site of a lot of climate change and water issues in general, and i think that"
https://archive.org/details/CNN_20100310_020000_Larry_King_Live#start/3034/end/3069,3/10/2010 2:50:49,CNN,Larry King Live,CNN_20100310_020000_Larry_King_Live,https://archive.org/download/CNN_20100310_020000_Larry_King_Live/CNN_20100310_020000_Larry_King_Live.thumbs/CNN_20100310_020000_Larry_King_Live_003030.jpg,"larry: why climb a mountain to turn people's attention to water? well, you know what kilimanjaro is a site, in tanzania is a site of a lot of climate change and water issues in general. and what we wanted to do was to"
https://archive.org/details/CNN_20100317_100000_American_Morning#start/8953/end/8988,3/17/2010 12:29:28,CNN,American Morning,CNN_20100317_100000_American_Morning,https://archive.org/download/CNN_20100317_100000_American_Morning/CNN_20100317_100000_American_Morning.thumbs/CNN_20100317_100000_American_Morning_008940.jpg,"otherish shies like climate change resonate beyond its membership. that's why it's been reach out to nonmembers. now we need you to join the fight. reporter: the effort and political speak is called grassroots organizing and many organizations do it. what is grassroots?"
https://archive.org/details/CNN_20100331_230000_John_King_USA#start/3018/end/3053,3/31/2010 23:50:33,CNN,John King USA,CNN_20100331_230000_John_King_USA,https://archive.org/download/CNN_20100331_230000_John_King_USA/CNN_20100331_230000_John_King_USA.thumbs/CNN_20100331_230000_John_King_USA_002992.jpg,"republicans and conservative democrats for climate change by doing the smart thing, the right thing, and developing our own resources here, which is a security issue, but this is right. and drill, baby, drill is right. can you believe this? this is where he announced it?"
https://archive.org/details/CNN_20100331_150000_CNN_Newsroom#start/2254/end/2289,3/31/2010 15:37:49,CNN,CNN Newsroom,CNN_20100331_150000_CNN_Newsroom,https://archive.org/download/CNN_20100331_150000_CNN_Newsroom/CNN_20100331_150000_CNN_Newsroom.thumbs/CNN_20100331_150000_CNN_Newsroom_002244.jpg,"and for the international responsibilities we have on global climate change. i strongly support that. i think we can have a comprehensive bill that protects our shores from off-shore drilling. to make the drill down, sorry, on that point here. it really makes sense right now"
https://archive.org/details/CNN_20100331_230000_John_King_USA#start/1221/end/1256,3/31/2010 23:20:36,CNN,John King USA,CNN_20100331_230000_John_King_USA,https://archive.org/download/CNN_20100331_230000_John_King_USA/CNN_20100331_230000_John_King_USA.thumbs/CNN_20100331_230000_John_King_USA_001194.jpg,"looking for a few votes here and maybe a couple over here so you can sell it as a big comprehensive climate change policy that they believe inevitably will lead to higher taxes, carbon taxes, for american businesses and families. do they have a point? john, they are simply wrong."
https://archive.org/details/CNN_20100306_030000_Anderson_Cooper_360#start/3905/end/3940,3/6/2010 4:05:20,CNN,Anderson Cooper 360,CNN_20100306_030000_Anderson_Cooper_360,https://archive.org/download/CNN_20100306_030000_Anderson_Cooper_360/CNN_20100306_030000_Anderson_Cooper_360.thumbs/CNN_20100306_030000_Anderson_Cooper_360_003892.jpg,"does not help the president especially on the eve of so many important decisions, whether it's on health care or regul regulatory reform, climate change. i love the way you've been able to use the term shilly shallying twice. we don't hear that term enough. it's interesting when you see"
https://archive.org/details/CNN_20100331_230000_John_King_USA#start/1615/end/1650,3/31/2010 23:27:10,CNN,John King USA,CNN_20100331_230000_John_King_USA,https://archive.org/download/CNN_20100331_230000_John_King_USA/CNN_20100331_230000_John_King_USA.thumbs/CNN_20100331_230000_John_King_USA_001614.jpg,"debate on climate change. it's not called cap and trade anymore, but pretty big transformations. i'm sure lindsey graham will fall for it hook, line, and sinker, the senator from south carolina. it's great that ken salazar has changed his mind from when he was in the senate a few kreerg"
https://archive.org/details/CNN_20100327_150000_CNN_Newsroom#start/2107/end/2142,3/27/2010 15:35:22,CNN,CNN Newsroom,CNN_20100327_150000_CNN_Newsroom,https://archive.org/download/CNN_20100327_150000_CNN_Newsroom/CNN_20100327_150000_CNN_Newsroom.thumbs/CNN_20100327_150000_CNN_Newsroom_002093.jpg,"the latest on your forecast. let's send it back to you at the desk. all right, reynolds. we appreciate it. thank you. you know you want to do something about climate change? well, then hit your light switch in about nine hours from now. cnn's rosemary church explains."
https://archive.org/details/CNN_20100331_100000_American_Morning#start/1064/end/1099,3/31/2010 10:17:59,CNN,American Morning,CNN_20100331_100000_American_Morning,https://archive.org/download/CNN_20100331_100000_American_Morning/CNN_20100331_100000_American_Morning.thumbs/CNN_20100331_100000_American_Morning_001044.jpg,"reporter: so john, really, what's behind all of this. the president kind of hinted and that is getting comprehensive energy climate change reform passed in congress. that is what he is trying to do. the senate is expected to take up that legislation before the"
https://archive.org/details/CNN_20100313_180000_Your_Money#start/790/end/825,3/13/2010 18:13:25,CNN,Your Money,CNN_20100313_180000_Your_Money,https://archive.org/download/CNN_20100313_180000_Your_Money/CNN_20100313_180000_Your_Money.thumbs/CNN_20100313_180000_Your_Money_000774.jpg,"they're very worried about the future and you know what? worried about washington. worried about the health care bill with the new taxes. the union agenda, climate change, a lot of what we're doing in washington, i'd make the case, is anti-em ploimtd. we haven't done much to help the"
https://archive.org/details/CNN_20100331_170000_CNN_Newsroom#start/368/end/403,3/31/2010 17:06:23,CNN,CNN Newsroom,CNN_20100331_170000_CNN_Newsroom,https://archive.org/download/CNN_20100331_170000_CNN_Newsroom/CNN_20100331_170000_CNN_Newsroom.thumbs/CNN_20100331_170000_CNN_Newsroom_000355.jpg,"energy expert. and when it goes back down, everybody is back to their old habits. for decades we talked about the threat to future generations posed by our current system of energy. even as we can see the mounting evidence of climate change from the arctic circle to the gulf"
https://archive.org/details/CNN_20100331_230000_John_King_USA#start/1646/end/1681,3/31/2010 23:27:41,CNN,John King USA,CNN_20100331_230000_John_King_USA,https://archive.org/download/CNN_20100331_230000_John_King_USA/CNN_20100331_230000_John_King_USA.thumbs/CNN_20100331_230000_John_King_USA_001643.jpg,"let's it was. now they're saying, okay, let's review it but not until 2012. and just ignore the fact that a judge two weeks ago said you can give the leases away from the bureau of land management but we have to assess them for climate change. show, you don't buy it."
https://archive.org/details/CNN_20100331_230000_John_King_USA#start/1600/end/1635,3/31/2010 23:26:55,CNN,John King USA,CNN_20100331_230000_John_King_USA,https://archive.org/download/CNN_20100331_230000_John_King_USA/CNN_20100331_230000_John_King_USA.thumbs/CNN_20100331_230000_John_King_USA_001583.jpg,"this new offshore drilling proposal which he says is the right middle ground approach, but to move on to the bigger debate about climate change. some conservatives have claimed it's a trap that maybe you like parts of the offshore drilling plan but they are trying to get you involved in a bigering"
https://archive.org/details/CNN_20100327_230000_CNN_Newsroom#start/1346/end/1381,3/27/2010 23:22:41,CNN,CNN Newsroom,CNN_20100327_230000_CNN_Newsroom,https://archive.org/download/CNN_20100327_230000_CNN_Newsroom/CNN_20100327_230000_CNN_Newsroom.thumbs/CNN_20100327_230000_CNN_Newsroom_001345.jpg,"so what exactly are you trying to say about this mass switchoff here? first of all, it knits together the world. it gives people an opportunity to give voice to the fact that climate change is real. they're committed to do something about it and want to ask others to do something about it."
https://archive.org/details/CNN_20100331_100000_American_Morning#start/7655/end/7690,3/31/2010 12:07:50,CNN,American Morning,CNN_20100331_100000_American_Morning,https://archive.org/download/CNN_20100331_100000_American_Morning/CNN_20100331_100000_American_Morning.thumbs/CNN_20100331_100000_American_Morning_007637.jpg,"administration is trying to pitch as a compromise here when it comes to the climate change legislation that they're trying to push desperately, john, trying to get moderate democrats and some republicans on board so they can push this thing through. it's a big gift to the oil companies and a gift to some of"
https://archive.org/details/CNN_20100328_200000_CNN_Newsroom#start/1534/end/1569,3/28/2010 20:25:49,CNN,CNN Newsroom,CNN_20100328_200000_CNN_Newsroom,https://archive.org/download/CNN_20100328_200000_CNN_Newsroom/CNN_20100328_200000_CNN_Newsroom.thumbs/CNN_20100328_200000_CNN_Newsroom_001530.jpg,"commitment, and i completely forgot about it. the whole world was supposed to do that last night at 8:30 for one hour to hopefully conserve energy and help get rid of climate change hopefully or at least put a dent into it. earth hour. yeah. so we had -- this is fairly new, though."
https://archive.org/details/CNN_20100331_210000_The_Situation_Room_With_Wolf_Blitzer#start/4148/end/4183,3/31/2010 22:09:23,CNN,The Situation Room With Wolf Blitzer,CNN_20100331_210000_The_Situation_Room_With_Wolf_Blitzer,https://archive.org/download/CNN_20100331_210000_The_Situation_Room_With_Wolf_Blitzer/CNN_20100331_210000_The_Situation_Room_With_Wolf_Blitzer.thumbs/CNN_20100331_210000_The_Situation_Room_With_Wolf_Blitzer_004140.jpg,"to get them into a bigger debate on climate change that could include carbon taxes or cap and trade is no longer on the table but something like that the republicans say whoa. if they don't like it. here's what he said in june of 2008 in jacksonville, florida, i'm going to play the clip for"
