﻿URL,MatchDateTime,Station,Show,IAShowID,IAPreviewThumb,Snippet
https://archive.org/details/CNNW_20120927_040000_Piers_Morgan_Tonight#start/2478/end/2513,9/27/2012 4:41:33,CNN,Piers Morgan Tonight,CNNW_20120927_040000_Piers_Morgan_Tonight,https://archive.org/download/CNNW_20120927_040000_Piers_Morgan_Tonight/CNNW_20120927_040000_Piers_Morgan_Tonight.thumbs/CNNW_20120927_040000_Piers_Morgan_Tonight_002458.jpg,"how you can be involved. your area, energy oil, talk to me about that and your relationship with cgi about that. we have to understand our responsibilities as global citizens. global warming, climate change it is a fact. we had the lowest ice pack at"
https://archive.org/details/CNNW_20120924_090000_EarlyStart#start/619/end/654,9/24/2012 9:10:34,CNN,EarlyStart,CNNW_20120924_090000_EarlyStart,https://archive.org/download/CNNW_20120924_090000_EarlyStart/CNNW_20120924_090000_EarlyStart.thumbs/CNNW_20120924_090000_EarlyStart_000597.jpg,"they basically say global warming is one of the main factors. we have no way of actually determining that. this is what most of these climbers have been saying. and the avalanches are not just more freak went but a lot bigger"
https://archive.org/details/CNNW_20120907_040000_Piers_Morgan_Tonight#start/3168/end/3203,9/7/2012 4:53:03,CNN,Piers Morgan Tonight,CNNW_20120907_040000_Piers_Morgan_Tonight,https://archive.org/download/CNNW_20120907_040000_Piers_Morgan_Tonight/CNNW_20120907_040000_Piers_Morgan_Tonight.thumbs/CNNW_20120907_040000_Piers_Morgan_Tonight_003148.jpg,"[ applause ] and yes, my plan will continue to reduce the carbon pollution that is heating our planet, because climate change is not a hoax. more droughts and floods and"
https://archive.org/details/CNNW_20120907_050000_Democratic_National_Convention#start/5115/end/5150,9/7/2012 6:25:30,CNN,Democratic National Convention,CNNW_20120907_050000_Democratic_National_Convention,https://archive.org/download/CNNW_20120907_050000_Democratic_National_Convention/CNNW_20120907_050000_Democratic_National_Convention.thumbs/CNNW_20120907_050000_Democratic_National_Convention_005097.jpg,"600000 new jobs in natural gas alone. [ applause ] and yes, my plan will continue to reduce the carbon pollution that is heating our planet, because climate change is not a"
https://archive.org/details/CNNW_20120924_160000_CNN_Newsroom#start/1923/end/1958,9/24/2012 16:32:18,CNN,CNN Newsroom,CNNW_20120924_160000_CNN_Newsroom,https://archive.org/download/CNNW_20120924_160000_CNN_Newsroom/CNNW_20120924_160000_CNN_Newsroom.thumbs/CNNW_20120924_160000_CNN_Newsroom_001918.jpg,"it was still avalanche season to that mountain. it hadn't changed the season yet. sure. how common are they in that region because i know local mountain guides have reported there's more of this ice melting because of global warming on the peaks? it's kind of not true."
https://archive.org/details/CNNW_20120901_000000_Anderson_Cooper_360#start/1808/end/1843,9/1/2012 0:30:23,CNN,Anderson Cooper 360,CNNW_20120901_000000_Anderson_Cooper_360,https://archive.org/download/CNNW_20120901_000000_Anderson_Cooper_360/CNNW_20120901_000000_Anderson_Cooper_360.thumbs/CNNW_20120901_000000_Anderson_Cooper_360_001798.jpg,"to their evangelicals. they're climate change denial t denialists. that's what elections are? they appeal to that. when you're saying, look, we have got to cut the debt and everybody has to sacrifice,"
https://archive.org/details/CNNW_20120907_070000_Piers_Morgan_Tonight#start/3316/end/3351,9/7/2012 7:55:31,CNN,Piers Morgan Tonight,CNNW_20120907_070000_Piers_Morgan_Tonight,https://archive.org/download/CNNW_20120907_070000_Piers_Morgan_Tonight/CNNW_20120907_070000_Piers_Morgan_Tonight.thumbs/CNNW_20120907_070000_Piers_Morgan_Tonight_003298.jpg,"gas alone. and yes, my plan will continue to reduce the carbon pollution that is heating our planet, because climate change is not a hoax. more droughts and floods and wildfires are not a joke."
https://archive.org/details/CNNW_20120901_050000_Anderson_Cooper_360#start/1781/end/1816,9/1/2012 5:29:56,CNN,Anderson Cooper 360,CNNW_20120901_050000_Anderson_Cooper_360,https://archive.org/download/CNNW_20120901_050000_Anderson_Cooper_360/CNNW_20120901_050000_Anderson_Cooper_360.thumbs/CNNW_20120901_050000_Anderson_Cooper_360_001768.jpg,"to some extent that is what everybody does. the republican party appealing to the evangelicals and the climate change denialists. that what the elections are now? yes, they appeal to that. i don't think that when you say,"
https://archive.org/details/CNNW_20120906_200000_Democratic_National_Convention#start/1002/end/1037,9/6/2012 20:16:57,CNN,Democratic National Convention,CNNW_20120906_200000_Democratic_National_Convention,https://archive.org/download/CNNW_20120906_200000_Democratic_National_Convention/CNNW_20120906_200000_Democratic_National_Convention.thumbs/CNNW_20120906_200000_Democratic_National_Convention_000988.jpg,"unpopular. climate change -- how about -- explain them they're not so unpopular. let's go back to the governor's analogy. great depression lasted from 1929 to 1945. you know why it lasted so long? because we tried exactly the same policys that are failing"
https://archive.org/details/CNNW_20120923_140000_Fareed_Zakaria_GPS#start/2228/end/2263,9/23/2012 14:37:23,CNN,Fareed Zakaria GPS,CNNW_20120923_140000_Fareed_Zakaria_GPS,https://archive.org/download/CNNW_20120923_140000_Fareed_Zakaria_GPS/CNNW_20120923_140000_Fareed_Zakaria_GPS.thumbs/CNNW_20120923_140000_Fareed_Zakaria_GPS_002217.jpg,"couple of their stores. they think this is a good investment, so they're glad they're on the cutting edge of the fight against climate change, but they think it will save them money, save their customers money, create more jobs, and they designed it from the beginning."
https://archive.org/details/CNNW_20120906_230000_Democratic_National_Convention#start/13176/end/13211,9/7/2012 2:39:51,CNN,Democratic National Convention,CNNW_20120906_230000_Democratic_National_Convention,https://archive.org/download/CNNW_20120906_230000_Democratic_National_Convention/CNNW_20120906_230000_Democratic_National_Convention.thumbs/CNNW_20120906_230000_Democratic_National_Convention_013168.jpg,"and yes, my plan will continue to reduce the carbon pollution that is heating our planet, because climate change is not a hoax. more droughts and floods and wildfires are not a joke. they are a threat to our children's future, and in this"
https://archive.org/details/CNNW_20120901_080000_Anderson_Cooper_360#start/1790/end/1825,9/1/2012 8:30:05,CNN,Anderson Cooper 360,CNNW_20120901_080000_Anderson_Cooper_360,https://archive.org/download/CNNW_20120901_080000_Anderson_Cooper_360/CNNW_20120901_080000_Anderson_Cooper_360.thumbs/CNNW_20120901_080000_Anderson_Cooper_360_001769.jpg,"dividing people? well, that is what every, and to some extent that is what everybody does. the republican party appealing to the evangelicals and the climate change denialists. that what the elections are now? yes, they appeal to that. i don't think that when you say,"
https://archive.org/details/CNNW_20120906_210000_The_Situation_Room#start/2632/end/2667,9/6/2012 21:44:07,CNN,The Situation Room,CNNW_20120906_210000_The_Situation_Room,https://archive.org/download/CNNW_20120906_210000_The_Situation_Room/CNNW_20120906_210000_The_Situation_Room.thumbs/CNNW_20120906_210000_The_Situation_Room_002610.jpg,"the past to be reassured, let's look to the future. you know there are a lot of romneys. there's the romney who was going to be better on gay rights than ted kennedy. there was the romney for climate change. and now there's a romney who"
https://archive.org/details/CNNW_20120930_120000_CNN_Saturday_Morning#start/2640/end/2675,9/30/2012 12:44:15,CNN,CNN Saturday Morning,CNNW_20120930_120000_CNN_Saturday_Morning,https://archive.org/download/CNNW_20120930_120000_CNN_Saturday_Morning/CNNW_20120930_120000_CNN_Saturday_Morning.thumbs/CNNW_20120930_120000_CNN_Saturday_Morning_002638.jpg,"getting these panoramic views in high definition. so why is google doing this? google is doing this in partnership with the scientists, and the scientists specifically are saying we want to create awareness about the reef, but what is the impact of climate change is having on the 2300"
https://archive.org/details/CNNW_20120901_020000_Anderson_Cooper_360#start/1808/end/1843,9/1/2012 2:30:23,CNN,Anderson Cooper 360,CNNW_20120901_020000_Anderson_Cooper_360,https://archive.org/download/CNNW_20120901_020000_Anderson_Cooper_360/CNNW_20120901_020000_Anderson_Cooper_360.thumbs/CNNW_20120901_020000_Anderson_Cooper_360_001798.jpg,"climate change denialists. that what the elections are n now? yes, they appeal to that. i don't think that when you say, look, we have got to cut the debt, and everybody has to sacrifice, that therefore, the rich who have done really well should pay a little bit more to"
https://archive.org/details/CNNW_20120903_110000_Starting_Point#start/5851/end/5886,9/3/2012 12:37:46,CNN,Starting Point,CNNW_20120903_110000_Starting_Point,https://archive.org/download/CNNW_20120903_110000_Starting_Point/CNNW_20120903_110000_Starting_Point.thumbs/CNNW_20120903_110000_Starting_Point_005848.jpg,"on generating electricity and other sources of energy. you were part of a fairly significant contingent of utility executives who surprisingly supported action on climate change, supported the cap and trade bill that passed out of the house to live in c carbon emissions, not a discussion anymore from the"
https://archive.org/details/CNNW_20120903_110000_Starting_Point#start/5866/end/5901,9/3/2012 12:38:01,CNN,Starting Point,CNNW_20120903_110000_Starting_Point,https://archive.org/download/CNNW_20120903_110000_Starting_Point/CNNW_20120903_110000_Starting_Point.thumbs/CNNW_20120903_110000_Starting_Point_005848.jpg,"president. if he is re-elected what, if anything, would you expect from him in a second term dealing with the issue of climate change beyond what we've seen and fuel economy standards for cars? my view is we built power plants for 40 years and we need clarity in terms of the road"
https://archive.org/details/CNNW_20120908_220000_The_Situation_Room#start/1870/end/1905,9/8/2012 22:31:25,CNN,The Situation Room,CNNW_20120908_220000_The_Situation_Room,https://archive.org/download/CNNW_20120908_220000_The_Situation_Room/CNNW_20120908_220000_The_Situation_Room.thumbs/CNNW_20120908_220000_The_Situation_Room_001858.jpg,"talked about a lot in the last few years, what he's going to do and whether he will pursue them if he's re-elected. for instance, he mentioned climate change, but he didn't really tell us what he would do on that. we don't know on immigration reform, is he going to pursue a"
https://archive.org/details/CNNW_20120923_170000_Fareed_Zakaria_GPS#start/2132/end/2167,9/23/2012 17:35:47,CNN,Fareed Zakaria GPS,CNNW_20120923_170000_Fareed_Zakaria_GPS,https://archive.org/download/CNNW_20120923_170000_Fareed_Zakaria_GPS/CNNW_20120923_170000_Fareed_Zakaria_GPS.thumbs/CNNW_20120923_170000_Fareed_Zakaria_GPS_002127.jpg,"number one producer of solar power of all the corporations in america. they even have wind mills at a couple of their stores. they think this is a good investment, so they're glad they're on the cutting edge of the fight against climate change, but they think it will save them money, save their customers money, create more"
https://archive.org/details/CNNW_20120909_140000_Fareed_Zakaria_GPS#start/2372/end/2407,9/9/2012 14:39:47,CNN,Fareed Zakaria GPS,CNNW_20120909_140000_Fareed_Zakaria_GPS,https://archive.org/download/CNNW_20120909_140000_Fareed_Zakaria_GPS/CNNW_20120909_140000_Fareed_Zakaria_GPS.thumbs/CNNW_20120909_140000_Fareed_Zakaria_GPS_002368.jpg,"energy, i think far too many people have stopped and taken a deep breath and looked at it. we're having -- and i think this is the right word -- a revolution in u.s. oil and gas production. it's a bit obscured by the debate which is a proper one about climate change. if you look at what's happening"
https://archive.org/details/CNNW_20120909_170000_Fareed_Zakaria_GPS#start/2297/end/2332,9/9/2012 17:38:32,CNN,Fareed Zakaria GPS,CNNW_20120909_170000_Fareed_Zakaria_GPS,https://archive.org/download/CNNW_20120909_170000_Fareed_Zakaria_GPS/CNNW_20120909_170000_Fareed_Zakaria_GPS.thumbs/CNNW_20120909_170000_Fareed_Zakaria_GPS_002279.jpg,"occurring in energy, i think far too many people have stopped and taken a deep breath and looked at it. we're having -- and i think this is the right word -- a revolution in u.s. oil and gas production. it's a bit obscured by the debate which is a proper one about climate change. if you look at what's happening"
https://archive.org/details/CNNW_20120924_110000_Starting_Point#start/4762/end/4797,9/24/2012 12:19:37,CNN,Starting Point,CNNW_20120924_110000_Starting_Point,https://archive.org/download/CNNW_20120924_110000_Starting_Point/CNNW_20120924_110000_Starting_Point.thumbs/CNNW_20120924_110000_Starting_Point_004739.jpg,"nepal in particular is changing. they're saying it could be due to climate change. of course, there's no way of telling for sure. they're saying it's definitely gotten a lot warmer there. there's a lot less ice, a lot less snow. it's harder for them to use their ice axes and to scale these mountain. they were also saying there's a"
