﻿URL,MatchDateTime,Station,Show,IAShowID,IAPreviewThumb,Snippet
https://archive.org/details/CNNW_20160210_140000_CNN_Newsroom_With_Carol_Costello#start/5279/end/5314,2/10/2016 15:28:14,CNN,CNN Newsroom With Carol Costello,CNNW_20160210_140000_CNN_Newsroom_With_Carol_Costello,https://archive.org/download/CNNW_20160210_140000_CNN_Newsroom_With_Carol_Costello/CNNW_20160210_140000_CNN_Newsroom_With_Carol_Costello.thumbs/CNNW_20160210_140000_CNN_Newsroom_With_Carol_Costello_005277.jpg,"change. the supreme court has temporarily blocked the clean power plan from going forward while it's challenged in court. 29 states are suing over the plan which limits greenhouse gas"
https://archive.org/details/CNNW_20160207_150000_Fareed_Zakaria_GPS#start/1859/end/1894,2/7/2016 15:31:14,CNN,Fareed Zakaria GPS,CNNW_20160207_150000_Fareed_Zakaria_GPS,https://archive.org/download/CNNW_20160207_150000_Fareed_Zakaria_GPS/CNNW_20160207_150000_Fareed_Zakaria_GPS.thumbs/CNNW_20160207_150000_Fareed_Zakaria_GPS_001858.jpg,"it allows customers a lot of choice in how they deal with it. some might buy a more fuel-efficient car, others my use more public transportation. with oil prices at historic lows, introducing one now would be relatively painless. but how would a carbon tax ever"
https://archive.org/details/CNNW_20160210_020000_Americas_Choice_2016_The_New_Hampshire_Primary#start/2554/end/2589,2/10/2016 2:42:49,CNN,Americas Choice 2016 The New Hampshire Primary,CNNW_20160210_020000_Americas_Choice_2016_The_New_Hampshire_Primary,https://archive.org/download/CNNW_20160210_020000_Americas_Choice_2016_The_New_Hampshire_Primary/CNNW_20160210_020000_Americas_Choice_2016_The_New_Hampshire_Primary.thumbs/CNNW_20160210_020000_Americas_Choice_2016_The_New_Hampshire_Primary_002548.jpg,"and let me say that as a member of the energy committee in the senate and the environmental committee, the debate is over. climate change is real."
https://archive.org/details/CNNW_20160204_060000_AC360_Democratic_Presidential_Town_Hall#start/2464/end/2499,2/4/2016 6:41:19,CNN,AC360 Democratic Presidential Town Hall,CNNW_20160204_060000_AC360_Democratic_Presidential_Town_Hall,https://archive.org/download/CNNW_20160204_060000_AC360_Democratic_Presidential_Town_Hall/CNNW_20160204_060000_AC360_Democratic_Presidential_Town_Hall.thumbs/CNNW_20160204_060000_AC360_Democratic_Presidential_Town_Hall_002458.jpg,"with china. reluctantly and after a lot of pressure on her, she came out against the tpp and i'm glad that she did. every sensible person understands that climate change"
https://archive.org/details/CNNW_20160217_090000_Early_Start_With_John_Berman_and_Christine_Romans#start/167/end/202,2/17/2016 9:03:02,CNN,Early Start With John Berman and Christine Romans,CNNW_20160217_090000_Early_Start_With_John_Berman_and_Christine_Romans,https://archive.org/download/CNNW_20160217_090000_Early_Start_With_John_Berman_and_Christine_Romans/CNNW_20160217_090000_Early_Start_With_John_Berman_and_Christine_Romans.thumbs/CNNW_20160217_090000_Early_Start_With_John_Berman_and_Christine_Romans_000147.jpg,"then the ball is in the senate's court. christina, miguel? thanks to you. most especially donald trump. the president slamming all the gop candidates for their stances on climate change, ominous"
https://archive.org/details/CNNW_20160204_080000_AC360_Democratic_Presidential_Town_Hall#start/4202/end/4237,2/4/2016 9:10:17,CNN,AC360 Democratic Presidential Town Hall,CNNW_20160204_080000_AC360_Democratic_Presidential_Town_Hall,https://archive.org/download/CNNW_20160204_080000_AC360_Democratic_Presidential_Town_Hall/CNNW_20160204_080000_AC360_Democratic_Presidential_Town_Hall.thumbs/CNNW_20160204_080000_AC360_Democratic_Presidential_Town_Hall_004198.jpg,"discrimination, going after racism and sexism and the kind of abuses that lgbt community members have, looking for ways to bring more justice in the economy and the environment, fighting climate change."
https://archive.org/details/CNNW_20160202_040000_CNN_Americas_Choice_2016_The_Iowa_Caucuses#start/3521/end/3556,2/2/2016 4:58:56,CNN,CNN Americas Choice 2016 The Iowa Caucuses,CNNW_20160202_040000_CNN_Americas_Choice_2016_The_Iowa_Caucuses,https://archive.org/download/CNNW_20160202_040000_CNN_Americas_Choice_2016_The_Iowa_Caucuses/CNNW_20160202_040000_CNN_Americas_Choice_2016_The_Iowa_Caucuses.thumbs/CNNW_20160202_040000_CNN_Americas_Choice_2016_The_Iowa_Caucuses_003507.jpg,"really does astound me. i'm on the senate energy committee, on the senate environmental committee, i have talked to scientists all over the world. the debate is over, climate change is real."
https://archive.org/details/CNNW_20160204_080000_AC360_Democratic_Presidential_Town_Hall#start/2693/end/2728,2/4/2016 8:45:08,CNN,AC360 Democratic Presidential Town Hall,CNNW_20160204_080000_AC360_Democratic_Presidential_Town_Hall,https://archive.org/download/CNNW_20160204_080000_AC360_Democratic_Presidential_Town_Hall/CNNW_20160204_080000_AC360_Democratic_Presidential_Town_Hall.thumbs/CNNW_20160204_080000_AC360_Democratic_Presidential_Town_Hall_002668.jpg,"trade policies, nafta and pmtr with china. reluctantly and after a lot of pressure on her, she came out against the tpp and i'm glad that she did. every sensible person understands that climate change"
https://archive.org/details/CNNW_20160207_150000_Fareed_Zakaria_GPS#start/1714/end/1749,2/7/2016 15:28:49,CNN,Fareed Zakaria GPS,CNNW_20160207_150000_Fareed_Zakaria_GPS,https://archive.org/download/CNNW_20160207_150000_Fareed_Zakaria_GPS/CNNW_20160207_150000_Fareed_Zakaria_GPS.thumbs/CNNW_20160207_150000_Fareed_Zakaria_GPS_001708.jpg,"last year's agreement in paris to lower greenhouse gas emissions could mark a turning point in the fight against climate change if countries enact the one sure way to actually reduce emissions. they need to make people pay"
https://archive.org/details/CNNW_20160213_210000_CNN_Newsroom_With_Poppy_Harlow#start/906/end/941,2/13/2016 21:15:21,CNN,CNN Newsroom With Poppy Harlow,CNNW_20160213_210000_CNN_Newsroom_With_Poppy_Harlow,https://archive.org/download/CNNW_20160213_210000_CNN_Newsroom_With_Poppy_Harlow/CNNW_20160213_210000_CNN_Newsroom_With_Poppy_Harlow.thumbs/CNNW_20160213_210000_CNN_Newsroom_With_Poppy_Harlow_000898.jpg,"what is it? it's just the things he's talking about. the issues, for example, student debt. it's almost always on every speech that he gives. and, you know, the fact that he wants to fight climate change,"
https://archive.org/details/CNNW_20160207_180000_Fareed_Zakaria_GPS#start/1701/end/1736,2/7/2016 18:28:36,CNN,Fareed Zakaria GPS,CNNW_20160207_180000_Fareed_Zakaria_GPS,https://archive.org/download/CNNW_20160207_180000_Fareed_Zakaria_GPS/CNNW_20160207_180000_Fareed_Zakaria_GPS.thumbs/CNNW_20160207_180000_Fareed_Zakaria_GPS_001588.jpg,"now for our 'what in the world' segment. [ speaking foreign language ] last year's agreement in paris to lower greenhouse gas emissions could mark a turning point in the fight against climate change if countries enact the one sure way to"
https://archive.org/details/CNNW_20160207_180000_Fareed_Zakaria_GPS#start/1829/end/1864,2/7/2016 18:30:44,CNN,Fareed Zakaria GPS,CNNW_20160207_180000_Fareed_Zakaria_GPS,https://archive.org/download/CNNW_20160207_180000_Fareed_Zakaria_GPS/CNNW_20160207_180000_Fareed_Zakaria_GPS.thumbs/CNNW_20160207_180000_Fareed_Zakaria_GPS_001828.jpg,"it adds dollars to your heating bill, electric bill, and at the pump. economists generally like a carbon tax as a solution for climate change. that's why the arch conservative, george schulz,"
https://archive.org/details/CNNW_20160217_060000_CNN_Newsroom_Live#start/317/end/352,2/17/2016 6:05:32,CNN,CNN Newsroom Live,CNNW_20160217_060000_CNN_Newsroom_Live,https://archive.org/download/CNNW_20160217_060000_CNN_Newsroom_Live/CNNW_20160217_060000_CNN_Newsroom_Live.thumbs/CNNW_20160217_060000_CNN_Newsroom_Live_001557.jpg,"one of the issues i worked on was immigration reform. wall street is in favor of immigration reform. when we talk about the supreme court justices, it has nothing to do with wall street. there are a lot of republicans who opposed climate change for a"
https://archive.org/details/CNNW_20160217_100000_Early_Start_With_John_Berman_and_Christine_Romans#start/1947/end/1982,2/17/2016 10:32:42,CNN,Early Start With John Berman and Christine Romans,CNNW_20160217_100000_Early_Start_With_John_Berman_and_Christine_Romans,https://archive.org/download/CNNW_20160217_100000_Early_Start_With_John_Berman_and_Christine_Romans/CNNW_20160217_100000_Early_Start_With_John_Berman_and_Christine_Romans.thumbs/CNNW_20160217_100000_Early_Start_With_John_Berman_and_Christine_Romans_001947.jpg,"thanks to pamela brown. president obama says donald trump is not ready or qualified to be president and the american people are too sensible to elect him to that office, the president slamming all the gop candidates for their stances on climate change, ominous limbs,"
https://archive.org/details/CNNW_20160202_180000_Wolf#start/2325/end/2360,2/2/2016 18:39:00,CNN,Wolf,CNNW_20160202_180000_Wolf,https://archive.org/download/CNNW_20160202_180000_Wolf/CNNW_20160202_180000_Wolf.thumbs/CNNW_20160202_180000_Wolf_002307.jpg,"in the weeks leading up to the caucus. i was out there making my case about what i want to do and what i think our country must do to get real results with more jobs, rising incomes, build on affordable care act, deal with climate change, clean energy,"
https://archive.org/details/CNNW_20160207_150000_Fareed_Zakaria_GPS#start/1825/end/1860,2/7/2016 15:30:40,CNN,Fareed Zakaria GPS,CNNW_20160207_150000_Fareed_Zakaria_GPS,https://archive.org/download/CNNW_20160207_150000_Fareed_Zakaria_GPS/CNNW_20160207_150000_Fareed_Zakaria_GPS.thumbs/CNNW_20160207_150000_Fareed_Zakaria_GPS_001798.jpg,"canada, the largest oil producer, taxes carbon, and it does well. carbon pricing isn't painless. adds dollars to your heating bill, electric bill, and at the pump. economists generally like a carbon tax as a solution for climate change. that's why the arch"
https://archive.org/details/CNNW_20160210_020000_Americas_Choice_2016_The_New_Hampshire_Primary#start/1995/end/2030,2/10/2016 2:33:30,CNN,Americas Choice 2016 The New Hampshire Primary,CNNW_20160210_020000_Americas_Choice_2016_The_New_Hampshire_Primary,https://archive.org/download/CNNW_20160210_020000_Americas_Choice_2016_The_New_Hampshire_Primary/CNNW_20160210_020000_Americas_Choice_2016_The_New_Hampshire_Primary.thumbs/CNNW_20160210_020000_Americas_Choice_2016_The_New_Hampshire_Primary_001978.jpg,"the white house a political party which is so beholden to the fossil fuel industry that they cannot even acknowledge the scientific reality of climate"
https://archive.org/details/CNNW_20160229_110000_New_Day#start/8177/end/8212,2/29/2016 13:16:32,CNN,New Day,CNNW_20160229_110000_New_Day,https://archive.org/download/CNNW_20160229_110000_New_Day/CNNW_20160229_110000_New_Day.thumbs/CNNW_20160229_110000_New_Day_008157.jpg,"best song. dozens of survivors sharing gaga on stage for her emotional tribute. and leonardo dicaprio winning for his role in the 'revenant' addressed climate change. climate change is real, it is"
https://archive.org/details/CNNW_20160216_220000_Situation_Room_With_Wolf_Blitzer#start/3994/end/4029,2/16/2016 23:06:49,CNN,Situation Room With Wolf Blitzer,CNNW_20160216_220000_Situation_Room_With_Wolf_Blitzer,https://archive.org/download/CNNW_20160216_220000_Situation_Room_With_Wolf_Blitzer/CNNW_20160216_220000_Situation_Room_With_Wolf_Blitzer.thumbs/CNNW_20160216_220000_Situation_Room_With_Wolf_Blitzer_003988.jpg,"in this case, though, he was asked directly about donald trump so he used criticism of him to criticize everybody else, saying that what donald trump says about muslims and climate"
https://archive.org/details/CNNW_20160204_020000_AC360_Democratic_Presidential_Town_Hall#start/1844/end/1879,2/4/2016 2:30:59,CNN,AC360 Democratic Presidential Town Hall,CNNW_20160204_020000_AC360_Democratic_Presidential_Town_Hall,https://archive.org/download/CNNW_20160204_020000_AC360_Democratic_Presidential_Town_Hall/CNNW_20160204_020000_AC360_Democratic_Presidential_Town_Hall.thumbs/CNNW_20160204_020000_AC360_Democratic_Presidential_Town_Hall_001828.jpg,"and i believe we're not going to make the real changes that we need dealing with the grotesque level of income and wealth inequality, reforming a corrupt campaign finance system, which allows billionaires to buy elections, dealing with climate"
https://archive.org/details/CNNW_20160204_020000_AC360_Democratic_Presidential_Town_Hall#start/5162/end/5197,2/4/2016 3:26:17,CNN,AC360 Democratic Presidential Town Hall,CNNW_20160204_020000_AC360_Democratic_Presidential_Town_Hall,https://archive.org/download/CNNW_20160204_020000_AC360_Democratic_Presidential_Town_Hall/CNNW_20160204_020000_AC360_Democratic_Presidential_Town_Hall.thumbs/CNNW_20160204_020000_AC360_Democratic_Presidential_Town_Hall_005158.jpg,"i don't think all of the republican candidates are so ill informed about climate change that they say they don't know because they're not scientists. they're just doing the bidding of the koch brothers. they're told don't you dare say climate change is real because"
https://archive.org/details/CNNW_20160204_080000_AC360_Democratic_Presidential_Town_Hall#start/5424/end/5459,2/4/2016 9:30:39,CNN,AC360 Democratic Presidential Town Hall,CNNW_20160204_080000_AC360_Democratic_Presidential_Town_Hall,https://archive.org/download/CNNW_20160204_080000_AC360_Democratic_Presidential_Town_Hall/CNNW_20160204_080000_AC360_Democratic_Presidential_Town_Hall.thumbs/CNNW_20160204_080000_AC360_Democratic_Presidential_Town_Hall_005398.jpg,"informed about climate change that they say they don't know because they're not scientists. they're just doing the bidding of the koch brothers. they're told don't you dare say climate change is real because we're in the fossil fuel business. so this is exactly what they are"
https://archive.org/details/CNNW_20160229_110000_New_Day#start/4615/end/4650,2/29/2016 12:17:10,CNN,New Day,CNNW_20160229_110000_New_Day,https://archive.org/download/CNNW_20160229_110000_New_Day/CNNW_20160229_110000_New_Day.thumbs/CNNW_20160229_110000_New_Day_004587.jpg,"and leonardo winning for his leading role in the revenant. uses his accept is answer speech to address climate change. climate change is real. it is happening now. it is the most urgent threat facing our entire species. let us not take this planet for granted."
https://archive.org/details/CNNW_20160216_220000_Situation_Room_With_Wolf_Blitzer#start/2252/end/2287,2/16/2016 22:37:47,CNN,Situation Room With Wolf Blitzer,CNNW_20160216_220000_Situation_Room_With_Wolf_Blitzer,https://archive.org/download/CNNW_20160216_220000_Situation_Room_With_Wolf_Blitzer/CNNW_20160216_220000_Situation_Room_With_Wolf_Blitzer.thumbs/CNNW_20160216_220000_Situation_Room_With_Wolf_Blitzer_002248.jpg,"science. he was going after all of the republican candidates there. i believe john kasich and jeb bush have given a nod to some climate change beliefs, i would hardly say they're on the page of the climate change scientists who overwhelmingly believe this is at least partially man-made"
https://archive.org/details/CNNW_20160210_140000_CNN_Newsroom_With_Carol_Costello#start/5268/end/5303,2/10/2016 15:28:03,CNN,CNN Newsroom With Carol Costello,CNNW_20160210_140000_CNN_Newsroom_With_Carol_Costello,https://archive.org/download/CNNW_20160210_140000_CNN_Newsroom_With_Carol_Costello/CNNW_20160210_140000_CNN_Newsroom_With_Carol_Costello.thumbs/CNNW_20160210_140000_CNN_Newsroom_With_Carol_Costello_005247.jpg,"it's concerned that the huge price tag for those reforms will cripple the city. the justice department fires back. they say changing the agreement now will create unnecessary delays and they are now considering legal action. a big blow to president obama's new rules on climate"
https://archive.org/details/CNNW_20160204_060000_AC360_Democratic_Presidential_Town_Hall#start/5191/end/5226,2/4/2016 7:26:46,CNN,AC360 Democratic Presidential Town Hall,CNNW_20160204_060000_AC360_Democratic_Presidential_Town_Hall,https://archive.org/download/CNNW_20160204_060000_AC360_Democratic_Presidential_Town_Hall/CNNW_20160204_060000_AC360_Democratic_Presidential_Town_Hall.thumbs/CNNW_20160204_060000_AC360_Democratic_Presidential_Town_Hall_005188.jpg,"with people who will do their bidding. i said today in dover, you know, i don't think all of the republican candidates are so ill informed about climate change that they say they don't know because they're not scientists. they're just doing the bidding of the koch brothers. they're told don't you dare say climate change is real because"
https://archive.org/details/CNNW_20160209_110000_New_Day#start/9609/end/9644,2/9/2016 13:40:24,CNN,New Day,CNNW_20160209_110000_New_Day,https://archive.org/download/CNNW_20160209_110000_New_Day/CNNW_20160209_110000_New_Day.thumbs/CNNW_20160209_110000_New_Day_009598.jpg,"incest, there is no global warming, is that a concern? he's not going to try to change his position --. today mark is traveling around visiting polls sites."
https://archive.org/details/CNNW_20160212_020000_PBS_NewsHour#start/627/end/662,2/12/2016 2:10:42,CNN,PBS NewsHour,CNNW_20160212_020000_PBS_NewsHour,https://archive.org/download/CNNW_20160212_020000_PBS_NewsHour/CNNW_20160212_020000_PBS_NewsHour.thumbs/CNNW_20160212_020000_PBS_NewsHour_000567.jpg,"and create millions of new jobs. solving our climate crisis starts with 50% clean energy by 2030. so, what are we waiting for?. though pbs 'newshour'"
https://archive.org/details/CNNW_20160228_180000_Fareed_Zakaria_GPS#start/2921/end/2956,2/28/2016 18:48:56,CNN,Fareed Zakaria GPS,CNNW_20160228_180000_Fareed_Zakaria_GPS,https://archive.org/download/CNNW_20160228_180000_Fareed_Zakaria_GPS/CNNW_20160228_180000_Fareed_Zakaria_GPS.thumbs/CNNW_20160228_180000_Fareed_Zakaria_GPS_002907.jpg,"listen to him explain why it is so important. you study the scientific literature very carefully. do you think global warming is a reality and is manmade and"
https://archive.org/details/CNNW_20160207_150000_Fareed_Zakaria_GPS#start/1761/end/1796,2/7/2016 15:29:36,CNN,Fareed Zakaria GPS,CNNW_20160207_150000_Fareed_Zakaria_GPS,https://archive.org/download/CNNW_20160207_150000_Fareed_Zakaria_GPS/CNNW_20160207_150000_Fareed_Zakaria_GPS.thumbs/CNNW_20160207_150000_Fareed_Zakaria_GPS_001738.jpg,"states, provinces, and cities are pricing carbon, according to the world bank. carbon emissions in those places represent almost a quarter of the world's emissions, so are all of these carbon tax economies suffering great"
https://archive.org/details/CNNW_20160207_150000_Fareed_Zakaria_GPS#start/1905/end/1940,2/7/2016 15:32:00,CNN,Fareed Zakaria GPS,CNNW_20160207_150000_Fareed_Zakaria_GPS,https://archive.org/download/CNNW_20160207_150000_Fareed_Zakaria_GPS/CNNW_20160207_150000_Fareed_Zakaria_GPS.thumbs/CNNW_20160207_150000_Fareed_Zakaria_GPS_001888.jpg,"in the nation according to 'the economist.' no wonder this carbon tax has been championed by other conservatives like greg mancu, one of president bush's chief economic advisers. of course, it might be a better"
https://archive.org/details/CNNW_20160207_180000_Fareed_Zakaria_GPS#start/1718/end/1753,2/7/2016 18:28:53,CNN,Fareed Zakaria GPS,CNNW_20160207_180000_Fareed_Zakaria_GPS,https://archive.org/download/CNNW_20160207_180000_Fareed_Zakaria_GPS/CNNW_20160207_180000_Fareed_Zakaria_GPS.thumbs/CNNW_20160207_180000_Fareed_Zakaria_GPS_001708.jpg,"actually reduce emissions. they need to make people pay extra for the privilege of spewing out carbon dioxide in everything from cars to coal-fired power plants. many conservatives think such a carbon tax would destroy the"
https://archive.org/details/CNNW_20160207_180000_Fareed_Zakaria_GPS#start/1764/end/1799,2/7/2016 18:29:39,CNN,Fareed Zakaria GPS,CNNW_20160207_180000_Fareed_Zakaria_GPS,https://archive.org/download/CNNW_20160207_180000_Fareed_Zakaria_GPS/CNNW_20160207_180000_Fareed_Zakaria_GPS.thumbs/CNNW_20160207_180000_Fareed_Zakaria_GPS_001738.jpg,"all of these carbon tax economies suffering great hardships? in a word, no. sweden, one of the first nations to adopt a tax on carbon in 1991, has seen its gdp increase almost 60% since that time while"
https://archive.org/details/CNNW_20160225_040000_CNN_Tonight_With_Don_Lemon#start/2537/end/2572,2/25/2016 4:42:32,CNN,CNN Tonight With Don Lemon,CNNW_20160225_040000_CNN_Tonight_With_Don_Lemon,https://archive.org/download/CNNW_20160225_040000_CNN_Tonight_With_Don_Lemon/CNNW_20160225_040000_CNN_Tonight_With_Don_Lemon.thumbs/CNNW_20160225_040000_CNN_Tonight_With_Don_Lemon_002517.jpg,"represent, be it climate change, to immigration reform, to lgb issues. what do you think -- would       _"
https://archive.org/details/CNNW_20160218_220000_Situation_Room_With_Wolf_Blitzer#start/345/end/380,2/18/2016 22:06:00,CNN,Situation Room With Wolf Blitzer,CNNW_20160218_220000_Situation_Room_With_Wolf_Blitzer,https://archive.org/download/CNNW_20160218_220000_Situation_Room_With_Wolf_Blitzer/CNNW_20160218_220000_Situation_Room_With_Wolf_Blitzer.thumbs/CNNW_20160218_220000_Situation_Room_With_Wolf_Blitzer_000327.jpg,"one is certainly there are a lot of people here in south carolina who are spiritual, who are religious, but when it comes to the raw politics that the pope is pushing out there on a number of issues, a lot of people who vote in the republican primary here in south carolina don't agree with him, from climate"
https://archive.org/details/CNNW_20160207_150000_Fareed_Zakaria_GPS#start/1730/end/1765,2/7/2016 15:29:05,CNN,Fareed Zakaria GPS,CNNW_20160207_150000_Fareed_Zakaria_GPS,https://archive.org/download/CNNW_20160207_150000_Fareed_Zakaria_GPS/CNNW_20160207_150000_Fareed_Zakaria_GPS.thumbs/CNNW_20160207_150000_Fareed_Zakaria_GPS_001708.jpg,"extra for the privilege of spewing out carbon dioxide in everything from cars to coal-fired power plants. many conservatives think such a carbon tax would destroy the economy. we need to realize we are now out of the realm of theory and"
https://archive.org/details/CNNW_20160207_150000_Fareed_Zakaria_GPS#start/1843/end/1878,2/7/2016 15:30:58,CNN,Fareed Zakaria GPS,CNNW_20160207_150000_Fareed_Zakaria_GPS,https://archive.org/download/CNNW_20160207_150000_Fareed_Zakaria_GPS/CNNW_20160207_150000_Fareed_Zakaria_GPS.thumbs/CNNW_20160207_150000_Fareed_Zakaria_GPS_001828.jpg,"conservative, george schulz, former secretary of state and treasury, former dienst chicago business school, argues forcefully for one. a carbon tax is simple and doesn't require complicated, expensive regulations like the ones the united states now has, one economist points out."
https://archive.org/details/CNNW_20160207_150000_Fareed_Zakaria_GPS#start/1875/end/1910,2/7/2016 15:31:30,CNN,Fareed Zakaria GPS,CNNW_20160207_150000_Fareed_Zakaria_GPS,https://archive.org/download/CNNW_20160207_150000_Fareed_Zakaria_GPS/CNNW_20160207_150000_Fareed_Zakaria_GPS.thumbs/CNNW_20160207_150000_Fareed_Zakaria_GPS_001858.jpg,"work politically in the united states? the answer may come from the canadian province of british columbia. back in 2008, a right-of-center government there issued in a carbon tax where the money taken in by the government was all"
https://archive.org/details/CNNW_20160207_180000_Fareed_Zakaria_GPS#start/1908/end/1943,2/7/2016 18:32:03,CNN,Fareed Zakaria GPS,CNNW_20160207_180000_Fareed_Zakaria_GPS,https://archive.org/download/CNNW_20160207_180000_Fareed_Zakaria_GPS/CNNW_20160207_180000_Fareed_Zakaria_GPS.thumbs/CNNW_20160207_180000_Fareed_Zakaria_GPS_001888.jpg,"no wonder this carbon tax has been championed by other conservatives like greg mankiw, one of president bush's chief economic advisers. of course, it might be a better idea to reinvest revenues to invest in renewable energy so the united states dominate that"
https://archive.org/details/CNNW_20160220_110000_New_Day_Saturday#start/9032/end/9067,2/20/2016 13:30:47,CNN,New Day Saturday,CNNW_20160220_110000_New_Day_Saturday,https://archive.org/download/CNNW_20160220_110000_New_Day_Saturday/CNNW_20160220_110000_New_Day_Saturday.thumbs/CNNW_20160220_110000_New_Day_Saturday_009027.jpg,"sanders, so if people care about the major issues or right in the middle of the supreme court shakeup, if people care about global warming and terrorism and the rest, they need somebody who can win and that's hillary"
https://archive.org/details/CNNW_20160207_180000_Fareed_Zakaria_GPS#start/1845/end/1880,2/7/2016 18:31:00,CNN,Fareed Zakaria GPS,CNNW_20160207_180000_Fareed_Zakaria_GPS,https://archive.org/download/CNNW_20160207_180000_Fareed_Zakaria_GPS/CNNW_20160207_180000_Fareed_Zakaria_GPS.thumbs/CNNW_20160207_180000_Fareed_Zakaria_GPS_001828.jpg,"former secretary of state and treasury, former dienst chicago business school, argues forcefully for one. a carbon tax is simple and doesn't require complicated, expensive regulations like the ones the united states now has, one economist points out. it allows customers a lot of"
https://archive.org/details/CNNW_20160207_180000_Fareed_Zakaria_GPS#start/1861/end/1896,2/7/2016 18:31:16,CNN,Fareed Zakaria GPS,CNNW_20160207_180000_Fareed_Zakaria_GPS,https://archive.org/download/CNNW_20160207_180000_Fareed_Zakaria_GPS/CNNW_20160207_180000_Fareed_Zakaria_GPS.thumbs/CNNW_20160207_180000_Fareed_Zakaria_GPS_001858.jpg,"choice in how they deal with it. some might buy a more fuel-efficient car, others my use more public transportation. with oil prices at historic lows, introducing one now would be relatively painless. but how would a carbon tax ever work politically in the united"
https://archive.org/details/CNNW_20160207_180000_Fareed_Zakaria_GPS#start/1877/end/1912,2/7/2016 18:31:32,CNN,Fareed Zakaria GPS,CNNW_20160207_180000_Fareed_Zakaria_GPS,https://archive.org/download/CNNW_20160207_180000_Fareed_Zakaria_GPS/CNNW_20160207_180000_Fareed_Zakaria_GPS.thumbs/CNNW_20160207_180000_Fareed_Zakaria_GPS_001858.jpg,"states? the answer may come from the canadian province of british columbia. back in 2008, a right-of-center government there issued in a carbon tax where the money taken in by the government was all given back to the people by lowering other taxes."
https://archive.org/details/CNNW_20160205_110000_New_Day#start/1716/end/1751,2/5/2016 11:28:51,CNN,New Day,CNNW_20160205_110000_New_Day,https://archive.org/download/CNNW_20160205_110000_New_Day/CNNW_20160205_110000_New_Day.thumbs/CNNW_20160205_110000_New_Day_001708.jpg,"i think the cries -- signs of global warming. marco rubio thinks what he thinks. who is going to stand up and say he's wrong? you don't see that anywhere. it's not surprising at all they have chosen him to go forward."
https://archive.org/details/CNNW_20160218_180000_Wolf#start/1509/end/1544,2/18/2016 18:25:24,CNN,Wolf,CNNW_20160218_180000_Wolf,https://archive.org/download/CNNW_20160218_180000_Wolf/CNNW_20160218_180000_Wolf.thumbs/CNNW_20160218_180000_Wolf_001497.jpg,"i would say away from that, in my own personal opinion, being someone who is the head of my church. my spiritual leader. and as we have said from other areas, whether it's global warming or other things, i think"
https://archive.org/details/CNNW_20160209_110000_New_Day#start/2587/end/2622,2/9/2016 11:43:22,CNN,New Day,CNNW_20160209_110000_New_Day,https://archive.org/download/CNNW_20160209_110000_New_Day/CNNW_20160209_110000_New_Day.thumbs/CNNW_20160209_110000_New_Day_002578.jpg,"people in the center of the gop, whether it's abortion, global warming. we are staying on the right side of the party. thank you very much. appreciate it as always. brother preston, thank you for being in the heartland. appreciate it."
https://archive.org/details/CNNW_20160228_150000_Fareed_Zakaria_GPS#start/2872/end/2907,2/28/2016 15:48:07,CNN,Fareed Zakaria GPS,CNNW_20160228_150000_Fareed_Zakaria_GPS,https://archive.org/download/CNNW_20160228_150000_Fareed_Zakaria_GPS/CNNW_20160228_150000_Fareed_Zakaria_GPS.thumbs/CNNW_20160228_150000_Fareed_Zakaria_GPS_002847.jpg,"for bill it is energy. he is concerned about the long-term impact of global warming and wants to wean the world off carbon-based fuels. but he believes that current approaches are too incremental. we need a big bang, a new"
https://archive.org/details/CNNW_20160202_040000_CNN_Americas_Choice_2016_The_Iowa_Caucuses#start/1863/end/1898,2/2/2016 4:31:18,CNN,CNN Americas Choice 2016 The Iowa Caucuses,CNNW_20160202_040000_CNN_Americas_Choice_2016_The_Iowa_Caucuses,https://archive.org/download/CNNW_20160202_040000_CNN_Americas_Choice_2016_The_Iowa_Caucuses/CNNW_20160202_040000_CNN_Americas_Choice_2016_The_Iowa_Caucuses.thumbs/CNNW_20160202_040000_CNN_Americas_Choice_2016_The_Iowa_Caucuses_001857.jpg,"coverage for every single man, woman and child. i know we can combat climate change and be the clean energy superpower of the 21st century."
https://archive.org/details/CNNW_20160229_090000_Early_Start_With_John_Berman_and_Christine_Romans#start/2869/end/2904,2/29/2016 9:48:04,CNN,Early Start With John Berman and Christine Romans,CNNW_20160229_090000_Early_Start_With_John_Berman_and_Christine_Romans,https://archive.org/download/CNNW_20160229_090000_Early_Start_With_John_Berman_and_Christine_Romans/CNNW_20160229_090000_Early_Start_With_John_Berman_and_Christine_Romans.thumbs/CNNW_20160229_090000_Early_Start_With_John_Berman_and_Christine_Romans_002847.jpg,"climate change is real. it is happening right now. reporter: also winning for 'the revenant,' director alejandro inarritu. he won last year for 'birdman.'"
https://archive.org/details/CNNW_20160205_110000_New_Day#start/7725/end/7760,2/5/2016 13:09:00,CNN,New Day,CNNW_20160205_110000_New_Day,https://archive.org/download/CNNW_20160205_110000_New_Day/CNNW_20160205_110000_New_Day.thumbs/CNNW_20160205_110000_New_Day_007708.jpg,"party favorite. a guy who doesn't believe in the science of global warming. this is a guy who doesn't believe in any exceptions to reproductive rights. that is not a center position traditionally. what is going on here? no. you know, when marco rubio"
https://archive.org/details/CNNW_20160218_110000_New_Day#start/7171/end/7206,2/18/2016 12:59:46,CNN,New Day,CNNW_20160218_110000_New_Day,https://archive.org/download/CNNW_20160218_110000_New_Day/CNNW_20160218_110000_New_Day.thumbs/CNNW_20160218_110000_New_Day_007168.jpg,"happy in the general? his position on abortion is designed for base. global warming, i don't know who's designed for. you know the issue very well. you spaebt lot of time on it. how are those unifying principles? i think they are deeply held"
https://archive.org/details/CNNW_20160228_150000_Fareed_Zakaria_GPS#start/2981/end/3016,2/28/2016 15:49:56,CNN,Fareed Zakaria GPS,CNNW_20160228_150000_Fareed_Zakaria_GPS,https://archive.org/download/CNNW_20160228_150000_Fareed_Zakaria_GPS/CNNW_20160228_150000_Fareed_Zakaria_GPS.thumbs/CNNW_20160228_150000_Fareed_Zakaria_GPS_002967.jpg,"the place where global warming will not pose a threat to the planet is to have a new source of energy that is plentiful and that is cheaper than coal, which is currently the cheapest energy, right? exactly. so we need to find a path."
https://archive.org/details/CNNW_20160204_080000_AC360_Democratic_Presidential_Town_Hall#start/3322/end/3357,2/4/2016 8:55:37,CNN,AC360 Democratic Presidential Town Hall,CNNW_20160204_080000_AC360_Democratic_Presidential_Town_Hall,https://archive.org/download/CNNW_20160204_080000_AC360_Democratic_Presidential_Town_Hall/CNNW_20160204_080000_AC360_Democratic_Presidential_Town_Hall.thumbs/CNNW_20160204_080000_AC360_Democratic_Presidential_Town_Hall_003298.jpg,"trump is, as you know, a well-known scientist. brilliant scientist. and he has concluded after years of studying the issue that climate change is a hoax."
https://archive.org/details/CNNW_20160216_220000_Situation_Room_With_Wolf_Blitzer#start/1852/end/1887,2/16/2016 22:31:07,CNN,Situation Room With Wolf Blitzer,CNNW_20160216_220000_Situation_Room_With_Wolf_Blitzer,https://archive.org/download/CNNW_20160216_220000_Situation_Room_With_Wolf_Blitzer/CNNW_20160216_220000_Situation_Room_With_Wolf_Blitzer.thumbs/CNNW_20160216_220000_Situation_Room_With_Wolf_Blitzer_001828.jpg,"being made by the other candidates. there's not a single candidate in the republican primary that thinks we should do anything about climate change. that thinks it's serious."
https://archive.org/details/CNNW_20160202_050000_CNN_Americas_Choice_2016_The_Iowa_Caucuses#start/2142/end/2177,2/2/2016 5:35:57,CNN,CNN Americas Choice 2016 The Iowa Caucuses,CNNW_20160202_050000_CNN_Americas_Choice_2016_The_Iowa_Caucuses,https://archive.org/download/CNNW_20160202_050000_CNN_Americas_Choice_2016_The_Iowa_Caucuses/CNNW_20160202_050000_CNN_Americas_Choice_2016_The_Iowa_Caucuses.thumbs/CNNW_20160202_050000_CNN_Americas_Choice_2016_The_Iowa_Caucuses_001853.jpg,"coverage for every single man, woman, and child! [ cheers and applause ] i know we can combat climate change and be the clean energy superpower of the 21st century!"
https://archive.org/details/CNNW_20160228_180000_Fareed_Zakaria_GPS#start/2970/end/3005,2/28/2016 18:49:45,CNN,Fareed Zakaria GPS,CNNW_20160228_180000_Fareed_Zakaria_GPS,https://archive.org/download/CNNW_20160228_180000_Fareed_Zakaria_GPS/CNNW_20160228_180000_Fareed_Zakaria_GPS.thumbs/CNNW_20160228_180000_Fareed_Zakaria_GPS_002967.jpg,"problem, but it needs us to invest today. and so what you're saying is that the only way we could actually bend this curve in a significant way and get it to the place where global warming will not pose a threat to the planet is to have a new source"
https://archive.org/details/CNNW_20160208_110000_New_Day#start/10329/end/10364,2/8/2016 13:52:24,CNN,New Day,CNNW_20160208_110000_New_Day,https://archive.org/download/CNNW_20160208_110000_New_Day/CNNW_20160208_110000_New_Day.thumbs/CNNW_20160208_110000_New_Day_010317.jpg,"i'm more focussed on the outcome of democrat being elected than a particular candidate. i think it is critical given major issues, action on climate change and issues of foreign policy."
https://archive.org/details/CNNW_20160216_210000_The_Lead_With_Jake_Tapper#start/3475/end/3510,2/16/2016 21:58:10,CNN,The Lead With Jake Tapper,CNNW_20160216_210000_The_Lead_With_Jake_Tapper,https://archive.org/download/CNNW_20160216_210000_The_Lead_With_Jake_Tapper/CNNW_20160216_210000_The_Lead_With_Jake_Tapper.thumbs/CNNW_20160216_210000_The_Lead_With_Jake_Tapper_003477.jpg,"with transnational challenges together. i offered our assistance to better leverage interpol data, prevent the flow of foreign terrorist fighters. we agreed implementing the paris climate change agreement, including helping developing"
https://archive.org/details/CNNW_20160224_010000_CNN_Democratic_Presidential_Town_Hall_South_Carolina#start/2444/end/2479,2/24/2016 1:40:59,CNN,CNN Democratic Presidential Town Hall South Carolina,CNNW_20160224_010000_CNN_Democratic_Presidential_Town_Hall_South_Carolina,https://archive.org/download/CNNW_20160224_010000_CNN_Democratic_Presidential_Town_Hall_South_Carolina/CNNW_20160224_010000_CNN_Democratic_Presidential_Town_Hall_South_Carolina.thumbs/CNNW_20160224_010000_CNN_Democratic_Presidential_Town_Hall_South_Carolina_002427.jpg,"we will have afford acquality child care. when people talk abouted need to take on the fossil fuel industry to deal with the climate change. i don't go around saying vote"
https://archive.org/details/CNNW_20160204_020000_AC360_Democratic_Presidential_Town_Hall#start/3074/end/3109,2/4/2016 2:51:29,CNN,AC360 Democratic Presidential Town Hall,CNNW_20160204_020000_AC360_Democratic_Presidential_Town_Hall,https://archive.org/download/CNNW_20160204_020000_AC360_Democratic_Presidential_Town_Hall/CNNW_20160204_020000_AC360_Democratic_Presidential_Town_Hall.thumbs/CNNW_20160204_020000_AC360_Democratic_Presidential_Town_Hall_003058.jpg,"well-known scientist. brilliant scientist. and he has concluded after years of studying the issue that climate change is a hoax. brought to us by the chinese. now, that shocked me, anderson,"
https://archive.org/details/CNNW_20160219_000000_Erin_Burnett_OutFront#start/465/end/500,2/19/2016 0:08:00,CNN,Erin Burnett OutFront,CNNW_20160219_000000_Erin_Burnett_OutFront,https://archive.org/download/CNNW_20160219_000000_Erin_Burnett_OutFront/CNNW_20160219_000000_Erin_Burnett_OutFront.thumbs/CNNW_20160219_000000_Erin_Burnett_OutFront_000448.jpg,"among republicans. we all remember when he came to congress and lectured republican lawmakers about climate change and capitalism. republicans remember that. there's a group of evangelicals for whom there is some distrust"
https://archive.org/details/CNNW_20160213_160000_CNN_Newsroom_With_Fredricka_Whitfield#start/2996/end/3031,2/13/2016 16:50:11,CNN,CNN Newsroom With Fredricka Whitfield,CNNW_20160213_160000_CNN_Newsroom_With_Fredricka_Whitfield,https://archive.org/download/CNNW_20160213_160000_CNN_Newsroom_With_Fredricka_Whitfield/CNNW_20160213_160000_CNN_Newsroom_With_Fredricka_Whitfield.thumbs/CNNW_20160213_160000_CNN_Newsroom_With_Fredricka_Whitfield_002997.jpg,"so i think president obama's achievements are huge in terms of the health care system, obamacare, in terms of climate change. he's been fighting for these things. so you think it's smart that"
https://archive.org/details/CNNW_20160211_030000_CNN_Tonight_With_Don_Lemon#start/333/end/368,2/11/2016 3:05:48,CNN,CNN Tonight With Don Lemon,CNNW_20160211_030000_CNN_Tonight_With_Don_Lemon,https://archive.org/download/CNNW_20160211_030000_CNN_Tonight_With_Don_Lemon/CNNW_20160211_030000_CNN_Tonight_With_Don_Lemon.thumbs/CNNW_20160211_030000_CNN_Tonight_With_Don_Lemon_000328.jpg,"put a stay on president obama's global climate change throwdown from the epa. they also a week earlier raised the issue. president not taking care of the laws that he is charged with"
https://archive.org/details/CNNW_20160210_190000_CNN_Newsroom_With_Brooke_Baldwin#start/2090/end/2125,2/10/2016 19:35:05,CNN,CNN Newsroom With Brooke Baldwin,CNNW_20160210_190000_CNN_Newsroom_With_Brooke_Baldwin,https://archive.org/download/CNNW_20160210_190000_CNN_Newsroom_With_Brooke_Baldwin/CNNW_20160210_190000_CNN_Newsroom_With_Brooke_Baldwin.thumbs/CNNW_20160210_190000_CNN_Newsroom_With_Brooke_Baldwin_002068.jpg,"in all its forms. i -- [ applause ] i believe in science, and the science behind things like climate change, and that a transition to a cleaner source of energy will help preserve the"
https://archive.org/details/CNNW_20160228_150000_Fareed_Zakaria_GPS#start/321/end/356,2/28/2016 15:05:36,CNN,Fareed Zakaria GPS,CNNW_20160228_150000_Fareed_Zakaria_GPS,https://archive.org/download/CNNW_20160228_150000_Fareed_Zakaria_GPS/CNNW_20160228_150000_Fareed_Zakaria_GPS.thumbs/CNNW_20160228_150000_Fareed_Zakaria_GPS_000297.jpg,"policy options to deal with them regarding the global economic slowdown, massive infrastructure deficits, growing inequality, climate change among others. yates was wrong, the center can and does hold, but just barely."
https://archive.org/details/CNNW_20160224_010000_CNN_Democratic_Presidential_Town_Hall_South_Carolina#start/3143/end/3178,2/24/2016 1:52:38,CNN,CNN Democratic Presidential Town Hall South Carolina,CNNW_20160224_010000_CNN_Democratic_Presidential_Town_Hall_South_Carolina,https://archive.org/download/CNNW_20160224_010000_CNN_Democratic_Presidential_Town_Hall_South_Carolina/CNNW_20160224_010000_CNN_Democratic_Presidential_Town_Hall_South_Carolina.thumbs/CNNW_20160224_010000_CNN_Democratic_Presidential_Town_Hall_South_Carolina_003117.jpg,"we don't deal with climate change, trust me, we are all in it together. all right. so we have got to work together and that is -- that is who my spirituality is about. [ applause ]  _          _"
https://archive.org/details/CNNW_20160217_080000_CNN_Newsroom_Live#start/1336/end/1371,2/17/2016 8:22:31,CNN,CNN Newsroom Live,CNNW_20160217_080000_CNN_Newsroom_Live,https://archive.org/download/CNNW_20160217_080000_CNN_Newsroom_Live/CNNW_20160217_080000_CNN_Newsroom_Live.thumbs/CNNW_20160217_080000_CNN_Newsroom_Live_001317.jpg,"cnn.com/popein diagnose mexico. hundreds of sharks are swimming near the shores of palm beach in florida this week. but the effects of el nino coupled with climate change may be altering their migration routes."
https://archive.org/details/CNNW_20160216_090000_Early_Start_With_John_Berman_and_Christine_Romans#start/415/end/450,2/16/2016 9:07:10,CNN,Early Start With John Berman and Christine Romans,CNNW_20160216_090000_Early_Start_With_John_Berman_and_Christine_Romans,https://archive.org/download/CNNW_20160216_090000_Early_Start_With_John_Berman_and_Christine_Romans/CNNW_20160216_090000_Early_Start_With_John_Berman_and_Christine_Romans.thumbs/CNNW_20160216_090000_Early_Start_With_John_Berman_and_Christine_Romans_000387.jpg,"and climate change and focusing on raising minimum wage. sanders will be here in south carolina on tuesday. he is trying to draw the distinction with the appeal to african-american voters and"
https://archive.org/details/CNNW_20160210_103000_New_Day#start/4707/end/4742,2/10/2016 11:48:42,CNN,New Day,CNNW_20160210_103000_New_Day,https://archive.org/download/CNNW_20160210_103000_New_Day/CNNW_20160210_103000_New_Day.thumbs/CNNW_20160210_103000_New_Day_004708.jpg,"we'll get back to our coverage of the new hampshire primary in a moment. here's a look at the other headlines. a major roadblock to combat climate change. to put the clean power plan on"
https://archive.org/details/CNNW_20160216_220000_Situation_Room_With_Wolf_Blitzer#start/1805/end/1840,2/16/2016 22:30:20,CNN,Situation Room With Wolf Blitzer,CNNW_20160216_220000_Situation_Room_With_Wolf_Blitzer,https://archive.org/download/CNNW_20160216_220000_Situation_Room_With_Wolf_Blitzer/CNNW_20160216_220000_Situation_Room_With_Wolf_Blitzer.thumbs/CNNW_20160216_220000_Situation_Room_With_Wolf_Blitzer_001798.jpg,"supported to finally solve the immigration problem and he's running away from it as fast as he can. they're all denying climate change. i think that's troubling to the international community. since the science is"
https://archive.org/details/CNNW_20160228_200000_CNN_Newsroom_With_Fredricka_Whitfield#start/3640/end/3675,2/28/2016 21:00:55,CNN,CNN Newsroom With Fredricka Whitfield,CNNW_20160228_200000_CNN_Newsroom_With_Fredricka_Whitfield,https://archive.org/download/CNNW_20160228_200000_CNN_Newsroom_With_Fredricka_Whitfield/CNNW_20160228_200000_CNN_Newsroom_With_Fredricka_Whitfield.thumbs/CNNW_20160228_200000_CNN_Newsroom_With_Fredricka_Whitfield_003627.jpg,"now, i got to tell you, you know, that when the republicans are asked about climate change, they all say pretty much the same thing. i don't know, i'm an scientist. now there's really easy remedy"
https://archive.org/details/CNNW_20160204_020000_AC360_Democratic_Presidential_Town_Hall#start/2443/end/2478,2/4/2016 2:40:58,CNN,AC360 Democratic Presidential Town Hall,CNNW_20160204_020000_AC360_Democratic_Presidential_Town_Hall,https://archive.org/download/CNNW_20160204_020000_AC360_Democratic_Presidential_Town_Hall/CNNW_20160204_020000_AC360_Democratic_Presidential_Town_Hall.thumbs/CNNW_20160204_020000_AC360_Democratic_Presidential_Town_Hall_002428.jpg,"pressure on her, she came out against the tpp and i'm glad that she did. every sensible person understands that climate change is real, it is caused by human activity, and we have got to"
https://archive.org/details/CNNW_20160229_070000_CNN_Newsroom_Live#start/459/end/494,2/29/2016 7:07:54,CNN,CNN Newsroom Live,CNNW_20160229_070000_CNN_Newsroom_Live,https://archive.org/download/CNNW_20160229_070000_CNN_Newsroom_Live/CNNW_20160229_070000_CNN_Newsroom_Live.thumbs/CNNW_20160229_070000_CNN_Newsroom_Live_000447.jpg,"best oscar. he used the speech not to talk about himself and the five winless nominations. but he put the focus on climate change. tell us about that. indeed. l leo dicaprio, known for his"
https://archive.org/details/CNNW_20160216_220000_Situation_Room_With_Wolf_Blitzer#start/1565/end/1600,2/16/2016 22:26:20,CNN,Situation Room With Wolf Blitzer,CNNW_20160216_220000_Situation_Room_With_Wolf_Blitzer,https://archive.org/download/CNNW_20160216_220000_Situation_Room_With_Wolf_Blitzer/CNNW_20160216_220000_Situation_Room_With_Wolf_Blitzer.thumbs/CNNW_20160216_220000_Situation_Room_With_Wolf_Blitzer_001558.jpg,"that is not reckless, that is tough, and protects the american people but it doesn't shoot before it aims. they believe in climate change. they think science matters. they think it's important for us to have some basic regulations"
https://archive.org/details/CNNW_20160217_080000_CNN_Newsroom_Live#start/1398/end/1433,2/17/2016 8:23:33,CNN,CNN Newsroom Live,CNNW_20160217_080000_CNN_Newsroom_Live,https://archive.org/download/CNNW_20160217_080000_CNN_Newsroom_Live/CNNW_20160217_080000_CNN_Newsroom_Live.thumbs/CNNW_20160217_080000_CNN_Newsroom_Live_001377.jpg,"farthest extent being around the carolinas. what is concerning is the shift in the migration pattern. some of the possible causes, we know climate change could have a lot to do with it. as our planet warms, the pattern"
https://archive.org/details/CNNW_20160202_040000_CNN_Americas_Choice_2016_The_Iowa_Caucuses#start/3581/end/3616,2/2/2016 4:59:56,CNN,CNN Americas Choice 2016 The Iowa Caucuses,CNNW_20160202_040000_CNN_Americas_Choice_2016_The_Iowa_Caucuses,https://archive.org/download/CNNW_20160202_040000_CNN_Americas_Choice_2016_The_Iowa_Caucuses/CNNW_20160202_040000_CNN_Americas_Choice_2016_The_Iowa_Caucuses.thumbs/CNNW_20160202_040000_CNN_Americas_Choice_2016_The_Iowa_Caucuses_003567.jpg,"because on the day that they do acknowledge the reality of climate change and call for change, you know what happens? they're going to lose their campaign funds from the koch brothers and the fossil fuel industry."
https://archive.org/details/CNNW_20160204_020000_AC360_Democratic_Presidential_Town_Hall#start/3957/end/3992,2/4/2016 3:06:12,CNN,AC360 Democratic Presidential Town Hall,CNNW_20160204_020000_AC360_Democratic_Presidential_Town_Hall,https://archive.org/download/CNNW_20160204_020000_AC360_Democratic_Presidential_Town_Hall/CNNW_20160204_020000_AC360_Democratic_Presidential_Town_Hall.thumbs/CNNW_20160204_020000_AC360_Democratic_Presidential_Town_Hall_003958.jpg,"economy and the environment, fighting climate change. so i'm impressed with them and i'm going to do everything i can to reach out and to explain why good ideas on paper are important but you've got to be"
https://archive.org/details/CNNW_20160218_190000_CNN_Newsroom_With_Brooke_Baldwin#start/2465/end/2500,2/18/2016 19:41:20,CNN,CNN Newsroom With Brooke Baldwin,CNNW_20160218_190000_CNN_Newsroom_With_Brooke_Baldwin,https://archive.org/download/CNNW_20160218_190000_CNN_Newsroom_With_Brooke_Baldwin/CNNW_20160218_190000_CNN_Newsroom_With_Brooke_Baldwin.thumbs/CNNW_20160218_190000_CNN_Newsroom_With_Brooke_Baldwin_002458.jpg,"actually wade in, not just on u.s. presidential politics, but to call an individual not a christian. listen this proof has proven to be remork markably political. he's gotten involved from climate change to the economy to"
https://archive.org/details/CNNW_20160221_060000_Americas_Choice_2016#start/2078/end/2113,2/21/2016 6:34:53,CNN,Americas Choice 2016,CNNW_20160221_060000_Americas_Choice_2016,https://archive.org/download/CNNW_20160221_060000_Americas_Choice_2016/CNNW_20160221_060000_Americas_Choice_2016.thumbs/CNNW_20160221_060000_Americas_Choice_2016_001563.jpg,"know the details or what other ka candidates have done, they don't like it. it is pointing to something fundamental and a number of movements out there, and the black lives movement, and the climate change movement, and the"
https://archive.org/details/CNNW_20160212_020000_PBS_NewsHour#start/578/end/613,2/12/2016 2:09:53,CNN,PBS NewsHour,CNNW_20160212_020000_PBS_NewsHour,https://archive.org/download/CNNW_20160212_020000_PBS_NewsHour/CNNW_20160212_020000_PBS_NewsHour.thumbs/CNNW_20160212_020000_PBS_NewsHour_000567.jpg,"america's never been it's not who we are.ers. we don't ignore threats like climate change. we face our problems head-on. with american-made clean energy, we can end our dependence on foreign oil. spark new innovation."
https://archive.org/details/CNNW_20160213_090000_CNN_Newsroom_Live#start/1904/end/1939,2/13/2016 9:31:59,CNN,CNN Newsroom Live,CNNW_20160213_090000_CNN_Newsroom_Live,https://archive.org/download/CNNW_20160213_090000_CNN_Newsroom_Live/CNNW_20160213_090000_CNN_Newsroom_Live.thumbs/CNNW_20160213_090000_CNN_Newsroom_Live_001887.jpg,"blaming human activity for climate change. translator: our house is going to ruin, and that harms everyone. reporter: and now that he's visiting mexico, he's expected to arrive with a holy dose of some of that tough love."
https://archive.org/details/CNNW_20160212_020000_PBS_NewsHour#start/3959/end/3994,2/12/2016 3:06:14,CNN,PBS NewsHour,CNNW_20160212_020000_PBS_NewsHour,https://archive.org/download/CNNW_20160212_020000_PBS_NewsHour/CNNW_20160212_020000_PBS_NewsHour.thumbs/CNNW_20160212_020000_PBS_NewsHour_003957.jpg,"climate change is real and this we have got to transform our energy system? and when we talk about wall street, let's talk about wall street. i voted for dodd-frank. got an important amendment in"
https://archive.org/details/CNNW_20160213_210000_CNN_Newsroom_With_Poppy_Harlow#start/1029/end/1064,2/13/2016 21:17:24,CNN,CNN Newsroom With Poppy Harlow,CNNW_20160213_210000_CNN_Newsroom_With_Poppy_Harlow,https://archive.org/download/CNNW_20160213_210000_CNN_Newsroom_With_Poppy_Harlow/CNNW_20160213_210000_CNN_Newsroom_With_Poppy_Harlow.thumbs/CNNW_20160213_210000_CNN_Newsroom_With_Poppy_Harlow_001018.jpg,"it's completely separate from anyone else's legacy. but you know, bernie sanders does instill this excitement with us because he's talking about climate change and student debt and we're very excited for that. so let me read you this."
https://archive.org/details/CNNW_20160229_110000_New_Day#start/963/end/998,2/29/2016 11:16:18,CNN,New Day,CNNW_20160229_110000_New_Day,https://archive.org/download/CNNW_20160229_110000_New_Day/CNNW_20160229_110000_New_Day.thumbs/CNNW_20160229_110000_New_Day_000957.jpg,"leading role in the revenant. climate change is real. it is happening now. it is the most urgent threat facing our entire species. let us not take this planet for granted. i do not take tonight for"
https://archive.org/details/CNNW_20160228_150000_Fareed_Zakaria_GPS#start/2935/end/2970,2/28/2016 15:49:10,CNN,Fareed Zakaria GPS,CNNW_20160228_150000_Fareed_Zakaria_GPS,https://archive.org/download/CNNW_20160228_150000_Fareed_Zakaria_GPS/CNNW_20160228_150000_Fareed_Zakaria_GPS.thumbs/CNNW_20160228_150000_Fareed_Zakaria_GPS_002937.jpg,"that the amount of time to solve the problem is so long. that is, the problems caused by climate change in the next 20, 30 years are not that dramatic but because when you emit co2 it"
https://archive.org/details/CNNW_20160228_210000_CNN_Newsroom_With_Fredricka_Whitfield#start/40/end/75,2/28/2016 21:00:55,CNN,CNN Newsroom With Fredricka Whitfield,CNNW_20160228_210000_CNN_Newsroom_With_Fredricka_Whitfield,https://archive.org/download/CNNW_20160228_210000_CNN_Newsroom_With_Fredricka_Whitfield/CNNW_20160228_210000_CNN_Newsroom_With_Fredricka_Whitfield.thumbs/CNNW_20160228_210000_CNN_Newsroom_With_Fredricka_Whitfield_000057.jpg,"now, i got to tell you, you know, that when the republicans are asked about climate change, they all say pretty much the same thing. i don't know, i'm an scientist. now there's really easy remedy"
https://archive.org/details/CNNW_20160204_060000_AC360_Democratic_Presidential_Town_Hall#start/3103/end/3138,2/4/2016 6:51:58,CNN,AC360 Democratic Presidential Town Hall,CNNW_20160204_060000_AC360_Democratic_Presidential_Town_Hall,https://archive.org/download/CNNW_20160204_060000_AC360_Democratic_Presidential_Town_Hall/CNNW_20160204_060000_AC360_Democratic_Presidential_Town_Hall.thumbs/CNNW_20160204_060000_AC360_Democratic_Presidential_Town_Hall_003088.jpg,"and he has concluded after years of studying the issue that climate change is a hoax. brought to us by the chinese. now, that shocked me, anderson, because i thought that he would have thought it was a hoax"
https://archive.org/details/CNNW_20160221_170000_State_of_the_Union_With_Jake_Tapper#start/2692/end/2727,2/21/2016 17:45:07,CNN,State of the Union With Jake Tapper,CNNW_20160221_170000_State_of_the_Union_With_Jake_Tapper,https://archive.org/download/CNNW_20160221_170000_State_of_the_Union_With_Jake_Tapper/CNNW_20160221_170000_State_of_the_Union_With_Jake_Tapper.thumbs/CNNW_20160221_170000_State_of_the_Union_With_Jake_Tapper_002667.jpg,"our energy system so we effectively combat. a climate change. we are talking about dozens of issues. i'm not sure where secretary clinton is coming from. what i will repeat is we have got to address this real crisis"
https://archive.org/details/CNNW_20160228_180000_Fareed_Zakaria_GPS#start/2873/end/2908,2/28/2016 18:48:08,CNN,Fareed Zakaria GPS,CNNW_20160228_180000_Fareed_Zakaria_GPS,https://archive.org/download/CNNW_20160228_180000_Fareed_Zakaria_GPS/CNNW_20160228_180000_Fareed_Zakaria_GPS.thumbs/CNNW_20160228_180000_Fareed_Zakaria_GPS_002847.jpg,"their annual letter in which they lay out the priorities for their foundation for the year and the challenges they want to tackle with their vast sums of money. for bill, it is energy. he is concerned about the long-term impact of global warming and wants to wean the world off carbon-based fuels. but he believes that current"
https://archive.org/details/CNNW_20160204_080000_AC360_Democratic_Presidential_Town_Hall#start/2104/end/2139,2/4/2016 8:35:19,CNN,AC360 Democratic Presidential Town Hall,CNNW_20160204_080000_AC360_Democratic_Presidential_Town_Hall,https://archive.org/download/CNNW_20160204_080000_AC360_Democratic_Presidential_Town_Hall/CNNW_20160204_080000_AC360_Democratic_Presidential_Town_Hall.thumbs/CNNW_20160204_080000_AC360_Democratic_Presidential_Town_Hall_002098.jpg,"elections, dealing with climate change, making sure we don't continue to pay the highest prices in the world for prescription drugs when last year, the three major drug companies made $45 billion in profit. now, how do we change all of that?"
https://archive.org/details/CNNW_20160204_110000_New_Day#start/7545/end/7580,2/4/2016 13:06:00,CNN,New Day,CNNW_20160204_110000_New_Day,https://archive.org/download/CNNW_20160204_110000_New_Day/CNNW_20160204_110000_New_Day.thumbs/CNNW_20160204_110000_New_Day_007527.jpg,"saying is he has long fought for values and upholds things such as climate change, and advocating for hard working american people, standing up to wall street, things of that nature. so when he's talking about being a progressive, i think it is"
https://archive.org/details/CNNW_20160216_220000_Situation_Room_With_Wolf_Blitzer#start/2556/end/2591,2/16/2016 22:42:51,CNN,Situation Room With Wolf Blitzer,CNNW_20160216_220000_Situation_Room_With_Wolf_Blitzer,https://archive.org/download/CNNW_20160216_220000_Situation_Room_With_Wolf_Blitzer/CNNW_20160216_220000_Situation_Room_With_Wolf_Blitzer.thumbs/CNNW_20160216_220000_Situation_Room_With_Wolf_Blitzer_002548.jpg,"republicans whom he says are climate change deniers. this united states a president who clearly believes list legacy is with the democratic nominee and victor in this upcoming race, and he made it clear that he intends to get involved at"
https://archive.org/details/CNNW_20160207_170000_State_of_the_Union_With_Jake_Tapper#start/1242/end/1277,2/7/2016 17:20:57,CNN,State of the Union With Jake Tapper,CNNW_20160207_170000_State_of_the_Union_With_Jake_Tapper,https://archive.org/download/CNNW_20160207_170000_State_of_the_Union_With_Jake_Tapper/CNNW_20160207_170000_State_of_the_Union_With_Jake_Tapper.thumbs/CNNW_20160207_170000_State_of_the_Union_With_Jake_Tapper_001228.jpg,"for prescription drugs. it's not an accident that there's not one republican candidate who is prepared to stand up to the fossil fuel industry and help transform our energy system to deal with climate change. so i'm not going to go around"
https://archive.org/details/CNNW_20160215_210000_The_Lead_With_Jake_Tapper#start/406/end/441,2/15/2016 21:07:01,CNN,The Lead With Jake Tapper,CNNW_20160215_210000_The_Lead_With_Jake_Tapper,https://archive.org/download/CNNW_20160215_210000_The_Lead_With_Jake_Tapper/CNNW_20160215_210000_The_Lead_With_Jake_Tapper.thumbs/CNNW_20160215_210000_The_Lead_With_Jake_Tapper_000387.jpg,"candidate. he points to health care, minimum wage, climate change. but he has been increasingly saying the clinton campaign is unraveling. it might be more accurate to say they are reloading for this tough democratic fight ahead. hillary clinton has three words"
https://archive.org/details/CNNW_20160213_000000_Erin_Burnett_OutFront#start/3085/end/3120,2/13/2016 0:51:40,CNN,Erin Burnett OutFront,CNNW_20160213_000000_Erin_Burnett_OutFront,https://archive.org/download/CNNW_20160213_000000_Erin_Burnett_OutFront/CNNW_20160213_000000_Erin_Burnett_OutFront.thumbs/CNNW_20160213_000000_Erin_Burnett_OutFront_003058.jpg,"the danger of the open border we have with mexico. reporter: the pope who has staked out traditionally liberal views on frefrg climate change to capital toichl the poor is headed to the northern city where he will hold a prayer"
https://archive.org/details/CNNW_20160216_090000_Early_Start_With_John_Berman_and_Christine_Romans#start/2169/end/2204,2/16/2016 9:36:24,CNN,Early Start With John Berman and Christine Romans,CNNW_20160216_090000_Early_Start_With_John_Berman_and_Christine_Romans,https://archive.org/download/CNNW_20160216_090000_Early_Start_With_John_Berman_and_Christine_Romans/CNNW_20160216_090000_Early_Start_With_John_Berman_and_Christine_Romans.thumbs/CNNW_20160216_090000_Early_Start_With_John_Berman_and_Christine_Romans_002157.jpg,"climate change and raising minimum wage. sanders will be here in south carolina on tuesday making the case to appeal to voters beyond the electorate in iowa and new hampshire. he is showing he can appeal to"
https://archive.org/details/CNNW_20160204_060000_AC360_Democratic_Presidential_Town_Hall#start/1877/end/1912,2/4/2016 6:31:32,CNN,AC360 Democratic Presidential Town Hall,CNNW_20160204_060000_AC360_Democratic_Presidential_Town_Hall,https://archive.org/download/CNNW_20160204_060000_AC360_Democratic_Presidential_Town_Hall/CNNW_20160204_060000_AC360_Democratic_Presidential_Town_Hall.thumbs/CNNW_20160204_060000_AC360_Democratic_Presidential_Town_Hall_001858.jpg,"campaign finance system, which allows billionaires to buy elections, dealing with climate change, making sure we don't continue to pay the highest prices in the world for prescription drugs when last year, the three major drug companies made $45 billion in"
https://archive.org/details/CNNW_20160204_060000_AC360_Democratic_Presidential_Town_Hall#start/3985/end/4020,2/4/2016 7:06:40,CNN,AC360 Democratic Presidential Town Hall,CNNW_20160204_060000_AC360_Democratic_Presidential_Town_Hall,https://archive.org/download/CNNW_20160204_060000_AC360_Democratic_Presidential_Town_Hall/CNNW_20160204_060000_AC360_Democratic_Presidential_Town_Hall.thumbs/CNNW_20160204_060000_AC360_Democratic_Presidential_Town_Hall_003958.jpg,"members have, looking for ways to bring more justice in the economy and the environment, fighting climate change. so i'm impressed with them and i'm going to do everything i can to reach out and to explain why good ideas on paper are"
https://archive.org/details/CNNW_20160202_190000_CNN_Newsroom_With_Brooke_Baldwin#start/3696/end/3731,2/2/2016 20:01:51,CNN,CNN Newsroom With Brooke Baldwin,CNNW_20160202_190000_CNN_Newsroom_With_Brooke_Baldwin,https://archive.org/download/CNNW_20160202_190000_CNN_Newsroom_With_Brooke_Baldwin/CNNW_20160202_190000_CNN_Newsroom_With_Brooke_Baldwin.thumbs/CNNW_20160202_190000_CNN_Newsroom_With_Brooke_Baldwin_003687.jpg,"think the country must do to get real results with more jobs, rising incomes, build on the affordable care act, deal with climate change, clean energy, defend our rights. all the things i feel passionate about. last week, i had so many people"
https://archive.org/details/CNNW_20160211_080000_CNN_Tonight_With_Don_Lemon#start/2574/end/2609,2/11/2016 8:43:09,CNN,CNN Tonight With Don Lemon,CNNW_20160211_080000_CNN_Tonight_With_Don_Lemon,https://archive.org/download/CNNW_20160211_080000_CNN_Tonight_With_Don_Lemon/CNNW_20160211_080000_CNN_Tonight_With_Don_Lemon.thumbs/CNNW_20160211_080000_CNN_Tonight_With_Don_Lemon_002577.jpg,"kinder and continue with our immigration policy. we're going to have a big farewell address about the climate change dangers in the 21st century. and of course you're going to have a big political speech by barack obama in philadelphia for"
https://archive.org/details/CNNW_20160211_070000_CNN_Tonight_With_Don_Lemon#start/349/end/384,2/11/2016 7:06:04,CNN,CNN Tonight With Don Lemon,CNNW_20160211_070000_CNN_Tonight_With_Don_Lemon,https://archive.org/download/CNNW_20160211_070000_CNN_Tonight_With_Don_Lemon/CNNW_20160211_070000_CNN_Tonight_With_Don_Lemon.thumbs/CNNW_20160211_070000_CNN_Tonight_With_Don_Lemon_000327.jpg,"a stay -- or yesterday late last night the supreme court put a stay on president obama's global climate change throwdown from the epa. they also a week earlier raised the issue of the president not taking care of the laws that"
https://archive.org/details/CNNW_20160216_210000_The_Lead_With_Jake_Tapper#start/3491/end/3526,2/16/2016 21:58:26,CNN,The Lead With Jake Tapper,CNNW_20160216_210000_The_Lead_With_Jake_Tapper,https://archive.org/download/CNNW_20160216_210000_The_Lead_With_Jake_Tapper/CNNW_20160216_210000_The_Lead_With_Jake_Tapper.thumbs/CNNW_20160216_210000_The_Lead_With_Jake_Tapper_003477.jpg,"countries adapt and mitigate impacts of climate change will be critical and it will enable them to leap ahead to new and affordable clean energy. as we pursue our sustainable development goals, we're launching a new competition, innovation challenge to"
https://archive.org/details/CNNW_20160217_020000_Anderson_Cooper_360#start/415/end/450,2/17/2016 2:07:10,CNN,Anderson Cooper 360,CNNW_20160217_020000_Anderson_Cooper_360,https://archive.org/download/CNNW_20160217_020000_Anderson_Cooper_360/CNNW_20160217_020000_Anderson_Cooper_360.thumbs/CNNW_20160217_020000_Anderson_Cooper_360_000388.jpg,"they're all denying climate change. i think that's troubling to the international community. since the science is unequivo l unequivocal. bob, he's talking about marco rubio there at the beginning. yeah. are you surprised to see the president stepping into a"
https://archive.org/details/CNNW_20160203_220000_Situation_Room_With_Wolf_Blitzer#start/5777/end/5812,2/3/2016 23:36:32,CNN,Situation Room With Wolf Blitzer,CNNW_20160203_220000_Situation_Room_With_Wolf_Blitzer,https://archive.org/download/CNNW_20160203_220000_Situation_Room_With_Wolf_Blitzer/CNNW_20160203_220000_Situation_Room_With_Wolf_Blitzer.thumbs/CNNW_20160203_220000_Situation_Room_With_Wolf_Blitzer_005758.jpg,"the american middle class, a corrupt campaign finance system, the horrendous dangers of climate change, a broken criminal justice system, et cetera, the problems are so severe that i honestly believe in my heart as somebody who respects and likes secretary"
https://archive.org/details/CNNW_20160229_100000_Early_Start_With_John_Berman_and_Christine_Romans#start/2844/end/2879,2/29/2016 10:47:39,CNN,Early Start With John Berman and Christine Romans,CNNW_20160229_100000_Early_Start_With_John_Berman_and_Christine_Romans,https://archive.org/download/CNNW_20160229_100000_Early_Start_With_John_Berman_and_Christine_Romans/CNNW_20160229_100000_Early_Start_With_John_Berman_and_Christine_Romans.thumbs/CNNW_20160229_100000_Early_Start_With_John_Berman_and_Christine_Romans_002817.jpg,"for best actor. he used the stage to talk about climate change. listen to what he said. making 'the revenant' was about man's relationship to the natural world. a world we collectively felt in 2015 as the hottest year in recorded history."
https://archive.org/details/CNNW_20160229_100000_Early_Start_With_John_Berman_and_Christine_Romans#start/1054/end/1089,2/29/2016 10:17:49,CNN,Early Start With John Berman and Christine Romans,CNNW_20160229_100000_Early_Start_With_John_Berman_and_Christine_Romans,https://archive.org/download/CNNW_20160229_100000_Early_Start_With_John_Berman_and_Christine_Romans/CNNW_20160229_100000_Early_Start_With_John_Berman_and_Christine_Romans.thumbs/CNNW_20160229_100000_Early_Start_With_John_Berman_and_Christine_Romans_001047.jpg,"climate change is real. it is happening right now. reporter: also winning is alejandro inarritu. he won last year for 'birdman.' the first time a director won back-to-back oscars in 66 years. i spoke to him outside the"
https://archive.org/details/CNNW_20160217_073000_Amanpour#start/756/end/791,2/17/2016 7:42:51,CNN,Amanpour,CNNW_20160217_073000_Amanpour,https://archive.org/download/CNNW_20160217_073000_Amanpour/CNNW_20160217_073000_Amanpour.thumbs/CNNW_20160217_073000_Amanpour_000747.jpg,"of el nino, because of climate change, and the observations have taken us as far north as coastal portions of new york state. what are the causes? we know increased water salinity. a lot of drought going on globally speaking."
https://archive.org/details/CNNW_20160211_110000_New_Day#start/7535/end/7570,2/11/2016 13:05:50,CNN,New Day,CNNW_20160211_110000_New_Day,https://archive.org/download/CNNW_20160211_110000_New_Day/CNNW_20160211_110000_New_Day.thumbs/CNNW_20160211_110000_New_Day_007528.jpg,"and where the party is going. and it issues of economic inequality. when we're talking about climate change, criminal justice reform, ending mass incarceration. these are all things that senator sanders is not knew to these issues he's not new to"
https://archive.org/details/CNNW_20160229_090000_Early_Start_With_John_Berman_and_Christine_Romans#start/934/end/969,2/29/2016 9:15:49,CNN,Early Start With John Berman and Christine Romans,CNNW_20160229_090000_Early_Start_With_John_Berman_and_Christine_Romans,https://archive.org/download/CNNW_20160229_090000_Early_Start_With_John_Berman_and_Christine_Romans/CNNW_20160229_090000_Early_Start_With_John_Berman_and_Christine_Romans.thumbs/CNNW_20160229_090000_Early_Start_With_John_Berman_and_Christine_Romans_000927.jpg,"just to find snow. climate change is real. it is happening right now. reporter: also winning for 'the revenant' is alejandro inarritu. he won last year for 'birdman.' the first time a director won"
https://archive.org/details/CNNW_20160225_080000_CNN_Tonight_With_Don_Lemon#start/2522/end/2557,2/25/2016 8:42:17,CNN,CNN Tonight With Don Lemon,CNNW_20160225_080000_CNN_Tonight_With_Don_Lemon,https://archive.org/download/CNNW_20160225_080000_CNN_Tonight_With_Don_Lemon/CNNW_20160225_080000_CNN_Tonight_With_Don_Lemon.thumbs/CNNW_20160225_080000_CNN_Tonight_With_Don_Lemon_002517.jpg,"country is, with different demographics, and if you're going to bring a new wave of people into the republican party you have to represent what a conservative solution would be to climate change, to the evironment generally, to immigration reform and lgbt"
https://archive.org/details/CNNW_20160210_100000_Early_Start_With_John_Berman_and_Christine_Romans#start/1436/end/1471,2/10/2016 10:24:11,CNN,Early Start With John Berman and Christine Romans,CNNW_20160210_100000_Early_Start_With_John_Berman_and_Christine_Romans,https://archive.org/download/CNNW_20160210_100000_Early_Start_With_John_Berman_and_Christine_Romans/CNNW_20160210_100000_Early_Start_With_John_Berman_and_Christine_Romans.thumbs/CNNW_20160210_100000_Early_Start_With_John_Berman_and_Christine_Romans_001437.jpg,"involuntary manslaughter charges could be on the table. a set back to president obama's climate change agenda. the supreme court temporarily blocking white house efforts to regulate emissiones in coal fired power plants. the case will most likely return to the supreme court after an"
https://archive.org/details/CNNW_20160206_170000_CNN_Newsroom_With_Fredricka_Whitfield#start/926/end/961,2/6/2016 17:15:41,CNN,CNN Newsroom With Fredricka Whitfield,CNNW_20160206_170000_CNN_Newsroom_With_Fredricka_Whitfield,https://archive.org/download/CNNW_20160206_170000_CNN_Newsroom_With_Fredricka_Whitfield/CNNW_20160206_170000_CNN_Newsroom_With_Fredricka_Whitfield.thumbs/CNNW_20160206_170000_CNN_Newsroom_With_Fredricka_Whitfield_000927.jpg,"hampshire who say, you know, they're politically astute, interested in everything from climate change to health care, but at the same time they want to know that a candidate really does understand their plight of their life-style here, understand the issues, and among"
https://archive.org/details/CNNW_20160214_090000_CNN_Newsroom_Live#start/2623/end/2658,2/14/2016 9:43:58,CNN,CNN Newsroom Live,CNNW_20160214_090000_CNN_Newsroom_Live,https://archive.org/download/CNNW_20160214_090000_CNN_Newsroom_Live/CNNW_20160214_090000_CNN_Newsroom_Live.thumbs/CNNW_20160214_090000_CNN_Newsroom_Live_002607.jpg,"views on everything from climate change to capitalism to the poor, is headed to the northern city of juarez where he will hold a prayer service with immigrants in the shadow of the fence separating mexico and the u.s. if elected, trump promises to"
https://archive.org/details/CNNW_20160211_040000_CNN_Tonight_With_Don_Lemon#start/2581/end/2616,2/11/2016 4:43:16,CNN,CNN Tonight With Don Lemon,CNNW_20160211_040000_CNN_Tonight_With_Don_Lemon,https://archive.org/download/CNNW_20160211_040000_CNN_Tonight_With_Don_Lemon/CNNW_20160211_040000_CNN_Tonight_With_Don_Lemon.thumbs/CNNW_20160211_040000_CNN_Tonight_With_Don_Lemon_002577.jpg,"address about climate change, dangers in the 21st century and of course you're going to have a big political speech by barack obama on philadelphia, which for the democratic national convention. so i think he simply decided to see a number of these kind of"
https://archive.org/details/CNNW_20160213_210000_CNN_Newsroom_With_Poppy_Harlow#start/937/end/972,2/13/2016 21:15:52,CNN,CNN Newsroom With Poppy Harlow,CNNW_20160213_210000_CNN_Newsroom_With_Poppy_Harlow,https://archive.org/download/CNNW_20160213_210000_CNN_Newsroom_With_Poppy_Harlow/CNNW_20160213_210000_CNN_Newsroom_With_Poppy_Harlow.thumbs/CNNW_20160213_210000_CNN_Newsroom_With_Poppy_Harlow_000928.jpg,"market expert, an economic expert this week who is a democrat who said targeted free college is what you need. only for those that really, really need it. hillary clinton talks about climate change. she talks about making college more affordable. sometimes an even more specific"
https://archive.org/details/CNNW_20160213_140000_Smerconish#start/2709/end/2744,2/13/2016 14:45:24,CNN,Smerconish,CNNW_20160213_140000_Smerconish,https://archive.org/download/CNNW_20160213_140000_Smerconish/CNNW_20160213_140000_Smerconish.thumbs/CNNW_20160213_140000_Smerconish_002698.jpg,"book on the subject, it's even worse than it seems. an update the version is due next month. larry, why is hewlett so concerned about polarization you're putting on a list of prover the i and climate change and education? well, you know, michael, it's"
https://archive.org/details/CNNW_20160215_000000_CNN_Newsroom_With_Poppy_Harlow#start/1702/end/1737,2/15/2016 0:28:37,CNN,CNN Newsroom With Poppy Harlow,CNNW_20160215_000000_CNN_Newsroom_With_Poppy_Harlow,https://archive.org/download/CNNW_20160215_000000_CNN_Newsroom_With_Poppy_Harlow/CNNW_20160215_000000_CNN_Newsroom_With_Poppy_Harlow.thumbs/CNNW_20160215_000000_CNN_Newsroom_With_Poppy_Harlow_001677.jpg,"the pope who has staked out traditionally liberal views on everything from climate change to capitalism to the poor is headed to the northern city of juarez. where he will hold a prayer service with immigrants in the shadow of the fence separating mexico and the u.s."
https://archive.org/details/CNNW_20160217_000000_Erin_Burnett_OutFront#start/140/end/175,2/17/2016 0:02:35,CNN,Erin Burnett OutFront,CNNW_20160217_000000_Erin_Burnett_OutFront,https://archive.org/download/CNNW_20160217_000000_Erin_Burnett_OutFront/CNNW_20160217_000000_Erin_Burnett_OutFront.thumbs/CNNW_20160217_000000_Erin_Burnett_OutFront_000117.jpg,"trump directly. so he used trump as a kind of springboard to kind of lump everybody in, to criticize all of the republican candidates. he said some of the things that trump has said on muslims, immigration, even on climate change, that others of the"
https://archive.org/details/CNNW_20160229_100000_Early_Start_With_John_Berman_and_Christine_Romans#start/2859/end/2894,2/29/2016 10:47:54,CNN,Early Start With John Berman and Christine Romans,CNNW_20160229_100000_Early_Start_With_John_Berman_and_Christine_Romans,https://archive.org/download/CNNW_20160229_100000_Early_Start_With_John_Berman_and_Christine_Romans/CNNW_20160229_100000_Early_Start_With_John_Berman_and_Christine_Romans.thumbs/CNNW_20160229_100000_Early_Start_With_John_Berman_and_Christine_Romans_002847.jpg,"our production needed to move to the southern tip of the planet just to be able to find snow. climate change is real. it is happening right now. it is the most urgent threat facing our entire species. that is an example of leo"
https://archive.org/details/CNNW_20160229_140000_CNN_Newsroom_With_Carol_Costello#start/4489/end/4524,2/29/2016 15:15:04,CNN,CNN Newsroom With Carol Costello,CNNW_20160229_140000_CNN_Newsroom_With_Carol_Costello,https://archive.org/download/CNNW_20160229_140000_CNN_Newsroom_With_Carol_Costello/CNNW_20160229_140000_CNN_Newsroom_With_Carol_Costello.thumbs/CNNW_20160229_140000_CNN_Newsroom_With_Carol_Costello_004468.jpg,"climate change, and between it was a mess. and then the broadcast ended. that's what we're doing right now. always a pleasure. thank you. thanks, carol. the democrats are preparing for a super tuesday show down. hillary clinton and bernie sanders chris crossing several"
https://archive.org/details/CNNW_20160228_180000_Fareed_Zakaria_GPS#start/2631/end/2666,2/28/2016 18:44:06,CNN,Fareed Zakaria GPS,CNNW_20160228_180000_Fareed_Zakaria_GPS,https://archive.org/download/CNNW_20160228_180000_Fareed_Zakaria_GPS/CNNW_20160228_180000_Fareed_Zakaria_GPS.thumbs/CNNW_20160228_180000_Fareed_Zakaria_GPS_002577.jpg,"are. they're teaming up to tackle climate change but in a novel way. gates will explain when we come back. most new wealth flows it's called a rigged economy, and this is how it works. to the top 1%. it's a system held in place"
https://archive.org/details/CNNW_20160228_150000_Fareed_Zakaria_GPS#start/2593/end/2628,2/28/2016 15:43:28,CNN,Fareed Zakaria GPS,CNNW_20160228_150000_Fareed_Zakaria_GPS,https://archive.org/download/CNNW_20160228_150000_Fareed_Zakaria_GPS/CNNW_20160228_150000_Fareed_Zakaria_GPS.thumbs/CNNW_20160228_150000_Fareed_Zakaria_GPS_002577.jpg,"more open about which policies don't work and which ones do. up next, bill gates and some of the other richest men and women in the world are putting their money where their mouths are. they're teaming up to tackle climate change but in a novel"
https://archive.org/details/CNNW_20160221_140000_State_of_the_Union_With_Jake_Tapper#start/2684/end/2719,2/21/2016 14:44:59,CNN,State of the Union With Jake Tapper,CNNW_20160221_140000_State_of_the_Union_With_Jake_Tapper,https://archive.org/download/CNNW_20160221_140000_State_of_the_Union_With_Jake_Tapper/CNNW_20160221_140000_State_of_the_Union_With_Jake_Tapper.thumbs/CNNW_20160221_140000_State_of_the_Union_With_Jake_Tapper_002667.jpg,"we're working very hard to transform our energy system so we effectively combat a climate change. we're talking about dozens of issues so i'm not quite sure where secretary clinton is coming from. what i will repeat is i think we have to address this real crisis"
https://archive.org/details/CNNW_20160203_190000_CNN_Newsroom_With_Brooke_Baldwin#start/329/end/364,2/3/2016 19:05:44,CNN,CNN Newsroom With Brooke Baldwin,CNNW_20160203_190000_CNN_Newsroom_With_Brooke_Baldwin,https://archive.org/download/CNNW_20160203_190000_CNN_Newsroom_With_Brooke_Baldwin/CNNW_20160203_190000_CNN_Newsroom_With_Brooke_Baldwin.thumbs/CNNW_20160203_190000_CNN_Newsroom_With_Brooke_Baldwin_000327.jpg,"corruption campaign finance system, the dangers of climate change a broken criminal justice system, et cetera -- the problems are so severe that i honestly believe in my heart, as somebody who respects and likes secretary clinton, you know, media tries to create this, you"
https://archive.org/details/CNNW_20160217_073000_Amanpour#start/709/end/744,2/17/2016 7:42:04,CNN,Amanpour,CNNW_20160217_073000_Amanpour,https://archive.org/download/CNNW_20160217_073000_Amanpour/CNNW_20160217_073000_Amanpour.thumbs/CNNW_20160217_073000_Amanpour_000687.jpg,"coupled with climate change may be altering their migration routes. i know you've done a lot of study on this. what is happening? reporter: rosemary, this is a story we've seen over the last several years really encrease as far as the number of sharp"
https://archive.org/details/CNNW_20160204_040000_CNN_Tonight_With_Don_Lemon#start/800/end/835,2/4/2016 4:13:35,CNN,CNN Tonight With Don Lemon,CNNW_20160204_040000_CNN_Tonight_With_Don_Lemon,https://archive.org/download/CNNW_20160204_040000_CNN_Tonight_With_Don_Lemon/CNNW_20160204_040000_CNN_Tonight_With_Don_Lemon.thumbs/CNNW_20160204_040000_CNN_Tonight_With_Don_Lemon_000778.jpg,"president who led the way on climate change, led the way on gay rights, who did the iran bill and opened up relations with cuba. how is he not a progressive? that's how we start having the serious issues and then he goes into this rant of i don't know a"
https://archive.org/details/CNNW_20160228_180000_Fareed_Zakaria_GPS#start/335/end/370,2/28/2016 18:05:50,CNN,Fareed Zakaria GPS,CNNW_20160228_180000_Fareed_Zakaria_GPS,https://archive.org/download/CNNW_20160228_180000_Fareed_Zakaria_GPS/CNNW_20160228_180000_Fareed_Zakaria_GPS.thumbs/CNNW_20160228_180000_Fareed_Zakaria_GPS_000327.jpg,"climate change among others. yeats was wrong, the center can and does hold, but just barely. for more, go to cnn.com/fareed and read my 'washington post' column this week. let's get started. i have lots to talk about with my guest, michael hayden, from the presidential race to"
https://archive.org/details/CNNW_20160223_220000_Situation_Room_With_Wolf_Blitzer#start/5372/end/5407,2/23/2016 23:29:47,CNN,Situation Room With Wolf Blitzer,CNNW_20160223_220000_Situation_Room_With_Wolf_Blitzer,https://archive.org/download/CNNW_20160223_220000_Situation_Room_With_Wolf_Blitzer/CNNW_20160223_220000_Situation_Room_With_Wolf_Blitzer.thumbs/CNNW_20160223_220000_Situation_Room_With_Wolf_Blitzer_005367.jpg,"inequality. how important is that for him to push back on that tonight? well, i think it's very important. we don't have to do much pushing because every where the senator goes he not only talks about economic inequality he's talking about climate change and criminal justice reforeign"
https://archive.org/details/CNNW_20160204_000000_Erin_Burnett_OutFront#start/3329/end/3364,2/4/2016 0:55:44,CNN,Erin Burnett OutFront,CNNW_20160204_000000_Erin_Burnett_OutFront,https://archive.org/download/CNNW_20160204_000000_Erin_Burnett_OutFront/CNNW_20160204_000000_Erin_Burnett_OutFront.thumbs/CNNW_20160204_000000_Erin_Burnett_OutFront_003328.jpg,"know, covering all the topics you would think a lot of democrats would be interested in, education, there's climate change, there's a whole range of subjects. but you also have independent voters who have said that they plan to vote in the democratic primary and are eligible to"
https://archive.org/details/CNNW_20160223_210000_The_Lead_With_Jake_Tapper#start/1535/end/1570,2/23/2016 21:25:50,CNN,The Lead With Jake Tapper,CNNW_20160223_210000_The_Lead_With_Jake_Tapper,https://archive.org/download/CNNW_20160223_210000_The_Lead_With_Jake_Tapper/CNNW_20160223_210000_The_Lead_With_Jake_Tapper.thumbs/CNNW_20160223_210000_The_Lead_With_Jake_Tapper_001527.jpg,"a strong record on the environment. today we started advertising in colorado that bernie sanders opposes fracking. hillary clinton put out an energy paper that said fracking's okay. bernie believes if you want to take on climate change, you have to recognize that fracking is not for our future, we need to"
https://archive.org/details/CNNW_20160228_200000_CNN_Newsroom_With_Fredricka_Whitfield#start/3620/end/3655,2/28/2016 21:00:35,CNN,CNN Newsroom With Fredricka Whitfield,CNNW_20160228_200000_CNN_Newsroom_With_Fredricka_Whitfield,https://archive.org/download/CNNW_20160228_200000_CNN_Newsroom_With_Fredricka_Whitfield/CNNW_20160228_200000_CNN_Newsroom_With_Fredricka_Whitfield.thumbs/CNNW_20160228_200000_CNN_Newsroom_With_Fredricka_Whitfield_003597.jpg,"getting together to do different things for advanced manufacturing. we will have skills and make sure we are ready to do that work. and i also believe the best way to combat climate change is by creating clean renewable energy jobs that will change the way we produce energy in the country."
https://archive.org/details/CNNW_20160228_210000_CNN_Newsroom_With_Fredricka_Whitfield#start/20/end/55,2/28/2016 21:00:35,CNN,CNN Newsroom With Fredricka Whitfield,CNNW_20160228_210000_CNN_Newsroom_With_Fredricka_Whitfield,https://archive.org/download/CNNW_20160228_210000_CNN_Newsroom_With_Fredricka_Whitfield/CNNW_20160228_210000_CNN_Newsroom_With_Fredricka_Whitfield.thumbs/CNNW_20160228_210000_CNN_Newsroom_With_Fredricka_Whitfield_000057.jpg,"getting together to do different things for advanced manufacturing. we will have skills and make sure we are ready to do that work. and i also believe the best way to combat climate change is by creating clean renewable energy jobs that will change the way we produce energy in the country."
https://archive.org/details/CNNW_20160217_020000_Anderson_Cooper_360#start/1072/end/1107,2/17/2016 2:18:07,CNN,Anderson Cooper 360,CNNW_20160217_020000_Anderson_Cooper_360,https://archive.org/download/CNNW_20160217_020000_Anderson_Cooper_360/CNNW_20160217_020000_Anderson_Cooper_360.thumbs/CNNW_20160217_020000_Anderson_Cooper_360_001048.jpg,"barack obama, he's going to be able to have a third, perhaps. he needs a victory in november to make sure that that happens. also on issues like climate change, gun violence, it's really a third obama term in many ways, hillary clinton, and he must be very pleased at the way she's helping the president"
https://archive.org/details/CNNW_20160212_220000_Situation_Room_With_Wolf_Blitzer#start/1098/end/1133,2/12/2016 22:18:33,CNN,Situation Room With Wolf Blitzer,CNNW_20160212_220000_Situation_Room_With_Wolf_Blitzer,https://archive.org/download/CNNW_20160212_220000_Situation_Room_With_Wolf_Blitzer/CNNW_20160212_220000_Situation_Room_With_Wolf_Blitzer.thumbs/CNNW_20160212_220000_Situation_Room_With_Wolf_Blitzer_001078.jpg,"of his hour-long stump speeches. this is a guy who talks with such a broad range of issues. what we're going to do to have universal college education, how we'll reform health care so 29 million who don't have health care can have it, how we're going to deal with climate change and rebuild our"
https://archive.org/details/CNNW_20160212_060000_PBS_NewsHour#start/3952/end/3987,2/12/2016 7:06:07,CNN,PBS NewsHour,CNNW_20160212_060000_PBS_NewsHour,https://archive.org/download/CNNW_20160212_060000_PBS_NewsHour/CNNW_20160212_060000_PBS_NewsHour.thumbs/CNNW_20160212_060000_PBS_NewsHour_003927.jpg,"climate change is real, and that we have got to transform our energy system? and when we talk about wall street, let's talk about wall street. i voted for dodd-frank. got an important amendment in it. my view, it doesn't go anywhere near far enough. but when we talk about wall street, you have wall street and"
https://archive.org/details/CNNW_20160228_180000_Fareed_Zakaria_GPS#start/2935/end/2970,2/28/2016 18:49:10,CNN,Fareed Zakaria GPS,CNNW_20160228_180000_Fareed_Zakaria_GPS,https://archive.org/download/CNNW_20160228_180000_Fareed_Zakaria_GPS/CNNW_20160228_180000_Fareed_Zakaria_GPS.thumbs/CNNW_20160228_180000_Fareed_Zakaria_GPS_002937.jpg,"is an urgent problem? there's no doubt about those things. it's only urgent in the sense that the amount of time to solve the problem is so long. that is, the problems caused by climate change in the next 20, 30 years are not that dramatic but because when you emit co2 it stays in the atmosphere for"
https://archive.org/details/CNNW_20160207_140000_State_of_the_Union_With_Jake_Tapper#start/1263/end/1298,2/7/2016 14:21:18,CNN,State of the Union With Jake Tapper,CNNW_20160207_140000_State_of_the_Union_With_Jake_Tapper,https://archive.org/download/CNNW_20160207_140000_State_of_the_Union_With_Jake_Tapper/CNNW_20160207_140000_State_of_the_Union_With_Jake_Tapper.thumbs/CNNW_20160207_140000_State_of_the_Union_With_Jake_Tapper_001257.jpg,"it's not an accident that there's not one republican candidate who is prepared to stand up to the fossil fuel industry and help transform our energy system to deal with climate change. so i'm not going to go around saying well, she got this, she did that. that is not my point. i do not have a super pac, jake."
https://archive.org/details/CNNW_20160213_030000_PBS_NewsHour#start/4111/end/4146,2/13/2016 4:08:46,CNN,PBS NewsHour,CNNW_20160213_030000_PBS_NewsHour,https://archive.org/download/CNNW_20160213_030000_PBS_NewsHour/CNNW_20160213_030000_PBS_NewsHour.thumbs/CNNW_20160213_030000_PBS_NewsHour_004107.jpg,"huge amounts of money on contributions? any connection to the fact that not one republican candidate for president thinks and agrees with the scientific community that climate change is real and this we have got to transform our energy system? and when we talk about wall street, let's talk about wall street. i voted for dodd-frank. got an important amendment in it."
