﻿URL,MatchDateTime,Station,Show,IAShowID,IAPreviewThumb,Snippet
https://archive.org/details/CNNW_20160131_180000_Fareed_Zakaria_GPS#start/445/end/480,1/31/2016 18:07:40,CNN,Fareed Zakaria GPS,CNNW_20160131_180000_Fareed_Zakaria_GPS,https://archive.org/download/CNNW_20160131_180000_Fareed_Zakaria_GPS/CNNW_20160131_180000_Fareed_Zakaria_GPS.thumbs/CNNW_20160131_180000_Fareed_Zakaria_GPS_000447.jpg,"campaigned on the idea that you were going to do deficit spending to build infrastructure, that you were going to reverse canada's denial on climate change issues and embrace an active climate change"
https://archive.org/details/CNNW_20160117_220000_CNN_Newsroom_With_Poppy_Harlow#start/1681/end/1716,1/17/2016 22:28:16,CNN,CNN Newsroom With Poppy Harlow,CNNW_20160117_220000_CNN_Newsroom_With_Poppy_Harlow,https://archive.org/download/CNNW_20160117_220000_CNN_Newsroom_With_Poppy_Harlow/CNNW_20160117_220000_CNN_Newsroom_With_Poppy_Harlow.thumbs/CNNW_20160117_220000_CNN_Newsroom_With_Poppy_Harlow_001665.jpg,"and lindsey graham before he dropped out. right. but ted cruz, marco rubio, donald trump, the front-runners in this race, they're not talking about climate change at all as a problem. in fact, they tend to mock the obama administration's concern about climate change."
https://archive.org/details/CNNW_20160101_140000_CNN_Newsroom_With_Carol_Costello#start/2009/end/2044,1/1/2016 14:33:44,CNN,CNN Newsroom With Carol Costello,CNNW_20160101_140000_CNN_Newsroom_With_Carol_Costello,https://archive.org/download/CNNW_20160101_140000_CNN_Newsroom_With_Carol_Costello/CNNW_20160101_140000_CNN_Newsroom_With_Carol_Costello.thumbs/CNNW_20160101_140000_CNN_Newsroom_With_Carol_Costello_001995.jpg,"that will help him get gun control be a major part of his legacy in his last year. also climate change, this president has put a lot of skin in that game. he got a result out of paris recently. and now he has to come home and sell climate change to the"
https://archive.org/details/CNNW_20160126_050000_The_CNN_Iowa_Presidential_Town_Hall#start/5609/end/5644,1/26/2016 6:33:44,CNN,The CNN Iowa Presidential Town Hall,CNNW_20160126_050000_The_CNN_Iowa_Presidential_Town_Hall,https://archive.org/download/CNNW_20160126_050000_The_CNN_Iowa_Presidential_Town_Hall/CNNW_20160126_050000_The_CNN_Iowa_Presidential_Town_Hall.thumbs/CNNW_20160126_050000_The_CNN_Iowa_Presidential_Town_Hall_002458.jpg,"recklessness helped destroy our economy and create the worst recession since the great depression. i led the effort against wall street deregulation. see where hillary clinton was on this issue. in terms of climate change,"
https://archive.org/details/CNNW_20160124_180000_Fareed_Zakaria_GPS#start/3558/end/3593,1/24/2016 18:59:33,CNN,Fareed Zakaria GPS,CNNW_20160124_180000_Fareed_Zakaria_GPS,https://archive.org/download/CNNW_20160124_180000_Fareed_Zakaria_GPS/CNNW_20160124_180000_Fareed_Zakaria_GPS.thumbs/CNNW_20160124_180000_Fareed_Zakaria_GPS_003537.jpg,"report says the oceans will contain more tons of plastic than tons of fish. remarkable. the world economic forum said this year the greatest global risk is the failure of climate change mitigation and"
https://archive.org/details/CNNW_20160103_170000_State_of_the_Union_With_Jake_Tapper#start/399/end/434,1/3/2016 17:06:54,CNN,State of the Union With Jake Tapper,CNNW_20160103_170000_State_of_the_Union_With_Jake_Tapper,https://archive.org/download/CNNW_20160103_170000_State_of_the_Union_With_Jake_Tapper/CNNW_20160103_170000_State_of_the_Union_With_Jake_Tapper.thumbs/CNNW_20160103_170000_State_of_the_Union_With_Jake_Tapper_000375.jpg,"whether those executive orders are around immigration or whether those executive orders are around gun control. and it is delusional, dangerous, not to mention unconstitutional for barack obama and hillary clinton to continue to talk about climate change and gun"
https://archive.org/details/CNNW_20160119_140000_CNN_Newsroom_With_Carol_Costello#start/641/end/676,1/19/2016 14:10:56,CNN,CNN Newsroom With Carol Costello,CNNW_20160119_140000_CNN_Newsroom_With_Carol_Costello,https://archive.org/download/CNNW_20160119_140000_CNN_Newsroom_With_Carol_Costello/CNNW_20160119_140000_CNN_Newsroom_With_Carol_Costello.thumbs/CNNW_20160119_140000_CNN_Newsroom_With_Carol_Costello_000616.jpg,"want to call them, we have a more progressive generation of up and coming voters that be we have in years. young people want a candidate, they want our government to do something strong to take on the possibility of catastrophic climate change."
https://archive.org/details/CNNW_20160113_010000_Anderson_Cooper_360#start/848/end/883,1/13/2016 1:14:23,CNN,Anderson Cooper 360,CNNW_20160113_010000_Anderson_Cooper_360,https://archive.org/download/CNNW_20160113_010000_Anderson_Cooper_360/CNNW_20160113_010000_Anderson_Cooper_360.thumbs/CNNW_20160113_010000_Anderson_Cooper_360_000825.jpg,"just for this election, but beyond. that's what they have signaled. where do we need to go on the economy some where do we need to go on our approach to national defense and security? where do we need to go in terms of climate change?"
https://archive.org/details/CNNW_20160102_220000_CNN_Newsroom_With_Poppy_Harlow#start/1717/end/1752,1/2/2016 22:28:52,CNN,CNN Newsroom With Poppy Harlow,CNNW_20160102_220000_CNN_Newsroom_With_Poppy_Harlow,https://archive.org/download/CNNW_20160102_220000_CNN_Newsroom_With_Poppy_Harlow/CNNW_20160102_220000_CNN_Newsroom_With_Poppy_Harlow.thumbs/CNNW_20160102_220000_CNN_Newsroom_With_Poppy_Harlow_001695.jpg,"comfortable with the amount of actions we've seen, but i think he's getting work done that the congress has decided they're one willing or unable to do. so, i think you'll see a very interesting year. for all the reasons ben laid out. climate change, immigration"
https://archive.org/details/CNNW_20160110_090000_CNN_Newsroom_Live#start/5067/end/5102,1/10/2016 10:24:42,CNN,CNN Newsroom Live,CNNW_20160110_090000_CNN_Newsroom_Live,https://archive.org/download/CNNW_20160110_090000_CNN_Newsroom_Live/CNNW_20160110_090000_CNN_Newsroom_Live.thumbs/CNNW_20160110_090000_CNN_Newsroom_Live_005055.jpg,"couple of days. hard to believe, it's counterintuitive when you think about extreme cold or climate change and global warming. there's studies done that the melting of of the ice caps displaces the jet streams. the cold air drops south. certainly could play a role in"
https://archive.org/details/CNNW_20160124_150000_Fareed_Zakaria_GPS#start/3557/end/3592,1/24/2016 15:59:32,CNN,Fareed Zakaria GPS,CNNW_20160124_150000_Fareed_Zakaria_GPS,https://archive.org/download/CNNW_20160124_150000_Fareed_Zakaria_GPS/CNNW_20160124_150000_Fareed_Zakaria_GPS.thumbs/CNNW_20160124_150000_Fareed_Zakaria_GPS_003537.jpg,"emptying a garbage truck into the ocean. remarkable. the world economic forum said this year the greatest global risk is the failure of climate"
https://archive.org/details/CNNW_20160102_180000_CNN_Newsroom_With_Fredricka_Whitfield#start/3010/end/3045,1/2/2016 18:50:25,CNN,CNN Newsroom With Fredricka Whitfield,CNNW_20160102_180000_CNN_Newsroom_With_Fredricka_Whitfield,https://archive.org/download/CNNW_20160102_180000_CNN_Newsroom_With_Fredricka_Whitfield/CNNW_20160102_180000_CNN_Newsroom_With_Fredricka_Whitfield.thumbs/CNNW_20160102_180000_CNN_Newsroom_With_Fredricka_Whitfield_002985.jpg,"climate change as a public health issue. later, he made major progress at the climate change conference in paris, with the signing of the cop-21 agreement. critics say it's short on it'se president claimed victory."
https://archive.org/details/CNNW_20160110_090000_CNN_Newsroom_Live#start/5126/end/5161,1/10/2016 10:25:41,CNN,CNN Newsroom Live,CNNW_20160110_090000_CNN_Newsroom_Live,https://archive.org/download/CNNW_20160110_090000_CNN_Newsroom_Live/CNNW_20160110_090000_CNN_Newsroom_Live.thumbs/CNNW_20160110_090000_CNN_Newsroom_Live_005115.jpg,"water. the marine life significantly impacted. it could become toxic. algae releases methane gas that's more destructive as a greenhouse gas in trapping heat than carbon dioxide. about 25 times more destructive. this is an incredible finding."
https://archive.org/details/CNNW_20160126_050000_The_CNN_Iowa_Presidential_Town_Hall#start/169/end/204,1/26/2016 5:03:04,CNN,The CNN Iowa Presidential Town Hall,CNNW_20160126_050000_The_CNN_Iowa_Presidential_Town_Hall,https://archive.org/download/CNNW_20160126_050000_The_CNN_Iowa_Presidential_Town_Hall/CNNW_20160126_050000_The_CNN_Iowa_Presidential_Town_Hall.thumbs/CNNW_20160126_050000_The_CNN_Iowa_Presidential_Town_Hall_000148.jpg,"president hasn't been able to rein them in has a lot of currency. martin o'malley has just never found an issue, a message that really resonates with democrats. he wins the aesthetic argument. definitely. he did talk about climate"
https://archive.org/details/CNNW_20160113_040000_Anderson_Cooper_360#start/2718/end/2753,1/13/2016 4:45:33,CNN,Anderson Cooper 360,CNNW_20160113_040000_Anderson_Cooper_360,https://archive.org/download/CNNW_20160113_040000_Anderson_Cooper_360/CNNW_20160113_040000_Anderson_Cooper_360.thumbs/CNNW_20160113_040000_Anderson_Cooper_360_002715.jpg,"policies will move the country in the right direction? climate change was on top followed by the economy and gun policy. when we asked which of the policies have been a success over the past seven years, climate change and the economy still ranked highest but gun"
https://archive.org/details/CNNW_20160130_160000_CNN_Newsroom_With_Fredricka_Whitfield#start/2437/end/2472,1/30/2016 16:40:52,CNN,CNN Newsroom With Fredricka Whitfield,CNNW_20160130_160000_CNN_Newsroom_With_Fredricka_Whitfield,https://archive.org/download/CNNW_20160130_160000_CNN_Newsroom_With_Fredricka_Whitfield/CNNW_20160130_160000_CNN_Newsroom_With_Fredricka_Whitfield.thumbs/CNNW_20160130_160000_CNN_Newsroom_With_Fredricka_Whitfield_002427.jpg,"championed amnesty and led the gang of eight. on taxes -- i'm in favor of a mandate they go and design a cap and trade orb carbon tax program. that's marco rubio."
https://archive.org/details/CNNW_20160105_050000_CNN_Newsroom_Live#start/144/end/179,1/5/2016 5:02:39,CNN,CNN Newsroom Live,CNNW_20160105_050000_CNN_Newsroom_Live,https://archive.org/download/CNNW_20160105_050000_CNN_Newsroom_Live/CNNW_20160105_050000_CNN_Newsroom_Live.thumbs/CNNW_20160105_050000_CNN_Newsroom_Live_000135.jpg,"well, i mean, i think the obama administration and the president himself has been looking at this for a couple of years now. so it's not a complete shock. we've been seeing him come out with more executive orders recently, you know, having to do with everything from climate"
https://archive.org/details/CNNW_20160130_170000_CNN_Newsroom_With_Fredricka_Whitfield#start/2620/end/2655,1/30/2016 17:43:55,CNN,CNN Newsroom With Fredricka Whitfield,CNNW_20160130_170000_CNN_Newsroom_With_Fredricka_Whitfield,https://archive.org/download/CNNW_20160130_170000_CNN_Newsroom_With_Fredricka_Whitfield/CNNW_20160130_170000_CNN_Newsroom_With_Fredricka_Whitfield.thumbs/CNNW_20160130_170000_CNN_Newsroom_With_Fredricka_Whitfield_002607.jpg,"gang of eight. on taxes? i am in favor of a mandate, then go out and design a cap and trade or carbon tax program. the republican obama, that's marco rubio. buck, is ted cruz as concerned as it appears marco"
https://archive.org/details/CNNW_20160131_130000_New_Day_Sunday#start/1315/end/1350,1/31/2016 13:22:10,CNN,New Day Sunday,CNNW_20160131_130000_New_Day_Sunday,https://archive.org/download/CNNW_20160131_130000_New_Day_Sunday/CNNW_20160131_130000_New_Day_Sunday.thumbs/CNNW_20160131_130000_New_Day_Sunday_001317.jpg,"cap and trade or a carbon tax program. tax hikes, amnesty, the republican obama. last week we were talking about bernie sanders comparing hillary clinton to dick cheney. which in the democratic primary is essentially calling her satan. in a republican primary, pretty"
https://archive.org/details/CNNW_20160121_050000_CNN_Newsroom_Live#start/6228/end/6263,1/21/2016 6:44:03,CNN,CNN Newsroom Live,CNNW_20160121_050000_CNN_Newsroom_Live,https://archive.org/download/CNNW_20160121_050000_CNN_Newsroom_Live/CNNW_20160121_050000_CNN_Newsroom_Live.thumbs/CNNW_20160121_050000_CNN_Newsroom_Live_006225.jpg,"i think it's clear that el nino does have a contribution. but in studies of prooef us el ninos, we have a warmer contribution that didn't lead to a similar type of global warming. there is some factor in there."
https://archive.org/details/CNNW_20160126_020000_The_CNN_Iowa_Presidential_Town_Hall#start/3672/end/3707,1/26/2016 3:01:27,CNN,The CNN Iowa Presidential Town Hall,CNNW_20160126_020000_The_CNN_Iowa_Presidential_Town_Hall,https://archive.org/download/CNNW_20160126_020000_The_CNN_Iowa_Presidential_Town_Hall/CNNW_20160126_020000_The_CNN_Iowa_Presidential_Town_Hall.thumbs/CNNW_20160126_020000_The_CNN_Iowa_Presidential_Town_Hall_002937.jpg,"biggest issue you should be concerned about as a young person who has more time on this planet than i do, and that is climate change. [ applause ]  _          _"
https://archive.org/details/CNNW_20160126_180000_Wolf#start/170/end/205,1/26/2016 18:03:05,CNN,Wolf,CNNW_20160126_180000_Wolf,https://archive.org/download/CNNW_20160126_180000_Wolf/CNNW_20160126_180000_Wolf.thumbs/CNNW_20160126_180000_Wolf_000117.jpg,"let's get an all clear. he challenged hillary's position on a range of issues from climate change to foreign policy. hillary clinton voted for the"
https://archive.org/details/CNNW_20160106_030000_CNN_Tonight_With_Don_Lemon#start/1785/end/1820,1/6/2016 3:30:00,CNN,CNN Tonight With Don Lemon,CNNW_20160106_030000_CNN_Tonight_With_Don_Lemon,https://archive.org/download/CNNW_20160106_030000_CNN_Tonight_With_Don_Lemon/CNNW_20160106_030000_CNN_Tonight_With_Don_Lemon.thumbs/CNNW_20160106_030000_CNN_Tonight_With_Don_Lemon_001785.jpg,"charleston when he spontaneously broke into 'amazing grace' climate change and gun violence are part of his legacy. it will be hard to breakthrough"
https://archive.org/details/CNNW_20160121_050000_CNN_Newsroom_Live#start/6198/end/6233,1/21/2016 6:43:33,CNN,CNN Newsroom Live,CNNW_20160121_050000_CNN_Newsroom_Live,https://archive.org/download/CNNW_20160121_050000_CNN_Newsroom_Live/CNNW_20160121_050000_CNN_Newsroom_Live.thumbs/CNNW_20160121_050000_CNN_Newsroom_Live_006195.jpg,"time. we've been tracking the trends of global warming for the past several years. what's more remarkable is that in 2014, we had a record high average temperature. and you could argue whether or not it was a real number but clearly this year in 2015, there"
https://archive.org/details/CNNW_20160127_060000_CNN_Newsroom_Live#start/4445/end/4480,1/27/2016 7:14:20,CNN,CNN Newsroom Live,CNNW_20160127_060000_CNN_Newsroom_Live,https://archive.org/download/CNNW_20160127_060000_CNN_Newsroom_Live/CNNW_20160127_060000_CNN_Newsroom_Live.thumbs/CNNW_20160127_060000_CNN_Newsroom_Live_004438.jpg,"first democratic elections in 2008 and holding his first cabinet meeting under water to warn what climate change and rising seas could do to his low lying island nation."
https://archive.org/details/CNNW_20160131_150000_Fareed_Zakaria_GPS#start/420/end/455,1/31/2016 15:07:15,CNN,Fareed Zakaria GPS,CNNW_20160131_150000_Fareed_Zakaria_GPS,https://archive.org/download/CNNW_20160131_150000_Fareed_Zakaria_GPS/CNNW_20160131_150000_Fareed_Zakaria_GPS.thumbs/CNNW_20160131_150000_Fareed_Zakaria_GPS_000417.jpg,"legalize pot, raise tax on the wealthy and take the climate change seriously. he continuing the legacy of his father that was perhaps canada's most famous prime minister."
https://archive.org/details/CNNW_20160115_090000_Early_Start_With_John_Berman_and_Christine_Romans#start/1141/end/1176,1/15/2016 9:19:16,CNN,Early Start With John Berman and Christine Romans,CNNW_20160115_090000_Early_Start_With_John_Berman_and_Christine_Romans,https://archive.org/download/CNNW_20160115_090000_Early_Start_With_John_Berman_and_Christine_Romans/CNNW_20160115_090000_Early_Start_With_John_Berman_and_Christine_Romans.thumbs/CNNW_20160115_090000_Early_Start_With_John_Berman_and_Christine_Romans_001125.jpg,"in california and texas. the obama administration taking steps to take on climate change. new coal mining leases on public lands. part of the overhaul and how the"
https://archive.org/details/CNNW_20160126_020000_The_CNN_Iowa_Presidential_Town_Hall#start/1998/end/2033,1/26/2016 2:33:33,CNN,The CNN Iowa Presidential Town Hall,CNNW_20160126_020000_The_CNN_Iowa_Presidential_Town_Hall,https://archive.org/download/CNNW_20160126_020000_The_CNN_Iowa_Presidential_Town_Hall/CNNW_20160126_020000_The_CNN_Iowa_Presidential_Town_Hall.thumbs/CNNW_20160126_020000_The_CNN_Iowa_Presidential_Town_Hall_001977.jpg,"depression. i led the effort against wall street deregulation. see where hillary clinton was on this issue. in terms of climate change, which everybody here knows and apparently everybody in the"
https://archive.org/details/CNNW_20160113_070000_CNN_Newsroom_Live#start/3130/end/3165,1/13/2016 7:52:25,CNN,CNN Newsroom Live,CNNW_20160113_070000_CNN_Newsroom_Live,https://archive.org/download/CNNW_20160113_070000_CNN_Newsroom_Live/CNNW_20160113_070000_CNN_Newsroom_Live.thumbs/CNNW_20160113_070000_CNN_Newsroom_Live_003105.jpg,"%-p out tonight compared to his record since taking office. we asked which of mr. obama's policies will move the country in the right direction? climate change was on top"
https://archive.org/details/CNNW_20160126_080000_The_CNN_Iowa_Presidential_Town_Hall#start/417/end/452,1/26/2016 8:07:12,CNN,The CNN Iowa Presidential Town Hall,CNNW_20160126_080000_The_CNN_Iowa_Presidential_Town_Hall,https://archive.org/download/CNNW_20160126_080000_The_CNN_Iowa_Presidential_Town_Hall/CNNW_20160126_080000_The_CNN_Iowa_Presidential_Town_Hall.thumbs/CNNW_20160126_080000_The_CNN_Iowa_Presidential_Town_Hall_000418.jpg,"the war in iraq before were you. i was against those trade deals before you were. i was for climate change before you. and then hillary clinton, without criticizing personally"
https://archive.org/details/CNNW_20160113_040000_Anderson_Cooper_360#start/173/end/208,1/13/2016 4:03:08,CNN,Anderson Cooper 360,CNNW_20160113_040000_Anderson_Cooper_360,https://archive.org/download/CNNW_20160113_040000_Anderson_Cooper_360/CNNW_20160113_040000_Anderson_Cooper_360.thumbs/CNNW_20160113_040000_Anderson_Cooper_360_000165.jpg,"anyone claiming that america's economy is in decline is peddling fiction. look, if anybody still wants to dispute the science around climate change, have it. . i think there are outdated"
https://archive.org/details/CNNW_20160113_070000_CNN_Newsroom_Live#start/606/end/641,1/13/2016 7:10:21,CNN,CNN Newsroom Live,CNNW_20160113_070000_CNN_Newsroom_Live,https://archive.org/download/CNNW_20160113_070000_CNN_Newsroom_Live/CNNW_20160113_070000_CNN_Newsroom_Live.thumbs/CNNW_20160113_070000_CNN_Newsroom_Live_000585.jpg,"america's economy is in decline is peddling fiction. look, if anybody still wants to dispute the science around climate change, have it. i think there are outdated regulations that need to be"
https://archive.org/details/CNNW_20160112_050000_CNN_Newsroom_Live#start/12166/end/12201,1/12/2016 8:23:01,CNN,CNN Newsroom Live,CNNW_20160112_050000_CNN_Newsroom_Live,https://archive.org/download/CNNW_20160112_050000_CNN_Newsroom_Live/CNNW_20160112_050000_CNN_Newsroom_Live.thumbs/CNNW_20160112_050000_CNN_Newsroom_Live_012165.jpg,"proven himself to be when the factor in the climate change agreement, the iran nuclear deal and obama care? i think what any observer would say it's a mixed record. look at 2015."
https://archive.org/details/CNNW_20160126_140000_CNN_Newsroom_With_Carol_Costello#start/3803/end/3838,1/26/2016 15:03:38,CNN,CNN Newsroom With Carol Costello,CNNW_20160126_140000_CNN_Newsroom_With_Carol_Costello,https://archive.org/download/CNNW_20160126_140000_CNN_Newsroom_With_Carol_Costello/CNNW_20160126_140000_CNN_Newsroom_With_Carol_Costello.thumbs/CNNW_20160126_140000_CNN_Newsroom_With_Carol_Costello_001557.jpg,"you know what i believe is the biggest issue to be concerned about as a young person? climate change. which of our prieevious presidents has inspired you most? sorry president obama and"
https://archive.org/details/CNNW_20160118_035500_CNN_Democratic_Debate_Special#start/2634/end/2669,1/18/2016 4:39:09,CNN,CNN Democratic Debate Special,CNNW_20160118_035500_CNN_Democratic_Debate_Special,https://archive.org/download/CNNW_20160118_035500_CNN_Democratic_Debate_Special/CNNW_20160118_035500_CNN_Democratic_Debate_Special.thumbs/CNNW_20160118_035500_CNN_Democratic_Debate_Special_002626.jpg,"trump, who believes that climate change is a hoax invented by the chinese. our first line of defense against lone wolf attacks is among muslim americans. and it is not only shameful, it"
https://archive.org/details/CNNW_20160125_160000_At_This_Hour_With_Berman_and_Bolduan#start/2858/end/2893,1/25/2016 16:47:53,CNN,At This Hour With Berman and Bolduan,CNNW_20160125_160000_At_This_Hour_With_Berman_and_Bolduan,https://archive.org/download/CNNW_20160125_160000_At_This_Hour_With_Berman_and_Bolduan/CNNW_20160125_160000_At_This_Hour_With_Berman_and_Bolduan.thumbs/CNNW_20160125_160000_At_This_Hour_With_Berman_and_Bolduan_002847.jpg,"wants to take on pensions and deal with climate change and gun control. what weather does that -- where does that sit in the current issues of america? one disclosure, i was a"
https://archive.org/details/CNNW_20160117_220000_CNN_Newsroom_With_Poppy_Harlow#start/1666/end/1701,1/17/2016 22:28:01,CNN,CNN Newsroom With Poppy Harlow,CNNW_20160117_220000_CNN_Newsroom_With_Poppy_Harlow,https://archive.org/download/CNNW_20160117_220000_CNN_Newsroom_With_Poppy_Harlow/CNNW_20160117_220000_CNN_Newsroom_With_Poppy_Harlow.thumbs/CNNW_20160117_220000_CNN_Newsroom_With_Poppy_Harlow_001665.jpg,"the human contribution to climate change, hostility. to paint the whole republican party with that brush. no, that's true. jeb bush, to his credit, has quietly acknowledged there may be a human contribution."
https://archive.org/details/CNNW_20160119_220000_Situation_Room_With_Wolf_Blitzer#start/6218/end/6253,1/19/2016 23:43:53,CNN,Situation Room With Wolf Blitzer,CNNW_20160119_220000_Situation_Room_With_Wolf_Blitzer,https://archive.org/download/CNNW_20160119_220000_Situation_Room_With_Wolf_Blitzer/CNNW_20160119_220000_Situation_Room_With_Wolf_Blitzer.thumbs/CNNW_20160119_220000_Situation_Room_With_Wolf_Blitzer_006196.jpg,"you know, one of the groups in maine, and it was like incredible, we were in different places up in new england recently, and new hampshire was amazing, and the people are standing -- it was so cold. it was one little group of -- despite global warming. you hear about, it was so cold."
https://archive.org/details/CNNW_20160113_070000_CNN_Newsroom_Live#start/5773/end/5808,1/13/2016 8:36:28,CNN,CNN Newsroom Live,CNNW_20160113_070000_CNN_Newsroom_Live,https://archive.org/download/CNNW_20160113_070000_CNN_Newsroom_Live/CNNW_20160113_070000_CNN_Newsroom_Live.thumbs/CNNW_20160113_070000_CNN_Newsroom_Live_005775.jpg,"of the union address, he called on the nation to reject the politics of division. the president urged congress to pass new gun control laws, tackle climate change, and close the detention facility at"
https://archive.org/details/CNNW_20160126_080000_The_CNN_Iowa_Presidential_Town_Hall#start/3773/end/3808,1/26/2016 9:03:08,CNN,The CNN Iowa Presidential Town Hall,CNNW_20160126_080000_The_CNN_Iowa_Presidential_Town_Hall,https://archive.org/download/CNNW_20160126_080000_The_CNN_Iowa_Presidential_Town_Hall/CNNW_20160126_080000_The_CNN_Iowa_Presidential_Town_Hall.thumbs/CNNW_20160126_080000_The_CNN_Iowa_Presidential_Town_Hall_003774.jpg,"martin o'malley has never found a message that resonates with democrats now. he wins the aesthetic argument. he did talk about climate change. he talked about it from the point of view from jobs."
https://archive.org/details/CNNW_20160126_020000_The_CNN_Iowa_Presidential_Town_Hall#start/2749/end/2784,1/26/2016 2:46:04,CNN,The CNN Iowa Presidential Town Hall,CNNW_20160126_020000_The_CNN_Iowa_Presidential_Town_Hall,https://archive.org/download/CNNW_20160126_020000_The_CNN_Iowa_Presidential_Town_Hall/CNNW_20160126_020000_The_CNN_Iowa_Presidential_Town_Hall.thumbs/CNNW_20160126_020000_The_CNN_Iowa_Presidential_Town_Hall_002727.jpg,"this is not a personal stuff. it just seems to me that the crises that we face as a country today -- and we didn't even get into climate change to a significant degree -- inequality, poverty in america."
https://archive.org/details/CNNW_20160103_170000_State_of_the_Union_With_Jake_Tapper#start/1458/end/1493,1/3/2016 17:24:33,CNN,State of the Union With Jake Tapper,CNNW_20160103_170000_State_of_the_Union_With_Jake_Tapper,https://archive.org/download/CNNW_20160103_170000_State_of_the_Union_With_Jake_Tapper/CNNW_20160103_170000_State_of_the_Union_With_Jake_Tapper.thumbs/CNNW_20160103_170000_State_of_the_Union_With_Jake_Tapper_001455.jpg,"we should give huge tax breaks to billionaires like himself. and he's dead wrong when he thinks that climate change is a hoax when virtually the entire scientific community thinks it's the great crisis that we face."
https://archive.org/details/CNNW_20160126_070000_CNN_Tonight_With_Don_Lemon#start/87/end/122,1/26/2016 7:01:42,CNN,CNN Tonight With Don Lemon,CNNW_20160126_070000_CNN_Tonight_With_Don_Lemon,https://archive.org/download/CNNW_20160126_070000_CNN_Tonight_With_Don_Lemon/CNNW_20160126_070000_CNN_Tonight_With_Don_Lemon.thumbs/CNNW_20160126_070000_CNN_Tonight_With_Don_Lemon_000087.jpg,"but you know what i believe is the biggest issue that i think you should be concerned about as a young person who has more time on this planet than i do, and that is climate change. [ applause ]  _          _"
https://archive.org/details/CNNW_20160113_090000_Early_Start_With_John_Berman_and_Christine_Romans#start/2190/end/2225,1/13/2016 9:36:45,CNN,Early Start With John Berman and Christine Romans,CNNW_20160113_090000_Early_Start_With_John_Berman_and_Christine_Romans,https://archive.org/download/CNNW_20160113_090000_Early_Start_With_John_Berman_and_Christine_Romans/CNNW_20160113_090000_Early_Start_With_John_Berman_and_Christine_Romans.thumbs/CNNW_20160113_090000_Early_Start_With_John_Berman_and_Christine_Romans_002176.jpg,"the president urged congress to tackle climate change and close the detention facility at guantonomo. he also defended the obama doctrine of seeking diplomacy first before eun new lateral action, pointing to relations with cube be and the iran"
https://archive.org/details/CNNW_20160112_220000_Situation_Room_With_Wolf_Blitzer#start/4620/end/4655,1/12/2016 23:17:15,CNN,Situation Room With Wolf Blitzer,CNNW_20160112_220000_Situation_Room_With_Wolf_Blitzer,https://archive.org/download/CNNW_20160112_220000_Situation_Room_With_Wolf_Blitzer/CNNW_20160112_220000_Situation_Room_With_Wolf_Blitzer.thumbs/CNNW_20160112_220000_Situation_Room_With_Wolf_Blitzer_004606.jpg,"climate change, bringing a number of countries together to come to agreement on a trans-pacific partnership agreement, and we've opened up kind of lines with cuba that have really changed our role and our relationships with the"
https://archive.org/details/CNNW_20160113_070000_CNN_Newsroom_Live#start/3144/end/3179,1/13/2016 7:52:39,CNN,CNN Newsroom Live,CNNW_20160113_070000_CNN_Newsroom_Live,https://archive.org/download/CNNW_20160113_070000_CNN_Newsroom_Live/CNNW_20160113_070000_CNN_Newsroom_Live.thumbs/CNNW_20160113_070000_CNN_Newsroom_Live_003135.jpg,"followed by the economy and gun policy. when we asked which of the policies have been a success over the past seven years, climate change and the economy still ranked highest but gun policy was seen as the least"
https://archive.org/details/CNNW_20160125_140000_CNN_Newsroom_With_Carol_Costello#start/1000/end/1035,1/25/2016 14:16:55,CNN,CNN Newsroom With Carol Costello,CNNW_20160125_140000_CNN_Newsroom_With_Carol_Costello,https://archive.org/download/CNNW_20160125_140000_CNN_Newsroom_With_Carol_Costello/CNNW_20160125_140000_CNN_Newsroom_With_Carol_Costello.thumbs/CNNW_20160125_140000_CNN_Newsroom_With_Carol_Costello_000987.jpg,"party town hall he is talking about economic inequality and isis and combatting climate change. we talk about addressing institutional racism. he is talking about the criminal justice system. i do think his message is broad"
https://archive.org/details/CNNW_20160131_180000_Fareed_Zakaria_GPS#start/413/end/448,1/31/2016 18:07:08,CNN,Fareed Zakaria GPS,CNNW_20160131_180000_Fareed_Zakaria_GPS,https://archive.org/download/CNNW_20160131_180000_Fareed_Zakaria_GPS/CNNW_20160131_180000_Fareed_Zakaria_GPS.thumbs/CNNW_20160131_180000_Fareed_Zakaria_GPS_000387.jpg,"canada. women seemed particularly impressed, perhaps because he has appointed a cabinet that is 50% female. an unabashed liberal who plans to raise taxes on the wealthy and take climate change seriously. in doing this, he continues the"
https://archive.org/details/CNNW_20160121_020000_Anderson_Cooper_360#start/3154/end/3189,1/21/2016 2:52:49,CNN,Anderson Cooper 360,CNNW_20160121_020000_Anderson_Cooper_360,https://archive.org/download/CNNW_20160121_020000_Anderson_Cooper_360/CNNW_20160121_020000_Anderson_Cooper_360.thumbs/CNNW_20160121_020000_Anderson_Cooper_360_003135.jpg,"investigation, that is like a 1990s investigation. and if you want to talk about making things up, how about a political party that doesn't believe that climate change exists when today it came -- i'm sorry for mentioning an actual"
https://archive.org/details/CNNW_20160125_110000_New_Day#start/6502/end/6537,1/25/2016 12:48:37,CNN,New Day,CNNW_20160125_110000_New_Day,https://archive.org/download/CNNW_20160125_110000_New_Day/CNNW_20160125_110000_New_Day.thumbs/CNNW_20160125_110000_New_Day_006478.jpg,"that is something bernie sanders is trying to deal with. that is a real structural problem. because issue after issue, climate change, health care, jobs, wages, the powerful interests come in, spend lots of money, thousands of lobbyists."
https://archive.org/details/CNNW_20160126_020000_The_CNN_Iowa_Presidential_Town_Hall#start/4112/end/4147,1/26/2016 3:08:47,CNN,The CNN Iowa Presidential Town Hall,CNNW_20160126_020000_The_CNN_Iowa_Presidential_Town_Hall,https://archive.org/download/CNNW_20160126_020000_The_CNN_Iowa_Presidential_Town_Hall/CNNW_20160126_020000_The_CNN_Iowa_Presidential_Town_Hall.thumbs/CNNW_20160126_020000_The_CNN_Iowa_Presidential_Town_Hall_002937.jpg,"where we can do the most good with investment, mobility, mass transit, new area of work force housing, cities the leading edge to the clean, green environment and squaring our shoulders to climate change and training people to actually be part of"
https://archive.org/details/CNNW_20160113_140000_CNN_Newsroom_With_Carol_Costello#start/4152/end/4187,1/13/2016 15:09:27,CNN,CNN Newsroom With Carol Costello,CNNW_20160113_140000_CNN_Newsroom_With_Carol_Costello,https://archive.org/download/CNNW_20160113_140000_CNN_Newsroom_With_Carol_Costello/CNNW_20160113_140000_CNN_Newsroom_With_Carol_Costello.thumbs/CNNW_20160113_140000_CNN_Newsroom_With_Carol_Costello_004125.jpg,"but -- a little applause back there. let's make america the country that cures cancer once and for all. what do you say? look, if anybody still wants to dispute the science around climate change, have at it. you will be pretty lonely."
https://archive.org/details/CNNW_20160126_050000_The_CNN_Iowa_Presidential_Town_Hall#start/6361/end/6396,1/26/2016 6:46:16,CNN,The CNN Iowa Presidential Town Hall,CNNW_20160126_050000_The_CNN_Iowa_Presidential_Town_Hall,https://archive.org/download/CNNW_20160126_050000_The_CNN_Iowa_Presidential_Town_Hall/CNNW_20160126_050000_The_CNN_Iowa_Presidential_Town_Hall.thumbs/CNNW_20160126_050000_The_CNN_Iowa_Presidential_Town_Hall_006349.jpg,"martin o'malley is a very decent guy. so i'm not -- this is not personal stuff. it just seems to me that the crises that we face as a country today -- and we didn't even get into climate change to a significant degree."
https://archive.org/details/CNNW_20160126_000000_Erin_Burnett_OutFront#start/3063/end/3098,1/26/2016 0:51:18,CNN,Erin Burnett OutFront,CNNW_20160126_000000_Erin_Burnett_OutFront,https://archive.org/download/CNNW_20160126_000000_Erin_Burnett_OutFront/CNNW_20160126_000000_Erin_Burnett_OutFront.thumbs/CNNW_20160126_000000_Erin_Burnett_OutFront_003058.jpg,"a democrat turned republican, turned independent with a record of working across party lines in new york city and spending tens of millions on causes like gun control, climate change and immigration. issues that nay also be his biggest road blocks and"
https://archive.org/details/CNNW_20160103_140000_State_of_the_Union_With_Jake_Tapper#start/416/end/451,1/3/2016 14:07:11,CNN,State of the Union With Jake Tapper,CNNW_20160103_140000_State_of_the_Union_With_Jake_Tapper,https://archive.org/download/CNNW_20160103_140000_State_of_the_Union_With_Jake_Tapper/CNNW_20160103_140000_State_of_the_Union_With_Jake_Tapper.thumbs/CNNW_20160103_140000_State_of_the_Union_With_Jake_Tapper_000405.jpg,"to mention, unconstitutional for barack obama and hillary clinton to continue to talk about climate change and gun control in the wake of a paris terrorist attack, a bernardino terrorist attack instead of talking about how they plan to defeat isis."
https://archive.org/details/CNNW_20160118_065500_CNN_Democratic_Debate_Special#start/2617/end/2652,1/18/2016 7:38:52,CNN,CNN Democratic Debate Special,CNNW_20160118_065500_CNN_Democratic_Debate_Special,https://archive.org/download/CNNW_20160118_065500_CNN_Democratic_Debate_Special/CNNW_20160118_065500_CNN_Democratic_Debate_Special.thumbs/CNNW_20160118_065500_CNN_Democratic_Debate_Special_002595.jpg,"that's not true. it builds on the dodd frank -- yes, it is. it is beyond my comprehension how we can elect a president of the united states, somebody like trump, who believes that climate change is a hoax invented by the"
https://archive.org/details/CNNW_20160126_020000_The_CNN_Iowa_Presidential_Town_Hall#start/3698/end/3733,1/26/2016 3:01:53,CNN,The CNN Iowa Presidential Town Hall,CNNW_20160126_020000_The_CNN_Iowa_Presidential_Town_Hall,https://archive.org/download/CNNW_20160126_020000_The_CNN_Iowa_Presidential_Town_Hall/CNNW_20160126_020000_The_CNN_Iowa_Presidential_Town_Hall.thumbs/CNNW_20160126_020000_The_CNN_Iowa_Presidential_Town_Hall_002937.jpg,"climate change is the greatest business opportunity to come to the united states in 100 years. and i am the first candidate in either party to put forward a plan to move us to a 100% clean, electric energy grid by 2050, and create five million jobs"
https://archive.org/details/CNNW_20160130_110000_New_Day_Saturday#start/456/end/491,1/30/2016 11:07:51,CNN,New Day Saturday,CNNW_20160130_110000_New_Day_Saturday,https://archive.org/download/CNNW_20160130_110000_New_Day_Saturday/CNNW_20160130_110000_New_Day_Saturday.thumbs/CNNW_20160130_110000_New_Day_Saturday_000447.jpg,"clinton spoke in davenport, iowa, about the things that she wants to drive voters to the caucuses on monday night things like health care, things like climate change and affordable college. what she did not talk about was the issue that has been plaguing"
https://archive.org/details/CNNW_20160116_110000_New_Day_Saturday#start/9425/end/9460,1/16/2016 13:37:20,CNN,New Day Saturday,CNNW_20160116_110000_New_Day_Saturday,https://archive.org/download/CNNW_20160116_110000_New_Day_Saturday/CNNW_20160116_110000_New_Day_Saturday.thumbs/CNNW_20160116_110000_New_Day_Saturday_009405.jpg,"economy. it would turn the tide on climate change and make wars for oil obsolete. in addition, i would bail out the students. we bailed out the bankers. we need to bail out the students who are the victims of that waste, fraud and abuse on wall"
https://archive.org/details/CNNW_20160108_000000_Erin_Burnett_OutFront#start/3561/end/3596,1/8/2016 0:59:36,CNN,Erin Burnett OutFront,CNNW_20160108_000000_Erin_Burnett_OutFront,https://archive.org/download/CNNW_20160108_000000_Erin_Burnett_OutFront/CNNW_20160108_000000_Erin_Burnett_OutFront.thumbs/CNNW_20160108_000000_Erin_Burnett_OutFront_003555.jpg,"checks. does this go beyond his eight years. is this his cause after his presidency? looks like it's going to be a major one. climate change in a global way doing it the last six months and this last year. this will be seminole dealing on"
https://archive.org/details/CNNW_20160131_170000_State_of_the_Union_With_Jake_Tapper#start/304/end/339,1/31/2016 17:05:19,CNN,State of the Union With Jake Tapper,CNNW_20160131_170000_State_of_the_Union_With_Jake_Tapper,https://archive.org/download/CNNW_20160131_170000_State_of_the_Union_With_Jake_Tapper/CNNW_20160131_170000_State_of_the_Union_With_Jake_Tapper.thumbs/CNNW_20160131_170000_State_of_the_Union_With_Jake_Tapper_000297.jpg,"income and wealth going to the top 1%. want us to address climate change. want us to address a broken criminal justice system. so, i'm feeling good, jake. our issues are out there. people are really enthusiastic. and if people come out to vote,"
https://archive.org/details/CNNW_20160131_140000_State_of_the_Union_With_Jake_Tapper#start/310/end/345,1/31/2016 14:05:25,CNN,State of the Union With Jake Tapper,CNNW_20160131_140000_State_of_the_Union_With_Jake_Tapper,https://archive.org/download/CNNW_20160131_140000_State_of_the_Union_With_Jake_Tapper/CNNW_20160131_140000_State_of_the_Union_With_Jake_Tapper.thumbs/CNNW_20160131_140000_State_of_the_Union_With_Jake_Tapper_000297.jpg,"tired of seeing all this new income and wealth top 1%, want us to address climate change, want us to address a broken credit justice system. so i'm feeling good, jake. our issues are out there. people are really enthusiastic. and if people come out to vote,"
https://archive.org/details/CNNW_20160103_140000_State_of_the_Union_With_Jake_Tapper#start/1496/end/1531,1/3/2016 14:25:11,CNN,State of the Union With Jake Tapper,CNNW_20160103_140000_State_of_the_Union_With_Jake_Tapper,https://archive.org/download/CNNW_20160103_140000_State_of_the_Union_With_Jake_Tapper/CNNW_20160103_140000_State_of_the_Union_With_Jake_Tapper.thumbs/CNNW_20160103_140000_State_of_the_Union_With_Jake_Tapper_001485.jpg,"clinton's sex life. only bernie sanders can segue from the sex life of bill clinton to climate change. what is the answer to the question. fair game or not? no. i think we have more important things to worry about in this country than bill clinton's sex"
https://archive.org/details/CNNW_20160103_140000_State_of_the_Union_With_Jake_Tapper#start/1481/end/1516,1/3/2016 14:24:56,CNN,State of the Union With Jake Tapper,CNNW_20160103_140000_State_of_the_Union_With_Jake_Tapper,https://archive.org/download/CNNW_20160103_140000_State_of_the_Union_With_Jake_Tapper/CNNW_20160103_140000_State_of_the_Union_With_Jake_Tapper.thumbs/CNNW_20160103_140000_State_of_the_Union_With_Jake_Tapper_001455.jpg,"we should give huge tax breaks to billionaires like himself. he's dead wrong when he thinks the climate change is a hoax on the entire -- virtually an entire scientific community thinks it's the great environmental crisis. maybe trump should worry about those issues rather than bill"
https://archive.org/details/CNNW_20160112_140000_CNN_Newsroom_With_Carol_Costello#start/5941/end/5976,1/12/2016 15:39:16,CNN,CNN Newsroom With Carol Costello,CNNW_20160112_140000_CNN_Newsroom_With_Carol_Costello,https://archive.org/download/CNNW_20160112_140000_CNN_Newsroom_With_Carol_Costello/CNNW_20160112_140000_CNN_Newsroom_With_Carol_Costello.thumbs/CNNW_20160112_140000_CNN_Newsroom_With_Carol_Costello_005926.jpg,"climate change and the gun violence issue. those are two that are going to take, as he said at his cnn town hall, decades to kind of get at, but he wants to use his last year to be the spokesperson really on these two issues, to"
https://archive.org/details/CNNW_20160118_000000_CNN_Newsroom_With_Poppy_Harlow#start/1623/end/1658,1/18/2016 0:27:18,CNN,CNN Newsroom With Poppy Harlow,CNNW_20160118_000000_CNN_Newsroom_With_Poppy_Harlow,https://archive.org/download/CNNW_20160118_000000_CNN_Newsroom_With_Poppy_Harlow/CNNW_20160118_000000_CNN_Newsroom_With_Poppy_Harlow.thumbs/CNNW_20160118_000000_CNN_Newsroom_With_Poppy_Harlow_001606.jpg,"the democratic nominee is especially among young republican voters who this pew study showed are much more liberal when it comes to their stance on immigration, on corporate profits, on the environment, on climate change? could they swing over? well, no. so if you're a social"
https://archive.org/details/CNNW_20160104_070000_CNN_Newsroom_Live#start/1519/end/1554,1/4/2016 7:25:34,CNN,CNN Newsroom Live,CNNW_20160104_070000_CNN_Newsroom_Live,https://archive.org/download/CNNW_20160104_070000_CNN_Newsroom_Live/CNNW_20160104_070000_CNN_Newsroom_Live.thumbs/CNNW_20160104_070000_CNN_Newsroom_Live_001516.jpg,"go? well, i don't know what specific measures they're going to take, but the pattern of executive action, because they can't get things through congress has been something you've seen the presidency do on immigration and climate change. it's been a pattern ever since the midterm elections in 2014"
https://archive.org/details/CNNW_20160126_070000_CNN_Tonight_With_Don_Lemon#start/534/end/569,1/26/2016 7:09:09,CNN,CNN Tonight With Don Lemon,CNNW_20160126_070000_CNN_Tonight_With_Don_Lemon,https://archive.org/download/CNNW_20160126_070000_CNN_Tonight_With_Don_Lemon/CNNW_20160126_070000_CNN_Tonight_With_Don_Lemon.thumbs/CNNW_20160126_070000_CNN_Tonight_With_Don_Lemon_000507.jpg,"transit, new era of workforce housing, cities the leading edge to the clean, green environment and squaring our shoulders to climate change and training people to actually be part of the retrofitting and the distributed energy future that is america's. governor. thank you. talk to the audience about"
https://archive.org/details/CNNW_20160112_220000_Situation_Room_With_Wolf_Blitzer#start/5343/end/5378,1/12/2016 23:29:18,CNN,Situation Room With Wolf Blitzer,CNNW_20160112_220000_Situation_Room_With_Wolf_Blitzer,https://archive.org/download/CNNW_20160112_220000_Situation_Room_With_Wolf_Blitzer/CNNW_20160112_220000_Situation_Room_With_Wolf_Blitzer.thumbs/CNNW_20160112_220000_Situation_Room_With_Wolf_Blitzer_005326.jpg,"believes we have an economy that is second to none, we have a military that's second to none. we're a country that leads in the world. we have led on things like climate change, we have led on things like trade and opening up markets around the world."
https://archive.org/details/CNNW_20160113_070000_CNN_Newsroom_Live#start/4590/end/4625,1/13/2016 8:16:45,CNN,CNN Newsroom Live,CNNW_20160113_070000_CNN_Newsroom_Live,https://archive.org/download/CNNW_20160113_070000_CNN_Newsroom_Live/CNNW_20160113_070000_CNN_Newsroom_Live.thumbs/CNNW_20160113_070000_CNN_Newsroom_Live_004575.jpg,"reporter: in his final state of the union address, president obama called on the nation to reject the politics of division. the president urged congress to pass new gun control laws, tackle climate change and close the detention facility at began taun moe. he also defended the obama"
https://archive.org/details/CNNW_20160112_030000_CNN_Tonight_With_Don_Lemon#start/2328/end/2363,1/12/2016 3:39:03,CNN,CNN Tonight With Don Lemon,CNNW_20160112_030000_CNN_Tonight_With_Don_Lemon,https://archive.org/download/CNNW_20160112_030000_CNN_Tonight_With_Don_Lemon/CNNW_20160112_030000_CNN_Tonight_With_Don_Lemon.thumbs/CNNW_20160112_030000_CNN_Tonight_With_Don_Lemon_002325.jpg,"economy, but people want to know about isis right now, what's going on in the middle east. i think this has to be an important foreign policy plank. he always invokes climate change. he's done it on both of his inaugural addresses. he does it every state of the"
https://archive.org/details/CNNW_20160113_100000_Early_Start_With_John_Berman_and_Christine_Romans#start/267/end/302,1/13/2016 10:04:42,CNN,Early Start With John Berman and Christine Romans,CNNW_20160113_100000_Early_Start_With_John_Berman_and_Christine_Romans,https://archive.org/download/CNNW_20160113_100000_Early_Start_With_John_Berman_and_Christine_Romans/CNNW_20160113_100000_Early_Start_With_John_Berman_and_Christine_Romans.thumbs/CNNW_20160113_100000_Early_Start_With_John_Berman_and_Christine_Romans_000255.jpg,"we want to bring out cnn correspondent john acosta for the latest. reporter: in his final state of the union address, president obama called on the nation to reject the politics of division. the president urged congress to pass gun control law, tackle climate change and close the"
https://archive.org/details/CNNW_20160102_220000_CNN_Newsroom_With_Poppy_Harlow#start/1606/end/1641,1/2/2016 22:27:01,CNN,CNN Newsroom With Poppy Harlow,CNNW_20160102_220000_CNN_Newsroom_With_Poppy_Harlow,https://archive.org/download/CNNW_20160102_220000_CNN_Newsroom_With_Poppy_Harlow/CNNW_20160102_220000_CNN_Newsroom_With_Poppy_Harlow.thumbs/CNNW_20160102_220000_CNN_Newsroom_With_Poppy_Harlow_001605.jpg,"to act on guns for executive action and you're going to see him use every power he believes he has when it comes to executive action and get things done off his list that he wants, including climate change and legacy building ideas. when it comes to actually"
https://archive.org/details/CNNW_20160126_190000_CNN_Newsroom_With_Brooke_Baldwin#start/149/end/184,1/26/2016 19:02:44,CNN,CNN Newsroom With Brooke Baldwin,CNNW_20160126_190000_CNN_Newsroom_With_Brooke_Baldwin,https://archive.org/download/CNNW_20160126_190000_CNN_Newsroom_With_Brooke_Baldwin/CNNW_20160126_190000_CNN_Newsroom_With_Brooke_Baldwin.thumbs/CNNW_20160126_190000_CNN_Newsroom_With_Brooke_Baldwin_000147.jpg,"have this on the record. it's 100% lifetime. you know what i believe is the biggest issue i think you should be concerned about as a young person who has more time on this planet than i do and that is climate change. which of our previous presidents has inspired you most and why?"
https://archive.org/details/CNNW_20160126_040000_CNN_Tonight_With_Don_Lemon#start/404/end/439,1/26/2016 4:06:59,CNN,CNN Tonight With Don Lemon,CNNW_20160126_040000_CNN_Tonight_With_Don_Lemon,https://archive.org/download/CNNW_20160126_040000_CNN_Tonight_With_Don_Lemon/CNNW_20160126_040000_CNN_Tonight_With_Don_Lemon.thumbs/CNNW_20160126_040000_CNN_Tonight_With_Don_Lemon_000387.jpg,"clinton, not in the personal way, but saying these are the areas i disagree with you on. this is why i would be a better leader because i was against the war in iraq before you were. i was against those trade deals before you were. i was for climate change before you were."
https://archive.org/details/CNNW_20160126_070000_CNN_Tonight_With_Don_Lemon#start/117/end/152,1/26/2016 7:02:12,CNN,CNN Tonight With Don Lemon,CNNW_20160126_070000_CNN_Tonight_With_Don_Lemon,https://archive.org/download/CNNW_20160126_070000_CNN_Tonight_With_Don_Lemon/CNNW_20160126_070000_CNN_Tonight_With_Don_Lemon.thumbs/CNNW_20160126_070000_CNN_Tonight_With_Don_Lemon_000117.jpg,"climate change is the greatest business opportunity to come to the united states in 100 years. and i am the first candidate in either party to put forward a plan to move us to a 100% clean, electric energy grid by 2050, and create five million jobs along the way. and this is another one of those instances, chris, where iowa is"
https://archive.org/details/CNNW_20160118_065500_CNN_Democratic_Debate_Special#start/3607/end/3642,1/18/2016 7:55:22,CNN,CNN Democratic Debate Special,CNNW_20160118_065500_CNN_Democratic_Debate_Special,https://archive.org/download/CNNW_20160118_065500_CNN_Democratic_Debate_Special/CNNW_20160118_065500_CNN_Democratic_Debate_Special.thumbs/CNNW_20160118_065500_CNN_Democratic_Debate_Special_003585.jpg,"and as for bernie, he just can't wait to get back to banks and billionaires every time the subject comes up. and that's a big problem for him. he doesn't wait. he turns it no matter what the question. he turns it into climate change or banks or whatever. but i think your point about republicans is a good thing to"
https://archive.org/details/CNNW_20160102_210000_CNN_Newsroom_With_Poppy_Harlow#start/494/end/529,1/2/2016 21:08:29,CNN,CNN Newsroom With Poppy Harlow,CNNW_20160102_210000_CNN_Newsroom_With_Poppy_Harlow,https://archive.org/download/CNNW_20160102_210000_CNN_Newsroom_With_Poppy_Harlow/CNNW_20160102_210000_CNN_Newsroom_With_Poppy_Harlow.thumbs/CNNW_20160102_210000_CNN_Newsroom_With_Poppy_Harlow_000466.jpg,"executive power accomplish? we now know, julian, that the president is going to push for executive action on guns. in what other areas do you think that the president is going to use his power, his executive power to get things done? well, i think he's going to continue to try to use this on climate change. he's been relatively successful"
https://archive.org/details/CNNW_20160118_035500_CNN_Democratic_Debate_Special#start/3607/end/3642,1/18/2016 4:55:22,CNN,CNN Democratic Debate Special,CNNW_20160118_035500_CNN_Democratic_Debate_Special,https://archive.org/download/CNNW_20160118_035500_CNN_Democratic_Debate_Special/CNNW_20160118_035500_CNN_Democratic_Debate_Special.thumbs/CNNW_20160118_035500_CNN_Democratic_Debate_Special_003586.jpg,"wait to get back to banks and billionaires every time the subject comes up. and that's a big problem for him. he doesn't wait. he turns it no matter what the question. he turns it into climate change or banks or whatever. but i think your point about republicans is a good thing to remember here. because let's assume for -- just       _"
