﻿URL,MatchDateTime,Station,Show,IAShowID,IAPreviewThumb,Snippet
https://archive.org/details/CNNW_20140717_130000_CNN_Newsroom_With_Carol_Costello#start/3083/end/3118,7/17/2014 13:51:38,CNN,CNN Newsroom With Carol Costello,CNNW_20140717_130000_CNN_Newsroom_With_Carol_Costello,https://archive.org/download/CNNW_20140717_130000_CNN_Newsroom_With_Carol_Costello/CNNW_20140717_130000_CNN_Newsroom_With_Carol_Costello.thumbs/CNNW_20140717_130000_CNN_Newsroom_With_Carol_Costello_003076.jpg,"with millions of reviews, tripadvisor makes any destination better. . if you noticed your last flight was unusually bumpy get used to it. scientists say climate change is"
https://archive.org/details/CNNW_20140706_160000_State_of_the_Union_With_Candy_Crowley#start/2012/end/2047,7/6/2014 16:33:47,CNN,State of the Union With Candy Crowley,CNNW_20140706_160000_State_of_the_Union_With_Candy_Crowley,https://archive.org/download/CNNW_20140706_160000_State_of_the_Union_With_Candy_Crowley/CNNW_20140706_160000_State_of_the_Union_With_Candy_Crowley.thumbs/CNNW_20140706_160000_State_of_the_Union_With_Candy_Crowley_001995.jpg,"it does seem to me on monday you could think, wow, it's culture wars two. this had to do with birth control but on any number of issues, whether it's gay rights, whether it's climate change, the"
https://archive.org/details/CNNW_20140717_130000_CNN_Newsroom_With_Carol_Costello#start/3113/end/3148,7/17/2014 13:52:08,CNN,CNN Newsroom With Carol Costello,CNNW_20140717_130000_CNN_Newsroom_With_Carol_Costello,https://archive.org/download/CNNW_20140717_130000_CNN_Newsroom_With_Carol_Costello/CNNW_20140717_130000_CNN_Newsroom_With_Carol_Costello.thumbs/CNNW_20140717_130000_CNN_Newsroom_With_Carol_Costello_003106.jpg,"johannesburg. cnn's george howell has more for you. reporter: been on a flight like this lately? a recent study may have you reaching for the seat belts suggesting we could see more turbulence in the years to come as a result of climate change."
https://archive.org/details/CNNW_20140719_180000_Your_Money#start/113/end/148,7/19/2014 18:02:08,CNN,Your Money,CNNW_20140719_180000_Your_Money,https://archive.org/download/CNNW_20140719_180000_Your_Money/CNNW_20140719_180000_Your_Money.thumbs/CNNW_20140719_180000_Your_Money_000105.jpg,"billion by 2030. in the same time, greenhouse gases are expected to increase by 25%. the world's trash nearly doubled. while half the world will live in areas threatened by lack of water. what does that mean for cities? 60% of us will live in one."
https://archive.org/details/CNNW_20140717_100000_New_Day#start/6888/end/6923,7/17/2014 11:55:03,CNN,New Day,CNNW_20140717_100000_New_Day,https://archive.org/download/CNNW_20140717_100000_New_Day/CNNW_20140717_100000_New_Day.thumbs/CNNW_20140717_100000_New_Day_006885.jpg,"suggests we could see more air turbulence in the future as a result of climate change. we'll never be able to say one particular person's flight experience which was bumpy has been caused by climate change, of course we can't. what we can say is as the"
https://archive.org/details/CNNW_20140717_100000_New_Day#start/6966/end/7001,7/17/2014 11:56:21,CNN,New Day,CNNW_20140717_100000_New_Day,https://archive.org/download/CNNW_20140717_100000_New_Day/CNNW_20140717_100000_New_Day.thumbs/CNNW_20140717_100000_New_Day_006945.jpg,"nowhere. do you think it is climate change or more air traffic in. i think all contributes to it. don't you think? i don't know. i think it's the air traffic. i think, i don't know anything about climate change but i feel there are so many more planes in"
https://archive.org/details/CNNW_20140720_140000_Fareed_Zakaria_GPS#start/3084/end/3119,7/20/2014 14:51:39,CNN,Fareed Zakaria GPS,CNNW_20140720_140000_Fareed_Zakaria_GPS,https://archive.org/download/CNNW_20140720_140000_Fareed_Zakaria_GPS/CNNW_20140720_140000_Fareed_Zakaria_GPS.thumbs/CNNW_20140720_140000_Fareed_Zakaria_GPS_003075.jpg,"more slowly than anyone expected. on energy, the cost of renewables has fallen much more than anyone expected so that getting to a major reduction in greenhouse gas emissions looks much closer than anybody really thought was possible a few years"
https://archive.org/details/CNNW_20140702_130000_CNN_Newsroom_With_Carol_Costello#start/1824/end/1859,7/2/2014 13:30:39,CNN,CNN Newsroom With Carol Costello,CNNW_20140702_130000_CNN_Newsroom_With_Carol_Costello,https://archive.org/download/CNNW_20140702_130000_CNN_Newsroom_With_Carol_Costello/CNNW_20140702_130000_CNN_Newsroom_With_Carol_Costello.thumbs/CNNW_20140702_130000_CNN_Newsroom_With_Carol_Costello_001815.jpg,"so-called greenhouse gas in the atmosphere. the mission is expected to last at least two years and cost about $465 million. tropical storm arthur churning up waves along the florida coast. the storm on a path up the eastern seaboard and is expected to become the season's first"
https://archive.org/details/CNNW_20140720_170000_Fareed_Zakaria_GPS#start/3085/end/3120,7/20/2014 17:51:40,CNN,Fareed Zakaria GPS,CNNW_20140720_170000_Fareed_Zakaria_GPS,https://archive.org/download/CNNW_20140720_170000_Fareed_Zakaria_GPS/CNNW_20140720_170000_Fareed_Zakaria_GPS.thumbs/CNNW_20140720_170000_Fareed_Zakaria_GPS_003076.jpg,"greenhouse gas emissions looks much closer than anybody thought was possible a few years ago. and obama is doing things that push us still closer to that point. at the end of the day, what kind of grade do you give president obama, particularly his domestic policy which is"
https://archive.org/details/CNNW_20140731_130000_CNN_Newsroom_With_Carol_Costello#start/2091/end/2126,7/31/2014 13:35:06,CNN,CNN Newsroom With Carol Costello,CNNW_20140731_130000_CNN_Newsroom_With_Carol_Costello,https://archive.org/download/CNNW_20140731_130000_CNN_Newsroom_With_Carol_Costello/CNNW_20140731_130000_CNN_Newsroom_With_Carol_Costello.thumbs/CNNW_20140731_130000_CNN_Newsroom_With_Carol_Costello_002085.jpg,"care of. the clock ticking on immigration reform. immigration border dpeel. global warming. raging wildfires. mysterious holes. tensions with russia. temperature flaring. the world is a mess. there you go. have a great vacation, enjoy yourselves. they deserve it."
https://archive.org/details/CNNW_20140717_100000_New_Day#start/6905/end/6940,7/17/2014 11:55:20,CNN,New Day,CNNW_20140717_100000_New_Day,https://archive.org/download/CNNW_20140717_100000_New_Day/CNNW_20140717_100000_New_Day.thumbs/CNNW_20140717_100000_New_Day_006885.jpg,"climate changes the odds of encountering turbulence on your flight are increasing. reporter: williams says climate change is not only heating up the bottom part of the atmosphere but increased carbon dioxide levels are"
https://archive.org/details/CNNW_20140717_130000_CNN_Newsroom_With_Carol_Costello#start/3192/end/3227,7/17/2014 13:53:27,CNN,CNN Newsroom With Carol Costello,CNNW_20140717_130000_CNN_Newsroom_With_Carol_Costello,https://archive.org/download/CNNW_20140717_130000_CNN_Newsroom_With_Carol_Costello/CNNW_20140717_130000_CNN_Newsroom_With_Carol_Costello.thumbs/CNNW_20140717_130000_CNN_Newsroom_With_Carol_Costello_003166.jpg,"feel the difference. those jet stream wind shears are becoming stronger because of climate change and that, i believe, is causing the atmosphere to become more turbulent and that is causing airplane flights to become bumper as a consequence."
https://archive.org/details/CNNW_20140717_130000_CNN_Newsroom_With_Carol_Costello#start/83/end/118,7/17/2014 13:01:38,CNN,CNN Newsroom With Carol Costello,CNNW_20140717_130000_CNN_Newsroom_With_Carol_Costello,https://archive.org/download/CNNW_20140717_130000_CNN_Newsroom_With_Carol_Costello/CNNW_20140717_130000_CNN_Newsroom_With_Carol_Costello.thumbs/CNNW_20140717_130000_CNN_Newsroom_With_Carol_Costello_000076.jpg,"ever. reporter: bumpy ride. every flight i get on gets choppier and choppier. reporter: how climate change is making the friendly skies not so friendly. and -- that's one small step for man -- reporter: landing on the moon."
https://archive.org/details/CNNW_20140717_130000_CNN_Newsroom_With_Carol_Costello#start/3144/end/3179,7/17/2014 13:52:39,CNN,CNN Newsroom With Carol Costello,CNNW_20140717_130000_CNN_Newsroom_With_Carol_Costello,https://archive.org/download/CNNW_20140717_130000_CNN_Newsroom_With_Carol_Costello/CNNW_20140717_130000_CNN_Newsroom_With_Carol_Costello.thumbs/CNNW_20140717_130000_CNN_Newsroom_With_Carol_Costello_003136.jpg,"my stomach actually physically hurts from the flight being so choppy. we'll never be able to say one person's flight experience which was bumpy has been caused by climate change. of course we can't. what we can say as the climate"
https://archive.org/details/CNNW_20140717_130000_CNN_Newsroom_With_Carol_Costello#start/3161/end/3196,7/17/2014 13:52:56,CNN,CNN Newsroom With Carol Costello,CNNW_20140717_130000_CNN_Newsroom_With_Carol_Costello,https://archive.org/download/CNNW_20140717_130000_CNN_Newsroom_With_Carol_Costello/CNNW_20140717_130000_CNN_Newsroom_With_Carol_Costello.thumbs/CNNW_20140717_130000_CNN_Newsroom_With_Carol_Costello_003136.jpg,"changes the odds of encountering turbulence on your flight are increasing. reporter: dr. paul williams says climate change is not only heating up the bottom part of the atmosphere, but the computer models show increased carbon dioxide levels are also changing"
https://archive.org/details/CNNW_20140729_100000_New_Day#start/5761/end/5796,7/29/2014 11:36:16,CNN,New Day,CNNW_20140729_100000_New_Day,https://archive.org/download/CNNW_20140729_100000_New_Day/CNNW_20140729_100000_New_Day.thumbs/CNNW_20140729_100000_New_Day_005746.jpg,"special message considering that democrats, the white house, the council of economic advisers, today is releasing a report saying not doing anything about climate change is going to cost too much, and here is the message from coal country, from"
https://archive.org/details/CNNW_20140729_100000_New_Day#start/5838/end/5873,7/29/2014 11:37:33,CNN,New Day,CNNW_20140729_100000_New_Day,https://archive.org/download/CNNW_20140729_100000_New_Day/CNNW_20140729_100000_New_Day.thumbs/CNNW_20140729_100000_New_Day_005836.jpg,"any sleep over this threat from a candidate out in west virginia, but especially in west virginia, a page out of the joe march be playbook who took a shotgun and shot the climate change legislation. for joe manchin that worked"
https://archive.org/details/CNNW_20140705_100000_New_Day_Saturday#start/3054/end/3089,7/5/2014 10:51:09,CNN,New Day Saturday,CNNW_20140705_100000_New_Day_Saturday,https://archive.org/download/CNNW_20140705_100000_New_Day_Saturday/CNNW_20140705_100000_New_Day_Saturday.thumbs/CNNW_20140705_100000_New_Day_Saturday_001305.jpg,"the classroom and the general outreach we've been able to make during that 31 days. the mission of mission 31, climate change, pollution on marine life. what did you learn? the science was very solid, of course, and we had some"
https://archive.org/details/CNNW_20140706_130000_State_of_the_Union_With_Candy_Crowley#start/2014/end/2049,7/6/2014 13:33:49,CNN,State of the Union With Candy Crowley,CNNW_20140706_130000_State_of_the_Union_With_Candy_Crowley,https://archive.org/download/CNNW_20140706_130000_State_of_the_Union_With_Candy_Crowley/CNNW_20140706_130000_State_of_the_Union_With_Candy_Crowley.thumbs/CNNW_20140706_130000_State_of_the_Union_With_Candy_Crowley_001996.jpg,"whether it's climate change, the president has put these issues front and center, and if the culture wars are back, and if they play out at the ballot box, who does that favor? well, first of all, i was not"
https://archive.org/details/CNNW_20140702_100000_New_Day#start/1633/end/1668,7/2/2014 10:27:28,CNN,New Day,CNNW_20140702_100000_New_Day,https://archive.org/download/CNNW_20140702_100000_New_Day/CNNW_20140702_100000_New_Day.thumbs/CNNW_20140702_100000_New_Day_001635.jpg,"they spend their money on paperwork and whether they should fill out this or that for their trip instead of doing anything jobs, anything about the economy, anything about education, anything about climate change. it is just -- it's in some ways you throw up your hands in"
https://archive.org/details/CNNW_20140701_150000_At_This_Hour_With_Berman_and_Michaela#start/1248/end/1283,7/1/2014 15:21:03,CNN,At This Hour With Berman and Michaela,CNNW_20140701_150000_At_This_Hour_With_Berman_and_Michaela,https://archive.org/download/CNNW_20140701_150000_At_This_Hour_With_Berman_and_Michaela/CNNW_20140701_150000_At_This_Hour_With_Berman_and_Michaela.thumbs/CNNW_20140701_150000_At_This_Hour_With_Berman_and_Michaela_001065.jpg,"pay, the terrific work that's being done around climate change, so we're transitioning to a clean energy economy, but what i'm going to be urging all you have to do and what i'm going to be continually pushing throughout this year and for the"
https://archive.org/details/CNNW_20140725_020000_CNN_Tonight#start/1422/end/1457,7/25/2014 2:23:57,CNN,CNN Tonight,CNNW_20140725_020000_CNN_Tonight,https://archive.org/download/CNNW_20140725_020000_CNN_Tonight/CNNW_20140725_020000_CNN_Tonight.thumbs/CNNW_20140725_020000_CNN_Tonight_001395.jpg,"cyberwarfare, problems of climate change and a host of other things. if the u.s. and russia are now treating one another fundamentally as adversaries, no ambiguity about it, and i believe that is the case, then it's going to have enormous implications for both the foreign policies of the u.s. and russia, but for international"
https://archive.org/details/CNNW_20140717_130000_CNN_Newsroom_With_Carol_Costello#start/3287/end/3322,7/17/2014 13:55:02,CNN,CNN Newsroom With Carol Costello,CNNW_20140717_130000_CNN_Newsroom_With_Carol_Costello,https://archive.org/download/CNNW_20140717_130000_CNN_Newsroom_With_Carol_Costello/CNNW_20140717_130000_CNN_Newsroom_With_Carol_Costello.thumbs/CNNW_20140717_130000_CNN_Newsroom_With_Carol_Costello_003286.jpg,"you know, this link, this possible link to climate change and turbulence and he found the study very interesting, very insightful but did point out that, of course, it will take more data, it will take more time and broader studies to determine conclusively what's happening, but still he said this is an important study and"
