﻿URL,MatchDateTime,Station,Show,IAShowID,IAPreviewThumb,Snippet
https://archive.org/details/CNNW_20160314_040000_CNN_Special_Program#start/2055/end/2090,3/14/2016 4:34:30,CNN,CNN Special Program,CNNW_20160314_040000_CNN_Special_Program,https://archive.org/download/CNNW_20160314_040000_CNN_Special_Program/CNNW_20160314_040000_CNN_Special_Program.thumbs/CNNW_20160314_040000_CNN_Special_Program_002037.jpg,"i also said this. we need much more scientific research, but here's what we know. we know that methane releases are bad. they are bad for the environment. they are bad for greenhouse gas emissions."
https://archive.org/details/CNNW_20160330_070000_CNN_Tonight_With_Don_Lemon#start/2059/end/2094,3/30/2016 7:34:34,CNN,CNN Tonight With Don Lemon,CNNW_20160330_070000_CNN_Tonight_With_Don_Lemon,https://archive.org/download/CNNW_20160330_070000_CNN_Tonight_With_Don_Lemon/CNNW_20160330_070000_CNN_Tonight_With_Don_Lemon.thumbs/CNNW_20160330_070000_CNN_Tonight_With_Don_Lemon_002037.jpg,"more nuclear weapons in the world but you're okay with japan and -- when i hear obama get up and say the biggest threat to the world today is global warming. the only global warming i'm"
https://archive.org/details/CNNW_20160330_000000_CNN_GOP_Presidential_Town_Hall#start/4489/end/4524,3/30/2016 1:15:04,CNN,CNN GOP Presidential Town Hall,CNNW_20160330_000000_CNN_GOP_Presidential_Town_Hall,https://archive.org/download/CNNW_20160330_000000_CNN_GOP_Presidential_Town_Hall/CNNW_20160330_000000_CNN_GOP_Presidential_Town_Hall.thumbs/CNNW_20160330_000000_CNN_GOP_Presidential_Town_Hall_002278.jpg,"of north korea and we're supposed to protect. you're saying you don't want more nuclear weapons in the world but you're okay with japan and south korea having nuclear weapons. when i hear obama get up and say the biggest threat to the world today is global warming, i say is this guy kidding? the only global warming -- the       _"
https://archive.org/details/CNNW_20160331_200000_The_Lead_With_Jake_Tapper#start/3045/end/3080,3/31/2016 20:51:00,CNN,The Lead With Jake Tapper,CNNW_20160331_200000_The_Lead_With_Jake_Tapper,https://archive.org/download/CNNW_20160331_200000_The_Lead_With_Jake_Tapper/CNNW_20160331_200000_The_Lead_With_Jake_Tapper.thumbs/CNNW_20160331_200000_The_Lead_With_Jake_Tapper_003027.jpg,"down there like this, if you see a lot of this happening, they think it will be catastrophic. it will happen very quickly in gee logic terms and recovering from it do take thousands of years, even if global warming"
https://archive.org/details/CNNW_20160327_220000_CNN_Newsroom_With_Poppy_Harlow#start/921/end/956,3/27/2016 22:15:36,CNN,CNN Newsroom With Poppy Harlow,CNNW_20160327_220000_CNN_Newsroom_With_Poppy_Harlow,https://archive.org/download/CNNW_20160327_220000_CNN_Newsroom_With_Poppy_Harlow/CNNW_20160327_220000_CNN_Newsroom_With_Poppy_Harlow.thumbs/CNNW_20160327_220000_CNN_Newsroom_With_Poppy_Harlow_000897.jpg,"point. we believe that when we take on the message, talking about standing up for hard working american people, raising minimum wage. combatting climate change, we"
https://archive.org/details/CNNW_20160310_020000_Democratic_Presidential_Debate#start/616/end/651,3/10/2016 2:10:31,CNN,Democratic Presidential Debate,CNNW_20160310_020000_Democratic_Presidential_Debate,https://archive.org/download/CNNW_20160310_020000_Democratic_Presidential_Debate/CNNW_20160310_020000_Democratic_Presidential_Debate.thumbs/CNNW_20160310_020000_Democratic_Presidential_Debate_000597.jpg,"immigration reform and a path toward citizenship. and here in miami -- here in miami as much as any city in america, we know that we have got to combat climate change,"
https://archive.org/details/CNNW_20160326_150000_CNN_Newsroom_With_Fredricka_Whitfield#start/3269/end/3304,3/26/2016 15:54:44,CNN,CNN Newsroom With Fredricka Whitfield,CNNW_20160326_150000_CNN_Newsroom_With_Fredricka_Whitfield,https://archive.org/download/CNNW_20160326_150000_CNN_Newsroom_With_Fredricka_Whitfield/CNNW_20160326_150000_CNN_Newsroom_With_Fredricka_Whitfield.thumbs/CNNW_20160326_150000_CNN_Newsroom_With_Fredricka_Whitfield_003267.jpg,"what's peaked their interest as pertains to the two democrats. i think the issues are very much we are united on. moving, continuing to move forward on health care. fighting climate change."
https://archive.org/details/CNNW_20160312_050000_CNN_Special_Program#start/1323/end/1358,3/12/2016 5:22:18,CNN,CNN Special Program,CNNW_20160312_050000_CNN_Special_Program,https://archive.org/download/CNNW_20160312_050000_CNN_Special_Program/CNNW_20160312_050000_CNN_Special_Program.thumbs/CNNW_20160312_050000_CNN_Special_Program_001318.jpg,"i want this to be a safe and clean place, but these laws will do nothing for the environment. just to clarify the mayor when he talks about the reality of the scientific consensus about climate change the"
https://archive.org/details/CNNW_20160310_020000_Democratic_Presidential_Debate#start/5220/end/5255,3/10/2016 3:27:15,CNN,Democratic Presidential Debate,CNNW_20160310_020000_Democratic_Presidential_Debate,https://archive.org/download/CNNW_20160310_020000_Democratic_Presidential_Debate/CNNW_20160310_020000_Democratic_Presidential_Debate.thumbs/CNNW_20160310_020000_Democratic_Presidential_Debate_005217.jpg,"subject that more than two dozen florida mayors have asked us to raise with you. they have asked us to share with you their concern over the effects of rising sea levels and climate change in their"
https://archive.org/details/CNNW_20160310_040000_Anderson_Cooper_360_Post_Debate_Special#start/8857/end/8892,3/10/2016 6:27:52,CNN,Anderson Cooper 360 Post Debate Special,CNNW_20160310_040000_Anderson_Cooper_360_Post_Debate_Special,https://archive.org/download/CNNW_20160310_040000_Anderson_Cooper_360_Post_Debate_Special/CNNW_20160310_040000_Anderson_Cooper_360_Post_Debate_Special.thumbs/CNNW_20160310_040000_Anderson_Cooper_360_Post_Debate_Special_008848.jpg,"senator sanders, is it possible to move forward on this issue if you do not get a bipartisan consensus? and what would you do? first of all, karen, when you have republican candidates for president and in congress telling you that climate change"
https://archive.org/details/CNNW_20160320_170000_Fareed_Zakaria_GPS#start/2950/end/2985,3/20/2016 17:49:25,CNN,Fareed Zakaria GPS,CNNW_20160320_170000_Fareed_Zakaria_GPS,https://archive.org/download/CNNW_20160320_170000_Fareed_Zakaria_GPS/CNNW_20160320_170000_Fareed_Zakaria_GPS.thumbs/CNNW_20160320_170000_Fareed_Zakaria_GPS_002938.jpg,"comes from. so at the end of all that, i became a a lot more fond of my planet and us humans who are part of the plan. and in a way, was that unique perspective of looking at the earth from space that has motivated you for climate change? not really."
https://archive.org/details/CNNW_20160304_140000_CNN_Newsroom_With_Carol_Costello#start/6451/end/6486,3/4/2016 15:47:46,CNN,CNN Newsroom With Carol Costello,CNNW_20160304_140000_CNN_Newsroom_With_Carol_Costello,https://archive.org/download/CNNW_20160304_140000_CNN_Newsroom_With_Carol_Costello/CNNW_20160304_140000_CNN_Newsroom_With_Carol_Costello.thumbs/CNNW_20160304_140000_CNN_Newsroom_With_Carol_Costello_006448.jpg,"advantage of all our natural resources to poison the planet and the people. i asked him about it. he brushed it off even though he knows your earthquake and certainly all of these storms are a result of factory farming. we know have all the proof in the world that climate change is"
https://archive.org/details/CNNW_20160303_110000_New_Day#start/8551/end/8586,3/3/2016 13:22:46,CNN,New Day,CNNW_20160303_110000_New_Day,https://archive.org/download/CNNW_20160303_110000_New_Day/CNNW_20160303_110000_New_Day.thumbs/CNNW_20160303_110000_New_Day_008547.jpg,"are actually pret close and i think that is a gap that certainly can be closed. but chris that is not even the main point. the main point is bernie sanders got in this race because he had to address the stunning issues of income inequality, stagnant wages. no action on climate change."
https://archive.org/details/CNNW_20160330_050100_CNN_GOP_Presidential_Town_Hall#start/775/end/810,3/30/2016 5:14:10,CNN,CNN GOP Presidential Town Hall,CNNW_20160330_050100_CNN_GOP_Presidential_Town_Hall,https://archive.org/download/CNNW_20160330_050100_CNN_GOP_Presidential_Town_Hall/CNNW_20160330_050100_CNN_GOP_Presidential_Town_Hall.thumbs/CNNW_20160330_050100_CNN_GOP_Presidential_Town_Hall_000747.jpg,"world today is global warming, i say is this guy kidding? the only global warming -- the only global warming i'm worried about is nuclear global warming because that's the single biggest threat. it's not that i'm a -- we can't afford it anymore. we're sitting on a tremendous bubble. again, $21 trillion. do you have concerns about japan or south korea getting"
https://archive.org/details/CNNW_20160330_030000_CNN_Tonight_With_Don_Lemon#start/2066/end/2101,3/30/2016 3:34:41,CNN,CNN Tonight With Don Lemon,CNNW_20160330_030000_CNN_Tonight_With_Don_Lemon,https://archive.org/download/CNNW_20160330_030000_CNN_Tonight_With_Don_Lemon/CNNW_20160330_030000_CNN_Tonight_With_Don_Lemon.thumbs/CNNW_20160330_030000_CNN_Tonight_With_Don_Lemon_002038.jpg,"say the biggest threat to the world today is global warming. the only global warming i'm worried about is nuclear global warming. that's the single biggest threat. what do you think of that answer? i thought it was trump's"
https://archive.org/details/CNNW_20160330_040000_CNN_GOP_Presidential_Town_Hall#start/4458/end/4493,3/30/2016 5:14:33,CNN,CNN GOP Presidential Town Hall,CNNW_20160330_040000_CNN_GOP_Presidential_Town_Hall,https://archive.org/download/CNNW_20160330_040000_CNN_GOP_Presidential_Town_Hall/CNNW_20160330_040000_CNN_GOP_Presidential_Town_Hall.thumbs/CNNW_20160330_040000_CNN_GOP_Presidential_Town_Hall_002247.jpg,"world but you're okay with japan and south korea having nuclear weapons. when i hear obama get up and say the biggest threat to the world today is global warming, i say is this guy kidding? the only global warming -- the only global warming i'm worried about is nuclear global warming because that's the single biggest threat. it's not that i'm a -- we can't afford it anymore. we're sitting on a tremendous"
https://archive.org/details/CNNW_20160331_200000_The_Lead_With_Jake_Tapper#start/2986/end/3021,3/31/2016 20:50:01,CNN,The Lead With Jake Tapper,CNNW_20160331_200000_The_Lead_With_Jake_Tapper,https://archive.org/download/CNNW_20160331_200000_The_Lead_With_Jake_Tapper/CNNW_20160331_200000_The_Lead_With_Jake_Tapper.thumbs/CNNW_20160331_200000_The_Lead_With_Jake_Tapper_002967.jpg,"yes, it could happen a whole lot faster, maybe twice as fast as we've seen so far, jake. so how deeply might that affect coastal region, and what happens if the world cuts way back on greenhouse gases to stop the warming, could that have an"
https://archive.org/details/CNNW_20160330_000000_CNN_GOP_Presidential_Town_Hall#start/4499/end/4534,3/30/2016 1:15:14,CNN,CNN GOP Presidential Town Hall,CNNW_20160330_000000_CNN_GOP_Presidential_Town_Hall,https://archive.org/download/CNNW_20160330_000000_CNN_GOP_Presidential_Town_Hall/CNNW_20160330_000000_CNN_GOP_Presidential_Town_Hall.thumbs/CNNW_20160330_000000_CNN_GOP_Presidential_Town_Hall_002278.jpg,"only global warming i'm worried about is nuclear global warming because that's the single biggest threat. it's not that i'm a -- we can't ain order it anymore. we're sitting on a tremendous"
https://archive.org/details/CNNW_20160331_100000_New_Day#start/2846/end/2881,3/31/2016 10:47:41,CNN,New Day,CNNW_20160331_100000_New_Day,https://archive.org/download/CNNW_20160331_100000_New_Day/CNNW_20160331_100000_New_Day.thumbs/CNNW_20160331_100000_New_Day_002847.jpg,"rise nearly twice as much as predicted by the end of this century if greenhouse gas emissions continue unabated."
https://archive.org/details/CNNW_20160310_040000_Anderson_Cooper_360_Post_Debate_Special#start/9098/end/9133,3/10/2016 6:31:53,CNN,Anderson Cooper 360 Post Debate Special,CNNW_20160310_040000_Anderson_Cooper_360_Post_Debate_Special,https://archive.org/download/CNNW_20160310_040000_Anderson_Cooper_360_Post_Debate_Special/CNNW_20160310_040000_Anderson_Cooper_360_Post_Debate_Special.thumbs/CNNW_20160310_040000_Anderson_Cooper_360_Post_Debate_Special_009088.jpg,"who introduced the most comprehensive climate change legislation in the history of the united states senate. now i hope that secretary clinton would join me if we are serious about climate change about imposing a tax on carbon"
https://archive.org/details/CNNW_20160314_010000_CNN_Special_Program#start/2073/end/2108,3/14/2016 1:34:48,CNN,CNN Special Program,CNNW_20160314_010000_CNN_Special_Program,https://archive.org/download/CNNW_20160314_010000_CNN_Special_Program/CNNW_20160314_010000_CNN_Special_Program.thumbs/CNNW_20160314_010000_CNN_Special_Program_002068.jpg,"environment. they are bad for greenhouse gas emissions. we know that if water is contaminated, that's bad, and we can't allow that to go forward. we know that there is a loophole in the law that i disagree with"
https://archive.org/details/CNNW_20160320_140000_Fareed_Zakaria_GPS#start/2948/end/2983,3/20/2016 14:49:23,CNN,Fareed Zakaria GPS,CNNW_20160320_140000_Fareed_Zakaria_GPS,https://archive.org/download/CNNW_20160320_140000_Fareed_Zakaria_GPS/CNNW_20160320_140000_Fareed_Zakaria_GPS.thumbs/CNNW_20160320_140000_Fareed_Zakaria_GPS_002937.jpg,"a lot more fond of my planet and us humans who are part of the plan. and in a way, was that unique perspective of looking at the earth from space that has motivated you for climate"
https://archive.org/details/CNNW_20160320_140000_Fareed_Zakaria_GPS#start/2509/end/2544,3/20/2016 14:42:04,CNN,Fareed Zakaria GPS,CNNW_20160320_140000_Fareed_Zakaria_GPS,https://archive.org/download/CNNW_20160320_140000_Fareed_Zakaria_GPS/CNNW_20160320_140000_Fareed_Zakaria_GPS.thumbs/CNNW_20160320_140000_Fareed_Zakaria_GPS_002487.jpg,"policies that actually work are few and far between. fascinating to look at. thank you so much. thank you. up next, why this former astronaut decided to spend the rest of his life shouting from the roof tops about climate"
https://archive.org/details/CNNW_20160314_000000_CNN_Special_Program#start/3137/end/3172,3/14/2016 0:52:32,CNN,CNN Special Program,CNNW_20160314_000000_CNN_Special_Program,https://archive.org/download/CNNW_20160314_000000_CNN_Special_Program/CNNW_20160314_000000_CNN_Special_Program.thumbs/CNNW_20160314_000000_CNN_Special_Program_003118.jpg,"universities tuition free, and pay equity for women, and dealing with the climate change, and by the washg we don't talk about it enough, climate change, and that is what the americans want, but you have republicans moving in the opposite direction. what i have said over and over"
https://archive.org/details/CNNW_20160314_030000_CNN_Special_Program#start/3171/end/3206,3/14/2016 3:53:06,CNN,CNN Special Program,CNNW_20160314_030000_CNN_Special_Program,https://archive.org/download/CNNW_20160314_030000_CNN_Special_Program/CNNW_20160314_030000_CNN_Special_Program.thumbs/CNNW_20160314_030000_CNN_Special_Program_003147.jpg,"pay equity for women, and dealing with the climate change, and by the way, we don't talk enough about climate change. that's what the american people want, but you have republicans who are moving in the opposite direction. what i have said over and over again, no president, not bernie"
https://archive.org/details/CNNW_20160323_050000_Americas_Choice_2016_AZ_Primary_ID__UT_Caucuses#start/2771/end/2806,3/23/2016 5:46:26,CNN,Americas Choice 2016 AZ Primary ID  UT Caucuses,CNNW_20160323_050000_Americas_Choice_2016_AZ_Primary_ID__UT_Caucuses,https://archive.org/download/CNNW_20160323_050000_Americas_Choice_2016_AZ_Primary_ID__UT_Caucuses/CNNW_20160323_050000_Americas_Choice_2016_AZ_Primary_ID__UT_Caucuses.thumbs/CNNW_20160323_050000_Americas_Choice_2016_AZ_Primary_ID__UT_Caucuses_001618.jpg,"expanding opportunity, making sure we protect the rights of all citizens. bernie sanders has been a good candidate in the sense that there are democrats out there who would like to see the party take real principal positions on income and equality, on climate"
https://archive.org/details/CNNW_20160331_080000_Early_Start_With_John_Berman_and_Christine_Romans#start/2887/end/2922,3/31/2016 8:48:22,CNN,Early Start With John Berman and Christine Romans,CNNW_20160331_080000_Early_Start_With_John_Berman_and_Christine_Romans,https://archive.org/download/CNNW_20160331_080000_Early_Start_With_John_Berman_and_Christine_Romans/CNNW_20160331_080000_Early_Start_With_John_Berman_and_Christine_Romans.thumbs/CNNW_20160331_080000_Early_Start_With_John_Berman_and_Christine_Romans_002878.jpg,"scientists sounds the alarm of global warming. 'new york times' says heat trapping gasses could cause a disaster scenario to play out sooner than predicted. climate researchers say the ice"
https://archive.org/details/CNNW_20160311_040000_CNN_Special_Program#start/2687/end/2722,3/11/2016 4:45:02,CNN,CNN Special Program,CNNW_20160311_040000_CNN_Special_Program,https://archive.org/download/CNNW_20160311_040000_CNN_Special_Program/CNNW_20160311_040000_CNN_Special_Program.thumbs/CNNW_20160311_040000_CNN_Special_Program_002668.jpg,"how are your colleagues going to reability to this debate? very well. i think they'll go right into the depths of the distinctions talked about. on global warming where it was"
https://archive.org/details/CNNW_20160330_070000_CNN_Tonight_With_Don_Lemon#start/2074/end/2109,3/30/2016 7:34:49,CNN,CNN Tonight With Don Lemon,CNNW_20160330_070000_CNN_Tonight_With_Don_Lemon,https://archive.org/download/CNNW_20160330_070000_CNN_Tonight_With_Don_Lemon/CNNW_20160330_070000_CNN_Tonight_With_Don_Lemon.thumbs/CNNW_20160330_070000_CNN_Tonight_With_Don_Lemon_002067.jpg,"worried about is nuclear global warming. that's the single biggest threat. what do you think of that answer? i thought it was trump's worst moment of the night. he doesn't come off as commander in chief."
https://archive.org/details/CNNW_20160331_230000_Erin_Burnett_OutFront#start/1946/end/1981,3/31/2016 23:32:41,CNN,Erin Burnett OutFront,CNNW_20160331_230000_Erin_Burnett_OutFront,https://archive.org/download/CNNW_20160331_230000_Erin_Burnett_OutFront/CNNW_20160331_230000_Erin_Burnett_OutFront.thumbs/CNNW_20160331_230000_Erin_Burnett_OutFront_001947.jpg,"weapons in the world, but you're okay with japan and south korea having nuclear weapons? when i hear obama saying the biggest threat in the world today is global warming, i say is this guy kidding is."
https://archive.org/details/CNNW_20160302_000000_Americas_Choice_2016_Super_Tuesday_1#start/2192/end/2227,3/2/2016 0:36:47,CNN,Americas Choice 2016 Super Tuesday 1,CNNW_20160302_000000_Americas_Choice_2016_Super_Tuesday_1,https://archive.org/download/CNNW_20160302_000000_Americas_Choice_2016_Super_Tuesday_1/CNNW_20160302_000000_Americas_Choice_2016_Super_Tuesday_1.thumbs/CNNW_20160302_000000_Americas_Choice_2016_Super_Tuesday_1_001738.jpg,"now, i know many of my republican colleagues think that climate change is a hoax. well, i believe that you don't"
https://archive.org/details/CNNW_20160320_140000_Fareed_Zakaria_GPS#start/2897/end/2932,3/20/2016 14:48:32,CNN,Fareed Zakaria GPS,CNNW_20160320_140000_Fareed_Zakaria_GPS,https://archive.org/download/CNNW_20160320_140000_Fareed_Zakaria_GPS/CNNW_20160320_140000_Fareed_Zakaria_GPS.thumbs/CNNW_20160320_140000_Fareed_Zakaria_GPS_002877.jpg,"carry on with the work on climate change. you've had an incredible career. what's it like to walk in space? it's incredible."
https://archive.org/details/CNNW_20160329_050000_CNN_Newsroom_Live#start/4898/end/4933,3/29/2016 6:21:53,CNN,CNN Newsroom Live,CNNW_20160329_050000_CNN_Newsroom_Live,https://archive.org/download/CNNW_20160329_050000_CNN_Newsroom_Live/CNNW_20160329_050000_CNN_Newsroom_Live.thumbs/CNNW_20160329_050000_CNN_Newsroom_Live_004887.jpg,"pressure to reduce its carbon footprint and to do it in an era of climate change that affects india and indians quite seriously."
https://archive.org/details/CNNW_20160320_140000_Fareed_Zakaria_GPS#start/2983/end/3018,3/20/2016 14:49:58,CNN,Fareed Zakaria GPS,CNNW_20160320_140000_Fareed_Zakaria_GPS,https://archive.org/download/CNNW_20160320_140000_Fareed_Zakaria_GPS/CNNW_20160320_140000_Fareed_Zakaria_GPS.thumbs/CNNW_20160320_140000_Fareed_Zakaria_GPS_002967.jpg,"it and of course, something like global warming which is what we have, the other perspective was it's one place. it's our home and we ought to take care of it. what are you working on now? right now, we're working"
https://archive.org/details/CNNW_20160310_160000_At_This_Hour_With_Berman_and_Bolduan#start/1989/end/2024,3/10/2016 16:33:24,CNN,At This Hour With Berman and Bolduan,CNNW_20160310_160000_At_This_Hour_With_Berman_and_Bolduan,https://archive.org/download/CNNW_20160310_160000_At_This_Hour_With_Berman_and_Bolduan/CNNW_20160310_160000_At_This_Hour_With_Berman_and_Bolduan.thumbs/CNNW_20160310_160000_At_This_Hour_With_Berman_and_Bolduan_001977.jpg,"address the challenges of climate change, how we continue to seek to ensure security for our citizens here at home but also create stability and"
https://archive.org/details/CNNW_20160320_170000_Fareed_Zakaria_GPS#start/2983/end/3018,3/20/2016 17:49:58,CNN,Fareed Zakaria GPS,CNNW_20160320_170000_Fareed_Zakaria_GPS,https://archive.org/download/CNNW_20160320_170000_Fareed_Zakaria_GPS/CNNW_20160320_170000_Fareed_Zakaria_GPS.thumbs/CNNW_20160320_170000_Fareed_Zakaria_GPS_002968.jpg,"it's no surprise that we can very easily affect it, and call something like global warming, which is something that we have. but the other perspective was that it's really one place. it's our home and we ought to take steps to take care of it."
https://archive.org/details/CNNW_20160314_030000_CNN_Special_Program#start/3543/end/3578,3/14/2016 3:59:18,CNN,CNN Special Program,CNNW_20160314_030000_CNN_Special_Program,https://archive.org/download/CNNW_20160314_030000_CNN_Special_Program/CNNW_20160314_030000_CNN_Special_Program.thumbs/CNNW_20160314_030000_CNN_Special_Program_003537.jpg,"and jim is a climate change denigher. he's a decent guy and i like him. and you find that. you find the fact that just because you have very"
https://archive.org/details/CNNW_20160320_100000_New_Day_Sunday#start/1514/end/1549,3/20/2016 10:25:29,CNN,New Day Sunday,CNNW_20160320_100000_New_Day_Sunday,https://archive.org/download/CNNW_20160320_100000_New_Day_Sunday/CNNW_20160320_100000_New_Day_Sunday.thumbs/CNNW_20160320_100000_New_Day_Sunday_001497.jpg,"and switched off the lights. various landmarks from eiffel tower to the empire state building went off. the event is designed to bring awareness to climate change. bernie sanders is talking"
https://archive.org/details/CNNW_20160307_050000_CNN_Flint_MI_Democratic_Debate#start/6181/end/6216,3/7/2016 6:43:16,CNN,CNN Flint MI Democratic Debate,CNNW_20160307_050000_CNN_Flint_MI_Democratic_Debate,https://archive.org/download/CNNW_20160307_050000_CNN_Flint_MI_Democratic_Debate/CNNW_20160307_050000_CNN_Flint_MI_Democratic_Debate.thumbs/CNNW_20160307_050000_CNN_Flint_MI_Democratic_Debate_006178.jpg,"children may not be healthy and habitable. i have introduced the most comprehensive climate change legislation in the history of the senate, which among other things called for a tax on"
https://archive.org/details/CNNW_20160315_010000_Anderson_Cooper_360#start/939/end/974,3/15/2016 1:15:54,CNN,Anderson Cooper 360,CNNW_20160315_010000_Anderson_Cooper_360,https://archive.org/download/CNNW_20160315_010000_Anderson_Cooper_360/CNNW_20160315_010000_Anderson_Cooper_360.thumbs/CNNW_20160315_010000_Anderson_Cooper_360_000927.jpg,"has been effort for now decades to delegitimize the mainstream media on the right. when the mainstream media says climate change is happening, we're seeing that in the unwillingness of trump"
https://archive.org/details/CNNW_20160314_000000_CNN_Special_Program#start/3529/end/3564,3/14/2016 0:59:04,CNN,CNN Special Program,CNNW_20160314_000000_CNN_Special_Program,https://archive.org/download/CNNW_20160314_000000_CNN_Special_Program/CNNW_20160314_000000_CNN_Special_Program.thumbs/CNNW_20160314_000000_CNN_Special_Program_003508.jpg,"one of the most conservative members of the senate is a fellow named jim inhofe from oklaho oklahoma. and jim is a climate change denier, and he is really, really"
https://archive.org/details/CNNW_20160312_050000_CNN_Special_Program#start/1229/end/1264,3/12/2016 5:20:44,CNN,CNN Special Program,CNNW_20160312_050000_CNN_Special_Program,https://archive.org/download/CNNW_20160312_050000_CNN_Special_Program/CNNW_20160312_050000_CNN_Special_Program.thumbs/CNNW_20160312_050000_CNN_Special_Program_001228.jpg,"scientific conscience will you honor his request for a pledge and acknowledge the reality of the scientific consensus of climate change. one of the reasons the climate is changing is the"
https://archive.org/details/CNNW_20160310_160000_At_This_Hour_With_Berman_and_Bolduan#start/1244/end/1279,3/10/2016 16:20:59,CNN,At This Hour With Berman and Bolduan,CNNW_20160310_160000_At_This_Hour_With_Berman_and_Bolduan,https://archive.org/download/CNNW_20160310_160000_At_This_Hour_With_Berman_and_Bolduan/CNNW_20160310_160000_At_This_Hour_With_Berman_and_Bolduan.thumbs/CNNW_20160310_160000_At_This_Hour_With_Berman_and_Bolduan_001227.jpg,"great things throughout our history. from the beaches of norman di to the free trade agreement and now, today, on climate change. the president and i share a common goal."
https://archive.org/details/CNNW_20160310_070000_Democratic_Presidential_Debate#start/754/end/789,3/10/2016 7:12:49,CNN,Democratic Presidential Debate,CNNW_20160310_070000_Democratic_Presidential_Debate,https://archive.org/download/CNNW_20160310_070000_Democratic_Presidential_Debate/CNNW_20160310_070000_Democratic_Presidential_Debate.thumbs/CNNW_20160310_070000_Democratic_Presidential_Debate_000748.jpg,"hillary clinton just at times displaying just a dazzling mastery of policy nuance. that clean energy question, no abortion questions, no enough climate change questions, both of those on the table."
https://archive.org/details/CNNW_20160307_010000_CNN_Flint_MI_Democratic_Debate#start/5771/end/5806,3/7/2016 2:36:26,CNN,CNN Flint MI Democratic Debate,CNNW_20160307_010000_CNN_Flint_MI_Democratic_Debate,https://archive.org/download/CNNW_20160307_010000_CNN_Flint_MI_Democratic_Debate/CNNW_20160307_010000_CNN_Flint_MI_Democratic_Debate.thumbs/CNNW_20160307_010000_CNN_Flint_MI_Democratic_Debate_005757.jpg,"million decent paying jobs. thank you, senator sanders. the issue of climate change has been a major talking point for both of you. i wanted to bring in sarah bel"
https://archive.org/details/CNNW_20160310_160000_At_This_Hour_With_Berman_and_Bolduan#start/2345/end/2380,3/10/2016 16:39:20,CNN,At This Hour With Berman and Bolduan,CNNW_20160310_160000_At_This_Hour_With_Berman_and_Bolduan,https://archive.org/download/CNNW_20160310_160000_At_This_Hour_With_Berman_and_Bolduan/CNNW_20160310_160000_At_This_Hour_With_Berman_and_Bolduan.thumbs/CNNW_20160310_160000_At_This_Hour_With_Berman_and_Bolduan_002337.jpg,"aligned we are, the more we can shape the international agenda to meet these challenges. climate change is such an example. this is going to be a big problem for everybody."
https://archive.org/details/CNNW_20160310_160000_At_This_Hour_With_Berman_and_Bolduan#start/2377/end/2412,3/10/2016 16:39:52,CNN,At This Hour With Berman and Bolduan,CNNW_20160310_160000_At_This_Hour_With_Berman_and_Bolduan,https://archive.org/download/CNNW_20160310_160000_At_This_Hour_With_Berman_and_Bolduan/CNNW_20160310_160000_At_This_Hour_With_Berman_and_Bolduan.thumbs/CNNW_20160310_160000_At_This_Hour_With_Berman_and_Bolduan_002367.jpg,"those responsible for a lot of the carbon pollution that is causing climate change. if we don't agree, if we're not aggressive and not farsighted, if we don't pool our research"
https://archive.org/details/CNNW_20160310_040000_Anderson_Cooper_360_Post_Debate_Special#start/760/end/795,3/10/2016 4:12:55,CNN,Anderson Cooper 360 Post Debate Special,CNNW_20160310_040000_Anderson_Cooper_360_Post_Debate_Special,https://archive.org/download/CNNW_20160310_040000_Anderson_Cooper_360_Post_Debate_Special/CNNW_20160310_040000_Anderson_Cooper_360_Post_Debate_Special.thumbs/CNNW_20160310_040000_Anderson_Cooper_360_Post_Debate_Special_000748.jpg,"mastery of policy nuance. that clean energy question, no abortion questions, no enough climate change questions, both of those on the table. hillary clinton's response on the clean energy question,"
https://archive.org/details/CNNW_20160313_180000_CNN_Newsroom_With_Fredricka_Whitfield#start/3151/end/3186,3/13/2016 18:52:46,CNN,CNN Newsroom With Fredricka Whitfield,CNNW_20160313_180000_CNN_Newsroom_With_Fredricka_Whitfield,https://archive.org/download/CNNW_20160313_180000_CNN_Newsroom_With_Fredricka_Whitfield/CNNW_20160313_180000_CNN_Newsroom_With_Fredricka_Whitfield.thumbs/CNNW_20160313_180000_CNN_Newsroom_With_Fredricka_Whitfield_003147.jpg,"taking into account warts and all of a candidate. and we have had our disagreements with senator in the area of abortion, lgbt rights, you name it, climate change. however, in this particular"
https://archive.org/details/CNNW_20160310_160000_At_This_Hour_With_Berman_and_Bolduan#start/844/end/879,3/10/2016 16:14:19,CNN,At This Hour With Berman and Bolduan,CNNW_20160310_160000_At_This_Hour_With_Berman_and_Bolduan,https://archive.org/download/CNNW_20160310_160000_At_This_Hour_With_Berman_and_Bolduan/CNNW_20160310_160000_At_This_Hour_With_Berman_and_Bolduan.thumbs/CNNW_20160310_160000_At_This_Hour_With_Berman_and_Bolduan_000837.jpg,"vision is inspiring young people at home he's governing with a commitment to inclusivity and economy. they are leading on climate change and cares deeply about development. from my perspective, what's not"
https://archive.org/details/CNNW_20160307_010000_CNN_Flint_MI_Democratic_Debate#start/5899/end/5934,3/7/2016 2:38:34,CNN,CNN Flint MI Democratic Debate,CNNW_20160307_010000_CNN_Flint_MI_Democratic_Debate,https://archive.org/download/CNNW_20160307_010000_CNN_Flint_MI_Democratic_Debate/CNNW_20160307_010000_CNN_Flint_MI_Democratic_Debate.thumbs/CNNW_20160307_010000_CNN_Flint_MI_Democratic_Debate_005877.jpg,"going to leave our children may not be inhabitable. i introduced the most comprehensive climate change legislation in the history of the senate which among other things called for a tax on"
https://archive.org/details/CNNW_20160312_090000_CNN_Newsroom_Live#start/4599/end/4634,3/12/2016 10:16:54,CNN,CNN Newsroom Live,CNNW_20160312_090000_CNN_Newsroom_Live,https://archive.org/download/CNNW_20160312_090000_CNN_Newsroom_Live/CNNW_20160312_090000_CNN_Newsroom_Live.thumbs/CNNW_20160312_090000_CNN_Newsroom_Live_004588.jpg,"fingerprint of climate change is within these frequency and intensity rain events, just like this one. and the endless amounts of heavy rain events taking place across the world. serbia, into brazil."
https://archive.org/details/CNNW_20160312_070000_CNN_Special_Program#start/1066/end/1101,3/12/2016 7:18:01,CNN,CNN Special Program,CNNW_20160312_070000_CNN_Special_Program,https://archive.org/download/CNNW_20160312_070000_CNN_Special_Program/CNNW_20160312_070000_CNN_Special_Program.thumbs/CNNW_20160312_070000_CNN_Special_Program_001047.jpg,"i don't take money from the fossil fuel industry because they are destroying -- they are destroying this planet through their emissions of carbon and creating the terrible climate change that we are seeing."
https://archive.org/details/CNNW_20160311_080000_CNN_Special_Program#start/3053/end/3088,3/11/2016 8:51:08,CNN,CNN Special Program,CNNW_20160311_080000_CNN_Special_Program,https://archive.org/download/CNNW_20160311_080000_CNN_Special_Program/CNNW_20160311_080000_CNN_Special_Program.thumbs/CNNW_20160311_080000_CNN_Special_Program_003027.jpg,"correct. how you colleagues, conservative radio talk show hosts you think are going to react to this debate? very well. i think they'll go right into the depths of the distinctions that were carved out on social security, on israel, on global warming, where jake asked about the mayor of miami specifically"
https://archive.org/details/CNNW_20160311_070000_CNN_Special_Program#start/1479/end/1514,3/11/2016 7:24:54,CNN,CNN Special Program,CNNW_20160311_070000_CNN_Special_Program,https://archive.org/download/CNNW_20160311_070000_CNN_Special_Program/CNNW_20160311_070000_CNN_Special_Program.thumbs/CNNW_20160311_070000_CNN_Special_Program_001468.jpg,"mayor of miami, to find out what he wanted to hear from this morning. he told me, quote, climate change means rising ocean levels, which in south florida means flooding downtown and our neighborhoods."
https://archive.org/details/CNNW_20160311_070000_CNN_Special_Program#start/1677/end/1712,3/11/2016 7:28:12,CNN,CNN Special Program,CNNW_20160311_070000_CNN_Special_Program,https://archive.org/download/CNNW_20160311_070000_CNN_Special_Program/CNNW_20160311_070000_CNN_Special_Program.thumbs/CNNW_20160311_070000_CNN_Special_Program_001678.jpg,"governor kasich, what would you say to the mayor of miami? i do believe we contribute to climate change. but i don't think it has to be either you're for some environmental stringent rules"
https://archive.org/details/CNNW_20160314_090000_Early_Start_With_John_Berman_and_Christine_Romans#start/1023/end/1058,3/14/2016 9:17:18,CNN,Early Start With John Berman and Christine Romans,CNNW_20160314_090000_Early_Start_With_John_Berman_and_Christine_Romans,https://archive.org/download/CNNW_20160314_090000_Early_Start_With_John_Berman_and_Christine_Romans/CNNW_20160314_090000_Early_Start_With_John_Berman_and_Christine_Romans.thumbs/CNNW_20160314_090000_Early_Start_With_John_Berman_and_Christine_Romans_001017.jpg,"wages in america are too low. tell that to the people in ohio that wages are too low. this is a guy who believes in defiance of all science that climate change is a hoax."
https://archive.org/details/CNNW_20160311_030000_CNN_Special_Program#start/1118/end/1153,3/11/2016 3:18:53,CNN,CNN Special Program,CNNW_20160311_030000_CNN_Special_Program,https://archive.org/download/CNNW_20160311_030000_CNN_Special_Program/CNNW_20160311_030000_CNN_Special_Program.thumbs/CNNW_20160311_030000_CNN_Special_Program_001107.jpg,"reached out to the republican mayor of miami to find out what he wanted to hear from you this morning. he told me, quote, climate change means rising ocean levels, which in south florida"
https://archive.org/details/CNNW_20160310_160000_At_This_Hour_With_Berman_and_Bolduan#start/1276/end/1311,3/10/2016 16:21:31,CNN,At This Hour With Berman and Bolduan,CNNW_20160310_160000_At_This_Hour_With_Berman_and_Bolduan,https://archive.org/download/CNNW_20160310_160000_At_This_Hour_With_Berman_and_Bolduan/CNNW_20160310_160000_At_This_Hour_With_Berman_and_Bolduan.thumbs/CNNW_20160310_160000_At_This_Hour_With_Berman_and_Bolduan_001257.jpg,"for example. that agreement is both the symbolic declaration of cooperation on climate change as well as a practical guide for growing our economies in a responsible and sustainable way. canada and the u.s. have"
https://archive.org/details/CNNW_20160312_070000_CNN_Special_Program#start/2196/end/2231,3/12/2016 7:36:51,CNN,CNN Special Program,CNNW_20160312_070000_CNN_Special_Program,https://archive.org/download/CNNW_20160312_070000_CNN_Special_Program/CNNW_20160312_070000_CNN_Special_Program.thumbs/CNNW_20160312_070000_CNN_Special_Program_002187.jpg,"she just had, please. this is your debate. thank you. let's be clear. you're looking at the senator who introduced the most comprehensive climate change legislation in the history of the united states senate."
https://archive.org/details/CNNW_20160310_160000_At_This_Hour_With_Berman_and_Bolduan#start/2070/end/2105,3/10/2016 16:34:45,CNN,At This Hour With Berman and Bolduan,CNNW_20160310_160000_At_This_Hour_With_Berman_and_Bolduan,https://archive.org/download/CNNW_20160310_160000_At_This_Hour_With_Berman_and_Bolduan/CNNW_20160310_160000_At_This_Hour_With_Berman_and_Bolduan.thumbs/CNNW_20160310_160000_At_This_Hour_With_Berman_and_Bolduan_002067.jpg,"translator: climate change, security in the world, our commitment toward the most vulnerable populations, canada and the united states, are lucky countries in many ways that will always have a lot to do in order"
https://archive.org/details/CNNW_20160310_040000_Anderson_Cooper_360_Post_Debate_Special#start/4229/end/4264,3/10/2016 5:10:44,CNN,Anderson Cooper 360 Post Debate Special,CNNW_20160310_040000_Anderson_Cooper_360_Post_Debate_Special,https://archive.org/download/CNNW_20160310_040000_Anderson_Cooper_360_Post_Debate_Special/CNNW_20160310_040000_Anderson_Cooper_360_Post_Debate_Special.thumbs/CNNW_20160310_040000_Anderson_Cooper_360_Post_Debate_Special_004228.jpg,"america, we know that we have got to combat climate change, transform our energy system and leave this planet in a way that is healthy and habitable for our kids and grandchildren. thank you, senator."
https://archive.org/details/CNNW_20160312_070000_CNN_Special_Program#start/1970/end/2005,3/12/2016 7:33:05,CNN,CNN Special Program,CNNW_20160312_070000_CNN_Special_Program,https://archive.org/download/CNNW_20160312_070000_CNN_Special_Program/CNNW_20160312_070000_CNN_Special_Program.thumbs/CNNW_20160312_070000_CNN_Special_Program_001947.jpg,"and what would you do? first of all, karen, when you have republican candidates for president and in congress telling you that climate change is a hoax, which is donald trump and other candidates' position,"
https://archive.org/details/CNNW_20160311_110000_New_Day#start/5733/end/5768,3/11/2016 12:35:48,CNN,New Day,CNNW_20160311_110000_New_Day,https://archive.org/download/CNNW_20160311_110000_New_Day/CNNW_20160311_110000_New_Day.thumbs/CNNW_20160311_110000_New_Day_001887.jpg,"climate change is happening but show me a law that will stop the sea levels from rising. i thought he was a bit of contortionist. this is what comes from running in very conservatives caulks."
https://archive.org/details/CNNW_20160315_050000_Anderson_Cooper_360#start/1367/end/1402,3/15/2016 5:23:02,CNN,Anderson Cooper 360,CNNW_20160315_050000_Anderson_Cooper_360,https://archive.org/download/CNNW_20160315_050000_Anderson_Cooper_360/CNNW_20160315_050000_Anderson_Cooper_360.thumbs/CNNW_20160315_050000_Anderson_Cooper_360_001347.jpg,"and jim is a climate change denier. he is really, really conservative. but you know what? he is a decent guy, and i like him, and he and i are friends. brianna joins us now."
https://archive.org/details/CNNW_20160311_030000_CNN_Special_Program#start/1261/end/1296,3/11/2016 3:21:16,CNN,CNN Special Program,CNNW_20160311_030000_CNN_Special_Program,https://archive.org/download/CNNW_20160311_030000_CNN_Special_Program/CNNW_20160311_030000_CNN_Special_Program.thumbs/CNNW_20160311_030000_CNN_Special_Program_001257.jpg,"climate change. when you talk to him because he's the mayor of miami and he endorsed you, you say he's wrong? i would say there's no law we could pass that would have an impact on that."
https://archive.org/details/CNNW_20160330_090000_Early_Start_With_John_Berman_and_Christine_Romans#start/3436/end/3471,3/30/2016 9:57:31,CNN,Early Start With John Berman and Christine Romans,CNNW_20160330_090000_Early_Start_With_John_Berman_and_Christine_Romans,https://archive.org/download/CNNW_20160330_090000_Early_Start_With_John_Berman_and_Christine_Romans/CNNW_20160330_090000_Early_Start_With_John_Berman_and_Christine_Romans.thumbs/CNNW_20160330_090000_Early_Start_With_John_Berman_and_Christine_Romans_003417.jpg,"with japan and south korea hoping to improve relations between the two asian nations. the president will sit down with china's president to discuss climate change and north korea's recent provocations. stock markets are higher around the world."
https://archive.org/details/CNNW_20160310_140000_CNN_Newsroom_With_Carol_Costello#start/1766/end/1801,3/10/2016 14:29:41,CNN,CNN Newsroom With Carol Costello,CNNW_20160310_140000_CNN_Newsroom_With_Carol_Costello,https://archive.org/download/CNNW_20160310_140000_CNN_Newsroom_With_Carol_Costello/CNNW_20160310_140000_CNN_Newsroom_With_Carol_Costello.thumbs/CNNW_20160310_140000_CNN_Newsroom_With_Carol_Costello_001768.jpg,"canadians count on. so that they can live in safety and freedom. even more to protect our countries and our community, especially in the arctic from climate change, just as we acted together at paris to reach the"
https://archive.org/details/CNNW_20160310_140000_CNN_Newsroom_With_Carol_Costello#start/4318/end/4353,3/10/2016 15:12:13,CNN,CNN Newsroom With Carol Costello,CNNW_20160310_140000_CNN_Newsroom_With_Carol_Costello,https://archive.org/download/CNNW_20160310_140000_CNN_Newsroom_With_Carol_Costello/CNNW_20160310_140000_CNN_Newsroom_With_Carol_Costello.thumbs/CNNW_20160310_140000_CNN_Newsroom_With_Carol_Costello_004318.jpg,"sitting down with canada's prime minister. we were allowed to get a glimpse inside the meeting. they're discussing issues that sometimes divide the allies of trade deals, climate change, and the efforts to secure the shared"
https://archive.org/details/CNNW_20160308_060000_Anderson_Cooper_360#start/1939/end/1974,3/8/2016 6:32:34,CNN,Anderson Cooper 360,CNNW_20160308_060000_Anderson_Cooper_360,https://archive.org/download/CNNW_20160308_060000_Anderson_Cooper_360/CNNW_20160308_060000_Anderson_Cooper_360.thumbs/CNNW_20160308_060000_Anderson_Cooper_360_001918.jpg,"the issue of climate change has been a major talking point for both of you. i wanted to bring in sarah bel air, a student at the university of michigan at dearborn who said she's currently undecided."
https://archive.org/details/CNNW_20160312_060000_CNN_Special_Program#start/873/end/908,3/12/2016 6:14:48,CNN,CNN Special Program,CNNW_20160312_060000_CNN_Special_Program,https://archive.org/download/CNNW_20160312_060000_CNN_Special_Program/CNNW_20160312_060000_CNN_Special_Program.thumbs/CNNW_20160312_060000_CNN_Special_Program_000867.jpg,"and here in miami -- here in miami as much as any city in america, we know that we have got to combat climate change, transform our energy system and leave this planet in a way that"
https://archive.org/details/CNNW_20160314_080000_CNN_Special_Program#start/2404/end/2439,3/14/2016 8:40:19,CNN,CNN Special Program,CNNW_20160314_080000_CNN_Special_Program,https://archive.org/download/CNNW_20160314_080000_CNN_Special_Program/CNNW_20160314_080000_CNN_Special_Program.thumbs/CNNW_20160314_080000_CNN_Special_Program_002397.jpg,"republican tv event and says wages in america are too low. tell that to people in ohio. this is a guy who believes in defiance of all science that climate change is a hoax. bernie sanders supporters and"
https://archive.org/details/CNNW_20160327_220000_CNN_Newsroom_With_Poppy_Harlow#start/3562/end/3597,3/27/2016 22:59:37,CNN,CNN Newsroom With Poppy Harlow,CNNW_20160327_220000_CNN_Newsroom_With_Poppy_Harlow,https://archive.org/download/CNNW_20160327_220000_CNN_Newsroom_With_Poppy_Harlow/CNNW_20160327_220000_CNN_Newsroom_With_Poppy_Harlow.thumbs/CNNW_20160327_220000_CNN_Newsroom_With_Poppy_Harlow_003537.jpg,"vikings came ashore 800 years ago. and it will melt into iceland's biggest lake in less than 50 years. this is due to climate change? yes. and there are so many things that are happening along with"
https://archive.org/details/CNNW_20160312_050000_CNN_Special_Program#start/1208/end/1243,3/12/2016 5:20:23,CNN,CNN Special Program,CNNW_20160312_050000_CNN_Special_Program,https://archive.org/download/CNNW_20160312_050000_CNN_Special_Program/CNNW_20160312_050000_CNN_Special_Program.thumbs/CNNW_20160312_050000_CNN_Special_Program_001198.jpg,"the mayor told me climate change means rising ocean levels which in south florida means flooding downtown and in our neighborhoods. it's an every day reality in our city. will you as president acknowledge the reality of the"
https://archive.org/details/CNNW_20160312_050000_CNN_Special_Program#start/1401/end/1436,3/12/2016 5:23:36,CNN,CNN Special Program,CNNW_20160312_050000_CNN_Special_Program,https://archive.org/download/CNNW_20160312_050000_CNN_Special_Program/CNNW_20160312_050000_CNN_Special_Program.thumbs/CNNW_20160312_050000_CNN_Special_Program_001378.jpg,"working families. governor kasich what would you say to the mayor of miami. i do believe we contribute to climate change, but i don't think it has to be either your for some environmental rules or"
https://archive.org/details/CNNW_20160310_040000_Anderson_Cooper_360_Post_Debate_Special#start/8827/end/8862,3/10/2016 6:27:22,CNN,Anderson Cooper 360 Post Debate Special,CNNW_20160310_040000_Anderson_Cooper_360_Post_Debate_Special,https://archive.org/download/CNNW_20160310_040000_Anderson_Cooper_360_Post_Debate_Special/CNNW_20160310_040000_Anderson_Cooper_360_Post_Debate_Special.thumbs/CNNW_20160310_040000_Anderson_Cooper_360_Post_Debate_Special_008818.jpg,"they have asked us to share with you their concern over the effects of rising sea levels and climate change in their communities. just take a look at this map. you can see that no state has"
https://archive.org/details/CNNW_20160310_140000_CNN_Newsroom_With_Carol_Costello#start/1783/end/1818,3/10/2016 14:29:58,CNN,CNN Newsroom With Carol Costello,CNNW_20160310_140000_CNN_Newsroom_With_Carol_Costello,https://archive.org/download/CNNW_20160310_140000_CNN_Newsroom_With_Carol_Costello/CNNW_20160310_140000_CNN_Newsroom_With_Carol_Costello.thumbs/CNNW_20160310_140000_CNN_Newsroom_With_Carol_Costello_001768.jpg,"most ambitious agreement in history to fight climate change. [ applause ] and guided by our values. we can do even more together to advance human development around the world. from saving a child from a preventable disease to giving a"
https://archive.org/details/CNNW_20160312_070000_CNN_Special_Program#start/1940/end/1975,3/12/2016 7:32:35,CNN,CNN Special Program,CNNW_20160312_070000_CNN_Special_Program,https://archive.org/download/CNNW_20160312_070000_CNN_Special_Program/CNNW_20160312_070000_CNN_Special_Program.thumbs/CNNW_20160312_070000_CNN_Special_Program_001917.jpg,"effects of rising sea levels and climate change in their communities. just take a look at this map. you can see that no state has more at stake than florida does and no city has more at stake"
https://archive.org/details/CNNW_20160310_020000_Democratic_Presidential_Debate#start/5513/end/5548,3/10/2016 3:32:08,CNN,Democratic Presidential Debate,CNNW_20160310_020000_Democratic_Presidential_Debate,https://archive.org/download/CNNW_20160310_020000_Democratic_Presidential_Debate/CNNW_20160310_020000_Democratic_Presidential_Debate.thumbs/CNNW_20160310_020000_Democratic_Presidential_Debate_005487.jpg,"serious about climate change about imposing a tax on carbon on the fossil fuel industry and making massive investments in energy efficiency and sustainable energy. and by the way, while we are on the subject of energy, i hope"
https://archive.org/details/CNNW_20160310_020000_Democratic_Presidential_Debate#start/5496/end/5531,3/10/2016 3:31:51,CNN,Democratic Presidential Debate,CNNW_20160310_020000_Democratic_Presidential_Debate,https://archive.org/download/CNNW_20160310_020000_Democratic_Presidential_Debate/CNNW_20160310_020000_Democratic_Presidential_Debate.thumbs/CNNW_20160310_020000_Democratic_Presidential_Debate_005487.jpg,"let's be clear. you're looking at the senator who introduced the most comprehensive climate change legislation in the history of the united states senate. now i hope that secretary clinton would join me if we are"
https://archive.org/details/CNNW_20160307_010000_CNN_Flint_MI_Democratic_Debate#start/5884/end/5919,3/7/2016 2:38:19,CNN,CNN Flint MI Democratic Debate,CNNW_20160307_010000_CNN_Flint_MI_Democratic_Debate,https://archive.org/download/CNNW_20160307_010000_CNN_Flint_MI_Democratic_Debate/CNNW_20160307_010000_CNN_Flint_MI_Democratic_Debate.thumbs/CNNW_20160307_010000_CNN_Flint_MI_Democratic_Debate_005877.jpg,"and by the way, anderson, i'm glad you raised the issue of climate change because media doesn't talk enough about what the scientists are telling us. if we don't get our act together, the planet that we are"
https://archive.org/details/CNNW_20160307_010000_CNN_Flint_MI_Democratic_Debate#start/6058/end/6093,3/7/2016 2:41:13,CNN,CNN Flint MI Democratic Debate,CNNW_20160307_010000_CNN_Flint_MI_Democratic_Debate,https://archive.org/download/CNNW_20160307_010000_CNN_Flint_MI_Democratic_Debate/CNNW_20160307_010000_CNN_Flint_MI_Democratic_Debate.thumbs/CNNW_20160307_010000_CNN_Flint_MI_Democratic_Debate_006057.jpg,"contribution. i don't take money from the industry. first let me say i have the most comprehensive plan to combat climate change. a half billion more solar panels by the end of my first term if i"
https://archive.org/details/CNNW_20160310_040000_Anderson_Cooper_360_Post_Debate_Special#start/4580/end/4615,3/10/2016 5:16:35,CNN,Anderson Cooper 360 Post Debate Special,CNNW_20160310_040000_Anderson_Cooper_360_Post_Debate_Special,https://archive.org/download/CNNW_20160310_040000_Anderson_Cooper_360_Post_Debate_Special/CNNW_20160310_040000_Anderson_Cooper_360_Post_Debate_Special.thumbs/CNNW_20160310_040000_Anderson_Cooper_360_Post_Debate_Special_004558.jpg,"and that process will take its course. today in america, the middle class is disappearing. we have massive levels of income and wealth inequality, climate change threatens the whole planet. 47 million people live in poverty."
https://archive.org/details/CNNW_20160310_020000_Democratic_Presidential_Debate#start/982/end/1017,3/10/2016 2:16:37,CNN,Democratic Presidential Debate,CNNW_20160310_020000_Democratic_Presidential_Debate,https://archive.org/download/CNNW_20160310_020000_Democratic_Presidential_Debate/CNNW_20160310_020000_Democratic_Presidential_Debate.thumbs/CNNW_20160310_020000_Democratic_Presidential_Debate_000957.jpg,"class is disappearing. we have massive levels of income and wealth inequality, climate change threatens the whole planet. 47 million people live in poverty. i'm going to focus on the issues facing the working families of"
https://archive.org/details/CNNW_20160311_110000_New_Day#start/5196/end/5231,3/11/2016 12:26:51,CNN,New Day,CNNW_20160311_110000_New_Day,https://archive.org/download/CNNW_20160311_110000_New_Day/CNNW_20160311_110000_New_Day.thumbs/CNNW_20160311_110000_New_Day_001887.jpg,"yes or no. as a scientist, you can say -- it won't do anything for our environment. yeah. but, look, climate change is measurable. is the sea level rise something you can measure that. that's not the question you"
https://archive.org/details/CNNW_20160311_110000_New_Day#start/5716/end/5751,3/11/2016 12:35:31,CNN,New Day,CNNW_20160311_110000_New_Day,https://archive.org/download/CNNW_20160311_110000_New_Day/CNNW_20160311_110000_New_Day.thumbs/CNNW_20160311_110000_New_Day_001887.jpg,"why? i'm not sure because they're losing. something that is so important in florida, climate change. people fear miami will soon be under water. marco rubio said something different than what i have heard before is, sure, the science"
https://archive.org/details/CNNW_20160311_110000_New_Day#start/5753/end/5788,3/11/2016 12:36:08,CNN,New Day,CNNW_20160311_110000_New_Day,https://archive.org/download/CNNW_20160311_110000_New_Day/CNNW_20160311_110000_New_Day.thumbs/CNNW_20160311_110000_New_Day_001887.jpg,"he acknowledge's man's role in climate change. i was sitting here watching the monitor and saying, what, so we do nothing? we should be doing something about this. i'm sure he is afraid of offending republican voteers who"
https://archive.org/details/CNNW_20160304_210000_The_Lead_With_Jake_Tapper#start/1872/end/1907,3/4/2016 21:31:27,CNN,The Lead With Jake Tapper,CNNW_20160304_210000_The_Lead_With_Jake_Tapper,https://archive.org/download/CNNW_20160304_210000_The_Lead_With_Jake_Tapper/CNNW_20160304_210000_The_Lead_With_Jake_Tapper.thumbs/CNNW_20160304_210000_The_Lead_With_Jake_Tapper_001858.jpg,"super pacs and wall street support. he's doing it and that's -- each one of his plans, higher education, universal health care, dealing with climate change, they all have reams of information behind them. you don't get a chance to say it"
https://archive.org/details/CNNW_20160311_030000_CNN_Special_Program#start/1151/end/1186,3/11/2016 3:19:26,CNN,CNN Special Program,CNNW_20160311_030000_CNN_Special_Program,https://archive.org/download/CNNW_20160311_030000_CNN_Special_Program/CNNW_20160311_030000_CNN_Special_Program.thumbs/CNNW_20160311_030000_CNN_Special_Program_001137.jpg,"pledge and acknowledge the reality of the scientific consensus of climate change and pledge to do something about it? sure the climate is changing and one of the reasons is because the climate has always been changing. i think the fundamental question"
https://archive.org/details/CNNW_20160310_180000_Wolf#start/146/end/181,3/10/2016 18:02:41,CNN,Wolf,CNNW_20160310_180000_Wolf,https://archive.org/download/CNNW_20160310_180000_Wolf/CNNW_20160310_180000_Wolf.thumbs/CNNW_20160310_180000_Wolf_000147.jpg,"high-speed rail if we're going to have a competitive economy in the 21st century. and if we're going to do more to fight climate change by getting more cars off the road and more passengers into high-speed rail."
https://archive.org/details/CNNW_20160315_010000_Anderson_Cooper_360#start/1371/end/1406,3/15/2016 1:23:06,CNN,Anderson Cooper 360,CNNW_20160315_010000_Anderson_Cooper_360,https://archive.org/download/CNNW_20160315_010000_Anderson_Cooper_360/CNNW_20160315_010000_Anderson_Cooper_360.thumbs/CNNW_20160315_010000_Anderson_Cooper_360_001347.jpg,"oklahoma. and jim is a climate change denier. he is really, really conservative. but you know what? he is a decent guy, and i like him, and he and i are friends. i'm sure the clinton campaign would love to stop sanders'"
https://archive.org/details/CNNW_20160314_210000_Situation_Room_With_Wolf_Blitzer#start/2449/end/2484,3/14/2016 21:41:04,CNN,Situation Room With Wolf Blitzer,CNNW_20160314_210000_Situation_Room_With_Wolf_Blitzer,https://archive.org/download/CNNW_20160314_210000_Situation_Room_With_Wolf_Blitzer/CNNW_20160314_210000_Situation_Room_With_Wolf_Blitzer.thumbs/CNNW_20160314_210000_Situation_Room_With_Wolf_Blitzer_002428.jpg,"oklahoma. and jim is a climate change denier. he is really, really conservative. but you know what, he is a decent guy and i like him and he and i are friends. reporter: now, sanders is trailing clinton considerably in"
https://archive.org/details/CNNW_20160314_070000_CNN_Special_Program#start/1132/end/1167,3/14/2016 7:19:07,CNN,CNN Special Program,CNNW_20160314_070000_CNN_Special_Program,https://archive.org/download/CNNW_20160314_070000_CNN_Special_Program/CNNW_20160314_070000_CNN_Special_Program.thumbs/CNNW_20160314_070000_CNN_Special_Program_001107.jpg,"disagree the most? a fella named jim inhofe from oklahoma. and jim is a climate change denier. he has really, really conservative. but, you know what? he is a decent guy, and i like him, and he and i are friends."
https://archive.org/details/CNNW_20160312_060000_CNN_Special_Program#start/1233/end/1268,3/12/2016 6:20:48,CNN,CNN Special Program,CNNW_20160312_060000_CNN_Special_Program,https://archive.org/download/CNNW_20160312_060000_CNN_Special_Program/CNNW_20160312_060000_CNN_Special_Program.thumbs/CNNW_20160312_060000_CNN_Special_Program_001227.jpg,"today in america, the middle class is disappearing. we have massive levels of income and wealth inequality, climate change threatens the whole planet. 47 million people live in poverty. i'm going to focus on the issues facing the working families of"
https://archive.org/details/CNNW_20160308_060000_Anderson_Cooper_360#start/2050/end/2085,3/8/2016 6:34:25,CNN,Anderson Cooper 360,CNNW_20160308_060000_Anderson_Cooper_360,https://archive.org/download/CNNW_20160308_060000_Anderson_Cooper_360/CNNW_20160308_060000_Anderson_Cooper_360.thumbs/CNNW_20160308_060000_Anderson_Cooper_360_002038.jpg,"climate change because the media doesn't talk enough about what the scientists are telling us. and that is if we don't get our act together, the planet that we're going to leave our children may not be healthy and habitable."
https://archive.org/details/CNNW_20160310_160000_At_This_Hour_With_Berman_and_Bolduan#start/1006/end/1041,3/10/2016 16:17:01,CNN,At This Hour With Berman and Bolduan,CNNW_20160310_160000_At_This_Hour_With_Berman_and_Bolduan,https://archive.org/download/CNNW_20160310_160000_At_This_Hour_With_Berman_and_Bolduan/CNNW_20160310_160000_At_This_Hour_With_Berman_and_Bolduan.thumbs/CNNW_20160310_160000_At_This_Hour_With_Berman_and_Bolduan_000987.jpg,"their compassionate leadership on this front. i'm especially pleased to say the united states and canada are fully united in combatting climate change. as the first u.s. president to visit the arctic, i saw how both of our nations are threatened by"
https://archive.org/details/CNNW_20160310_160000_At_This_Hour_With_Berman_and_Bolduan#start/1452/end/1487,3/10/2016 16:24:27,CNN,At This Hour With Berman and Bolduan,CNNW_20160310_160000_At_This_Hour_With_Berman_and_Bolduan,https://archive.org/download/CNNW_20160310_160000_At_This_Hour_With_Berman_and_Bolduan/CNNW_20160310_160000_At_This_Hour_With_Berman_and_Bolduan.thumbs/CNNW_20160310_160000_At_This_Hour_With_Berman_and_Bolduan_001437.jpg,"i'd like to conclude by extending my deepest thanks to barack obama for his leadership on the climate change file to date. i want to assure the american people that they have a real partner in canada. canada and the u.s. will stand"
https://archive.org/details/CNNW_20160310_040000_Anderson_Cooper_360_Post_Debate_Special#start/7962/end/7997,3/10/2016 6:12:57,CNN,Anderson Cooper 360 Post Debate Special,CNNW_20160310_040000_Anderson_Cooper_360_Post_Debate_Special,https://archive.org/download/CNNW_20160310_040000_Anderson_Cooper_360_Post_Debate_Special/CNNW_20160310_040000_Anderson_Cooper_360_Post_Debate_Special.thumbs/CNNW_20160310_040000_Anderson_Cooper_360_Post_Debate_Special_007948.jpg,"destroying this planet through their emissions of carbon and creating the terrible climate change that we are seeing. so i think it is true that i have served in congress for many years. but if you check my record, it"
https://archive.org/details/CNNW_20160310_020000_Democratic_Presidential_Debate#start/5269/end/5304,3/10/2016 3:28:04,CNN,Democratic Presidential Debate,CNNW_20160310_020000_Democratic_Presidential_Debate,https://archive.org/download/CNNW_20160310_020000_Democratic_Presidential_Debate/CNNW_20160310_020000_Democratic_Presidential_Debate.thumbs/CNNW_20160310_020000_Democratic_Presidential_Debate_005247.jpg,"have republican candidates for president and in congress telling you that climate change is a hoax, which is donald trump and other candidates' position, what they are really saying is we don't have the guts to take on the fossil fuel industry."
https://archive.org/details/CNNW_20160311_110000_New_Day#start/5116/end/5151,3/11/2016 12:25:31,CNN,New Day,CNNW_20160311_110000_New_Day,https://archive.org/download/CNNW_20160311_110000_New_Day/CNNW_20160311_110000_New_Day.thumbs/CNNW_20160311_110000_New_Day_001887.jpg,"country. one of the departures is where you are on climate change. you spoke about it last night. you spoke about what practically can be done to make a difference with what you say is the weather. why not speak to the science?"
https://archive.org/details/CNNW_20160326_150000_CNN_Newsroom_With_Fredricka_Whitfield#start/3284/end/3319,3/26/2016 15:54:59,CNN,CNN Newsroom With Fredricka Whitfield,CNNW_20160326_150000_CNN_Newsroom_With_Fredricka_Whitfield,https://archive.org/download/CNNW_20160326_150000_CNN_Newsroom_With_Fredricka_Whitfield/CNNW_20160326_150000_CNN_Newsroom_With_Fredricka_Whitfield.thumbs/CNNW_20160326_150000_CNN_Newsroom_With_Fredricka_Whitfield_003267.jpg,"and that's of extreme interest in the state of washington. we have seen what climate change and carbon pollution is doing to our state. income inequality is something we feel strongly about attacking in the state of washington. this year we have a strong"
https://archive.org/details/CNNW_20160320_140000_Fareed_Zakaria_GPS#start/2804/end/2839,3/20/2016 14:46:59,CNN,Fareed Zakaria GPS,CNNW_20160320_140000_Fareed_Zakaria_GPS,https://archive.org/download/CNNW_20160320_140000_Fareed_Zakaria_GPS/CNNW_20160320_140000_Fareed_Zakaria_GPS.thumbs/CNNW_20160320_140000_Fareed_Zakaria_GPS_002787.jpg,"saving it. he's currently the director of earth sciences at nasa and his great academic interest the climate change. he's been working on it for most of his life but it wasn't until he got some unexpected news that he decided to vote his very life"
https://archive.org/details/CNNW_20160307_050000_CNN_Flint_MI_Democratic_Debate#start/6059/end/6094,3/7/2016 6:41:14,CNN,CNN Flint MI Democratic Debate,CNNW_20160307_050000_CNN_Flint_MI_Democratic_Debate,https://archive.org/download/CNNW_20160307_050000_CNN_Flint_MI_Democratic_Debate/CNNW_20160307_050000_CNN_Flint_MI_Democratic_Debate.thumbs/CNNW_20160307_050000_CNN_Flint_MI_Democratic_Debate_006058.jpg,"million decent-paying jobs. thank you, senator sanders. the issue of climate change has been a major talking point for both of you. i wanted to bring in sarah bel air, a student at the university of michigan at dearborn who said she's currently undecided."
https://archive.org/details/CNNW_20160307_050000_CNN_Flint_MI_Democratic_Debate#start/6169/end/6204,3/7/2016 6:43:04,CNN,CNN Flint MI Democratic Debate,CNNW_20160307_050000_CNN_Flint_MI_Democratic_Debate,https://archive.org/download/CNNW_20160307_050000_CNN_Flint_MI_Democratic_Debate/CNNW_20160307_050000_CNN_Flint_MI_Democratic_Debate.thumbs/CNNW_20160307_050000_CNN_Flint_MI_Democratic_Debate_006148.jpg,"and by the way, anderson, i'm glad you raised the issue of climate change because the media doesn't talk enough about what the scientists are telling us. and that is if we don't get our act together, the planet that we're going to leave our"
https://archive.org/details/CNNW_20160314_000000_CNN_Special_Program#start/2433/end/2468,3/14/2016 0:40:48,CNN,CNN Special Program,CNNW_20160314_000000_CNN_Special_Program,https://archive.org/download/CNNW_20160314_000000_CNN_Special_Program/CNNW_20160314_000000_CNN_Special_Program.thumbs/CNNW_20160314_000000_CNN_Special_Program_002428.jpg,"too low. tell that to the people in ohio that wages are too low. this is a guy who believes that in defiance of all science that climate change is a hoax. and then of course, on top of all of that is the issue that"
https://archive.org/details/CNNW_20160320_170000_Fareed_Zakaria_GPS#start/2966/end/3001,3/20/2016 17:49:41,CNN,Fareed Zakaria GPS,CNNW_20160320_170000_Fareed_Zakaria_GPS,https://archive.org/download/CNNW_20160320_170000_Fareed_Zakaria_GPS/CNNW_20160320_170000_Fareed_Zakaria_GPS.thumbs/CNNW_20160320_170000_Fareed_Zakaria_GPS_002968.jpg,"i understood intellectually the problem of climate change. i was the scientist. that was a field i worked in for most of my life. i really brought it home in space. i could see how thin the atmosphere is. it's like an onion skin around the world."
https://archive.org/details/CNNW_20160308_060000_Anderson_Cooper_360#start/2071/end/2106,3/8/2016 6:34:46,CNN,Anderson Cooper 360,CNNW_20160308_060000_Anderson_Cooper_360,https://archive.org/download/CNNW_20160308_060000_Anderson_Cooper_360/CNNW_20160308_060000_Anderson_Cooper_360.thumbs/CNNW_20160308_060000_Anderson_Cooper_360_002068.jpg,"i have introduced the most comprehensive climate change legislation in the history of the senate, which among other things called for a tax on carbon, massive investments in energy efficiency, wind, solar, and other sustainable energy. this is a crisis we have got to deal with now. [ applause ]  _          _"
https://archive.org/details/CNNW_20160312_050000_CNN_Special_Program#start/1339/end/1374,3/12/2016 5:22:34,CNN,CNN Special Program,CNNW_20160312_050000_CNN_Special_Program,https://archive.org/download/CNNW_20160312_050000_CNN_Special_Program/CNNW_20160312_050000_CNN_Special_Program.thumbs/CNNW_20160312_050000_CNN_Special_Program_001318.jpg,"republican mayor of miami, he's saying the scientific consensus is man does contribute to climate change. when you talk to him because he is the mayor of miami you tell him he's wrong? i would say to him there's no law that they want us to pass"
https://archive.org/details/CNNW_20160310_020000_Democratic_Presidential_Debate#start/4370/end/4405,3/10/2016 3:13:05,CNN,Democratic Presidential Debate,CNNW_20160310_020000_Democratic_Presidential_Debate,https://archive.org/download/CNNW_20160310_020000_Democratic_Presidential_Debate/CNNW_20160310_020000_Democratic_Presidential_Debate.thumbs/CNNW_20160310_020000_Democratic_Presidential_Debate_004347.jpg,"creating the terrible climate change that we are seeing. so i think it is true that i have served in congress for many years. but if you check my record, it is a record of strength for the environment, for workers, for seniors, unlike the second i"
https://archive.org/details/CNNW_20160310_020000_Democratic_Presidential_Debate#start/4483/end/4518,3/10/2016 3:14:58,CNN,Democratic Presidential Debate,CNNW_20160310_020000_Democratic_Presidential_Debate,https://archive.org/download/CNNW_20160310_020000_Democratic_Presidential_Debate/CNNW_20160310_020000_Democratic_Presidential_Debate.thumbs/CNNW_20160310_020000_Democratic_Presidential_Debate_004467.jpg,"companies that want to export jobs. we need them to be incentivized to create jobs right here in america. we also do have to combat climate change and no state has more at stake in that than florida, and the best way to do"
https://archive.org/details/CNNW_20160323_020000_Americas_Choice_2016_AZ_Primary_ID__UT_Caucuses#start/1648/end/1683,3/23/2016 2:27:43,CNN,Americas Choice 2016 AZ Primary ID  UT Caucuses,CNNW_20160323_020000_Americas_Choice_2016_AZ_Primary_ID__UT_Caucuses,https://archive.org/download/CNNW_20160323_020000_Americas_Choice_2016_AZ_Primary_ID__UT_Caucuses/CNNW_20160323_020000_Americas_Choice_2016_AZ_Primary_ID__UT_Caucuses.thumbs/CNNW_20160323_020000_Americas_Choice_2016_AZ_Primary_ID__UT_Caucuses_001647.jpg,"advantage. you saw that in the wake of the san bernardino attacks. these are two different conversations you're seeing taking place in the two parties. democrats are much more focused on issues like racial justice, climate change that almost come up in the republican"
https://archive.org/details/CNNW_20160329_180000_CNN_Newsroom_With_Brooke_Baldwin#start/1259/end/1294,3/29/2016 18:21:14,CNN,CNN Newsroom With Brooke Baldwin,CNNW_20160329_180000_CNN_Newsroom_With_Brooke_Baldwin,https://archive.org/download/CNNW_20160329_180000_CNN_Newsroom_With_Brooke_Baldwin/CNNW_20160329_180000_CNN_Newsroom_With_Brooke_Baldwin.thumbs/CNNW_20160329_180000_CNN_Newsroom_With_Brooke_Baldwin_001258.jpg,"he believes climate change is real. he opposes fracing. we have ads that talk about differences on trade. but our campaign, particularly the advertising campaign, which i'm in the middle of, by the way, so i know something about, has been an incredibly positive"
https://archive.org/details/CNNW_20160311_070000_CNN_Special_Program#start/1495/end/1530,3/11/2016 7:25:10,CNN,CNN Special Program,CNNW_20160311_070000_CNN_Special_Program,https://archive.org/download/CNNW_20160311_070000_CNN_Special_Program/CNNW_20160311_070000_CNN_Special_Program.thumbs/CNNW_20160311_070000_CNN_Special_Program_001468.jpg,"it's an everyday reality in our neighborhoods. will you as president acknowledge the scientific con senn us about climate change, and as president will, you pledge to do something about it? unquote. senator rubio, the miami mayor has endorsed you. will you honor his request for a pledge and acknowledge the"
https://archive.org/details/CNNW_20160320_170000_Fareed_Zakaria_GPS#start/2522/end/2557,3/20/2016 17:42:17,CNN,Fareed Zakaria GPS,CNNW_20160320_170000_Fareed_Zakaria_GPS,https://archive.org/download/CNNW_20160320_170000_Fareed_Zakaria_GPS/CNNW_20160320_170000_Fareed_Zakaria_GPS.thumbs/CNNW_20160320_170000_Fareed_Zakaria_GPS_002518.jpg,"thank you so much. thank you. up next, why this former astronaut decided to spend the rest of his life shouting from the rooftops about climate change and why he may not have very many days left to do so. a truly heartwarming, heartbreaking story when we come"
https://archive.org/details/CNNW_20160320_170000_Fareed_Zakaria_GPS#start/2807/end/2842,3/20/2016 17:47:02,CNN,Fareed Zakaria GPS,CNNW_20160320_170000_Fareed_Zakaria_GPS,https://archive.org/download/CNNW_20160320_170000_Fareed_Zakaria_GPS/CNNW_20160320_170000_Fareed_Zakaria_GPS.thumbs/CNNW_20160320_170000_Fareed_Zakaria_GPS_002788.jpg,"sellers is currently the director of earth sciences at nasa and his great academic interest is climate change. he's been working on it for most of his life but it wasn't until he got some unexpected news that he decided to devote his very life to the cause."
https://archive.org/details/CNNW_20160320_220000_CNN_Newsroom_With_Poppy_Harlow#start/543/end/578,3/20/2016 22:09:18,CNN,CNN Newsroom With Poppy Harlow,CNNW_20160320_220000_CNN_Newsroom_With_Poppy_Harlow,https://archive.org/download/CNNW_20160320_220000_CNN_Newsroom_With_Poppy_Harlow/CNNW_20160320_220000_CNN_Newsroom_With_Poppy_Harlow.thumbs/CNNW_20160320_220000_CNN_Newsroom_With_Poppy_Harlow_000537.jpg,"climate change and immigration and he feels strongly about the united states and cuba getting over this disagreement they have had the last 50 years and start a new chapter. will it be easy, no. will it happen overnight, definitely not. but to see the president of the"
https://archive.org/details/CNNW_20160307_050000_CNN_Flint_MI_Democratic_Debate#start/6337/end/6372,3/7/2016 6:45:52,CNN,CNN Flint MI Democratic Debate,CNNW_20160307_050000_CNN_Flint_MI_Democratic_Debate,https://archive.org/download/CNNW_20160307_050000_CNN_Flint_MI_Democratic_Debate/CNNW_20160307_050000_CNN_Flint_MI_Democratic_Debate.thumbs/CNNW_20160307_050000_CNN_Flint_MI_Democratic_Debate_006328.jpg,"contributor who have gone to berniesanders.com to make a $27 contribution. thank you, senator. i don't take money from the fossil fuel industry. secretary clinton? well, first let me say i think i have the most comprehensive plan to combat climate change. it sets some really big goals."
https://archive.org/details/CNNW_20160314_030000_CNN_Special_Program#start/2481/end/2516,3/14/2016 3:41:36,CNN,CNN Special Program,CNNW_20160314_030000_CNN_Special_Program,https://archive.org/download/CNNW_20160314_030000_CNN_Special_Program/CNNW_20160314_030000_CNN_Special_Program.thumbs/CNNW_20160314_030000_CNN_Special_Program_002457.jpg,"this is a guy who believes in defiance of all science that climate change is a hoax. and then of course, on top of all of that is the issue that you raised, the american people are not going to elect a president who is insulting mexicans, muslims, women,"
https://archive.org/details/CNNW_20160321_180000_CNN_Newsroom_With_Brooke_Baldwin#start/1799/end/1834,3/21/2016 18:30:14,CNN,CNN Newsroom With Brooke Baldwin,CNNW_20160321_180000_CNN_Newsroom_With_Brooke_Baldwin,https://archive.org/download/CNNW_20160321_180000_CNN_Newsroom_With_Brooke_Baldwin/CNNW_20160321_180000_CNN_Newsroom_With_Brooke_Baldwin.thumbs/CNNW_20160321_180000_CNN_Newsroom_With_Brooke_Baldwin_001798.jpg,"and new research into cancer vaccines. our governments will also work together to protect the beautiful waters of this region that we share. and as two countries threatened by climate change, i believe we can work together to protect communities and our low-lying costs."
https://archive.org/details/CNNW_20160308_060000_Anderson_Cooper_360#start/2226/end/2261,3/8/2016 6:37:21,CNN,Anderson Cooper 360,CNNW_20160308_060000_Anderson_Cooper_360,https://archive.org/download/CNNW_20160308_060000_Anderson_Cooper_360/CNNW_20160308_060000_Anderson_Cooper_360.thumbs/CNNW_20160308_060000_Anderson_Cooper_360_002218.jpg,"comprehensive plan to combat climate change. it sets some really big goals. a half billion more solar panels deployed by the end of my first term if i'm so fortunate to be president and enough clean energy to power every home by the end of my second term."
https://archive.org/details/CNNW_20160315_050000_Anderson_Cooper_360#start/931/end/966,3/15/2016 5:15:46,CNN,Anderson Cooper 360,CNNW_20160315_050000_Anderson_Cooper_360,https://archive.org/download/CNNW_20160315_050000_Anderson_Cooper_360/CNNW_20160315_050000_Anderson_Cooper_360.thumbs/CNNW_20160315_050000_Anderson_Cooper_360_000927.jpg,"thank you. there's been effort for now decades and decades to delegitimize the mainstream media on the right. when the mainstream media says climate change is happening, oh, that's just a liberal conspiracy. we are seeing the fruit of this now in the unwillingness of trump supporters to believe"
https://archive.org/details/CNNW_20160317_180000_CNN_Newsroom_With_Brooke_Baldwin#start/6729/end/6764,3/17/2016 19:52:24,CNN,CNN Newsroom With Brooke Baldwin,CNNW_20160317_180000_CNN_Newsroom_With_Brooke_Baldwin,https://archive.org/download/CNNW_20160317_180000_CNN_Newsroom_With_Brooke_Baldwin/CNNW_20160317_180000_CNN_Newsroom_With_Brooke_Baldwin.thumbs/CNNW_20160317_180000_CNN_Newsroom_With_Brooke_Baldwin_006717.jpg,"possible coalition of americans who want to continue to make progress along the lines of job creation, keeping the country safe and secure, dealing with climate change and others. so i think at the end of the day the democrats will have a very, very strong advantage in the electoral college to continue to"
https://archive.org/details/CNNW_20160307_010000_CNN_Flint_MI_Democratic_Debate#start/6008/end/6043,3/7/2016 2:40:23,CNN,CNN Flint MI Democratic Debate,CNNW_20160307_010000_CNN_Flint_MI_Democratic_Debate,https://archive.org/download/CNNW_20160307_010000_CNN_Flint_MI_Democratic_Debate/CNNW_20160307_010000_CNN_Flint_MI_Democratic_Debate.thumbs/CNNW_20160307_010000_CNN_Flint_MI_Democratic_Debate_005997.jpg,"clinton. as i believe you can't take on wall street while taking your money, i don't believe you can take on climate change for those who would profit off the destruction of the planet. are you ug suggesting she is in the pocket of the industry? i am suggesting we have a"
https://archive.org/details/CNNW_20160320_170000_Fareed_Zakaria_GPS#start/2888/end/2923,3/20/2016 17:48:23,CNN,Fareed Zakaria GPS,CNNW_20160320_170000_Fareed_Zakaria_GPS,https://archive.org/download/CNNW_20160320_170000_Fareed_Zakaria_GPS/CNNW_20160320_170000_Fareed_Zakaria_GPS.thumbs/CNNW_20160320_170000_Fareed_Zakaria_GPS_002878.jpg,"i need to do in the back of my mind mind were not interesting. i didn't want to go hit all the tropical paradise destinations. i found out i wanted to spend more time with my family and get back to work soon as possible to carry on with the important work on climate change. you've had an incredible"
https://archive.org/details/CNNW_20160302_010000_Americas_Choice_2016_Super_Tuesday_1#start/690/end/725,3/2/2016 1:11:45,CNN,Americas Choice 2016 Super Tuesday 1,CNNW_20160302_010000_Americas_Choice_2016_Super_Tuesday_1,https://archive.org/download/CNNW_20160302_010000_Americas_Choice_2016_Super_Tuesday_1/CNNW_20160302_010000_Americas_Choice_2016_Super_Tuesday_1.thumbs/CNNW_20160302_010000_Americas_Choice_2016_Super_Tuesday_1_000688.jpg,"megadonors all the time, they care about the supreme court, abortion rights, gay rights, climate change. so so the grassroots democrats. the gulf between the republican party, the grassroots and elites is a chasm. donald trump saw that and the rest of the elites did not. it's also just amazing the speed at which the conservative"
https://archive.org/details/CNNW_20160312_070000_CNN_Special_Program#start/2222/end/2257,3/12/2016 7:37:17,CNN,CNN Special Program,CNNW_20160312_070000_CNN_Special_Program,https://archive.org/download/CNNW_20160312_070000_CNN_Special_Program/CNNW_20160312_070000_CNN_Special_Program.thumbs/CNNW_20160312_070000_CNN_Special_Program_002217.jpg,"now i hope that secretary clinton would join me if we are serious about climate change about imposing a tax on carbon on the fossil fuel industry and making massive investments in energy efficiency and sustainable energy. and by the way, while we are on the subject of energy, i hope you'll join me in ending"
https://archive.org/details/CNNW_20160310_040000_Anderson_Cooper_360_Post_Debate_Special#start/8091/end/8126,3/10/2016 6:15:06,CNN,Anderson Cooper 360 Post Debate Special,CNNW_20160310_040000_Anderson_Cooper_360_Post_Debate_Special,https://archive.org/download/CNNW_20160310_040000_Anderson_Cooper_360_Post_Debate_Special/CNNW_20160310_040000_Anderson_Cooper_360_Post_Debate_Special.thumbs/CNNW_20160310_040000_Anderson_Cooper_360_Post_Debate_Special_008068.jpg,"we also do have to combat climate change and no state has more at stake in that than florida, and the best way to do that is not only enforcing the laws we have but also the clean power plan that president obama has set forth and that i support and the paris agreement that i"
https://archive.org/details/CNNW_20160312_070000_CNN_Special_Program#start/1194/end/1229,3/12/2016 7:20:09,CNN,CNN Special Program,CNNW_20160312_070000_CNN_Special_Program,https://archive.org/download/CNNW_20160312_070000_CNN_Special_Program/CNNW_20160312_070000_CNN_Special_Program.thumbs/CNNW_20160312_070000_CNN_Special_Program_001167.jpg,"we need them to be incentivized to create jobs right here in america. we also do have to combat climate change and no state has more at stake in that than florida, and the best way to do that is not only enforcing the laws we have but also the clean power plan that president obama"
https://archive.org/details/CNNW_20160311_070000_CNN_Special_Program#start/1614/end/1649,3/11/2016 7:27:09,CNN,CNN Special Program,CNNW_20160311_070000_CNN_Special_Program,https://archive.org/download/CNNW_20160311_070000_CNN_Special_Program/CNNW_20160311_070000_CNN_Special_Program.thumbs/CNNW_20160311_070000_CNN_Special_Program_001588.jpg,"talks about scientific consensus of change, he is saying the scientific consensus is that man does contribute to climate change. when you talk to him because he's the mayor of miami and he endorsed you, you say he's wrong? i would say there's no law we could pass that would have an impact on that. if you took the gift list of"
https://archive.org/details/CNNW_20160311_070000_CNN_Special_Program#start/1514/end/1549,3/11/2016 7:25:29,CNN,CNN Special Program,CNNW_20160311_070000_CNN_Special_Program,https://archive.org/download/CNNW_20160311_070000_CNN_Special_Program/CNNW_20160311_070000_CNN_Special_Program.thumbs/CNNW_20160311_070000_CNN_Special_Program_001498.jpg,"scientific consensus of climate change and pledge to do something about it? sure the climate is changing and one of the reasons is because the climate has always been changing. there has never been a time when the climate has not changed. i think the fundamental question for a policy making is is the climate changing because of certainly we are doing and if so, is there a law you can pass to fix it?"
