﻿URL,MatchDateTime,Station,Show,IAShowID,IAPreviewThumb,Snippet
https://archive.org/details/CNNW_20150628_130000_State_of_the_Union_With_Jake_Tapper#start/1036/end/1071,6/28/2015 13:17:31,CNN,State of the Union With Jake Tapper,CNNW_20150628_130000_State_of_the_Union_With_Jake_Tapper,https://archive.org/download/CNNW_20150628_130000_State_of_the_Union_With_Jake_Tapper/CNNW_20150628_130000_State_of_the_Union_With_Jake_Tapper.thumbs/CNNW_20150628_130000_State_of_the_Union_With_Jake_Tapper_001036.jpg,"they have factories that are much more competitive, i'm not saying friendly, but they're certainly not environmentally friendly. i'm a huge believer in clean air. i'm not a huge believer in the global warming phenomena."
https://archive.org/details/CNNW_20150618_050000_CNN_Newsroom_Live#start/2764/end/2799,6/18/2015 5:46:19,CNN,CNN Newsroom Live,CNNW_20150618_050000_CNN_Newsroom_Live,https://archive.org/download/CNNW_20150618_050000_CNN_Newsroom_Live/CNNW_20150618_050000_CNN_Newsroom_Live.thumbs/CNNW_20150618_050000_CNN_Newsroom_Live_002746.jpg,"robert special adviser to the u.n. secretary general on climate change. and dean of the university of maryland. joins us from new york. thank you very much for your time. pope francis expected to make climate change essentially the"
https://archive.org/details/CNNW_20150613_160000_CNN_Newsroom_With_Fredricka_Whitfield#start/1083/end/1118,6/13/2015 16:18:18,CNN,CNN Newsroom With Fredricka Whitfield,CNNW_20150613_160000_CNN_Newsroom_With_Fredricka_Whitfield,https://archive.org/download/CNNW_20150613_160000_CNN_Newsroom_With_Fredricka_Whitfield/CNNW_20150613_160000_CNN_Newsroom_With_Fredricka_Whitfield.thumbs/CNNW_20150613_160000_CNN_Newsroom_With_Fredricka_Whitfield_001066.jpg,"americans. now, this will create millions of jobs and countly new businesses and lead the global fight against climate change."
https://archive.org/details/CNNW_20150617_130000_CNN_Newsroom_With_Carol_Costello#start/1879/end/1914,6/17/2015 13:31:34,CNN,CNN Newsroom With Carol Costello,CNNW_20150617_130000_CNN_Newsroom_With_Carol_Costello,https://archive.org/download/CNNW_20150617_130000_CNN_Newsroom_With_Carol_Costello/CNNW_20150617_130000_CNN_Newsroom_With_Carol_Costello.thumbs/CNNW_20150617_130000_CNN_Newsroom_With_Carol_Costello_001876.jpg,"but the pope's document as i understand it is not an economic document. it's a moral document. and the pope has the moral authority to speak on the issue of climate change."
https://archive.org/details/CNNW_20150607_200000_CNN_Newsroom_With_Fredricka_Whitfield#start/506/end/541,6/7/2015 20:08:41,CNN,CNN Newsroom With Fredricka Whitfield,CNNW_20150607_200000_CNN_Newsroom_With_Fredricka_Whitfield,https://archive.org/download/CNNW_20150607_200000_CNN_Newsroom_With_Fredricka_Whitfield/CNNW_20150607_200000_CNN_Newsroom_With_Fredricka_Whitfield.thumbs/CNNW_20150607_200000_CNN_Newsroom_With_Fredricka_Whitfield_000496.jpg,"what pog calls russian aggression. far from the summit, thousands of protesters are marching and facing off with police there. demonstrators are expressing concerns about political and economic issues including poverty, capitalism and climate change."
https://archive.org/details/CNNW_20150604_200000_The_Lead_With_Jake_Tapper#start/2675/end/2710,6/4/2015 20:44:50,CNN,The Lead With Jake Tapper,CNNW_20150604_200000_The_Lead_With_Jake_Tapper,https://archive.org/download/CNNW_20150604_200000_The_Lead_With_Jake_Tapper/CNNW_20150604_200000_The_Lead_With_Jake_Tapper.thumbs/CNNW_20150604_200000_The_Lead_With_Jake_Tapper_002655.jpg,"74% of americans without a college degree and want to live the american dream like everybody else. that's what we're focus on. you were asked by philadelphia radio host about pope francis expected encyclical climate change."
https://archive.org/details/CNNW_20150622_120000_New_Day#start/2131/end/2166,6/22/2015 12:35:46,CNN,New Day,CNNW_20150622_120000_New_Day,https://archive.org/download/CNNW_20150622_120000_New_Day/CNNW_20150622_120000_New_Day.thumbs/CNNW_20150622_120000_New_Day_002115.jpg,"canada or another western country believes him when he says he left hamas behind when he left the west bank. all right. well first the pope and now the feds sounding the alarm on the dangers of climate change."
https://archive.org/details/CNNW_20150607_190000_CNN_Newsroom_With_Fredricka_Whitfield#start/1513/end/1548,6/7/2015 19:25:28,CNN,CNN Newsroom With Fredricka Whitfield,CNNW_20150607_190000_CNN_Newsroom_With_Fredricka_Whitfield,https://archive.org/download/CNNW_20150607_190000_CNN_Newsroom_With_Fredricka_Whitfield/CNNW_20150607_190000_CNN_Newsroom_With_Fredricka_Whitfield.thumbs/CNNW_20150607_190000_CNN_Newsroom_With_Fredricka_Whitfield_001516.jpg,"decision. i will proudly defend the unborn but if we can't agree on abortion let's talk about taxes. we are literally all in this together. the long-shot presidential candidate took on his party on the issue of climate change"
https://archive.org/details/CNNW_20150617_170000_Wolf#start/2590/end/2625,6/17/2015 17:43:25,CNN,Wolf,CNNW_20150617_170000_Wolf,https://archive.org/download/CNNW_20150617_170000_Wolf/CNNW_20150617_170000_Wolf.thumbs/CNNW_20150617_170000_Wolf_002566.jpg,"warning -- 'safeguard creation because if we destroy creation creation will destroy us.' now pope francis is expected to call for action to halt climate change when he sets out the catholic church's position on global warming. his views will be revealed in an"
https://archive.org/details/CNNW_20150622_120000_New_Day#start/1583/end/1618,6/22/2015 12:26:38,CNN,New Day,CNNW_20150622_120000_New_Day,https://archive.org/download/CNNW_20150622_120000_New_Day/CNNW_20150622_120000_New_Day.thumbs/CNNW_20150622_120000_New_Day_001575.jpg,"backing pope francis' position on global warming. an apa administrator helped craft the pontiff's climate change. she's going to be live on new day coming up. okay guys, we've got two cars here. we're going to start watching a movie in the chevy malibu."
https://archive.org/details/CNNW_20150617_110000_New_Day#start/2099/end/2134,6/17/2015 11:35:14,CNN,New Day,CNNW_20150617_110000_New_Day,https://archive.org/download/CNNW_20150617_110000_New_Day/CNNW_20150617_110000_New_Day.thumbs/CNNW_20150617_110000_New_Day_002086.jpg,"policy. but the question becomes, the pope is saying the leader of the catholic church is saying climate change is manmade, global warming is something we have to deal with addressing how we deal with fossil fuels. are you saying you disagree with the pope the head of krour"
https://archive.org/details/CNNW_20150607_220000_CNN_Newsroom_With_Poppy_Harlow#start/1441/end/1476,6/7/2015 22:24:16,CNN,CNN Newsroom With Poppy Harlow,CNNW_20150607_220000_CNN_Newsroom_With_Poppy_Harlow,https://archive.org/download/CNNW_20150607_220000_CNN_Newsroom_With_Poppy_Harlow/CNNW_20150607_220000_CNN_Newsroom_With_Poppy_Harlow.thumbs/CNNW_20150607_220000_CNN_Newsroom_With_Poppy_Harlow_001425.jpg,"we're literally all in this together. in my interview with graham the longshot presidential candidate also took on his own party on the issue of climate change. he told me of course he believes global warming is real and manmade and that the republican party needs to come to terms with that and also come up with"
https://archive.org/details/CNNW_20150621_170000_Fareed_Zakaria_GPS#start/349/end/384,6/21/2015 17:06:04,CNN,Fareed Zakaria GPS,CNNW_20150621_170000_Fareed_Zakaria_GPS,https://archive.org/download/CNNW_20150621_170000_Fareed_Zakaria_GPS/CNNW_20150621_170000_Fareed_Zakaria_GPS.thumbs/CNNW_20150621_170000_Fareed_Zakaria_GPS_000346.jpg,"it is supported by many free marketers like a carbon tax puttinga i price to encourage"
https://archive.org/details/CNNW_20150607_130000_State_of_the_Union#start/975/end/1010,6/7/2015 13:16:30,CNN,State of the Union,CNNW_20150607_130000_State_of_the_Union,https://archive.org/download/CNNW_20150607_130000_State_of_the_Union/CNNW_20150607_130000_State_of_the_Union.thumbs/CNNW_20150607_130000_State_of_the_Union_000975.jpg,"carbon targets. i do believe that climate change is real. i want a business solution -- man made climate change? yes, i do. when 90% of the doctors tell you you have a problem, do you listen to the one."
https://archive.org/details/CNNW_20150614_150000_Reliable_Sources#start/1079/end/1114,6/14/2015 15:18:14,CNN,Reliable Sources,CNNW_20150614_150000_Reliable_Sources,https://archive.org/download/CNNW_20150614_150000_Reliable_Sources/CNNW_20150614_150000_Reliable_Sources.thumbs/CNNW_20150614_150000_Reliable_Sources_001066.jpg,"emily's list highlights the quote we just mentioned. you can share that on facebook. or think progress highlighted the comments about climate change. her going after the gop on climate change. look at the twitter feed of"
https://archive.org/details/CNNW_20150618_050000_CNN_Newsroom_Live#start/2827/end/2862,6/18/2015 5:47:22,CNN,CNN Newsroom Live,CNNW_20150618_050000_CNN_Newsroom_Live,https://archive.org/download/CNNW_20150618_050000_CNN_Newsroom_Live/CNNW_20150618_050000_CNN_Newsroom_Live.thumbs/CNNW_20150618_050000_CNN_Newsroom_Live_002806.jpg,"might that explain his stance on climate change since it's likely to impact the poorest people on the planet the most? in fact i think that's the genesis of his deep concern for climate change and for the"
https://archive.org/details/CNNW_20150607_160000_State_of_the_Union#start/907/end/942,6/7/2015 16:15:22,CNN,State of the Union,CNNW_20150607_160000_State_of_the_Union,https://archive.org/download/CNNW_20150607_160000_State_of_the_Union/CNNW_20150607_160000_State_of_the_Union.thumbs/CNNW_20150607_160000_State_of_the_Union_000885.jpg,"we own because we're going to use fossil fuels fire long time to come but it's okay to set lower carbon targets. i do believe that climate change is real. i want a business solution to that problem. manmade climate change. yes, i do. absolutely. when 90% of the doctors tell you"
https://archive.org/details/CNNW_20150628_160000_State_of_the_Union_With_Jake_Tapper#start/1027/end/1062,6/28/2015 16:17:22,CNN,State of the Union With Jake Tapper,CNNW_20150628_160000_State_of_the_Union_With_Jake_Tapper,https://archive.org/download/CNNW_20150628_160000_State_of_the_Union_With_Jake_Tapper/CNNW_20150628_160000_State_of_the_Union_With_Jake_Tapper.thumbs/CNNW_20150628_160000_State_of_the_Union_With_Jake_Tapper_001014.jpg,"quote, the con set of global warming was created by and more the chinese in order to make u.s. manufacturing noncompetitive. of course i'm being sarcas c sarcastic. that's not to be taken"
https://archive.org/details/CNNW_20150628_131400_State_of_the_Union_With_Jake_Tapper#start/198/end/233,6/28/2015 13:17:33,CNN,State of the Union With Jake Tapper,CNNW_20150628_131400_State_of_the_Union_With_Jake_Tapper,https://archive.org/download/CNNW_20150628_131400_State_of_the_Union_With_Jake_Tapper/CNNW_20150628_131400_State_of_the_Union_With_Jake_Tapper.thumbs/CNNW_20150628_131400_State_of_the_Union_With_Jake_Tapper_000177.jpg,"much more competitive, i'm not saying friendly, but they're certainly not environmentally friendly. i'm a huge believer in clean air. i'm not a huge believer in the global warming phenomena. but the overwhelming majority"
https://archive.org/details/CNNW_20150628_160000_State_of_the_Union_With_Jake_Tapper#start/1058/end/1093,6/28/2015 16:17:53,CNN,State of the Union With Jake Tapper,CNNW_20150628_160000_State_of_the_Union_With_Jake_Tapper,https://archive.org/download/CNNW_20150628_160000_State_of_the_Union_With_Jake_Tapper/CNNW_20150628_160000_State_of_the_Union_With_Jake_Tapper.thumbs/CNNW_20150628_160000_State_of_the_Union_With_Jake_Tapper_001044.jpg,"environmentally friendly. i'm a huge believer in clean air. i'm not a huge believer in the global warming phenomenon. but the overwhelming majority of scientists say it's real and it's manmade and things are"
https://archive.org/details/CNNW_20150607_120000_New_Day_Sunday#start/206/end/241,6/7/2015 12:03:41,CNN,New Day Sunday,CNNW_20150607_120000_New_Day_Sunday,https://archive.org/download/CNNW_20150607_120000_New_Day_Sunday/CNNW_20150607_120000_New_Day_Sunday.thumbs/CNNW_20150607_120000_New_Day_Sunday_000196.jpg,"and combating threats from violent extremism to climate change, and we are grateful for your leadership, chancellor"
https://archive.org/details/CNNW_20150606_140000_CNN_Newsroom_With_Victor_Blackwell_and_Christi_Paul#start/1156/end/1191,6/6/2015 14:19:31,CNN,CNN Newsroom With Victor Blackwell and Christi Paul,CNNW_20150606_140000_CNN_Newsroom_With_Victor_Blackwell_and_Christi_Paul,https://archive.org/download/CNNW_20150606_140000_CNN_Newsroom_With_Victor_Blackwell_and_Christi_Paul/CNNW_20150606_140000_CNN_Newsroom_With_Victor_Blackwell_and_Christi_Paul.thumbs/CNNW_20150606_140000_CNN_Newsroom_With_Victor_Blackwell_and_Christi_Paul_001156.jpg,"different stripes there are anarchists and simply concerned citizens. some want tougher action on global warming. others want an end to the refugee cries i some want tougher measures to combat the divisions between rich and poor in the world. so many ideas are motivating"
https://archive.org/details/CNNW_20150628_131400_State_of_the_Union_With_Jake_Tapper#start/169/end/204,6/28/2015 13:17:04,CNN,State of the Union With Jake Tapper,CNNW_20150628_131400_State_of_the_Union_With_Jake_Tapper,https://archive.org/download/CNNW_20150628_131400_State_of_the_Union_With_Jake_Tapper/CNNW_20150628_131400_State_of_the_Union_With_Jake_Tapper.thumbs/CNNW_20150628_131400_State_of_the_Union_With_Jake_Tapper_000147.jpg,"i wouldn't let them manipulate their currency. because that's what they do. back in 2012 you tweeted, quote, the concept of global warming was created by and for the chinese. in order to make u.s. manufacturing noncompetitive. well of course i'm being sarcastic, you know."
https://archive.org/details/CNNW_20150607_190000_CNN_Newsroom_With_Fredricka_Whitfield#start/1530/end/1565,6/7/2015 19:25:45,CNN,CNN Newsroom With Fredricka Whitfield,CNNW_20150607_190000_CNN_Newsroom_With_Fredricka_Whitfield,https://archive.org/download/CNNW_20150607_190000_CNN_Newsroom_With_Fredricka_Whitfield/CNNW_20150607_190000_CNN_Newsroom_With_Fredricka_Whitfield.thumbs/CNNW_20150607_190000_CNN_Newsroom_With_Fredricka_Whitfield_001516.jpg,"telling me he believes global warming and real and man made and his own republican party needs to come to terms with that and come up with a comprehensive plan to address the environment. dana bash thank you so much. pope francis meets with vladimir putin this week."
https://archive.org/details/CNNW_20150618_050000_CNN_Newsroom_Live#start/2746/end/2781,6/18/2015 5:46:01,CNN,CNN Newsroom Live,CNNW_20150618_050000_CNN_Newsroom_Live,https://archive.org/download/CNNW_20150618_050000_CNN_Newsroom_Live/CNNW_20150618_050000_CNN_Newsroom_Live.thumbs/CNNW_20150618_050000_CNN_Newsroom_Live_002746.jpg,"is expected to challenge skeptics who don't believe in man made global warming. during his visit at the vatican on wednesday, the pope said our planet is being ruined and it's everyone's duty to protect the place we all call home. joining me to talk about this is"
https://archive.org/details/CNNW_20150628_130000_State_of_the_Union_With_Jake_Tapper#start/1005/end/1040,6/28/2015 13:17:00,CNN,State of the Union With Jake Tapper,CNNW_20150628_130000_State_of_the_Union_With_Jake_Tapper,https://archive.org/download/CNNW_20150628_130000_State_of_the_Union_With_Jake_Tapper/CNNW_20150628_130000_State_of_the_Union_With_Jake_Tapper.thumbs/CNNW_20150628_130000_State_of_the_Union_With_Jake_Tapper_001006.jpg,"it's a good deal but i wouldn't let you do it. i wouldn't let them manipulate their currency. because that's what they do. back in 2012 you tweeted, quote, the concept of global warming was created by and for the chinese. in order to make u.s. manufacturing noncompetitive."
https://archive.org/details/CNNW_20150622_120000_New_Day#start/2378/end/2413,6/22/2015 12:39:53,CNN,New Day,CNNW_20150622_120000_New_Day,https://archive.org/download/CNNW_20150622_120000_New_Day/CNNW_20150622_120000_New_Day.thumbs/CNNW_20150622_120000_New_Day_002235.jpg,"the passat tdi clean diesel with up to 814 hwy miles per tank. hurry in and you can get 0% apr plus a one-thousand dollar volkswagen credit bonus on 2015 passat tdi clean diesel models. first, it was the pope with a call for action against global warming. the pontiff delivering a plea to"
https://archive.org/details/CNNW_20150607_080000_CNN_International#start/54/end/89,6/7/2015 8:01:09,CNN,CNN International,CNNW_20150607_080000_CNN_International,https://archive.org/download/CNNW_20150607_080000_CNN_International/CNNW_20150607_080000_CNN_International.thumbs/CNNW_20150607_080000_CNN_International_000046.jpg,"also, greece's debt crisis, and climate change on top of the agenda. the world's richest nations meet at the j-7 summit. barcelona parties like no tomorrow."
https://archive.org/details/CNNW_20150623_180000_CNN_Newsroom_With_Brooke_Baldwin#start/1824/end/1859,6/23/2015 18:30:39,CNN,CNN Newsroom With Brooke Baldwin,CNNW_20150623_180000_CNN_Newsroom_With_Brooke_Baldwin,https://archive.org/download/CNNW_20150623_180000_CNN_Newsroom_With_Brooke_Baldwin/CNNW_20150623_180000_CNN_Newsroom_With_Brooke_Baldwin.thumbs/CNNW_20150623_180000_CNN_Newsroom_With_Brooke_Baldwin_001815.jpg,"climate change. and continue to do that. it takes time and effort and learning to do it in innovative ways. there's a podcast and you can"
https://archive.org/details/CNNW_20150617_110000_New_Day#start/2048/end/2083,6/17/2015 11:34:23,CNN,New Day,CNNW_20150617_110000_New_Day,https://archive.org/download/CNNW_20150617_110000_New_Day/CNNW_20150617_110000_New_Day.thumbs/CNNW_20150617_110000_New_Day_002026.jpg,"the pope says world leaders should forgot about the business of dealing with climate change. jeb bush do you agree with the pope? i don't get economic policy"
https://archive.org/details/CNNW_20150617_140000_CNN_Newsroom_With_Carol_Costello#start/2956/end/2991,6/17/2015 14:49:31,CNN,CNN Newsroom With Carol Costello,CNNW_20150617_140000_CNN_Newsroom_With_Carol_Costello,https://archive.org/download/CNNW_20150617_140000_CNN_Newsroom_With_Carol_Costello/CNNW_20150617_140000_CNN_Newsroom_With_Carol_Costello.thumbs/CNNW_20150617_140000_CNN_Newsroom_With_Carol_Costello_002955.jpg,"papal document has been so anticipated. a brazilian climate change group even created an epic theatrical trailer for the pope's words. if we destroy creation, creation will destroy us."
https://archive.org/details/CNNW_20150607_080000_CNN_International#start/2257/end/2292,6/7/2015 8:37:52,CNN,CNN International,CNNW_20150607_080000_CNN_International,https://archive.org/download/CNNW_20150607_080000_CNN_International/CNNW_20150607_080000_CNN_International.thumbs/CNNW_20150607_080000_CNN_International_001786.jpg,"are demanding are immediate policies for climate change. they are trying to push chancellor angela merkel into getting a commitment from other countries to cut carbon emissions, cut reliance on coal"
https://archive.org/details/CNNW_20150607_080000_CNN_International#start/3560/end/3595,6/7/2015 8:59:35,CNN,CNN International,CNNW_20150607_080000_CNN_International,https://archive.org/download/CNNW_20150607_080000_CNN_International/CNNW_20150607_080000_CNN_International.thumbs/CNNW_20150607_080000_CNN_International_001786.jpg,"partnerships across the atlantic, standing up to russian aggression in ukraine, combatting threats from violent extremism to climate change. and, on all these issues, we are grateful for the partnership and"
https://archive.org/details/CNNW_20150608_110000_New_Day#start/2016/end/2051,6/8/2015 11:33:51,CNN,New Day,CNNW_20150608_110000_New_Day,https://archive.org/download/CNNW_20150608_110000_New_Day/CNNW_20150608_110000_New_Day.thumbs/CNNW_20150608_110000_New_Day_001996.jpg,"south carolina. he's another of 15. we have ten official candidates. lindsey graham says yes, there is climate change. listen to him on 'state of the union.' yes, i do absolutely."
https://archive.org/details/CNNW_20150607_100000_New_Day_Sunday#start/146/end/181,6/7/2015 10:02:41,CNN,New Day Sunday,CNNW_20150607_100000_New_Day_Sunday,https://archive.org/download/CNNW_20150607_100000_New_Day_Sunday/CNNW_20150607_100000_New_Day_Sunday.thumbs/CNNW_20150607_100000_New_Day_Sunday_000142.jpg,"up to russian aggression in ukraine and combating threats from violent extremism to climate change, and on all these issues we are very grateful for partnership and leadership of your chancellor, angela merkel."
https://archive.org/details/CNNW_20150607_110000_New_Day_Sunday#start/408/end/443,6/7/2015 11:07:03,CNN,New Day Sunday,CNNW_20150607_110000_New_Day_Sunday,https://archive.org/download/CNNW_20150607_110000_New_Day_Sunday/CNNW_20150607_110000_New_Day_Sunday.thumbs/CNNW_20150607_110000_New_Day_Sunday_000405.jpg,"up to russian aggression in ukraine and combating threats from violent extremism to climate change and on all these issues we're very grateful for the partner and leadership for your chancellor aamerica el."
https://archive.org/details/CNNW_20150617_110000_New_Day#start/2145/end/2180,6/17/2015 11:36:00,CNN,New Day,CNNW_20150617_110000_New_Day,https://archive.org/download/CNNW_20150617_110000_New_Day/CNNW_20150617_110000_New_Day.thumbs/CNNW_20150617_110000_New_Day_002146.jpg,"come. i'm not listening to the pope through a loyalty issue. now, the problem is pope francis is hugely popular worldwide. climate change is an issue that voters care about. millenials, hispanics."
https://archive.org/details/CNNW_20150617_130000_CNN_Newsroom_With_Carol_Costello#start/1443/end/1478,6/17/2015 13:24:18,CNN,CNN Newsroom With Carol Costello,CNNW_20150617_130000_CNN_Newsroom_With_Carol_Costello,https://archive.org/download/CNNW_20150617_130000_CNN_Newsroom_With_Carol_Costello/CNNW_20150617_130000_CNN_Newsroom_With_Carol_Costello.thumbs/CNNW_20150617_130000_CNN_Newsroom_With_Carol_Costello_001426.jpg,"from pope francis revealing his position on climate change and how it's affecting gop candidates. we'll talk about that next. when heartburn comes creeping up on you. fight back with relief so smooth."
https://archive.org/details/CNNW_20150616_100000_New_Day#start/2068/end/2103,6/16/2015 10:34:43,CNN,New Day,CNNW_20150616_100000_New_Day,https://archive.org/download/CNNW_20150616_100000_New_Day/CNNW_20150616_100000_New_Day.thumbs/CNNW_20150616_100000_New_Day_002056.jpg,"climate change was released. he blames it on human activity. he calls on people to reduce their environmental impact. in response the vatican says it is a draft and the final version"
https://archive.org/details/CNNW_20150622_120000_New_Day#start/2609/end/2644,6/22/2015 12:43:44,CNN,New Day,CNNW_20150622_120000_New_Day,https://archive.org/download/CNNW_20150622_120000_New_Day/CNNW_20150622_120000_New_Day.thumbs/CNNW_20150622_120000_New_Day_002595.jpg,"how do you convince somebody that says no climate change isn't what it is made out to be? most of the people on the street ask us why we're not doing more."
https://archive.org/details/CNNW_20150607_180000_CNN_Newsroom_With_Fredricka_Whitfield#start/969/end/1004,6/7/2015 18:16:24,CNN,CNN Newsroom With Fredricka Whitfield,CNNW_20150607_180000_CNN_Newsroom_With_Fredricka_Whitfield,https://archive.org/download/CNNW_20150607_180000_CNN_Newsroom_With_Fredricka_Whitfield/CNNW_20150607_180000_CNN_Newsroom_With_Fredricka_Whitfield.thumbs/CNNW_20150607_180000_CNN_Newsroom_With_Fredricka_Whitfield_000945.jpg,"president obama is urging several world leaders to stand up to aggression in ukraine. leaders are discussing the crisis in ukraine, terrorism, climate change and a few other issues. thousands are demonstrating"
https://archive.org/details/CNNW_20150608_070000_CNN_International#start/1852/end/1887,6/8/2015 7:31:07,CNN,CNN International,CNNW_20150608_070000_CNN_International,https://archive.org/download/CNNW_20150608_070000_CNN_International/CNNW_20150608_070000_CNN_International.thumbs/CNNW_20150608_070000_CNN_International_001737.jpg,"climate change. russia is noticeably absent from the event. world leaders excluded the country for a second year over the conflict with ukraine. the first time since the investigations began, a top fifa"
https://archive.org/details/CNNW_20150606_080000_CNN_International#start/1394/end/1429,6/6/2015 8:23:29,CNN,CNN International,CNNW_20150606_080000_CNN_International,https://archive.org/download/CNNW_20150606_080000_CNN_International/CNNW_20150606_080000_CNN_International.thumbs/CNNW_20150606_080000_CNN_International_001374.jpg,"international trade and climate change. the american red cross is rejecting accusations that it squandered donations after the 2010 earthquake in haiti. the republican news organization and national public radio reported the charity raised half"
https://archive.org/details/CNNW_20150617_170000_Wolf#start/2659/end/2694,6/17/2015 17:44:34,CNN,Wolf,CNNW_20150617_170000_Wolf,https://archive.org/download/CNNW_20150617_170000_Wolf/CNNW_20150617_170000_Wolf.thumbs/CNNW_20150617_170000_Wolf_002656.jpg,"there. listen to this. it's called 'praised be on the care of our common home' pope francis's encyclical on the moral aspects of climate change and protecting the environment. church leaders say this is the"
https://archive.org/details/CNNW_20150617_170000_Wolf#start/2672/end/2707,6/17/2015 17:44:47,CNN,Wolf,CNNW_20150617_170000_Wolf,https://archive.org/download/CNNW_20150617_170000_Wolf/CNNW_20150617_170000_Wolf.thumbs/CNNW_20150617_170000_Wolf_002656.jpg,"first time the release of a papal encyclical has been so anticipated. a brazilian climate change group even created an epic theatrical trailer for the pope's words. if we destroy creation creation will destroy us."
https://archive.org/details/CNNW_20150608_080000_Early_Start_With_John_Berman_and_Christine_Romans#start/278/end/313,6/8/2015 8:04:53,CNN,Early Start With John Berman and Christine Romans,CNNW_20150608_080000_Early_Start_With_John_Berman_and_Christine_Romans,https://archive.org/download/CNNW_20150608_080000_Early_Start_With_John_Berman_and_Christine_Romans/CNNW_20150608_080000_Early_Start_With_John_Berman_and_Christine_Romans.thumbs/CNNW_20150608_080000_Early_Start_With_John_Berman_and_Christine_Romans_000255.jpg,"discussions yesterday. today, we expect to hear more are on climate change. that session is happening right now, but the situation in iraq you mentioned president obama will meet with iraqi prime minister al abadi."
https://archive.org/details/CNNW_20150612_110000_New_Day#start/1208/end/1243,6/12/2015 11:20:23,CNN,New Day,CNNW_20150612_110000_New_Day,https://archive.org/download/CNNW_20150612_110000_New_Day/CNNW_20150612_110000_New_Day.thumbs/CNNW_20150612_110000_New_Day_001186.jpg,"has nothing to do with trade. for instance there's things about climate change things about immigration, expanding markets for fish, seafood and shellfish. i know you believe there should be a link to this."
https://archive.org/details/CNNW_20150603_210000_The_Situation_Room#start/2364/end/2399,6/3/2015 21:39:39,CNN,The Situation Room,CNNW_20150603_210000_The_Situation_Room,https://archive.org/download/CNNW_20150603_210000_The_Situation_Room/CNNW_20150603_210000_The_Situation_Room.thumbs/CNNW_20150603_210000_The_Situation_Room_002355.jpg,"and he promised to regulate carbon dioxide, a climate change pollutant. these promises were all broken in the early days of his administration. and sadly, the lies never stopped. this was an administration not"
https://archive.org/details/CNNW_20150607_080000_CNN_International#start/2386/end/2421,6/7/2015 8:40:01,CNN,CNN International,CNNW_20150607_080000_CNN_International,https://archive.org/download/CNNW_20150607_080000_CNN_International/CNNW_20150607_080000_CNN_International.thumbs/CNNW_20150607_080000_CNN_International_001786.jpg,"stone of the g7 agenda is climate change. germany is at the forefront to cut carbon emissions, getting countries to commit to pledge emissions by 2020. there's, of course, a u.n. deal that is expected to be signed in"
https://archive.org/details/CNNW_20150603_200000_The_Lead_With_Jake_Tapper#start/2506/end/2541,6/3/2015 20:42:01,CNN,The Lead With Jake Tapper,CNNW_20150603_200000_The_Lead_With_Jake_Tapper,https://archive.org/download/CNNW_20150603_200000_The_Lead_With_Jake_Tapper/CNNW_20150603_200000_The_Lead_With_Jake_Tapper.thumbs/CNNW_20150603_200000_The_Lead_With_Jake_Tapper_002506.jpg,"only 32% of how president obama is handling isis. only 36% on immigration and 36% on climate change. the white house responded, acknowledging more work is to be done though there's been progress in a number of areas."
https://archive.org/details/CNNW_20150612_080000_Early_Start_With_John_Berman_and_Christine_Romans#start/1053/end/1088,6/12/2015 8:17:48,CNN,Early Start With John Berman and Christine Romans,CNNW_20150612_080000_Early_Start_With_John_Berman_and_Christine_Romans,https://archive.org/download/CNNW_20150612_080000_Early_Start_With_John_Berman_and_Christine_Romans/CNNW_20150612_080000_Early_Start_With_John_Berman_and_Christine_Romans.thumbs/CNNW_20150612_080000_Early_Start_With_John_Berman_and_Christine_Romans_001035.jpg,"voting for you because you probably won't like the answer. santorum seems to shift his position on climate change. saying he is open to the idea that humans are a factor. santorum is a guy that will go"
https://archive.org/details/CNNW_20150617_110000_New_Day#start/1435/end/1470,6/17/2015 11:24:10,CNN,New Day,CNNW_20150617_110000_New_Day,https://archive.org/download/CNNW_20150617_110000_New_Day/CNNW_20150617_110000_New_Day.thumbs/CNNW_20150617_110000_New_Day_001426.jpg,"at the catholic leader and climate change. that's ahead inside politics. world today could use a smile? at cricket wireless, we think so. that's why prices for our plans are all in taxes and fees included."
https://archive.org/details/CNNW_20150617_110000_New_Day#start/2082/end/2117,6/17/2015 11:34:57,CNN,New Day,CNNW_20150617_110000_New_Day,https://archive.org/download/CNNW_20150617_110000_New_Day/CNNW_20150617_110000_New_Day.thumbs/CNNW_20150617_110000_New_Day_002056.jpg,"economic advice from the pope. what about the issue of doing something about climate change? he punted on that one. it's easy to say, listen i'm not getting my advice from the pope certainly not on economic"
https://archive.org/details/CNNW_20150617_140000_CNN_Newsroom_With_Carol_Costello#start/2889/end/2924,6/17/2015 14:48:24,CNN,CNN Newsroom With Carol Costello,CNNW_20150617_140000_CNN_Newsroom_With_Carol_Costello,https://archive.org/download/CNNW_20150617_140000_CNN_Newsroom_With_Carol_Costello/CNNW_20150617_140000_CNN_Newsroom_With_Carol_Costello.thumbs/CNNW_20150617_140000_CNN_Newsroom_With_Carol_Costello_002865.jpg,"pope francis has a new message for the world. this time it's about the environment and the damage that's being done by climate change. you see the pope there greeting crowds in vatican city. his papal document won't be"
https://archive.org/details/CNNW_20150607_180000_CNN_Newsroom_With_Fredricka_Whitfield#start/763/end/798,6/7/2015 18:12:58,CNN,CNN Newsroom With Fredricka Whitfield,CNNW_20150607_180000_CNN_Newsroom_With_Fredricka_Whitfield,https://archive.org/download/CNNW_20150607_180000_CNN_Newsroom_With_Fredricka_Whitfield/CNNW_20150607_180000_CNN_Newsroom_With_Fredricka_Whitfield.thumbs/CNNW_20150607_180000_CNN_Newsroom_With_Fredricka_Whitfield_000735.jpg,"isis and even climate change. so much on tap. jim acosta is there. reporter: president obama hoping to keep the economic pressure on vladimir putin over russia's muddling in ukraine. the white house said russia is"
https://archive.org/details/CNNW_20150618_050000_CNN_Newsroom_Live#start/2935/end/2970,6/18/2015 5:49:10,CNN,CNN Newsroom Live,CNNW_20150618_050000_CNN_Newsroom_Live,https://archive.org/download/CNNW_20150618_050000_CNN_Newsroom_Live/CNNW_20150618_050000_CNN_Newsroom_Live.thumbs/CNNW_20150618_050000_CNN_Newsroom_Live_002926.jpg,"says that climate change is disproportionately impacts the poor he has the credibility to say that. you know when this pope in particular speaks people do listen. an important message. we will wait to see exactly what"
https://archive.org/details/CNNW_20150617_140000_CNN_Newsroom_With_Carol_Costello#start/3041/end/3076,6/17/2015 14:50:56,CNN,CNN Newsroom With Carol Costello,CNNW_20150617_140000_CNN_Newsroom_With_Carol_Costello,https://archive.org/download/CNNW_20150617_140000_CNN_Newsroom_With_Carol_Costello/CNNW_20150617_140000_CNN_Newsroom_With_Carol_Costello.thumbs/CNNW_20150617_140000_CNN_Newsroom_With_Carol_Costello_003015.jpg,"conservatives who fear it will be seen as an endorsement of a liberal agenda on climate change and will be bad news for big business and oil. as the first pope from the developing world, pope francis'"
https://archive.org/details/CNNW_20150608_070000_CNN_International#start/1136/end/1171,6/8/2015 7:19:11,CNN,CNN International,CNNW_20150608_070000_CNN_International,https://archive.org/download/CNNW_20150608_070000_CNN_International/CNNW_20150608_070000_CNN_International.thumbs/CNNW_20150608_070000_CNN_International_001137.jpg,"well the second and final day of the g-7 summit is underway in germany. world leaders have just sat done to a morning session. they're expected to tackle climate change and climate issues in their morning session."
https://archive.org/details/CNNW_20150614_160000_State_of_the_Union_With_Jake_Tapper#start/2443/end/2478,6/14/2015 16:40:58,CNN,State of the Union With Jake Tapper,CNNW_20150614_160000_State_of_the_Union_With_Jake_Tapper,https://archive.org/download/CNNW_20150614_160000_State_of_the_Union_With_Jake_Tapper/CNNW_20150614_160000_State_of_the_Union_With_Jake_Tapper.thumbs/CNNW_20150614_160000_State_of_the_Union_With_Jake_Tapper_001516.jpg,"good. i know more about immigration and climate change and broad issues. this issue matters. you know this better than anybody to the base and on this. issue, i believe she would have voted against them."
https://archive.org/details/CNNW_20150612_090000_Early_Start_With_John_Berman_and_Christine_Romans#start/1089/end/1124,6/12/2015 9:18:24,CNN,Early Start With John Berman and Christine Romans,CNNW_20150612_090000_Early_Start_With_John_Berman_and_Christine_Romans,https://archive.org/download/CNNW_20150612_090000_Early_Start_With_John_Berman_and_Christine_Romans/CNNW_20150612_090000_Early_Start_With_John_Berman_and_Christine_Romans.thumbs/CNNW_20150612_090000_Early_Start_With_John_Berman_and_Christine_Romans_001065.jpg,"voting for you. santorum discussed climate change saying he is more open to the idea that humans are a contributing factor. hillary clinton will hold the first major rally since entering the presidential race on new york's roosevelt island"
https://archive.org/details/CNNW_20150614_170000_Fareed_Zakaria_GPS#start/3540/end/3575,6/14/2015 17:59:15,CNN,Fareed Zakaria GPS,CNNW_20150614_170000_Fareed_Zakaria_GPS,https://archive.org/download/CNNW_20150614_170000_Fareed_Zakaria_GPS/CNNW_20150614_170000_Fareed_Zakaria_GPS.thumbs/CNNW_20150614_170000_Fareed_Zakaria_GPS_003525.jpg,"relationship to it. his prime minister joined in when the g-7 leaders had set a new goal to end fossil fuel usage by the end of the century. climate change is on the agenda of popes, princes and"
https://archive.org/details/CNNW_20150619_210000_The_Situation_Room#start/2332/end/2367,6/19/2015 21:39:07,CNN,The Situation Room,CNNW_20150619_210000_The_Situation_Room,https://archive.org/download/CNNW_20150619_210000_The_Situation_Room/CNNW_20150619_210000_The_Situation_Room.thumbs/CNNW_20150619_210000_The_Situation_Room_002325.jpg,"change on climate change. we have to shift how we think about this issue. and we have the capacity to change but we have to feel a sense of urgency about it. we as a people have got to"
https://archive.org/details/CNNW_20150625_150000_At_This_Hour_With_Berman_and_Bolduan#start/3342/end/3377,6/25/2015 15:55:57,CNN,At This Hour With Berman and Bolduan,CNNW_20150625_150000_At_This_Hour_With_Berman_and_Bolduan,https://archive.org/download/CNNW_20150625_150000_At_This_Hour_With_Berman_and_Bolduan/CNNW_20150625_150000_At_This_Hour_With_Berman_and_Bolduan.thumbs/CNNW_20150625_150000_At_This_Hour_With_Berman_and_Bolduan_003315.jpg,"see the justice -- his justice department pushing the envelope for same-sex marriage, you know, the bailout of chrysler, the climate change, the negotiations. he's not a president who's about the day-to-day of legislating on"
https://archive.org/details/CNNW_20150623_050000_CNN_Newsroom_Live#start/1321/end/1356,6/23/2015 5:22:16,CNN,CNN Newsroom Live,CNNW_20150623_050000_CNN_Newsroom_Live,https://archive.org/download/CNNW_20150623_050000_CNN_Newsroom_Live/CNNW_20150623_050000_CNN_Newsroom_Live.thumbs/CNNW_20150623_050000_CNN_Newsroom_Live_001305.jpg,"potential nuclear deal on north korea's arsenal of nuclear weapons, and climate change. those are three areas that china and the u.s. has common ground. now the issue of hacking, the issue of south china sea,"
https://archive.org/details/CNNW_20150607_100000_New_Day_Sunday#start/3598/end/3633,6/7/2015 11:00:13,CNN,New Day Sunday,CNNW_20150607_100000_New_Day_Sunday,https://archive.org/download/CNNW_20150607_100000_New_Day_Sunday/CNNW_20150607_100000_New_Day_Sunday.thumbs/CNNW_20150607_100000_New_Day_Sunday_002600.jpg,"to climate change. right now president obama joining world leaders in germany talking tough issues threatening our global security. plus, get a look at these two men, convicted killers who broke out of a prison. i'm talking shaw shank style."
https://archive.org/details/CNNW_20150618_050000_CNN_Newsroom_Live#start/2797/end/2832,6/18/2015 5:46:52,CNN,CNN Newsroom Live,CNNW_20150618_050000_CNN_Newsroom_Live,https://archive.org/download/CNNW_20150618_050000_CNN_Newsroom_Live/CNNW_20150618_050000_CNN_Newsroom_Live.thumbs/CNNW_20150618_050000_CNN_Newsroom_Live_002776.jpg,"issuing an encyclical on this raises the stakes tremendously. the fact that climate change is a moral issue, many have said and many know. but when the pope comes out in a formal sense through an encyclical and said this is not"
https://archive.org/details/CNNW_20150617_130000_CNN_Newsroom_With_Carol_Costello#start/1749/end/1784,6/17/2015 13:29:24,CNN,CNN Newsroom With Carol Costello,CNNW_20150617_130000_CNN_Newsroom_With_Carol_Costello,https://archive.org/download/CNNW_20150617_130000_CNN_Newsroom_With_Carol_Costello/CNNW_20150617_130000_CNN_Newsroom_With_Carol_Costello.thumbs/CNNW_20150617_130000_CNN_Newsroom_With_Carol_Costello_001726.jpg,"priest back home. but i don't get economic policy from my bishops or my cardinals or my pope. and i'd like to see what he says as it relates climate change and how that connects to these deeper issues before i pass"
https://archive.org/details/CNNW_20150617_130000_CNN_Newsroom_With_Carol_Costello#start/1943/end/1978,6/17/2015 13:32:38,CNN,CNN Newsroom With Carol Costello,CNNW_20150617_130000_CNN_Newsroom_With_Carol_Costello,https://archive.org/download/CNNW_20150617_130000_CNN_Newsroom_With_Carol_Costello/CNNW_20150617_130000_CNN_Newsroom_With_Carol_Costello.thumbs/CNNW_20150617_130000_CNN_Newsroom_With_Carol_Costello_001936.jpg,"particular teaching and the republicans will say no. but i still think that the encyclical that will be released tomorrow still has a large ability to change the politics of climate change. we'll see. and we eagerly await the release"
https://archive.org/details/CNNW_20150622_120000_New_Day#start/2394/end/2429,6/22/2015 12:40:09,CNN,New Day,CNNW_20150622_120000_New_Day,https://archive.org/download/CNNW_20150622_120000_New_Day/CNNW_20150622_120000_New_Day.thumbs/CNNW_20150622_120000_New_Day_002385.jpg,"the world's 1.2 billion catholics to protect the earth from climate change. this morning a new report from the epa sounding a similar warning. we don't take action wild fires, extreme temperature changes, and storm surges well they could become the norm."
https://archive.org/details/CNNW_20150607_090000_CNN_International#start/2289/end/2324,6/7/2015 9:38:24,CNN,CNN International,CNNW_20150607_090000_CNN_International,https://archive.org/download/CNNW_20150607_090000_CNN_International/CNNW_20150607_090000_CNN_International.thumbs/CNNW_20150607_090000_CNN_International_001755.jpg,"kind of expenditure is obscene, that that money should be dedicated to core global issues like fighting poverty, the division between rich and poor, fighting climate change, helping the world refugee crisis, cutting military spending. there's a myriad of opinions and"
https://archive.org/details/CNNW_20150618_050000_CNN_Newsroom_Live#start/2842/end/2877,6/18/2015 5:47:37,CNN,CNN Newsroom Live,CNNW_20150618_050000_CNN_Newsroom_Live,https://archive.org/download/CNNW_20150618_050000_CNN_Newsroom_Live/CNNW_20150618_050000_CNN_Newsroom_Live.thumbs/CNNW_20150618_050000_CNN_Newsroom_Live_002836.jpg,"environment. it stems from his deep love of the poor. this is the people's pope. he's spent years, decades working with the poor and for the poor. the poor are most heavily impacted by climate change. so the fact that he links the"
https://archive.org/details/CNNW_20150617_140000_CNN_Newsroom_With_Carol_Costello#start/3056/end/3091,6/17/2015 14:51:11,CNN,CNN Newsroom With Carol Costello,CNNW_20150617_140000_CNN_Newsroom_With_Carol_Costello,https://archive.org/download/CNNW_20150617_140000_CNN_Newsroom_With_Carol_Costello/CNNW_20150617_140000_CNN_Newsroom_With_Carol_Costello.thumbs/CNNW_20150617_140000_CNN_Newsroom_With_Carol_Costello_003045.jpg,"emphasis is on the connection between the destruction of the earth's resources and its impact on the poor. the timing of the document's release is also significant, coming the same year as the united nations climate change conference in paris this december."
https://archive.org/details/CNNW_20150614_140000_Fareed_Zakaria_GPS#start/3468/end/3503,6/14/2015 14:58:03,CNN,Fareed Zakaria GPS,CNNW_20150614_140000_Fareed_Zakaria_GPS,https://archive.org/download/CNNW_20150614_140000_Fareed_Zakaria_GPS/CNNW_20150614_140000_Fareed_Zakaria_GPS.thumbs/CNNW_20150614_140000_Fareed_Zakaria_GPS_003465.jpg,"second one so far. a powerful letter to all the people of the world on climate change. it's expected to be a great call to action from a pope named for the patron saint of ecology. the news prompted rick santorum"
https://archive.org/details/CNNW_20150614_170000_Fareed_Zakaria_GPS#start/3509/end/3544,6/14/2015 17:58:44,CNN,Fareed Zakaria GPS,CNNW_20150614_170000_Fareed_Zakaria_GPS,https://archive.org/download/CNNW_20150614_170000_Fareed_Zakaria_GPS/CNNW_20150614_170000_Fareed_Zakaria_GPS.thumbs/CNNW_20150614_170000_Fareed_Zakaria_GPS_003495.jpg,"from child poverty to contraception to disarmament after the cuban missile crisis. this comes at a key moment for climate policies as 'the washington post' points out with the possibility of an ambitious climate change agreement on the horizon this year."
https://archive.org/details/CNNW_20150607_090000_CNN_International#start/438/end/473,6/7/2015 9:07:33,CNN,CNN International,CNNW_20150607_090000_CNN_International,https://archive.org/download/CNNW_20150607_090000_CNN_International/CNNW_20150607_090000_CNN_International.thumbs/CNNW_20150607_090000_CNN_International_000435.jpg,"issues being discussed here, from climate change to ebola to these political and financial crises happening around the globe. so there's a lot to get through. but it begins with chancellor merkel and president obama today in the village of kreun."
https://archive.org/details/CNNW_20150608_130000_CNN_Newsroom_With_Carol_Costello#start/685/end/720,6/8/2015 13:11:40,CNN,CNN Newsroom With Carol Costello,CNNW_20150608_130000_CNN_Newsroom_With_Carol_Costello,https://archive.org/download/CNNW_20150608_130000_CNN_Newsroom_With_Carol_Costello/CNNW_20150608_130000_CNN_Newsroom_With_Carol_Costello.thumbs/CNNW_20150608_130000_CNN_Newsroom_With_Carol_Costello_000676.jpg,"totally inappropriate. all right. ed davis former police commissioner from boston. thank you very much for your insight. coming up world leaders tackling major issues like isis and climate change. what will the president have to say about it? we'll be hearing from him next."
https://archive.org/details/CNNW_20150612_080000_Early_Start_With_John_Berman_and_Christine_Romans#start/2850/end/2885,6/12/2015 8:47:45,CNN,Early Start With John Berman and Christine Romans,CNNW_20150612_080000_Early_Start_With_John_Berman_and_Christine_Romans,https://archive.org/download/CNNW_20150612_080000_Early_Start_With_John_Berman_and_Christine_Romans/CNNW_20150612_080000_Early_Start_With_John_Berman_and_Christine_Romans.thumbs/CNNW_20150612_080000_Early_Start_With_John_Berman_and_Christine_Romans_002835.jpg,"never ask anyone why they're voting for you because you probably won't like the answer. santorum shifting his position on climate change saying he is open to the idea that humans are a contributing factor. big weekend in politics. hillary clinton will hold the"
https://archive.org/details/CNNW_20150622_120000_New_Day#start/2641/end/2676,6/22/2015 12:44:16,CNN,New Day,CNNW_20150622_120000_New_Day,https://archive.org/download/CNNW_20150622_120000_New_Day/CNNW_20150622_120000_New_Day.thumbs/CNNW_20150622_120000_New_Day_002625.jpg,"world to our children in a shape that we can be proud of. climate change is not a belief system. it is a fact. this is science. so epa is putting the science on the table. we're providing all the information. we're showing that in fact if"
https://archive.org/details/CNNW_20150613_160000_CNN_Newsroom_With_Fredricka_Whitfield#start/398/end/433,6/13/2015 16:06:53,CNN,CNN Newsroom With Fredricka Whitfield,CNNW_20150613_160000_CNN_Newsroom_With_Fredricka_Whitfield,https://archive.org/download/CNNW_20150613_160000_CNN_Newsroom_With_Fredricka_Whitfield/CNNW_20150613_160000_CNN_Newsroom_With_Fredricka_Whitfield.thumbs/CNNW_20150613_160000_CNN_Newsroom_With_Fredricka_Whitfield_000376.jpg,"taxing for the wellalthy and few er rule in how that makes it worse. we have heard this tune before and we know how it turns out. ask many of these candidates about the climate change and one of the threats of our time."
https://archive.org/details/CNNW_20150614_170000_Fareed_Zakaria_GPS#start/3462/end/3497,6/14/2015 17:57:57,CNN,Fareed Zakaria GPS,CNNW_20150614_170000_Fareed_Zakaria_GPS,https://archive.org/download/CNNW_20150614_170000_Fareed_Zakaria_GPS/CNNW_20150614_170000_Fareed_Zakaria_GPS.thumbs/CNNW_20150614_170000_Fareed_Zakaria_GPS_003435.jpg,"website. and now for the last look. next week pope francis will do something historic. he will issue an encyclical only his second one so far, a powerful letter to all the people of the world on climate change. it's expected to be a great call"
https://archive.org/details/CNNW_20150608_110000_New_Day#start/2002/end/2037,6/8/2015 11:33:37,CNN,New Day,CNNW_20150608_110000_New_Day,https://archive.org/download/CNNW_20150608_110000_New_Day/CNNW_20150608_110000_New_Day.thumbs/CNNW_20150608_110000_New_Day_001996.jpg,"you have 20 flavors. it helps to see them splitting up along different lines. important to listen to the policy differences. some are big, some not so big. another issue you don't hear republicans talking about is climate change. listen to lindsey graham of"
https://archive.org/details/CNNW_20150608_140000_CNN_Newsroom_With_Carol_Costello#start/79/end/114,6/8/2015 14:01:34,CNN,CNN Newsroom With Carol Costello,CNNW_20150608_140000_CNN_Newsroom_With_Carol_Costello,https://archive.org/download/CNNW_20150608_140000_CNN_Newsroom_With_Carol_Costello/CNNW_20150608_140000_CNN_Newsroom_With_Carol_Costello.thumbs/CNNW_20150608_140000_CNN_Newsroom_With_Carol_Costello_000075.jpg,"summit which addresses issues like climate change trade, the fight against isis. that's a huge issue at this summit. cnn is covering the global and domestic impact of this meeting from all angles. my colleague the chief washington correspondent jake tapper is here. he's joining me here in"
https://archive.org/details/CNNW_20150607_160000_State_of_the_Union#start/891/end/926,6/7/2015 16:15:06,CNN,State of the Union,CNNW_20150607_160000_State_of_the_Union,https://archive.org/download/CNNW_20150607_160000_State_of_the_Union/CNNW_20150607_160000_State_of_the_Union.thumbs/CNNW_20150607_160000_State_of_the_Union_000885.jpg,"republican. what is the environmental policy of the republican policy? when asked that question i get a blank stare. we don't have an environmental policy. we have an energy policy. if i'm president of the united states we're going to address climate change. we're going to find oil and gas"
https://archive.org/details/CNNW_20150607_210000_CNN_Newsroom_With_Poppy_Harlow#start/3385/end/3420,6/7/2015 21:56:40,CNN,CNN Newsroom With Poppy Harlow,CNNW_20150607_210000_CNN_Newsroom_With_Poppy_Harlow,https://archive.org/download/CNNW_20150607_210000_CNN_Newsroom_With_Poppy_Harlow/CNNW_20150607_210000_CNN_Newsroom_With_Poppy_Harlow.thumbs/CNNW_20150607_210000_CNN_Newsroom_With_Poppy_Harlow_003375.jpg,"human-made climate change. right. he said he would work across the aisle. i think that's been his history. he had this very close relationship not just with john mccain but joe lieberman, a democrat and lindsey graham is now running as a mainstream candidate, and well to more of"
https://archive.org/details/CNNW_20150616_170000_Wolf#start/2955/end/2990,6/16/2015 17:49:30,CNN,Wolf,CNNW_20150616_170000_Wolf,https://archive.org/download/CNNW_20150616_170000_Wolf/CNNW_20150616_170000_Wolf.thumbs/CNNW_20150616_170000_Wolf_002955.jpg,"pope's upcoming message on climate change and he sort of in a comment that was reminiscent of john f. kennedy said he does not take his orders from the vatican. he praised the pope as a strong leader but he said he would not take his orders from the"
https://archive.org/details/CNNW_20150622_120000_New_Day#start/2547/end/2582,6/22/2015 12:42:42,CNN,New Day,CNNW_20150622_120000_New_Day,https://archive.org/download/CNNW_20150622_120000_New_Day/CNNW_20150622_120000_New_Day.thumbs/CNNW_20150622_120000_New_Day_002535.jpg,"it's going to impact the policies that he chooses to implement domestically. i think we have to look at what people are feeling today. the pope two years ago stood up and said climate change is a moral responsibility. we have to take action. he said domestically we're going"
https://archive.org/details/CNNW_20150617_170000_Wolf#start/2760/end/2795,6/17/2015 17:46:15,CNN,Wolf,CNNW_20150617_170000_Wolf,https://archive.org/download/CNNW_20150617_170000_Wolf/CNNW_20150617_170000_Wolf.thumbs/CNNW_20150617_170000_Wolf_002746.jpg,"reporter: a move which has worried conservatives it will be seen as an endorsement of the liberal agenda on climate change and population control and be bad news for big business and oil. as the first pope from the developing world, pope francis's emphasis is on the connection"
https://archive.org/details/CNNW_20150618_050000_CNN_Newsroom_Live#start/2731/end/2766,6/18/2015 5:45:46,CNN,CNN Newsroom Live,CNNW_20150618_050000_CNN_Newsroom_Live,https://archive.org/download/CNNW_20150618_050000_CNN_Newsroom_Live/CNNW_20150618_050000_CNN_Newsroom_Live.thumbs/CNNW_20150618_050000_CNN_Newsroom_Live_002716.jpg,"in to us. for now, we just move to another big story we are following. pope francis is taking on climate change. in a matter of hours, in fact the pontiff will release a long-awaited and highly controversial public letter called an encyclical. this this document the pope"
https://archive.org/details/CNNW_20150614_140000_Fareed_Zakaria_GPS#start/3538/end/3573,6/14/2015 14:59:13,CNN,Fareed Zakaria GPS,CNNW_20150614_140000_Fareed_Zakaria_GPS,https://archive.org/download/CNNW_20150614_140000_Fareed_Zakaria_GPS/CNNW_20150614_140000_Fareed_Zakaria_GPS.thumbs/CNNW_20150614_140000_Fareed_Zakaria_GPS_003525.jpg,"relationship to it. his prime minister joined in when the g-7 leader set a new goal this week to end fossil fuel usage by the end of the century. whether or not mr. santorum agrees with his holiness or his royal highness climate change is on the agenda of popes,"
https://archive.org/details/CNNW_20150622_120000_New_Day#start/2502/end/2537,6/22/2015 12:41:57,CNN,New Day,CNNW_20150622_120000_New_Day,https://archive.org/download/CNNW_20150622_120000_New_Day/CNNW_20150622_120000_New_Day.thumbs/CNNW_20150622_120000_New_Day_002475.jpg,"epa put out today, we take a look at what unmitigated climate change results in in terms of impact to the u.s. and then we take a look at what global action can mean in terms of benefits to human lives, to our property to the safety of our"
https://archive.org/details/CNNW_20150614_130000_State_of_the_Union_With_Jake_Tapper#start/2410/end/2445,6/14/2015 13:40:25,CNN,State of the Union With Jake Tapper,CNNW_20150614_130000_State_of_the_Union_With_Jake_Tapper,https://archive.org/download/CNNW_20150614_130000_State_of_the_Union_With_Jake_Tapper/CNNW_20150614_130000_State_of_the_Union_With_Jake_Tapper.thumbs/CNNW_20150614_130000_State_of_the_Union_With_Jake_Tapper_001515.jpg,"people want a realtime response to what's going on. not at your leisure. more about substance in the sound bites that we've heard from republicans. the sound bites make you feel good. but at the end of the day i know more about her position on immigration, climate change and all these other big, broad"
