﻿URL,MatchDateTime,Station,Show,IAShowID,IAPreviewThumb,Snippet
https://archive.org/details/FOXNEWSW_20120727_100000_FOX_and_Friends#start/1896/end/1931,7/27/2012 10:31:51,FOXNEWS,FOX and Friends,FOXNEWSW_20120727_100000_FOX_and_Friends,https://archive.org/download/FOXNEWSW_20120727_100000_FOX_and_Friends/FOXNEWSW_20120727_100000_FOX_and_Friends.thumbs/FOXNEWSW_20120727_100000_FOX_and_Friends_001890.jpg,"mondays. that's right. because the production of meat bad for the environment. in the newsletter at the united states department of agriculture, don't eat meat on monday because going meatless is good for the environment because animal agriculture is a major source of greenhouse gases and"
https://archive.org/details/FOXNEWSW_20120726_220000_Special_Report_With_Bret_Baier#start/1870/end/1905,7/26/2012 22:31:25,FOXNEWS,Special Report With Bret Baier,FOXNEWSW_20120726_220000_Special_Report_With_Bret_Baier,https://archive.org/download/FOXNEWSW_20120726_220000_Special_Report_With_Bret_Baier/FOXNEWSW_20120726_220000_Special_Report_With_Bret_Baier.thumbs/FOXNEWSW_20120726_220000_Special_Report_With_Bret_Baier_001860.jpg,"images sew show unprecedented ice melt in greenland. the left is july 8, the right is four days later. cysts say it cannot be contributed to global warming"
https://archive.org/details/FOXNEWSW_20120729_100000_FOX_and_Friends_Sunday#start/11691/end/11726,7/29/2012 13:15:06,FOXNEWS,FOX and Friends Sunday,FOXNEWSW_20120729_100000_FOX_and_Friends_Sunday,https://archive.org/download/FOXNEWSW_20120729_100000_FOX_and_Friends_Sunday/FOXNEWSW_20120729_100000_FOX_and_Friends_Sunday.thumbs/FOXNEWSW_20120729_100000_FOX_and_Friends_Sunday_011610.jpg,"fred, you should look into it. i'm a risk-taker. [ female announcer ] only flood insurance covers floods. visit floodsmart.gov/risk to learn your risk. alisyn: a dire warning on global warming in greenland,"
https://archive.org/details/FOXNEWSW_20120703_010000_Hannity#start/543/end/578,7/3/2012 1:09:18,FOXNEWS,Hannity,FOXNEWSW_20120703_010000_Hannity,https://archive.org/download/FOXNEWSW_20120703_010000_Hannity/FOXNEWSW_20120703_010000_Hannity.thumbs/FOXNEWSW_20120703_010000_Hannity_000540.jpg,"recession. that's apparently not the case. hillary clinton in rio recently, gave away $2 billion for climate change. what's that about? the obama administration is filled with these issues that we think have been put to bed, like gun control and climate change,"
https://archive.org/details/FOXNEWSW_20120703_040000_Hannity#start/543/end/578,7/3/2012 4:09:18,FOXNEWS,Hannity,FOXNEWSW_20120703_040000_Hannity,https://archive.org/download/FOXNEWSW_20120703_040000_Hannity/FOXNEWSW_20120703_040000_Hannity.thumbs/FOXNEWSW_20120703_040000_Hannity_000540.jpg,"recession. that's apparently not the case. hillary clinton in rio recently, gave away $2 billion for climate change. what's that about? the obama administration is filled with these issues that we think have been put to bed, like gun control and climate change,"
https://archive.org/details/FOXNEWSW_20120727_100000_FOX_and_Friends#start/5459/end/5494,7/27/2012 11:31:14,FOXNEWS,FOX and Friends,FOXNEWSW_20120727_100000_FOX_and_Friends,https://archive.org/download/FOXNEWSW_20120727_100000_FOX_and_Friends/FOXNEWSW_20120727_100000_FOX_and_Friends.thumbs/FOXNEWSW_20120727_100000_FOX_and_Friends_005460.jpg,"usda in the business of dissing farmers and saying not to eat meat? isn't that more -- if they want to talk to global warming that they were alluding to and greenhouse gases, why isn't that the pursue of the epa so peta took up this fight and peta after grassley posted that"
https://archive.org/details/FOXNEWSW_20120727_060000_The_Five#start/2599/end/2634,7/27/2012 6:43:34,FOXNEWS,The Five,FOXNEWSW_20120727_060000_The_Five,https://archive.org/download/FOXNEWSW_20120727_060000_The_Five/FOXNEWSW_20120727_060000_The_Five.thumbs/FOXNEWSW_20120727_060000_The_Five_002580.jpg,"are feed and transportation costs and -- i'm saying i went to speak to them and i've never seen a happier group. i spoke to the cattlemen association and you're not speaking out? i said those -- i said it was a bad idea but global warming is"
https://archive.org/details/FOXNEWSW_20120726_210000_The_Five#start/2600/end/2635,7/26/2012 21:43:35,FOXNEWS,The Five,FOXNEWSW_20120726_210000_The_Five,https://archive.org/download/FOXNEWSW_20120726_210000_The_Five/FOXNEWSW_20120726_210000_The_Five.thumbs/FOXNEWSW_20120726_210000_The_Five_002580.jpg,"are feed and transportation costs and -- i'm saying i went to speak to them and i've never seen a happier group. i spoke to the cattlemen association and you're not speaking out? i said those -- i said it was a bad idea but global warming is"
https://archive.org/details/FOXNEWSW_20120703_200000_Your_World_With_Neil_Cavuto#start/3137/end/3172,7/3/2012 20:52:32,FOXNEWS,Your World With Neil Cavuto,FOXNEWSW_20120703_200000_Your_World_With_Neil_Cavuto,https://archive.org/download/FOXNEWSW_20120703_200000_Your_World_With_Neil_Cavuto/FOXNEWSW_20120703_200000_Your_World_With_Neil_Cavuto.thumbs/FOXNEWSW_20120703_200000_Your_World_With_Neil_Cavuto_003120.jpg,"because superstition has taken hold. neil: you're right, you hit on -- you hit on a brilliant point. you can make a point to always -- if it's cold, it's climate change. if it's warm, it's climate"
https://archive.org/details/FOXNEWSW_20120706_200000_Your_World_With_Neil_Cavuto#start/1491/end/1526,7/6/2012 20:25:06,FOXNEWS,Your World With Neil Cavuto,FOXNEWSW_20120706_200000_Your_World_With_Neil_Cavuto,https://archive.org/download/FOXNEWSW_20120706_200000_Your_World_With_Neil_Cavuto/FOXNEWSW_20120706_200000_Your_World_With_Neil_Cavuto.thumbs/FOXNEWSW_20120706_200000_Your_World_With_Neil_Cavuto_001470.jpg,"carbon tax to raise $250 billion to fight global warming and help developing countries. the perversion is they're going to help the developing world, 1.6 billion, help them not to"
https://archive.org/details/FOXNEWSW_20120703_040000_Hannity#start/561/end/596,7/3/2012 4:09:36,FOXNEWS,Hannity,FOXNEWSW_20120703_040000_Hannity,https://archive.org/download/FOXNEWSW_20120703_040000_Hannity/FOXNEWSW_20120703_040000_Hannity.thumbs/FOXNEWSW_20120703_040000_Hannity_000540.jpg,"that are being risen up to the surface in the form of international treaties. that's one of the things m thiny book 'screwed.' one reader its head last week when hillary went to this rio conference on climate change and"
https://archive.org/details/FOXNEWSW_20120710_130000_Americas_Newsroom#start/1571/end/1606,7/10/2012 13:26:26,FOXNEWS,Americas Newsroom,FOXNEWSW_20120710_130000_Americas_Newsroom,https://archive.org/download/FOXNEWSW_20120710_130000_Americas_Newsroom/FOXNEWSW_20120710_130000_Americas_Newsroom.thumbs/FOXNEWSW_20120710_130000_Americas_Newsroom_001560.jpg,"forests. listen. in the short term increase will be up ticking but that is not guaranty for long. reporter: although the southeast leads the nation in reducing greenhouse gases the studies lead author,"
https://archive.org/details/FOXNEWSW_20120729_060000_Red_Eye#start/1970/end/2005,7/29/2012 6:33:05,FOXNEWS,Red Eye,FOXNEWSW_20120729_060000_Red_Eye,https://archive.org/download/FOXNEWSW_20120729_060000_Red_Eye/FOXNEWSW_20120729_060000_Red_Eye.thumbs/FOXNEWSW_20120729_060000_Red_Eye_001950.jpg,"i don't think there are pieces of cloth that small. that barely covers the fan knee. where is global warming in all of this? the one time you want global warming and it is not there."
https://archive.org/details/FOXNEWSW_20120726_070000_Red_Eye#start/1969/end/2004,7/26/2012 7:33:04,FOXNEWS,Red Eye,FOXNEWSW_20120726_070000_Red_Eye,https://archive.org/download/FOXNEWSW_20120726_070000_Red_Eye/FOXNEWSW_20120726_070000_Red_Eye.thumbs/FOXNEWSW_20120726_070000_Red_Eye_001950.jpg,"i don't think there are pieces of cloth that small. that barely covers the fan knee. where is global warming in all of this? the one time you want global warming and it is not there."
https://archive.org/details/FOXNEWSW_20120727_060000_The_Five#start/2460/end/2495,7/27/2012 6:41:15,FOXNEWS,The Five,FOXNEWSW_20120727_060000_The_Five,https://archive.org/download/FOXNEWSW_20120727_060000_The_Five/FOXNEWSW_20120727_060000_The_Five.thumbs/FOXNEWSW_20120727_060000_The_Five_002460.jpg,"global warming, which is real. please. are you noticing a theme? you have to get to the flat earth associate meeting. you have no stats when you talk. you throw it out and have nothing to back it up. you want to have global warming discussion, let's go."
https://archive.org/details/FOXNEWSW_20120729_100000_FOX_and_Friends_Sunday#start/11467/end/11502,7/29/2012 13:11:22,FOXNEWS,FOX and Friends Sunday,FOXNEWSW_20120729_100000_FOX_and_Friends_Sunday,https://archive.org/download/FOXNEWSW_20120729_100000_FOX_and_Friends_Sunday/FOXNEWSW_20120729_100000_FOX_and_Friends_Sunday.thumbs/FOXNEWSW_20120729_100000_FOX_and_Friends_Sunday_011460.jpg,"chick-fil-a, in woodlands to support a great business. clayton: keep your e-mails and tweets to us, and, a story you'll only find on fox, climate"
https://archive.org/details/FOXNEWSW_20120703_200000_Your_World_With_Neil_Cavuto#start/3152/end/3187,7/3/2012 20:52:47,FOXNEWS,Your World With Neil Cavuto,FOXNEWSW_20120703_200000_Your_World_With_Neil_Cavuto,https://archive.org/download/FOXNEWSW_20120703_200000_Your_World_With_Neil_Cavuto/FOXNEWSW_20120703_200000_Your_World_With_Neil_Cavuto.thumbs/FOXNEWSW_20120703_200000_Your_World_With_Neil_Cavuto_003150.jpg,"change. if there are bad storms, it's climate change. if there are no fires in colorado, it's climate change. the point is now you can affix something related to man destroying the earth with every"
https://archive.org/details/FOXNEWSW_20120706_200000_Your_World_With_Neil_Cavuto#start/1584/end/1619,7/6/2012 20:26:39,FOXNEWS,Your World With Neil Cavuto,FOXNEWSW_20120706_200000_Your_World_With_Neil_Cavuto,https://archive.org/download/FOXNEWSW_20120706_200000_Your_World_With_Neil_Cavuto/FOXNEWSW_20120706_200000_Your_World_With_Neil_Cavuto.thumbs/FOXNEWSW_20120706_200000_Your_World_With_Neil_Cavuto_001560.jpg,"summit in brazil. they know how to get money, talking about international courts for climb reparations. what better way to get the debt of climate reparations paid than by going after the world's billionaires and after a carbon"
https://archive.org/details/FOXNEWSW_20120706_200000_Your_World_With_Neil_Cavuto#start/1521/end/1556,7/6/2012 20:25:36,FOXNEWS,Your World With Neil Cavuto,FOXNEWSW_20120706_200000_Your_World_With_Neil_Cavuto,https://archive.org/download/FOXNEWSW_20120706_200000_Your_World_With_Neil_Cavuto/FOXNEWSW_20120706_200000_Your_World_With_Neil_Cavuto.thumbs/FOXNEWSW_20120706_200000_Your_World_With_Neil_Cavuto_001500.jpg,"science has not been proven and liberals go nuts, but you can't latch on to a heat wave and blame the climate change like you can't say it's cold outside and blame climate change. i guess now what i'm asking,"
https://archive.org/details/FOXNEWSW_20120703_010000_Hannity#start/576/end/611,7/3/2012 1:09:51,FOXNEWS,Hannity,FOXNEWSW_20120703_010000_Hannity,https://archive.org/download/FOXNEWSW_20120703_010000_Hannity/FOXNEWSW_20120703_010000_Hannity.thumbs/FOXNEWSW_20120703_010000_Hannity_000570.jpg,"conference on climate change and announced the united states was giving away $2 billion to third world countries as a downpayment on $100 billion fund to help them handle climate change. what's important about that $2 billion, it's not just the amount, but that we don't decide where it goes."
https://archive.org/details/FOXNEWSW_20120703_200000_Your_World_With_Neil_Cavuto#start/2995/end/3030,7/3/2012 20:50:10,FOXNEWS,Your World With Neil Cavuto,FOXNEWSW_20120703_200000_Your_World_With_Neil_Cavuto,https://archive.org/download/FOXNEWSW_20120703_200000_Your_World_With_Neil_Cavuto/FOXNEWSW_20120703_200000_Your_World_With_Neil_Cavuto.thumbs/FOXNEWSW_20120703_200000_Your_World_With_Neil_Cavuto_002970.jpg,"quacks, the global warming crowd convinced what's burning in colorado and drenching everywhere else is man made. chris is apoplectic. the price is what took so long,"
https://archive.org/details/FOXNEWSW_20120703_070000_Red_Eye#start/1882/end/1917,7/3/2012 7:31:37,FOXNEWS,Red Eye,FOXNEWSW_20120703_070000_Red_Eye,https://archive.org/download/FOXNEWSW_20120703_070000_Red_Eye/FOXNEWSW_20120703_070000_Red_Eye.thumbs/FOXNEWSW_20120703_070000_Red_Eye_001860.jpg,"jood. no, i looked it up. i don't know. tom, being concerned about his kids being upset with global warming. in fairness, tom's kids were the"
https://archive.org/details/FOXNEWSW_20120727_060000_The_Five#start/1963/end/1998,7/27/2012 6:32:58,FOXNEWS,The Five,FOXNEWSW_20120727_060000_The_Five,https://archive.org/download/FOXNEWSW_20120727_060000_The_Five/FOXNEWSW_20120727_060000_The_Five.thumbs/FOXNEWSW_20120727_060000_The_Five_001950.jpg,"majors is a fool. it's preachy. it's all politics. coming up, the latest obama administration department to politicize globing -- global warming. kimberly breaks it down next."
https://archive.org/details/FOXNEWSW_20120727_060000_The_Five#start/2364/end/2399,7/27/2012 6:39:39,FOXNEWS,The Five,FOXNEWSW_20120727_060000_The_Five,https://archive.org/download/FOXNEWSW_20120727_060000_The_Five/FOXNEWSW_20120727_060000_The_Five.thumbs/FOXNEWSW_20120727_060000_The_Five_002340.jpg,"you know -- i'm serious, they're worried about cow flatulence. listen. cow flatulence affects global warming. i own a ranch in montana with a bunch of guys."
https://archive.org/details/FOXNEWSW_20120726_210000_The_Five#start/2405/end/2440,7/26/2012 21:40:20,FOXNEWS,The Five,FOXNEWSW_20120726_210000_The_Five,https://archive.org/download/FOXNEWSW_20120726_210000_The_Five/FOXNEWSW_20120726_210000_The_Five.thumbs/FOXNEWSW_20120726_210000_The_Five_002400.jpg,"beef but the usda is there to promote businesses of farmers, including cattle farmers, this shows their indifference, they're concerned with global warming and left wing ideology"
https://archive.org/details/FOXNEWSW_20120727_060000_The_Five#start/2506/end/2541,7/27/2012 6:42:01,FOXNEWS,The Five,FOXNEWSW_20120727_060000_The_Five,https://archive.org/download/FOXNEWSW_20120727_060000_The_Five/FOXNEWSW_20120727_060000_The_Five.thumbs/FOXNEWSW_20120727_060000_The_Five_002490.jpg,"global warming filibuster. you started it. i want to know, got milk? this is a cute story. hey, i can't milk you, this cow is crazy, but here's our"
https://archive.org/details/FOXNEWSW_20120726_210000_The_Five#start/2009/end/2044,7/26/2012 21:33:44,FOXNEWS,The Five,FOXNEWSW_20120726_210000_The_Five,https://archive.org/download/FOXNEWSW_20120726_210000_The_Five/FOXNEWSW_20120726_210000_The_Five.thumbs/FOXNEWSW_20120726_210000_The_Five_001950.jpg,"administration department to politicize globing -- global warming. kimberly breaks it down next. building pass, corporate card, verizon 4g lte phone. the global ready one ? yeah, but you won't need."
https://archive.org/details/FOXNEWSW_20120707_180000_The_Journal_Editorial_Report#start/1769/end/1804,7/7/2012 18:29:44,FOXNEWS,The Journal Editorial Report,FOXNEWSW_20120707_180000_The_Journal_Editorial_Report,https://archive.org/download/FOXNEWSW_20120707_180000_The_Journal_Editorial_Report/FOXNEWSW_20120707_180000_The_Journal_Editorial_Report.thumbs/FOXNEWSW_20120707_180000_The_Journal_Editorial_Report_001770.jpg,"this is what global warming looks like, they actually went out and quoted scientists who said this wildfires, drought, heaton a last week's freak wind storm in the east, exactly what they're warning"
https://archive.org/details/FOXNEWSW_20120726_210000_The_Five#start/2372/end/2407,7/26/2012 21:39:47,FOXNEWS,The Five,FOXNEWSW_20120726_210000_The_Five,https://archive.org/download/FOXNEWSW_20120726_210000_The_Five/FOXNEWSW_20120726_210000_The_Five.thumbs/FOXNEWSW_20120726_210000_The_Five_002370.jpg,"listen. cow flatulence affects global warming. i own a ranch in montana with a bunch of guys. and believe me, it's a problem. what about the cows? [ laughter ] cattle has never been higher,"
https://archive.org/details/FOXNEWSW_20120712_100000_FOX_and_Friends#start/2182/end/2217,7/12/2012 10:36:37,FOXNEWS,FOX and Friends,FOXNEWSW_20120712_100000_FOX_and_Friends,https://archive.org/download/FOXNEWSW_20120712_100000_FOX_and_Friends/FOXNEWSW_20120712_100000_FOX_and_Friends.thumbs/FOXNEWSW_20120712_100000_FOX_and_Friends_002160.jpg,"curriculum for kindergarten through 12th grade. the guidelines suggest manmade global warming is fact instead of theory. he says they also failed to emphasize american exceptionalism, capitalism and free enterprise. nebraska residents now weighing"
https://archive.org/details/FOXNEWSW_20120727_060000_The_Five#start/2412/end/2447,7/27/2012 6:40:27,FOXNEWS,The Five,FOXNEWSW_20120727_060000_The_Five,https://archive.org/download/FOXNEWSW_20120727_060000_The_Five/FOXNEWSW_20120727_060000_The_Five.thumbs/FOXNEWSW_20120727_060000_The_Five_002400.jpg,"including cattle farmers, this shows their indifference, they're concerned with global warming and left wing ideology and forget the mandate, promote the farming industry. do you eat tofu? no i eat chicken and fish and"
https://archive.org/details/FOXNEWSW_20120713_100000_FOX_and_Friends#start/6983/end/7018,7/13/2012 11:56:38,FOXNEWS,FOX and Friends,FOXNEWSW_20120713_100000_FOX_and_Friends,https://archive.org/download/FOXNEWSW_20120713_100000_FOX_and_Friends/FOXNEWSW_20120713_100000_FOX_and_Friends.thumbs/FOXNEWSW_20120713_100000_FOX_and_Friends_006960.jpg,"looks terrific. i hope you have many more ice anals to come. knock on wood. nothing to that global warming thing. no more ice age. thank you very much. we'll watch the new movie ice"
https://archive.org/details/FOXNEWSW_20120708_030000_The_Journal_Editorial_Report#start/1763/end/1798,7/8/2012 3:29:38,FOXNEWS,The Journal Editorial Report,FOXNEWSW_20120708_030000_The_Journal_Editorial_Report,https://archive.org/download/FOXNEWSW_20120708_030000_The_Journal_Editorial_Report/FOXNEWSW_20120708_030000_The_Journal_Editorial_Report.thumbs/FOXNEWSW_20120708_030000_The_Journal_Editorial_Report_001740.jpg,"who ran a story, headline over this story's extreme weather, this is what global warming looks like, they actually went out and quoted scientists who said this wildfires, drought, heaton a last week's freak"
https://archive.org/details/FOXNEWSW_20120703_070000_Red_Eye#start/556/end/591,7/3/2012 7:09:31,FOXNEWS,Red Eye,FOXNEWSW_20120703_070000_Red_Eye,https://archive.org/download/FOXNEWSW_20120703_070000_Red_Eye/FOXNEWSW_20120703_070000_Red_Eye.thumbs/FOXNEWSW_20120703_070000_Red_Eye_000540.jpg,"[ laughter ] tom, young people apparently think it's important to tackle things like climate change, healthcare, why? i don't know why."
https://archive.org/details/FOXNEWSW_20120712_100000_FOX_and_Friends#start/2164/end/2199,7/12/2012 10:36:19,FOXNEWS,FOX and Friends,FOXNEWSW_20120712_100000_FOX_and_Friends,https://archive.org/download/FOXNEWSW_20120712_100000_FOX_and_Friends/FOXNEWSW_20120712_100000_FOX_and_Friends.thumbs/FOXNEWSW_20120712_100000_FOX_and_Friends_002160.jpg,"antibiotics sold in the united states is fed to livestock to prevent them from disease in the barnyard. global warming, yes, but patriotism, no? the nebraska board of education coming under fire for proposed changes to its social studies"
https://archive.org/details/FOXNEWSW_20120702_210000_The_Five#start/2553/end/2588,7/2/2012 21:42:48,FOXNEWS,The Five,FOXNEWSW_20120702_210000_The_Five,https://archive.org/download/FOXNEWSW_20120702_210000_The_Five/FOXNEWSW_20120702_210000_The_Five.thumbs/FOXNEWSW_20120702_210000_The_Five_002550.jpg,"happens. bob: government employees are not essential. greg: do you think global warming causes this? bob: yes. absolutely. greg: do you have any evidence for that? kimberly: 17th floor. producer put the research in -- bob: more evidence than"
https://archive.org/details/FOXNEWSW_20120730_010000_Stossel#start/552/end/587,7/30/2012 1:09:27,FOXNEWS,Stossel,FOXNEWSW_20120730_010000_Stossel,https://archive.org/download/FOXNEWSW_20120730_010000_Stossel/FOXNEWSW_20120730_010000_Stossel.thumbs/FOXNEWSW_20120730_010000_Stossel_000540.jpg,"in a while but all of the headlines would suggest they are bad. i am a consumer reporter. swine flu, global warming, madd cow disease. where are the birds. it might have killed us. might have gotten brain cancer"
https://archive.org/details/FOXNEWSW_20120726_210000_The_Five#start/2499/end/2534,7/26/2012 21:41:54,FOXNEWS,The Five,FOXNEWSW_20120726_210000_The_Five,https://archive.org/download/FOXNEWSW_20120726_210000_The_Five/FOXNEWSW_20120726_210000_The_Five.thumbs/FOXNEWSW_20120726_210000_The_Five_002490.jpg,"how do you know? that's what they said. i don't think there have suvs there. there you go on another global warming filibuster. you started it. i want to know, got milk? this is a cute story."
https://archive.org/details/FOXNEWSW_20120703_060000_The_Five#start/2557/end/2592,7/3/2012 6:42:52,FOXNEWS,The Five,FOXNEWSW_20120703_060000_The_Five,https://archive.org/download/FOXNEWSW_20120703_060000_The_Five/FOXNEWSW_20120703_060000_The_Five.thumbs/FOXNEWSW_20120703_060000_The_Five_002550.jpg,"greg: do you think global warming causes this? bob: yes. absolutely. greg: do you have any evidence for that? kimberly: 17th floor. producer put the research in -- bob: more evidence than galileo had. greg: right, right."
https://archive.org/details/FOXNEWSW_20120707_140000_Bulls_and_Bears#start/902/end/937,7/7/2012 14:15:17,FOXNEWS,Bulls and Bears,FOXNEWSW_20120707_140000_Bulls_and_Bears,https://archive.org/download/FOXNEWSW_20120707_140000_Bulls_and_Bears/FOXNEWSW_20120707_140000_Bulls_and_Bears.thumbs/FOXNEWSW_20120707_140000_Bulls_and_Bears_000900.jpg,"carbon dioxide emissions increased, forget about that, let's say there is global warming, science has not come up with a way to funnel this money to solve it. going out and taxing job creators, taking wealth and"
https://archive.org/details/FOXNEWSW_20120707_140000_Bulls_and_Bears#start/967/end/1002,7/7/2012 14:16:22,FOXNEWS,Bulls and Bears,FOXNEWSW_20120707_140000_Bulls_and_Bears,https://archive.org/download/FOXNEWSW_20120707_140000_Bulls_and_Bears/FOXNEWSW_20120707_140000_Bulls_and_Bears.thumbs/FOXNEWSW_20120707_140000_Bulls_and_Bears_000960.jpg,"shopping, and this isn't-- okay, toby, you billionaire, you want to pay someone to fight global warming? forget about-- gary's point aside here, but here is the reality. firstoff, 400 billion a year of capital would be extracted"
https://archive.org/details/FOXNEWSW_20120704_060000_The_Five#start/2837/end/2872,7/4/2012 6:47:32,FOXNEWS,The Five,FOXNEWSW_20120704_060000_The_Five,https://archive.org/download/FOXNEWSW_20120704_060000_The_Five/FOXNEWSW_20120704_060000_The_Five.thumbs/FOXNEWSW_20120704_060000_The_Five_002820.jpg,"illumination from one end of the continent to the other from this time forward. but the problem is a lot of places are not having fireworks. three-quarters of the country in a drought because of global warming. greg: lies, lies, lies,"
https://archive.org/details/FOXNEWSW_20120703_210000_The_Five#start/2840/end/2875,7/3/2012 21:47:35,FOXNEWS,The Five,FOXNEWSW_20120703_210000_The_Five,https://archive.org/download/FOXNEWSW_20120703_210000_The_Five/FOXNEWSW_20120703_210000_The_Five.thumbs/FOXNEWSW_20120703_210000_The_Five_002820.jpg,"the continent to the other from this time forward. but the problem is a lot of places are not having fireworks. three-quarters of the country in a drought because of global warming. greg: lies, lies, lies, lies, lies! kimberly: security."
https://archive.org/details/FOXNEWSW_20120710_060000_The_Five#start/2264/end/2299,7/10/2012 6:37:59,FOXNEWS,The Five,FOXNEWSW_20120710_060000_The_Five,https://archive.org/download/FOXNEWSW_20120710_060000_The_Five/FOXNEWSW_20120710_060000_The_Five.thumbs/FOXNEWSW_20120710_060000_The_Five_002070.jpg,"the worst thing about july. it's hot. just like last year, it's summer and it stinks. it's gotten worse as link fire to global warming. the media reports on thousands of broken temperature records, they egg nore what the meteorologists joe points out"
https://archive.org/details/FOXNEWSW_20120709_210000_The_Five#start/2271/end/2306,7/9/2012 21:38:06,FOXNEWS,The Five,FOXNEWSW_20120709_210000_The_Five,https://archive.org/download/FOXNEWSW_20120709_210000_The_Five/FOXNEWSW_20120709_210000_The_Five.thumbs/FOXNEWSW_20120709_210000_The_Five_002250.jpg,"to global warming. the media reports on thousands of broken temperature records, they egg nore what the meteorologists joe points out that half the u.s. had above normal temperatures in june, the other half was below normal. for manmade co2 causing high"
https://archive.org/details/FOXNEWSW_20120729_100000_FOX_and_Friends_Sunday#start/11831/end/11866,7/29/2012 13:17:26,FOXNEWS,FOX and Friends Sunday,FOXNEWSW_20120729_100000_FOX_and_Friends_Sunday,https://archive.org/download/FOXNEWSW_20120729_100000_FOX_and_Friends_Sunday/FOXNEWSW_20120729_100000_FOX_and_Friends_Sunday.thumbs/FOXNEWSW_20120729_100000_FOX_and_Friends_Sunday_011820.jpg,"they discovered life in meteorites and it hit antarctica and that turned out to be wrong. alisyn: but, patrick out of curiosity, if you don't think the ice-sheet melting is cyclical and is not attributable to global warming, what is causing it?"
https://archive.org/details/FOXNEWSW_20120727_060000_The_Five#start/2570/end/2605,7/27/2012 6:43:05,FOXNEWS,The Five,FOXNEWSW_20120727_060000_The_Five,https://archive.org/download/FOXNEWSW_20120727_060000_The_Five/FOXNEWSW_20120727_060000_The_Five.thumbs/FOXNEWSW_20120727_060000_The_Five_002550.jpg,"you're worried about the deficit and don't care about global warming. bob can say it's hard to be a dairy farmer but not jump to the defense of the cattle farmer. i said they're doing well. they're not. they're under tough times."
https://archive.org/details/FOXNEWSW_20120731_100000_FOX_and_Friends#start/3887/end/3922,7/31/2012 11:05:02,FOXNEWS,FOX and Friends,FOXNEWSW_20120731_100000_FOX_and_Friends,https://archive.org/download/FOXNEWSW_20120731_100000_FOX_and_Friends/FOXNEWSW_20120731_100000_FOX_and_Friends.thumbs/FOXNEWSW_20120731_100000_FOX_and_Friends_003870.jpg,"jobs, followed by reduce corruption, the deficit and there you can see, it was number 12, tack the rich. brian: it's behind address global warming. steve: yeah. brian: so that's a little surprising. affordable college, overcoming gridlock in there and improving"
https://archive.org/details/FOXNEWSW_20120726_210000_The_Five#start/2451/end/2486,7/26/2012 21:41:06,FOXNEWS,The Five,FOXNEWSW_20120726_210000_The_Five,https://archive.org/download/FOXNEWSW_20120726_210000_The_Five/FOXNEWSW_20120726_210000_The_Five.thumbs/FOXNEWSW_20120726_210000_The_Five_002430.jpg,"usda is to ensure the safety and food and leaving the diet to prevention magazine. shut up. except when it comes to global warming, which is real. please. are you noticing a theme? you have to get to the flat"
https://archive.org/details/FOXNEWSW_20120707_140000_Bulls_and_Bears#start/606/end/641,7/7/2012 14:10:21,FOXNEWS,Bulls and Bears,FOXNEWSW_20120707_140000_Bulls_and_Bears,https://archive.org/download/FOXNEWSW_20120707_140000_Bulls_and_Bears/FOXNEWSW_20120707_140000_Bulls_and_Bears.thumbs/FOXNEWSW_20120707_140000_Bulls_and_Bears_000600.jpg,"neil plays the tape and you decide at the bottom of the hour, first, this may make you hotter than it is outside. the u.n. pushing a global tax to push its global warming agenda. if you're cold hard cash at"
https://archive.org/details/FOXNEWSW_20120708_190000_The_Journal_Editorial_Report#start/1756/end/1791,7/8/2012 19:29:31,FOXNEWS,The Journal Editorial Report,FOXNEWSW_20120708_190000_The_Journal_Editorial_Report,https://archive.org/download/FOXNEWSW_20120708_190000_The_Journal_Editorial_Report/FOXNEWSW_20120708_190000_The_Journal_Editorial_Report.thumbs/FOXNEWSW_20120708_190000_The_Journal_Editorial_Report_001740.jpg,"paying up for these. and dan? i'm giving a miss to our friends at associated press who ran a story, headline over this story's extreme weather, this is what global warming looks like, they actually went out and quoted scientists who said this wildfires, drought,"
https://archive.org/details/FOXNEWSW_20120726_210000_The_Five#start/2567/end/2602,7/26/2012 21:43:02,FOXNEWS,The Five,FOXNEWSW_20120726_210000_The_Five,https://archive.org/download/FOXNEWSW_20120726_210000_The_Five/FOXNEWSW_20120726_210000_The_Five.thumbs/FOXNEWSW_20120726_210000_The_Five_002550.jpg,"he put under when he's there. someone has to go. you're worried about the deficit and don't care about global warming. bob can say it's hard to be a dairy farmer but not jump to the defense of the cattle farmer. i said they're doing well."
https://archive.org/details/FOXNEWSW_20120703_060000_The_Five#start/2542/end/2577,7/3/2012 6:42:37,FOXNEWS,The Five,FOXNEWSW_20120703_060000_The_Five,https://archive.org/download/FOXNEWSW_20120703_060000_The_Five/FOXNEWSW_20120703_060000_The_Five.thumbs/FOXNEWSW_20120703_060000_The_Five_002520.jpg,"across the country. which, of course, goes back to the reason there is global warming. greg: i knew we'd get to that. if this stops anybody in washington, d.c. from getting any work done, i hope it happens. bob: government employees are not essential."
https://archive.org/details/FOXNEWSW_20120707_140000_Bulls_and_Bears#start/869/end/904,7/7/2012 14:14:44,FOXNEWS,Bulls and Bears,FOXNEWSW_20120707_140000_Bulls_and_Bears,https://archive.org/download/FOXNEWSW_20120707_140000_Bulls_and_Bears/FOXNEWSW_20120707_140000_Bulls_and_Bears.thumbs/FOXNEWSW_20120707_140000_Bulls_and_Bears_000870.jpg,"bunch of hot air. the united nations calling for a global tax to fight things like global warming. gary b, you say the global tax could cause a global meltdown? well, brenda, look, the u.n. wants to go in and tax millionaires and billionaires"
https://archive.org/details/FOXNEWSW_20120707_140000_Bulls_and_Bears#start/1076/end/1111,7/7/2012 14:18:11,FOXNEWS,Bulls and Bears,FOXNEWSW_20120707_140000_Bulls_and_Bears,https://archive.org/download/FOXNEWSW_20120707_140000_Bulls_and_Bears/FOXNEWSW_20120707_140000_Bulls_and_Bears.thumbs/FOXNEWSW_20120707_140000_Bulls_and_Bears_001050.jpg,"can't even understand a domestic tax codement and gary b says, look, there is no scientific proof of any of this global warming right now. what are we going to do. what are you going to solve? and it's another wealth redistribution scheme, all it"
https://archive.org/details/FOXNEWSW_20120726_170000_America_Live#start/5162/end/5197,7/26/2012 18:26:17,FOXNEWS,America Live,FOXNEWSW_20120726_170000_America_Live,https://archive.org/download/FOXNEWSW_20120726_170000_America_Live/FOXNEWSW_20120726_170000_America_Live.thumbs/FOXNEWSW_20120726_170000_America_Live_005160.jpg,"newsletter, write? and the told employees to go green, suggesting things like efficient lightbulbs and energy efficient routes, and because ranching leads to climate change and because of health concerns."
https://archive.org/details/FOXNEWSW_20120702_210000_The_Five#start/2536/end/2571,7/2/2012 21:42:31,FOXNEWS,The Five,FOXNEWSW_20120702_210000_The_Five,https://archive.org/download/FOXNEWSW_20120702_210000_The_Five/FOXNEWSW_20120702_210000_The_Five.thumbs/FOXNEWSW_20120702_210000_The_Five_002520.jpg,"blue sky. bob: greg, this is not, they are setting heat records across the country. which, of course, goes back to the reason there is global warming. greg: i knew we'd get to that. if this stops anybody in washington, d.c. from getting any work done, i hope it"
https://archive.org/details/FOXNEWSW_20120715_030000_The_Journal_Editorial_Report#start/1756/end/1791,7/15/2012 3:29:31,FOXNEWS,The Journal Editorial Report,FOXNEWSW_20120715_030000_The_Journal_Editorial_Report,https://archive.org/download/FOXNEWSW_20120715_030000_The_Journal_Editorial_Report/FOXNEWSW_20120715_030000_The_Journal_Editorial_Report.thumbs/FOXNEWSW_20120715_030000_The_Journal_Editorial_Report_001740.jpg,"i think we need to verify it. i think we should transfer some of the money in global warming studies to get to the bottom of this study. mary? this is a miss for harry reid who this week said we should burn the olympic -- the u.s. olympic iewn rms to."
https://archive.org/details/FOXNEWSW_20120729_100000_FOX_and_Friends_Sunday#start/11859/end/11894,7/29/2012 13:17:54,FOXNEWS,FOX and Friends Sunday,FOXNEWSW_20120729_100000_FOX_and_Friends_Sunday,https://archive.org/download/FOXNEWSW_20120729_100000_FOX_and_Friends_Sunday/FOXNEWSW_20120729_100000_FOX_and_Friends_Sunday.thumbs/FOXNEWSW_20120729_100000_FOX_and_Friends_Sunday_011850.jpg,"about rammed loss don't hold up. you will lose ice from greenland over the course of the next 100 years, no doubt about that. alisyn: in other words, global warming is happening. right. alisyn: is it something we should be alarmed about? well, in a word, my view on"
https://archive.org/details/FOXNEWSW_20120729_100000_FOX_and_Friends_Sunday#start/11876/end/11911,7/29/2012 13:18:11,FOXNEWS,FOX and Friends Sunday,FOXNEWSW_20120729_100000_FOX_and_Friends_Sunday,https://archive.org/download/FOXNEWSW_20120729_100000_FOX_and_Friends_Sunday/FOXNEWSW_20120729_100000_FOX_and_Friends_Sunday.thumbs/FOXNEWSW_20120729_100000_FOX_and_Friends_Sunday_011850.jpg,"global warming is, luke warm. and there are more and more people that agree with me. let's go back to nasa, again. and look at their forecast they made in the mid 1980s that got everybody all heated up. turns out they forecast about twice as much warming as is"
https://archive.org/details/FOXNEWSW_20120726_210000_The_Five#start/2467/end/2502,7/26/2012 21:41:22,FOXNEWS,The Five,FOXNEWSW_20120726_210000_The_Five,https://archive.org/download/FOXNEWSW_20120726_210000_The_Five/FOXNEWSW_20120726_210000_The_Five.thumbs/FOXNEWSW_20120726_210000_The_Five_002460.jpg,"earth associate meeting. you have no stats when you talk. you throw it out and have nothing to back it up. you want to have global warming discussion, let's go. his research is up on the 17th floor. i want to point out we talked about white meat, now red meat."
https://archive.org/details/FOXNEWSW_20120719_150000_Happening_Now#start/539/end/574,7/19/2012 15:09:14,FOXNEWS,Happening Now,FOXNEWSW_20120719_150000_Happening_Now,https://archive.org/download/FOXNEWSW_20120719_150000_Happening_Now/FOXNEWSW_20120719_150000_Happening_Now.thumbs/FOXNEWSW_20120719_150000_Happening_Now_000540.jpg,"groups. of the president obama has proposed several to address issues like childhood obesity, gas prices, climate change adaptation. one senior house republican charges they are nothing more than a political front."
https://archive.org/details/FOXNEWSW_20120706_200000_Your_World_With_Neil_Cavuto#start/1441/end/1476,7/6/2012 20:24:16,FOXNEWS,Your World With Neil Cavuto,FOXNEWSW_20120706_200000_Your_World_With_Neil_Cavuto,https://archive.org/download/FOXNEWSW_20120706_200000_Your_World_With_Neil_Cavuto/FOXNEWSW_20120706_200000_Your_World_With_Neil_Cavuto.thumbs/FOXNEWSW_20120706_200000_Your_World_With_Neil_Cavuto_001440.jpg,"billionaires to help fight climate change. here's what worries me. no one at the white house has come out against this so are you ready for this? mark says it isn't going away"
https://archive.org/details/FOXNEWSW_20120711_220000_Special_Report_With_Bret_Baier#start/1802/end/1837,7/11/2012 22:30:17,FOXNEWS,Special Report With Bret Baier,FOXNEWSW_20120711_220000_Special_Report_With_Bret_Baier,https://archive.org/download/FOXNEWSW_20120711_220000_Special_Report_With_Bret_Baier/FOXNEWSW_20120711_220000_Special_Report_With_Bret_Baier.thumbs/FOXNEWSW_20120711_220000_Special_Report_With_Bret_Baier_001740.jpg,"bret: now fresh pickings from the political grapevine. study in journal 'nature climate change' shows long-term cooling trend over the past 2000 years. international team of scientist use tree ring density measure to reconstruct"
https://archive.org/details/FOXNEWSW_20120729_100000_FOX_and_Friends_Sunday#start/10601/end/10636,7/29/2012 12:56:56,FOXNEWS,FOX and Friends Sunday,FOXNEWSW_20120729_100000_FOX_and_Friends_Sunday,https://archive.org/download/FOXNEWSW_20120729_100000_FOX_and_Friends_Sunday/FOXNEWSW_20120729_100000_FOX_and_Friends_Sunday.thumbs/FOXNEWSW_20120729_100000_FOX_and_Friends_Sunday_010590.jpg,"guys, so sweet of you to buy me that amethyst ripping, thank you. and a story you'll only find on fox, climate change skeptics putting the freeze on nasa's claim that the ice caps"
https://archive.org/details/FOXNEWSW_20120711_220000_Special_Report_With_Bret_Baier#start/1833/end/1868,7/11/2012 22:30:48,FOXNEWS,Special Report With Bret Baier,FOXNEWSW_20120711_220000_Special_Report_With_Bret_Baier,https://archive.org/download/FOXNEWSW_20120711_220000_Special_Report_With_Bret_Baier/FOXNEWSW_20120711_220000_Special_Report_With_Bret_Baier.thumbs/FOXNEWSW_20120711_220000_Special_Report_With_Bret_Baier_001830.jpg,"intergovernmental panel on climate change under estimate the long-term cooling trend over the past few millennia. the left tries to paint mitt romney as wealthy elitist, his campaign is distancing himself from anything that could"
https://archive.org/details/FOXNEWSW_20120726_100000_FOX_and_Friends#start/4200/end/4235,7/26/2012 11:10:15,FOXNEWS,FOX and Friends,FOXNEWSW_20120726_100000_FOX_and_Friends,https://archive.org/download/FOXNEWSW_20120726_100000_FOX_and_Friends/FOXNEWSW_20120726_100000_FOX_and_Friends.thumbs/FOXNEWSW_20120726_100000_FOX_and_Friends_004200.jpg,"of talking about green house gases produced by meat and climate change, isn't that more the purview of the epa? here is the senator. our own department of agriculture and again, at least from my perspective and we ought"
https://archive.org/details/FOXNEWSW_20120727_100000_FOX_and_Friends#start/1912/end/1947,7/27/2012 10:32:07,FOXNEWS,FOX and Friends,FOXNEWSW_20120727_100000_FOX_and_Friends,https://archive.org/download/FOXNEWSW_20120727_100000_FOX_and_Friends/FOXNEWSW_20120727_100000_FOX_and_Friends.thumbs/FOXNEWSW_20120727_100000_FOX_and_Friends_001890.jpg,"climate change as well. that looks delicious. right. so some -- some politicians, senator grassley for one, said wait a second, why is the usda coming out against farmers and against meat when their hole purview is"
https://archive.org/details/FOXNEWSW_20120708_100000_FOX_and_Friends_Sunday#start/6435/end/6470,7/8/2012 11:47:30,FOXNEWS,FOX and Friends Sunday,FOXNEWSW_20120708_100000_FOX_and_Friends_Sunday,https://archive.org/download/FOXNEWSW_20120708_100000_FOX_and_Friends_Sunday/FOXNEWSW_20120708_100000_FOX_and_Friends_Sunday.thumbs/FOXNEWSW_20120708_100000_FOX_and_Friends_Sunday_006420.jpg,"anything, but just climate change anyway. dave: and out of a shoe, i'm good. and anyway, the lies about christianity, and you're-- pretty much everywhere, and your station is one of the few exceptions and my station in"
https://archive.org/details/FOXNEWSW_20120714_180000_The_Journal_Editorial_Report#start/1752/end/1787,7/14/2012 18:29:27,FOXNEWS,The Journal Editorial Report,FOXNEWSW_20120714_180000_The_Journal_Editorial_Report,https://archive.org/download/FOXNEWSW_20120714_180000_The_Journal_Editorial_Report/FOXNEWSW_20120714_180000_The_Journal_Editorial_Report.thumbs/FOXNEWSW_20120714_180000_The_Journal_Editorial_Report_001740.jpg,"sitting? this is horrifying. i am not sure i believe it. i think we need to verify it. i think we should transfer some of the money in global warming studies to get to the bottom of this study. mary? this is a miss for harry reid who this week said we should burn the olympic -- the       _"
https://archive.org/details/FOXNEWSW_20120731_100000_FOX_and_Friends#start/7524/end/7559,7/31/2012 12:05:39,FOXNEWS,FOX and Friends,FOXNEWSW_20120731_100000_FOX_and_Friends,https://archive.org/download/FOXNEWSW_20120731_100000_FOX_and_Friends/FOXNEWSW_20120731_100000_FOX_and_Friends.thumbs/FOXNEWSW_20120731_100000_FOX_and_Friends_007500.jpg,"i bet that was down in the single digit. that's up 44%. taxing the rich, 21%. brian: even global warming, which divides this country, has more people concerned than does taxing the rich. as if they understand that that's not going to solve any problems. steve: you know, one of the things that has shown up"
https://archive.org/details/FOXNEWSW_20120715_190000_The_Journal_Editorial_Report#start/1750/end/1785,7/15/2012 19:29:25,FOXNEWS,The Journal Editorial Report,FOXNEWSW_20120715_190000_The_Journal_Editorial_Report,https://archive.org/download/FOXNEWSW_20120715_190000_The_Journal_Editorial_Report/FOXNEWSW_20120715_190000_The_Journal_Editorial_Report.thumbs/FOXNEWSW_20120715_190000_The_Journal_Editorial_Report_001740.jpg,"cutting two years off their lives. i mean, just two years for sitting? this is horrifying. i am not sure i believe it. i think we need to verify it. i think we should transfer some of the money in global warming studies to get to the bottom of this study. mary? this is a miss for harry"
https://archive.org/details/FOXNEWSW_20120726_170000_America_Live#start/5132/end/5167,7/26/2012 18:25:47,FOXNEWS,America Live,FOXNEWSW_20120726_170000_America_Live,https://archive.org/download/FOXNEWSW_20120726_170000_America_Live/FOXNEWSW_20120726_170000_America_Live.thumbs/FOXNEWSW_20120726_170000_America_Live_005130.jpg,"they suggested going vegetarian once a week, warning that meet reduction contributes to climate change your trace gallagher is live with the fallout. reporter: the reason this struck such a nervous because the usda is in charge of promoting and"
https://archive.org/details/FOXNEWSW_20120707_140000_Bulls_and_Bears#start/952/end/987,7/7/2012 14:16:07,FOXNEWS,Bulls and Bears,FOXNEWSW_20120707_140000_Bulls_and_Bears,https://archive.org/download/FOXNEWSW_20120707_140000_Bulls_and_Bears/FOXNEWSW_20120707_140000_Bulls_and_Bears.thumbs/FOXNEWSW_20120707_140000_Bulls_and_Bears_000930.jpg,"places to get money sent to us. it's a shame and everybody needs to solve their own problems and figure out how to pay their own u.n. dues, this isn't the right way to go about it and there are places where it could make sense to have countries working in concert. if everybody does a carbon tax and you don't have forum"
https://archive.org/details/FOXNEWSW_20120703_040000_Hannity#start/577/end/612,7/3/2012 4:09:52,FOXNEWS,Hannity,FOXNEWSW_20120703_040000_Hannity,https://archive.org/download/FOXNEWSW_20120703_040000_Hannity/FOXNEWSW_20120703_040000_Hannity.thumbs/FOXNEWSW_20120703_040000_Hannity_000570.jpg,"announced the united states was giving away $2 billion to third world countries as a downpayment on $100 billion fund to help them handle climate change. what's important about that $2 billion, it's not just the amount, but that we don't decide where it goes. we give it to the u.n. and it"
https://archive.org/details/FOXNEWSW_20120703_040000_Hannity#start/529/end/564,7/3/2012 4:09:04,FOXNEWS,Hannity,FOXNEWSW_20120703_040000_Hannity,https://archive.org/download/FOXNEWSW_20120703_040000_Hannity/FOXNEWSW_20120703_040000_Hannity.thumbs/FOXNEWSW_20120703_040000_Hannity_000510.jpg,"i think that really merits a congressional hearing on this. i agree with that completely. finally, you're not hearing a lot about climate change in the press. it's definitely out of the headlines. i think most people think it's it's sort of a settled issue, because we're in the middle of a"
