﻿URL,MatchDateTime,Station,Show,IAShowID,IAPreviewThumb,Snippet
https://archive.org/details/FOXNEWSW_20180728_070000_Fox_News__Night_With_Shannon_Bream#start/3235/end/3270,7/28/2018 7:54:10,FOXNEWS,Fox News  Night With Shannon Bream,FOXNEWSW_20180728_070000_Fox_News__Night_With_Shannon_Bream,https://archive.org/download/FOXNEWSW_20180728_070000_Fox_News__Night_With_Shannon_Bream/FOXNEWSW_20180728_070000_Fox_News__Night_With_Shannon_Bream.thumbs/FOXNEWSW_20180728_070000_Fox_News__Night_With_Shannon_Bream_003237.jpg,"far using this video folder bear dying in the canadian arctic to promote climate change."
https://archive.org/details/FOXNEWSW_20180714_050000_Hannity#start/2389/end/2424,7/14/2018 5:40:04,FOXNEWS,Hannity,FOXNEWSW_20180714_050000_Hannity,https://archive.org/download/FOXNEWSW_20180714_050000_Hannity/FOXNEWSW_20180714_050000_Hannity.thumbs/FOXNEWSW_20180714_050000_Hannity_002367.jpg,"i'm okay not being interviewed. it's a nightmare. he must be stopped. america, wake up. vote him out. it's been out this summer for a reason. you know what i mean? it trump's fault it's hot? no. but he is promoting climate change."
https://archive.org/details/FOXNEWSW_20180705_190000_Shepard_Smith_Reporting#start/3171/end/3206,7/5/2018 19:53:06,FOXNEWS,Shepard Smith Reporting,FOXNEWSW_20180705_190000_Shepard_Smith_Reporting,https://archive.org/download/FOXNEWSW_20180705_190000_Shepard_Smith_Reporting/FOXNEWSW_20180705_190000_Shepard_Smith_Reporting.thumbs/FOXNEWSW_20180705_190000_Shepard_Smith_Reporting_003147.jpg,"greenhouse gas not high on their agenda. wheeler follows in the steps of scott pruitt, also against greenhouse gas emissions limiting nationwide limits to greenhouse gas emissions and supporting the continued use of fossil fuels."
https://archive.org/details/FOXNEWSW_20180724_190000_Shepard_Smith_Reporting#start/2468/end/2503,7/24/2018 19:41:23,FOXNEWS,Shepard Smith Reporting,FOXNEWSW_20180724_190000_Shepard_Smith_Reporting,https://archive.org/download/FOXNEWSW_20180724_190000_Shepard_Smith_Reporting/FOXNEWSW_20180724_190000_Shepard_Smith_Reporting.thumbs/FOXNEWSW_20180724_190000_Shepard_Smith_Reporting_002397.jpg,"carbon tax to help fight climate change. he's facing push-back from members of his own party. we'll speak live with the congressman from florida next. i thought i married an italian. my lineage was the vecchios and zuccolis. through ancestry,"
https://archive.org/details/FOXNEWSW_20180703_100000_FOX__Friends#start/9909/end/9944,7/3/2018 12:45:24,FOXNEWS,FOX  Friends,FOXNEWSW_20180703_100000_FOX__Friends,https://archive.org/download/FOXNEWSW_20180703_100000_FOX__Friends/FOXNEWSW_20180703_100000_FOX__Friends.thumbs/FOXNEWSW_20180703_100000_FOX__Friends_009837.jpg,"climate change, the state is the first to sue the largest petroleum companies blaming them for global warming, claiming the companies are knowingly causing catastrophic events like extreme weather like super storm sandy. for the first time ever scientists capture a planet being born, astronomers sharing this image of a planet known as pbs 70 be. researchers status two or three"
https://archive.org/details/FOXNEWSW_20180724_180000_The_Daily_Briefing_With_Dana_Perino#start/3633/end/3668,7/24/2018 19:00:48,FOXNEWS,The Daily Briefing With Dana Perino,FOXNEWSW_20180724_180000_The_Daily_Briefing_With_Dana_Perino,https://archive.org/download/FOXNEWSW_20180724_180000_The_Daily_Briefing_With_Dana_Perino/FOXNEWSW_20180724_180000_The_Daily_Briefing_With_Dana_Perino.thumbs/FOXNEWSW_20180724_180000_The_Daily_Briefing_With_Dana_Perino_003628.jpg,"the border days before the deadline to reunite all kids and parents. we're live in texas. and a republican congressman taking a historic stand to try to save the planet. he says it's time for a carbon"
https://archive.org/details/FOXNEWSW_20180705_190000_Shepard_Smith_Reporting#start/3154/end/3189,7/5/2018 19:52:49,FOXNEWS,Shepard Smith Reporting,FOXNEWSW_20180705_190000_Shepard_Smith_Reporting,https://archive.org/download/FOXNEWSW_20180705_190000_Shepard_Smith_Reporting/FOXNEWSW_20180705_190000_Shepard_Smith_Reporting.thumbs/FOXNEWSW_20180705_190000_Shepard_Smith_Reporting_003147.jpg,"public works. wheeler is a consider it chiropractic of nationwide limits on greenhouse gas emissions. and has supported the continued use of fossil fuels. that of course is a key push for the administration, limiting"
https://archive.org/details/FOXNEWSW_20180714_080000_Fox_and_Friends_First#start/3110/end/3145,7/14/2018 8:52:05,FOXNEWS,Fox and Friends First,FOXNEWSW_20180714_080000_Fox_and_Friends_First,https://archive.org/download/FOXNEWSW_20180714_080000_Fox_and_Friends_First/FOXNEWSW_20180714_080000_Fox_and_Friends_First.thumbs/FOXNEWSW_20180714_080000_Fox_and_Friends_First_003087.jpg,"sean: protesters? yes. i had to go out the back. i got you a souvenir. sean: you did? i do. it's very important that we have that. sean: could you sign it? absolutely! you have to remember that trump is guilty for climate"
https://archive.org/details/FOXNEWSW_20180724_190000_Shepard_Smith_Reporting#start/43/end/78,7/24/2018 19:00:58,FOXNEWS,Shepard Smith Reporting,FOXNEWSW_20180724_190000_Shepard_Smith_Reporting,https://archive.org/download/FOXNEWSW_20180724_190000_Shepard_Smith_Reporting/FOXNEWSW_20180724_190000_Shepard_Smith_Reporting.thumbs/FOXNEWSW_20180724_190000_Shepard_Smith_Reporting_000057.jpg,"to save the planet. he says it's time for a carbon tax. the republican representative of florida's 26th district joins us live. let's get to it."
https://archive.org/details/FOXNEWSW_20180714_100000_Fox_and_Friends_Saturday#start/12996/end/13031,7/14/2018 13:36:51,FOXNEWS,Fox and Friends Saturday,FOXNEWSW_20180714_100000_Fox_and_Friends_Saturday,https://archive.org/download/FOXNEWSW_20180714_100000_Fox_and_Friends_Saturday/FOXNEWSW_20180714_100000_Fox_and_Friends_Saturday.thumbs/FOXNEWSW_20180714_100000_Fox_and_Friends_Saturday_012988.jpg,"fault it's hot? no,but he vote doesn't believe in global warming. this is the base of the party. it's moving in a socialist"
https://archive.org/details/FOXNEWSW_20180714_050000_Hannity#start/2571/end/2606,7/14/2018 5:43:06,FOXNEWS,Hannity,FOXNEWSW_20180714_050000_Hannity,https://archive.org/download/FOXNEWSW_20180714_050000_Hannity/FOXNEWSW_20180714_050000_Hannity.thumbs/FOXNEWSW_20180714_050000_Hannity_002547.jpg,"that was really very, very amusing and telling. at least we now know that trump is responsible for global warming. these people, i would like to"
https://archive.org/details/FOXNEWSW_20180714_010000_Hannity#start/3110/end/3145,7/14/2018 1:52:05,FOXNEWS,Hannity,FOXNEWSW_20180714_010000_Hannity,https://archive.org/download/FOXNEWSW_20180714_010000_Hannity/FOXNEWSW_20180714_010000_Hannity.thumbs/FOXNEWSW_20180714_010000_Hannity_003087.jpg,"they gathered outside. sean: protesters? yes. i had to go out the back. i got you a souvenir. sean: you did? i do. it's very important that we have that. sean: could you sign it? absolutely! you have to remember that trump is guilty for climate"
https://archive.org/details/FOXNEWSW_20180724_190000_Shepard_Smith_Reporting#start/2607/end/2642,7/24/2018 19:43:42,FOXNEWS,Shepard Smith Reporting,FOXNEWSW_20180724_190000_Shepard_Smith_Reporting,https://archive.org/download/FOXNEWSW_20180724_190000_Shepard_Smith_Reporting/FOXNEWSW_20180724_190000_Shepard_Smith_Reporting.thumbs/FOXNEWSW_20180724_190000_Shepard_Smith_Reporting_002607.jpg,"years. a gop congressman has introduced if passed into law would fight carbon emissions by putting a price on them. a carbon tax introduced by a republican lawmaker. the bill from the florida"
https://archive.org/details/FOXNEWSW_20180714_010000_Hannity#start/2576/end/2611,7/14/2018 1:43:11,FOXNEWS,Hannity,FOXNEWSW_20180714_010000_Hannity,https://archive.org/download/FOXNEWSW_20180714_010000_Hannity/FOXNEWSW_20180714_010000_Hannity.thumbs/FOXNEWSW_20180714_010000_Hannity_002577.jpg,"amusing and telling. at least we now know that trump is responsible for global warming. these people, i would like to see at least this many brits go out and demonstration"
https://archive.org/details/FOXNEWSW_20180714_080000_Fox_and_Friends_First#start/2575/end/2610,7/14/2018 8:43:10,FOXNEWS,Fox and Friends First,FOXNEWSW_20180714_080000_Fox_and_Friends_First,https://archive.org/download/FOXNEWSW_20180714_080000_Fox_and_Friends_First/FOXNEWSW_20180714_080000_Fox_and_Friends_First.thumbs/FOXNEWSW_20180714_080000_Fox_and_Friends_First_002547.jpg,"amusing and telling. at least we now know that trump is responsible for global warming. these people, i would like to see at least this many brits go out and demonstration"
https://archive.org/details/FOXNEWSW_20180718_050000_Hannity#start/776/end/811,7/18/2018 5:13:11,FOXNEWS,Hannity,FOXNEWSW_20180718_050000_Hannity,https://archive.org/download/FOXNEWSW_20180718_050000_Hannity/FOXNEWSW_20180718_050000_Hannity.thumbs/FOXNEWSW_20180718_050000_Hannity_000778.jpg,"sean: of course he thought global warming was the big geopolitical threat. the mainstream media, remember in 2014 house intel committee chairman devin nunes sounded the alarm about russia's malicious intentions to cause chaos around"
https://archive.org/details/FOXNEWSW_20180717_050000_Hannity#start/1170/end/1205,7/17/2018 5:19:45,FOXNEWS,Hannity,FOXNEWSW_20180717_050000_Hannity,https://archive.org/download/FOXNEWSW_20180717_050000_Hannity/FOXNEWSW_20180717_050000_Hannity.thumbs/FOXNEWSW_20180717_050000_Hannity_001168.jpg,"president trump: at the very beginning, they are very important issues. to me, the most important issue is the nuclear issue. because i know president obama said that global warming is our biggest problem, and i would"
https://archive.org/details/FOXNEWSW_20180718_010000_Hannity#start/767/end/802,7/18/2018 1:13:02,FOXNEWS,Hannity,FOXNEWSW_20180718_010000_Hannity,https://archive.org/download/FOXNEWSW_20180718_010000_Hannity/FOXNEWSW_20180718_010000_Hannity.thumbs/FOXNEWSW_20180718_010000_Hannity_000748.jpg,"the 1980s are now calling to ask for their foreign policy back because the cold war has been over for 20 years. sean: he thought global warming was the big geopolitical threat. the mainstream media, remember"
https://archive.org/details/FOXNEWSW_20180728_100000_Fox_and_Friends_Saturday#start/9570/end/9605,7/28/2018 12:39:45,FOXNEWS,Fox and Friends Saturday,FOXNEWSW_20180728_100000_Fox_and_Friends_Saturday,https://archive.org/download/FOXNEWSW_20180728_100000_Fox_and_Friends_Saturday/FOXNEWSW_20180728_100000_Fox_and_Friends_Saturday.thumbs/FOXNEWSW_20180728_100000_Fox_and_Friends_Saturday_009568.jpg,"and also close some of those loopholes, that's $2 trillion right there. if we implement a carbon tax that's an additional amount of a large amount of revenue that we can have. and then the last key, which is extremely, extremely important is"
https://archive.org/details/FOXNEWSW_20180705_200000_Your_World_With_Neil_Cavuto#start/2239/end/2274,7/5/2018 20:37:34,FOXNEWS,Your World With Neil Cavuto,FOXNEWSW_20180705_200000_Your_World_With_Neil_Cavuto,https://archive.org/download/FOXNEWSW_20180705_200000_Your_World_With_Neil_Cavuto/FOXNEWSW_20180705_200000_Your_World_With_Neil_Cavuto.thumbs/FOXNEWSW_20180705_200000_Your_World_With_Neil_Cavuto_002217.jpg,"lot of people. he used to be of course somebody who worked for a senator that didn't believe in global warming. he also of course worked as a mouthpiece for a lot of the coal companies to keep them in"
https://archive.org/details/FOXNEWSW_20180704_210000_The_Five#start/522/end/557,7/4/2018 21:08:57,FOXNEWS,The Five,FOXNEWSW_20180704_210000_The_Five,https://archive.org/download/FOXNEWSW_20180704_210000_The_Five/FOXNEWSW_20180704_210000_The_Five.thumbs/FOXNEWSW_20180704_210000_The_Five_000507.jpg,"jesse: do they have fireworks in california or is it too patriotic? we used to have them and they took them away. jesse: global warming probably. juan: when i was a kid, the idea was in my mind i thought"
https://archive.org/details/FOXNEWSW_20180717_010000_Hannity#start/1178/end/1213,7/17/2018 1:19:53,FOXNEWS,Hannity,FOXNEWSW_20180717_010000_Hannity,https://archive.org/download/FOXNEWSW_20180717_010000_Hannity/FOXNEWSW_20180717_010000_Hannity.thumbs/FOXNEWSW_20180717_010000_Hannity_001168.jpg,"is the nuclear issue. because i know president obama has said that global warming is our biggest problem, and i would say that this is our biggest problem by the factor of about 5 million. the nuclear problem, we have to"
https://archive.org/details/FOXNEWSW_20180719_210000_The_Five#start/1171/end/1206,7/19/2018 21:19:46,FOXNEWS,The Five,FOXNEWSW_20180719_210000_The_Five,https://archive.org/download/FOXNEWSW_20180719_210000_The_Five/FOXNEWSW_20180719_210000_The_Five.thumbs/FOXNEWSW_20180719_210000_The_Five_001167.jpg,"with russia. they are not tough people, abby. these people won't even say it radical. they get upset when you pour water on a terrorist's face. they think global warming is a bigger threat than terrorism. they ran away and surrendered"
https://archive.org/details/FOXNEWSW_20180727_210000_The_Five#start/548/end/583,7/27/2018 21:09:23,FOXNEWS,The Five,FOXNEWSW_20180727_210000_The_Five,https://archive.org/download/FOXNEWSW_20180727_210000_The_Five/FOXNEWSW_20180727_210000_The_Five.thumbs/FOXNEWSW_20180727_210000_The_Five_000538.jpg,"but raised our corporate tax rate to 28%, which is not even as high as it was before. right. if we do those two things, and also close some of those loopholes that's $2 trillion right there. if we implement the carbon tax, that's an additional"
https://archive.org/details/FOXNEWSW_20180731_210000_The_Five#start/1349/end/1384,7/31/2018 21:22:44,FOXNEWS,The Five,FOXNEWSW_20180731_210000_The_Five,https://archive.org/download/FOXNEWSW_20180731_210000_The_Five/FOXNEWSW_20180731_210000_The_Five.thumbs/FOXNEWSW_20180731_210000_The_Five_001348.jpg,"they will raise middle-class tax brackets from 20% to 30%. they are going to take the corporate tax rate from 20% to 40% and then they are going to impose a carbon tax. then they are going to impose a 20% national sales tax."
https://archive.org/details/FOXNEWSW_20180728_100000_Fox_and_Friends_Saturday#start/5636/end/5671,7/28/2018 11:34:11,FOXNEWS,Fox and Friends Saturday,FOXNEWSW_20180728_100000_Fox_and_Friends_Saturday,https://archive.org/download/FOXNEWSW_20180728_100000_Fox_and_Friends_Saturday/FOXNEWSW_20180728_100000_Fox_and_Friends_Saturday.thumbs/FOXNEWSW_20180728_100000_Fox_and_Friends_Saturday_005608.jpg,"reverse the tax bill but raised our corporate tax rate to 28%, if we do those two things and also close some of those loopholes, that's $2 trillion right there. if we implement the carbon tax that's an additional amount of the large amount"
https://archive.org/details/FOXNEWSW_20180720_050000_Hannity#start/2660/end/2695,7/20/2018 5:44:35,FOXNEWS,Hannity,FOXNEWSW_20180720_050000_Hannity,https://archive.org/download/FOXNEWSW_20180720_050000_Hannity/FOXNEWSW_20180720_050000_Hannity.thumbs/FOXNEWSW_20180720_050000_Hannity_002638.jpg,"you did nothing until little hillary got embarrassed with e-mails that came out about chelsey and her wedding. please, you guys aren't tough. you think global warming is more of a threat than terrorism. you're afraid to pour water on terrorists' heads. you've nothing on russia."
https://archive.org/details/FOXNEWSW_20180720_010000_Hannity#start/2663/end/2698,7/20/2018 1:44:38,FOXNEWS,Hannity,FOXNEWSW_20180720_010000_Hannity,https://archive.org/download/FOXNEWSW_20180720_010000_Hannity/FOXNEWSW_20180720_010000_Hannity.thumbs/FOXNEWSW_20180720_010000_Hannity_002637.jpg,"little hillary clinton got embarrassed about some emails that came out about chelsea and her wedding. you guys are not tough, you think global warming is more of a threat than terrorism -- that's not true. you guys have done nothing on russia, now you complain because"
https://archive.org/details/FOXNEWSW_20180704_010000_Hannity#start/2436/end/2471,7/4/2018 1:40:51,FOXNEWS,Hannity,FOXNEWSW_20180704_010000_Hannity,https://archive.org/download/FOXNEWSW_20180704_010000_Hannity/FOXNEWSW_20180704_010000_Hannity.thumbs/FOXNEWSW_20180704_010000_Hannity_002428.jpg,"she loves clean water. people who protect our environment. people who believe in climate change. i would urge you to resigned."
https://archive.org/details/FOXNEWSW_20180714_080000_Fox_and_Friends_First#start/2403/end/2438,7/14/2018 8:40:18,FOXNEWS,Fox and Friends First,FOXNEWSW_20180714_080000_Fox_and_Friends_First,https://archive.org/download/FOXNEWSW_20180714_080000_Fox_and_Friends_First/FOXNEWSW_20180714_080000_Fox_and_Friends_First.thumbs/FOXNEWSW_20180714_080000_Fox_and_Friends_First_002397.jpg,"no. but he is promoting climate change. donald is not welcome. free melania. i detest trump. because of his policies and homophobia, misogyny and he is"
https://archive.org/details/FOXNEWSW_20180711_180000_The_Daily_Briefing_With_Dana_Perino#start/180/end/215,7/11/2018 18:03:15,FOXNEWS,The Daily Briefing With Dana Perino,FOXNEWSW_20180711_180000_The_Daily_Briefing_With_Dana_Perino,https://archive.org/download/FOXNEWSW_20180711_180000_The_Daily_Briefing_With_Dana_Perino/FOXNEWSW_20180711_180000_The_Daily_Briefing_With_Dana_Perino.thumbs/FOXNEWSW_20180711_180000_The_Daily_Briefing_With_Dana_Perino_000177.jpg,"this point, the disagreements we see on trade or climate change or the iran nuclear deal. we see the discussion on defense spending. the fact is that nato has been"
https://archive.org/details/FOXNEWSW_20180714_010000_Hannity#start/2405/end/2440,7/14/2018 1:40:20,FOXNEWS,Hannity,FOXNEWSW_20180714_010000_Hannity,https://archive.org/download/FOXNEWSW_20180714_010000_Hannity/FOXNEWSW_20180714_010000_Hannity.thumbs/FOXNEWSW_20180714_010000_Hannity_002397.jpg,"no. but he is promoting climate change. donald is not welcome. free melania. i detest trump. because of his policies and homophobia, misogyny and he is just two-faced."
https://archive.org/details/FOXNEWSW_20180724_190000_Shepard_Smith_Reporting#start/2646/end/2681,7/24/2018 19:44:21,FOXNEWS,Shepard Smith Reporting,FOXNEWSW_20180724_190000_Shepard_Smith_Reporting,https://archive.org/download/FOXNEWSW_20180724_190000_Shepard_Smith_Reporting/FOXNEWSW_20180724_190000_Shepard_Smith_Reporting.thumbs/FOXNEWSW_20180724_190000_Shepard_Smith_Reporting_002637.jpg,"climate change by burning fossil files. congressman curbelo joins me now. glad to have you. good to be with you. shepard: this has no chance. what's the point? we think it's an innovative"
https://archive.org/details/FOXNEWSW_20180714_100000_Fox_and_Friends_Saturday#start/5195/end/5230,7/14/2018 11:26:50,FOXNEWS,Fox and Friends Saturday,FOXNEWSW_20180714_100000_Fox_and_Friends_Saturday,https://archive.org/download/FOXNEWSW_20180714_100000_Fox_and_Friends_Saturday/FOXNEWSW_20180714_100000_Fox_and_Friends_Saturday.thumbs/FOXNEWSW_20180714_100000_Fox_and_Friends_Saturday_005188.jpg,"it's been hot this summer for a reason. you know what i mean? is it donald trump's fault it's hot? no. but i think he is promoting climate change. america, wake up. vote him out."
https://archive.org/details/FOXNEWSW_20180713_180000_The_Daily_Briefing_With_Dana_Perino#start/2031/end/2066,7/13/2018 18:34:06,FOXNEWS,The Daily Briefing With Dana Perino,FOXNEWSW_20180713_180000_The_Daily_Briefing_With_Dana_Perino,https://archive.org/download/FOXNEWSW_20180713_180000_The_Daily_Briefing_With_Dana_Perino/FOXNEWSW_20180713_180000_The_Daily_Briefing_With_Dana_Perino.thumbs/FOXNEWSW_20180713_180000_The_Daily_Briefing_With_Dana_Perino_002008.jpg,"the socialist leaders, stand up and fight for humanity. stand up and fight for climate change. stand up and fight for muslims and palestinians. it was a wide range rally and many people here for different reasons."
https://archive.org/details/FOXNEWSW_20180711_100000_FOX__Friends#start/470/end/505,7/11/2018 10:08:05,FOXNEWS,FOX  Friends,FOXNEWSW_20180711_100000_FOX__Friends,https://archive.org/download/FOXNEWSW_20180711_100000_FOX__Friends/FOXNEWSW_20180711_100000_FOX__Friends.thumbs/FOXNEWSW_20180711_100000_FOX__Friends_000448.jpg,"steve: the president and iradoesn'tagree with them on thn nuclear deal and climate change and trade war as well. it's going to be an interesting couple of days. as you know the put of the united states announces"
https://archive.org/details/FOXNEWSW_20180713_220000_Special_Report_With_Bret_Baier#start/600/end/635,7/13/2018 22:10:15,FOXNEWS,Special Report With Bret Baier,FOXNEWSW_20180713_220000_Special_Report_With_Bret_Baier,https://archive.org/download/FOXNEWSW_20180713_220000_Special_Report_With_Bret_Baier/FOXNEWSW_20180713_220000_Special_Report_With_Bret_Baier.thumbs/FOXNEWSW_20180713_220000_Special_Report_With_Bret_Baier_000597.jpg,"[unintelligible] the protest was not just about the president's visit. there were also various fights for climate change, fight for palestinian rights, fight for socialist and fight for muslim rights. this is now the biggest protest"
https://archive.org/details/FOXNEWSW_20180708_230000_Fox_News_Sunday_With_Chris_Wallace#start/3541/end/3576,7/8/2018 23:59:16,FOXNEWS,Fox News Sunday With Chris Wallace,FOXNEWSW_20180708_230000_Fox_News_Sunday_With_Chris_Wallace,https://archive.org/download/FOXNEWSW_20180708_230000_Fox_News_Sunday_With_Chris_Wallace/FOXNEWSW_20180708_230000_Fox_News_Sunday_With_Chris_Wallace.thumbs/FOXNEWSW_20180708_230000_Fox_News_Sunday_With_Chris_Wallace_003538.jpg,"climate change is happening and we need to stop it. reporter: she doesn't plan to be there for ever. ing believe congress benefits fromom having a churn of new members and ideas. iin don't see myself being here"
https://archive.org/details/FOXNEWSW_20180714_050000_Hannity#start/3122/end/3157,7/14/2018 5:52:17,FOXNEWS,Hannity,FOXNEWSW_20180714_050000_Hannity,https://archive.org/download/FOXNEWSW_20180714_050000_Hannity/FOXNEWSW_20180714_050000_Hannity.thumbs/FOXNEWSW_20180714_050000_Hannity_003117.jpg,"you have to remember that trump is guilty for climate change, torture and -- sean: every hill of -- ill of the world. 14 states have record low unemployment, for hispanic americans, african-americans, women in workplace and more jobs"
https://archive.org/details/FOXNEWSW_20180705_200000_Your_World_With_Neil_Cavuto#start/2347/end/2382,7/5/2018 20:39:22,FOXNEWS,Your World With Neil Cavuto,FOXNEWSW_20180705_200000_Your_World_With_Neil_Cavuto,https://archive.org/download/FOXNEWSW_20180705_200000_Your_World_With_Neil_Cavuto/FOXNEWSW_20180705_200000_Your_World_With_Neil_Cavuto.thumbs/FOXNEWSW_20180705_200000_Your_World_With_Neil_Cavuto_002337.jpg,"and of course look at the big picture. neil: he was a big target for many on the left, environmentalist movement, concern and skepticism about climate change. he brought the mission. he did so with great zeal. i'm wondering what little we"
https://archive.org/details/FOXNEWSW_20180714_010000_Hannity#start/1278/end/1313,7/14/2018 1:21:33,FOXNEWS,Hannity,FOXNEWSW_20180714_010000_Hannity,https://archive.org/download/FOXNEWSW_20180714_010000_Hannity/FOXNEWSW_20180714_010000_Hannity.thumbs/FOXNEWSW_20180714_010000_Hannity_001257.jpg,"anticapitalism, it's anarchists, it's my gosh, you know, they are trying to produce a program for climate change and the list goes on. being styled by the left wing media, particularly in this country, as anti-trump."
https://archive.org/details/FOXNEWSW_20180714_080000_Fox_and_Friends_First#start/1278/end/1313,7/14/2018 8:21:33,FOXNEWS,Fox and Friends First,FOXNEWSW_20180714_080000_Fox_and_Friends_First,https://archive.org/download/FOXNEWSW_20180714_080000_Fox_and_Friends_First/FOXNEWSW_20180714_080000_Fox_and_Friends_First.thumbs/FOXNEWSW_20180714_080000_Fox_and_Friends_First_001257.jpg,"anticapitalism, it's anarchists, it's my gosh, you know, they are trying to produce a program for climate change and the list goes on. being styled by the left wing media, particularly in this country, as anti-trump."
https://archive.org/details/FOXNEWSW_20180728_030000_Fox_News__Night_With_Shannon_Bream#start/3237/end/3272,7/28/2018 3:54:12,FOXNEWS,Fox News  Night With Shannon Bream,FOXNEWSW_20180728_030000_Fox_News__Night_With_Shannon_Bream,https://archive.org/download/FOXNEWSW_20180728_030000_Fox_News__Night_With_Shannon_Bream/FOXNEWSW_20180728_030000_Fox_News__Night_With_Shannon_Bream.thumbs/FOXNEWSW_20180728_030000_Fox_News__Night_With_Shannon_Bream_003117.jpg,"time now for where in the world. national geographic says it wen too far in using this video of what appears to be a polar bear dying in the canadian arctic to promote climate change. the video has been viewed 2.52 billion times."
https://archive.org/details/FOXNEWSW_20180730_210000_The_Five#start/99/end/134,7/30/2018 21:01:54,FOXNEWS,The Five,FOXNEWSW_20180730_210000_The_Five,https://archive.org/download/FOXNEWSW_20180730_210000_The_Five/FOXNEWSW_20180730_210000_The_Five.thumbs/FOXNEWSW_20180730_210000_The_Five_000087.jpg,"there is an industry selling it. the media has replaced climate change with trump change. everything that is due to term, even as life improves. we have never been in a better spot with north korea. gdp growing up, unemployment ranking."
https://archive.org/details/FOXNEWSW_20180714_100000_Fox_and_Friends_Saturday#start/5212/end/5247,7/14/2018 11:27:07,FOXNEWS,Fox and Friends Saturday,FOXNEWSW_20180714_100000_Fox_and_Friends_Saturday,https://archive.org/download/FOXNEWSW_20180714_100000_Fox_and_Friends_Saturday/FOXNEWSW_20180714_100000_Fox_and_Friends_Saturday.thumbs/FOXNEWSW_20180714_100000_Fox_and_Friends_Saturday_005188.jpg,"rachel: these vile signs and we're just here for a message of love. pete: it's hot because trump is promoting climate change. todd: have you spoken to individuals who don't necessarily have a position other than i don't like the guy. look, there is always an"
https://archive.org/details/FOXNEWSW_20180716_010000_The_Next_Revolution_With_Steve_Hilton#start/1505/end/1540,7/16/2018 1:25:20,FOXNEWS,The Next Revolution With Steve Hilton,FOXNEWSW_20180716_010000_The_Next_Revolution_With_Steve_Hilton,https://archive.org/download/FOXNEWSW_20180716_010000_The_Next_Revolution_With_Steve_Hilton/FOXNEWSW_20180716_010000_The_Next_Revolution_With_Steve_Hilton.thumbs/FOXNEWSW_20180716_010000_The_Next_Revolution_With_Steve_Hilton_001497.jpg,"pop up a failed climate change accord with the same people that are trying to pop up and have us american hard-working taxpaying dollars to subsidize other economies here and it's of the estate altogether in terms of what they are offering and it is"
https://archive.org/details/FOXNEWSW_20180714_050000_Hannity#start/1281/end/1316,7/14/2018 5:21:36,FOXNEWS,Hannity,FOXNEWSW_20180714_050000_Hannity,https://archive.org/download/FOXNEWSW_20180714_050000_Hannity/FOXNEWSW_20180714_050000_Hannity.thumbs/FOXNEWSW_20180714_050000_Hannity_001257.jpg,"it's anti-capitalism, it is anarchist. it is -- my gosh, you know, they're trying to produce a program for climate change and the list goes on. being styled by the left wing media, particularly in this country, as anti-trump. the silly thing is there are a"
https://archive.org/details/FOXNEWSW_20180713_230000_The_Story_With_Martha_MacCallum#start/1030/end/1065,7/13/2018 23:17:25,FOXNEWS,The Story With Martha MacCallum,FOXNEWSW_20180713_230000_The_Story_With_Martha_MacCallum,https://archive.org/download/FOXNEWSW_20180713_230000_The_Story_With_Martha_MacCallum/FOXNEWSW_20180713_230000_The_Story_With_Martha_MacCallum.thumbs/FOXNEWSW_20180713_230000_The_Story_With_Martha_MacCallum_001018.jpg,"completely unseatable to be president of the united states. it was a protest about many other issues though. and the crowd was led in various chants to fight against climate change. fight for palestine. fight for socialism, even fight for muslim rights. this is how the biggest protest the u.k. has seen"
https://archive.org/details/FOXNEWSW_20180701_190000_The_Journal_Editorial_Report#start/3527/end/3562,7/1/2018 19:59:02,FOXNEWS,The Journal Editorial Report,FOXNEWSW_20180701_190000_The_Journal_Editorial_Report,https://archive.org/download/FOXNEWSW_20180701_190000_The_Journal_Editorial_Report/FOXNEWSW_20180701_190000_The_Journal_Editorial_Report.thumbs/FOXNEWSW_20180701_190000_The_Journal_Editorial_Report_003508.jpg,"have a new tax law that needs implementation. cheers to the agency getting some long overdue new political leadership. alicia? a hit to the federal judge in san francisco. a bill clinton appointee. he throughout a lawsuit by san francisco and oakland against the oil companies causing climate change. the judge even went so far as to say that there have been"
https://archive.org/details/FOXNEWSW_20180722_190000_The_Journal_Editorial_Report#start/2636/end/2671,7/22/2018 19:44:11,FOXNEWS,The Journal Editorial Report,FOXNEWSW_20180722_190000_The_Journal_Editorial_Report,https://archive.org/download/FOXNEWSW_20180722_190000_The_Journal_Editorial_Report/FOXNEWSW_20180722_190000_The_Journal_Editorial_Report.thumbs/FOXNEWSW_20180722_190000_The_Journal_Editorial_Report_002637.jpg,"but i think when that happens, trump is going to wake up. now, on the european side, my question is, do the europeans get it yet? because they didn't believe that trump would pull out of the paris climate change agreement. they didn't believe he was going to pull out of the iran deal. they didn't believe he was going"
https://archive.org/details/FOXNEWSW_20180721_190000_Americas_News_HQ#start/2637/end/2672,7/21/2018 19:44:12,FOXNEWS,Americas News HQ,FOXNEWSW_20180721_190000_Americas_News_HQ,https://archive.org/download/FOXNEWSW_20180721_190000_Americas_News_HQ/FOXNEWSW_20180721_190000_Americas_News_HQ.thumbs/FOXNEWSW_20180721_190000_Americas_News_HQ_002637.jpg,"but i think when that happens, trump is going to wake up. now, on the european side, my question is, do the europeans get it yet? because they didn't believe that trump would pull out of the paris climate change agreement. they didn't believe he was going to pull out of the iran deal. they didn't believe he was going to put tariffs on."
