﻿URL,MatchDateTime,Station,Show,IAShowID,IAPreviewThumb,Snippet
https://archive.org/details/FOXNEWSW_20180106_010000_Tucker_Carlson_Tonight#start/1479/end/1514,1/6/2018 1:24:54,FOXNEWS,Tucker Carlson Tonight,FOXNEWSW_20180106_010000_Tucker_Carlson_Tonight,https://archive.org/download/FOXNEWSW_20180106_010000_Tucker_Carlson_Tonight/FOXNEWSW_20180106_010000_Tucker_Carlson_Tonight.thumbs/FOXNEWSW_20180106_010000_Tucker_Carlson_Tonight_001468.jpg,"then three years later we had the record snow last winter. another effect of global warming. in the same period they wrote that the overabundance of ice is a sign of global warming"
https://archive.org/details/FOXNEWSW_20180125_090000_Fox_and_Friends_First#start/494/end/529,1/25/2018 9:08:29,FOXNEWS,Fox and Friends First,FOXNEWSW_20180125_090000_Fox_and_Friends_First,https://archive.org/download/FOXNEWSW_20180125_090000_Fox_and_Friends_First/FOXNEWSW_20180125_090000_Fox_and_Friends_First.thumbs/FOXNEWSW_20180125_090000_Fox_and_Friends_First_000478.jpg,"joking about donald trump at the office. for sure when you look outside it is hard to believe in global warming."
https://archive.org/details/FOXNEWSW_20180106_050000_Tucker_Carlson_Tonight#start/1471/end/1506,1/6/2018 5:24:46,FOXNEWS,Tucker Carlson Tonight,FOXNEWSW_20180106_050000_Tucker_Carlson_Tonight,https://archive.org/download/FOXNEWSW_20180106_050000_Tucker_Carlson_Tonight/FOXNEWSW_20180106_050000_Tucker_Carlson_Tonight.thumbs/FOXNEWSW_20180106_050000_Tucker_Carlson_Tonight_001467.jpg,"four years ago the 'new york times' did a piece that i remember reading predicted -- i'm quoting -- the deathmb of snow. global warming was going to end snow. then three years later we hadng the record snow last winter. another effect of global warming."
https://archive.org/details/FOXNEWSW_20180111_100000_Fox_and_Friends_First#start/1489/end/1524,1/11/2018 10:25:04,FOXNEWS,Fox and Friends First,FOXNEWSW_20180111_100000_Fox_and_Friends_First,https://archive.org/download/FOXNEWSW_20180111_100000_Fox_and_Friends_First/FOXNEWSW_20180111_100000_Fox_and_Friends_First.thumbs/FOXNEWSW_20180111_100000_Fox_and_Friends_First_001467.jpg,"support. silver patriots is just a hunch but i'm willing to bet your life show isn't powered by wind or solar. fighting global warming by"
https://archive.org/details/FOXNEWSW_20180125_100000_Fox_and_Friends_First#start/509/end/544,1/25/2018 10:08:44,FOXNEWS,Fox and Friends First,FOXNEWSW_20180125_100000_Fox_and_Friends_First,https://archive.org/download/FOXNEWSW_20180125_100000_Fox_and_Friends_First/FOXNEWSW_20180125_100000_Fox_and_Friends_First.thumbs/FOXNEWSW_20180125_100000_Fox_and_Friends_First_000507.jpg,"president at davos. when you look outside, it could be hard to believe in global warming. obviously you didn't invite anybody skeptical of global"
https://archive.org/details/FOXNEWSW_20180101_150000_Americas_News_HQ#start/4700/end/4735,1/1/2018 16:18:35,FOXNEWS,Americas News HQ,FOXNEWSW_20180101_150000_Americas_News_HQ,https://archive.org/download/FOXNEWSW_20180101_150000_Americas_News_HQ/FOXNEWSW_20180101_150000_Americas_News_HQ.thumbs/FOXNEWSW_20180101_150000_Americas_News_HQ_004678.jpg,"irrelevant. let's look at the polling now and where you are on climate change is where you are on everything else. democrats view priorities, healthcare, 28% say environment and climate change is top"
https://archive.org/details/FOXNEWSW_20180125_010000_Tucker_Carlson_Tonight#start/2452/end/2487,1/25/2018 1:41:07,FOXNEWS,Tucker Carlson Tonight,FOXNEWSW_20180125_010000_Tucker_Carlson_Tonight,https://archive.org/download/FOXNEWSW_20180125_010000_Tucker_Carlson_Tonight/FOXNEWSW_20180125_010000_Tucker_Carlson_Tonight.thumbs/FOXNEWSW_20180125_010000_Tucker_Carlson_Tonight_002427.jpg,"private jets but how could that be? thanks for coming on. thank you for having me. tucker: it is one of those stories i couldn't resist. it seems to me if you really believe that global warming is"
https://archive.org/details/FOXNEWSW_20180118_050000_Tucker_Carlson_Tonight#start/2989/end/3024,1/18/2018 5:50:04,FOXNEWS,Tucker Carlson Tonight,FOXNEWSW_20180118_050000_Tucker_Carlson_Tonight,https://archive.org/download/FOXNEWSW_20180118_050000_Tucker_Carlson_Tonight/FOXNEWSW_20180118_050000_Tucker_Carlson_Tonight.thumbs/FOXNEWSW_20180118_050000_Tucker_Carlson_Tonight_002967.jpg,"homicide, that makes me less believable. a totally does. i don't think climate change is being framed in moral terms, it is being put into practical, pragmatic terms. we are facing a cataclysmic climate change."
https://archive.org/details/FOXNEWSW_20180129_050000_The_Next_Revolution_With_Steve_Hilton#start/67/end/102,1/29/2018 5:01:22,FOXNEWS,The Next Revolution With Steve Hilton,FOXNEWSW_20180129_050000_The_Next_Revolution_With_Steve_Hilton,https://archive.org/download/FOXNEWSW_20180129_050000_The_Next_Revolution_With_Steve_Hilton/FOXNEWSW_20180129_050000_The_Next_Revolution_With_Steve_Hilton.thumbs/FOXNEWSW_20180129_050000_The_Next_Revolution_With_Steve_Hilton_000057.jpg,"broke the camel's back. davos is the event when billionaires fly in to pontificate on climate change."
https://archive.org/details/FOXNEWSW_20180106_050000_Tucker_Carlson_Tonight#start/1221/end/1256,1/6/2018 5:20:36,FOXNEWS,Tucker Carlson Tonight,FOXNEWSW_20180106_050000_Tucker_Carlson_Tonight,https://archive.org/download/FOXNEWSW_20180106_050000_Tucker_Carlson_Tonight/FOXNEWSW_20180106_050000_Tucker_Carlson_Tonight.thumbs/FOXNEWSW_20180106_050000_Tucker_Carlson_Tonight_001197.jpg,"the speed that climate change is happening is caused by humans. instead of happening on time scales of millions of years or happening on a time scale of decades and now years. climate change is a"
https://archive.org/details/FOXNEWSW_20180106_010000_Tucker_Carlson_Tonight#start/1201/end/1236,1/6/2018 1:20:16,FOXNEWS,Tucker Carlson Tonight,FOXNEWSW_20180106_010000_Tucker_Carlson_Tonight,https://archive.org/download/FOXNEWSW_20180106_010000_Tucker_Carlson_Tonight/FOXNEWSW_20180106_010000_Tucker_Carlson_Tonight.thumbs/FOXNEWSW_20180106_010000_Tucker_Carlson_Tonight_001138.jpg,"tucker: so we are in the middle of something called the 'bomb cyclone.' weather event. not sure who came up with it. or what it means but it sent temperatures plunging all over the country. the severe cold prompted assertions it's the product of global warming."
https://archive.org/details/FOXNEWSW_20180118_050000_Tucker_Carlson_Tonight#start/2593/end/2628,1/18/2018 5:43:28,FOXNEWS,Tucker Carlson Tonight,FOXNEWSW_20180118_050000_Tucker_Carlson_Tonight,https://archive.org/download/FOXNEWSW_20180118_050000_Tucker_Carlson_Tonight/FOXNEWSW_20180118_050000_Tucker_Carlson_Tonight.thumbs/FOXNEWSW_20180118_050000_Tucker_Carlson_Tonight_002577.jpg,"tucker: wow. we may be living in different worlds. christy, thank you for joining us. bill de blasio's regime and new york is suing oil companies over climate change. we'll talk to an activist who says it is okay to break the law to fight climate change."
https://archive.org/details/FOXNEWSW_20180125_220000_The_Five#start/2564/end/2599,1/25/2018 22:42:59,FOXNEWS,The Five,FOXNEWSW_20180125_220000_The_Five,https://archive.org/download/FOXNEWSW_20180125_220000_The_Five/FOXNEWSW_20180125_220000_The_Five.thumbs/FOXNEWSW_20180125_220000_The_Five_002548.jpg,"just hold on. i wouldn't put it past the palestinians to make that up in order to get attention. juan: you've got a lot of angles here. anyway, did you have a sandwich for lunch today? you may be destroying the planet, you. according to some global warming"
https://archive.org/details/FOXNEWSW_20180110_170000_Outnumbered#start/3206/end/3241,1/10/2018 17:53:41,FOXNEWS,Outnumbered,FOXNEWSW_20180110_170000_Outnumbered,https://archive.org/download/FOXNEWSW_20180110_170000_Outnumbered/FOXNEWSW_20180110_170000_Outnumbered.thumbs/FOXNEWSW_20180110_170000_Outnumbered_003207.jpg,"that right man made global warming, how much of a factor it is actually a subject of some disagreement. there is no substantive disagreement that there is climate change. how many man's role goes into climate change is a matter of some dispute. when google gets into saying"
https://archive.org/details/FOXNEWSW_20180101_150000_Americas_News_HQ#start/4655/end/4690,1/1/2018 16:17:50,FOXNEWS,Americas News HQ,FOXNEWSW_20180101_150000_Americas_News_HQ,https://archive.org/download/FOXNEWSW_20180101_150000_Americas_News_HQ/FOXNEWSW_20180101_150000_Americas_News_HQ.thumbs/FOXNEWSW_20180101_150000_Americas_News_HQ_004648.jpg,"ridiculous this whole debate has become. it is not a scientific debate anymore, it's a political debate. after a year of being told by the climate propaganda that every extreme weather event is due to climate change."
https://archive.org/details/FOXNEWSW_20180118_010000_Tucker_Carlson_Tonight#start/2977/end/3012,1/18/2018 1:49:52,FOXNEWS,Tucker Carlson Tonight,FOXNEWSW_20180118_010000_Tucker_Carlson_Tonight,https://archive.org/download/FOXNEWSW_20180118_010000_Tucker_Carlson_Tonight/FOXNEWSW_20180118_010000_Tucker_Carlson_Tonight.thumbs/FOXNEWSW_20180118_010000_Tucker_Carlson_Tonight_002968.jpg,"person whoo's frame little debate in moral terms if he falls so far short f i'm a shoexman for peta but operate a slaughter house on the side i'm less believable. that makes sense. i don't think climate change is"
https://archive.org/details/FOXNEWSW_20180107_100000_Fox_Report_Saturday#start/2468/end/2503,1/7/2018 10:41:23,FOXNEWS,Fox Report Saturday,FOXNEWSW_20180107_100000_Fox_Report_Saturday,https://archive.org/download/FOXNEWSW_20180107_100000_Fox_Report_Saturday/FOXNEWSW_20180107_100000_Fox_Report_Saturday.thumbs/FOXNEWSW_20180107_100000_Fox_Report_Saturday_002457.jpg,"off-limits. this is an opportunity to open up more of the areas to supply growing demand. they ready have this to opposing the state of california. environmentalists promise to fight any drilling proposal. as the western governors who accuse the president of ignoring climate change and the"
https://archive.org/details/FOXNEWSW_20180107_110000_Fox_and_Friends_Sunday#start/162/end/197,1/7/2018 11:02:57,FOXNEWS,Fox and Friends Sunday,FOXNEWSW_20180107_110000_Fox_and_Friends_Sunday,https://archive.org/download/FOXNEWSW_20180107_110000_Fox_and_Friends_Sunday/FOXNEWSW_20180107_110000_Fox_and_Friends_Sunday.thumbs/FOXNEWSW_20180107_110000_Fox_and_Friends_Sunday_000147.jpg,"enough. trade you president trump should take credit for accomplishing global warming. global warming, done. president trump eradicated it. griff: that did not stop president trump from fighting"
https://archive.org/details/FOXNEWSW_20180125_010000_Tucker_Carlson_Tonight#start/2517/end/2552,1/25/2018 1:42:12,FOXNEWS,Tucker Carlson Tonight,FOXNEWSW_20180125_010000_Tucker_Carlson_Tonight,https://archive.org/download/FOXNEWSW_20180125_010000_Tucker_Carlson_Tonight/FOXNEWSW_20180125_010000_Tucker_Carlson_Tonight.thumbs/FOXNEWSW_20180125_010000_Tucker_Carlson_Tonight_002517.jpg,"so 10x. how is that justifiable if you believe that global warming is real and present danger? do you believe that global warming is real and present danger? if you don't, what is the point -- tucker: here is exactly the point. the people who are flying into"
https://archive.org/details/FOXNEWSW_20180106_050000_Tucker_Carlson_Tonight#start/1489/end/1524,1/6/2018 5:25:04,FOXNEWS,Tucker Carlson Tonight,FOXNEWSW_20180106_050000_Tucker_Carlson_Tonight,https://archive.org/download/FOXNEWSW_20180106_050000_Tucker_Carlson_Tonight/FOXNEWSW_20180106_050000_Tucker_Carlson_Tonight.thumbs/FOXNEWSW_20180106_050000_Tucker_Carlson_Tonight_001467.jpg,"in the same period they wrote that the overabundance of ice is a sign of global warming and now look of ice is global warming. three years later, the sale lack of ice. what you are saying is not true. tucker: it isel true."
https://archive.org/details/FOXNEWSW_20180130_190000_The_Daily_Briefing_With_Dana_Perino#start/3058/end/3093,1/30/2018 19:51:13,FOXNEWS,The Daily Briefing With Dana Perino,FOXNEWSW_20180130_190000_The_Daily_Briefing_With_Dana_Perino,https://archive.org/download/FOXNEWSW_20180130_190000_The_Daily_Briefing_With_Dana_Perino/FOXNEWSW_20180130_190000_The_Daily_Briefing_With_Dana_Perino.thumbs/FOXNEWSW_20180130_190000_The_Daily_Briefing_With_Dana_Perino_003058.jpg,"change, keeping led out of drinking water, greenhouse gas emissions. he joins us now and that's whae should expect for the state of the union address."
https://archive.org/details/FOXNEWSW_20180125_050000_Tucker_Carlson_Tonight#start/2481/end/2516,1/25/2018 5:41:36,FOXNEWS,Tucker Carlson Tonight,FOXNEWSW_20180125_050000_Tucker_Carlson_Tonight,https://archive.org/download/FOXNEWSW_20180125_050000_Tucker_Carlson_Tonight/FOXNEWSW_20180125_050000_Tucker_Carlson_Tonight.thumbs/FOXNEWSW_20180125_050000_Tucker_Carlson_Tonight_002457.jpg,"flying in these planes? if you want to put things in context, all of the air travel for everybody going to davos equals about one second of total annual global emissions. tucker: i guess it depends on how you look at it. i'm not insisting people don't travel because of global"
https://archive.org/details/FOXNEWSW_20180118_010000_Tucker_Carlson_Tonight#start/2603/end/2638,1/18/2018 1:43:38,FOXNEWS,Tucker Carlson Tonight,FOXNEWSW_20180118_010000_Tucker_Carlson_Tonight,https://archive.org/download/FOXNEWSW_20180118_010000_Tucker_Carlson_Tonight/FOXNEWSW_20180118_010000_Tucker_Carlson_Tonight.thumbs/FOXNEWSW_20180118_010000_Tucker_Carlson_Tonight_002578.jpg,"over climate change. an activist that says it's okay to break the law to fight climate change. hey, need fast heartburn relief? try cool mint zantac."
https://archive.org/details/FOXNEWSW_20180106_010000_Tucker_Carlson_Tonight#start/1018/end/1053,1/6/2018 1:17:13,FOXNEWS,Tucker Carlson Tonight,FOXNEWSW_20180106_010000_Tucker_Carlson_Tonight,https://archive.org/download/FOXNEWSW_20180106_010000_Tucker_Carlson_Tonight/FOXNEWSW_20180106_010000_Tucker_Carlson_Tonight.thumbs/FOXNEWSW_20180106_010000_Tucker_Carlson_Tonight_000988.jpg,"global warming is real. is it? when you have a cold. .stuff happens. shut down cold symptoms fast."
https://archive.org/details/FOXNEWSW_20180118_010000_Tucker_Carlson_Tonight#start/2884/end/2919,1/18/2018 1:48:19,FOXNEWS,Tucker Carlson Tonight,FOXNEWSW_20180118_010000_Tucker_Carlson_Tonight,https://archive.org/download/FOXNEWSW_20180118_010000_Tucker_Carlson_Tonight/FOXNEWSW_20180118_010000_Tucker_Carlson_Tonight.thumbs/FOXNEWSW_20180118_010000_Tucker_Carlson_Tonight_002878.jpg,"companies over climate change. putting other people's money where his mouth is. ken says it's okay to break the law for the sake of climate change. thanks for being on. thanks for having me."
https://archive.org/details/FOXNEWSW_20180126_010000_Tucker_Carlson_Tonight#start/1934/end/1969,1/26/2018 1:32:29,FOXNEWS,Tucker Carlson Tonight,FOXNEWSW_20180126_010000_Tucker_Carlson_Tonight,https://archive.org/download/FOXNEWSW_20180126_010000_Tucker_Carlson_Tonight/FOXNEWSW_20180126_010000_Tucker_Carlson_Tonight.thumbs/FOXNEWSW_20180126_010000_Tucker_Carlson_Tonight_001918.jpg,"you said hamburgers cause global warming. every time you eat a sausage and egg mcmuffin a polar bear loses"
https://archive.org/details/FOXNEWSW_20180125_100000_Fox_and_Friends_First#start/1175/end/1210,1/25/2018 10:19:50,FOXNEWS,Fox and Friends First,FOXNEWSW_20180125_100000_Fox_and_Friends_First,https://archive.org/download/FOXNEWSW_20180125_100000_Fox_and_Friends_First/FOXNEWSW_20180125_100000_Fox_and_Friends_First.thumbs/FOXNEWSW_20180125_100000_Fox_and_Friends_First_001167.jpg,"about migrants and refugees, he doesn't like the paris agreement, doesn't have a religious attachment to climate change fixing climate change, doesn't mean they don't care about the united states because they care about the things like"
https://archive.org/details/FOXNEWSW_20180101_150000_Americas_News_HQ#start/4730/end/4765,1/1/2018 16:19:05,FOXNEWS,Americas News HQ,FOXNEWSW_20180101_150000_Americas_News_HQ,https://archive.org/download/FOXNEWSW_20180101_150000_Americas_News_HQ/FOXNEWSW_20180101_150000_Americas_News_HQ.thumbs/FOXNEWSW_20180101_150000_Americas_News_HQ_004708.jpg,"being among them, again climate change is number four with only 18% of people saying that's the most important thing. right. you know, the issue of climate change in the environment has never been a leading issue. leland: it may not have been"
https://archive.org/details/FOXNEWSW_20180106_050000_Tucker_Carlson_Tonight#start/1283/end/1318,1/6/2018 5:21:38,FOXNEWS,Tucker Carlson Tonight,FOXNEWSW_20180106_050000_Tucker_Carlson_Tonight,https://archive.org/download/FOXNEWSW_20180106_050000_Tucker_Carlson_Tonight/FOXNEWSW_20180106_050000_Tucker_Carlson_Tonight.thumbs/FOXNEWSW_20180106_050000_Tucker_Carlson_Tonight_001257.jpg,"is making the climate hotter. question is, is there any weather phenomenon that doesn't prove global warming. a documentary director and environmental activists"
https://archive.org/details/FOXNEWSW_20180130_190000_The_Daily_Briefing_With_Dana_Perino#start/3043/end/3078,1/30/2018 19:50:58,FOXNEWS,The Daily Briefing With Dana Perino,FOXNEWSW_20180130_190000_The_Daily_Briefing_With_Dana_Perino,https://archive.org/download/FOXNEWSW_20180130_190000_The_Daily_Briefing_With_Dana_Perino/FOXNEWSW_20180130_190000_The_Daily_Briefing_With_Dana_Perino.thumbs/FOXNEWSW_20180130_190000_The_Daily_Briefing_With_Dana_Perino_003028.jpg,"38 minutes to send out the false alarm message. hawaii's governor will release results in a press conference later today. that's why we are learning more. epa administrator scott pruitt on capitol hill today, testifying before a senate committee on issues like climate"
https://archive.org/details/FOXNEWSW_20180126_050000_Tucker_Carlson_Tonight#start/1938/end/1973,1/26/2018 5:32:33,FOXNEWS,Tucker Carlson Tonight,FOXNEWSW_20180126_050000_Tucker_Carlson_Tonight,https://archive.org/download/FOXNEWSW_20180126_050000_Tucker_Carlson_Tonight/FOXNEWSW_20180126_050000_Tucker_Carlson_Tonight.thumbs/FOXNEWSW_20180126_050000_Tucker_Carlson_Tonight_001918.jpg,"mcmuffin, a polar bear loses its art slow. apparently the sandwiches are responsible for global warming. as far as -- as bad as it is,"
https://archive.org/details/FOXNEWSW_20180127_050000_Tucker_Carlson_Tonight#start/1728/end/1763,1/27/2018 5:29:03,FOXNEWS,Tucker Carlson Tonight,FOXNEWSW_20180127_050000_Tucker_Carlson_Tonight,https://archive.org/download/FOXNEWSW_20180127_050000_Tucker_Carlson_Tonight/FOXNEWSW_20180127_050000_Tucker_Carlson_Tonight.thumbs/FOXNEWSW_20180127_050000_Tucker_Carlson_Tonight_001708.jpg,"global warming. it is one that they feel is central but doesn't rate for those making under 50 grand. do they care about the daca"
https://archive.org/details/FOXNEWSW_20180126_010000_Tucker_Carlson_Tonight#start/1955/end/1990,1/26/2018 1:32:50,FOXNEWS,Tucker Carlson Tonight,FOXNEWSW_20180126_010000_Tucker_Carlson_Tonight,https://archive.org/download/FOXNEWSW_20180126_010000_Tucker_Carlson_Tonight/FOXNEWSW_20180126_010000_Tucker_Carlson_Tonight.thumbs/FOXNEWSW_20180126_010000_Tucker_Carlson_Tonight_001948.jpg,"its ice flote so the entire planet could be kaput because that causes global warming. tucker: next january, you and i are going. let's do a show."
https://archive.org/details/FOXNEWSW_20180101_150000_Americas_News_HQ#start/4544/end/4579,1/1/2018 16:15:59,FOXNEWS,Americas News HQ,FOXNEWSW_20180101_150000_Americas_News_HQ,https://archive.org/download/FOXNEWSW_20180101_150000_Americas_News_HQ/FOXNEWSW_20180101_150000_Americas_News_HQ.thumbs/FOXNEWSW_20180101_150000_Americas_News_HQ_004528.jpg,"in the east it could be the coldest new year's eve on record. maybe we could use global warming that our country was going to protect against."
https://archive.org/details/FOXNEWSW_20180109_030000_The_Ingraham_Angle#start/1261/end/1296,1/9/2018 3:21:16,FOXNEWS,The Ingraham Angle,FOXNEWSW_20180109_030000_The_Ingraham_Angle,https://archive.org/download/FOXNEWSW_20180109_030000_The_Ingraham_Angle/FOXNEWSW_20180109_030000_The_Ingraham_Angle.thumbs/FOXNEWSW_20180109_030000_The_Ingraham_Angle_001257.jpg,"insane by the left who is screaming at the sky, who is wearing hats with genitalia. bernie sanders thinks global warming is more of a threat than isis."
https://archive.org/details/FOXNEWSW_20180109_070000_The_Ingraham_Angle#start/1261/end/1296,1/9/2018 7:21:16,FOXNEWS,The Ingraham Angle,FOXNEWSW_20180109_070000_The_Ingraham_Angle,https://archive.org/download/FOXNEWSW_20180109_070000_The_Ingraham_Angle/FOXNEWSW_20180109_070000_The_Ingraham_Angle.thumbs/FOXNEWSW_20180109_070000_The_Ingraham_Angle_001258.jpg,"insane by the left who is screaming at the sky, who is wearing hats with genitalia. bernie sanders thinks global warming is more of a threat than isis."
https://archive.org/details/FOXNEWSW_20180126_050000_Tucker_Carlson_Tonight#start/1529/end/1564,1/26/2018 5:25:44,FOXNEWS,Tucker Carlson Tonight,FOXNEWSW_20180126_050000_Tucker_Carlson_Tonight,https://archive.org/download/FOXNEWSW_20180126_050000_Tucker_Carlson_Tonight/FOXNEWSW_20180126_050000_Tucker_Carlson_Tonight.thumbs/FOXNEWSW_20180126_050000_Tucker_Carlson_Tonight_001468.jpg,"how they can make you pay for global warming. mark steyn is here to assess the irony. next time, i want you on my bowling team. [ laughs ] rodney. bowling. classic.                 _"
https://archive.org/details/FOXNEWSW_20180110_100000_Fox_and_Friends_First#start/3131/end/3166,1/10/2018 10:52:26,FOXNEWS,Fox and Friends First,FOXNEWSW_20180110_100000_Fox_and_Friends_First,https://archive.org/download/FOXNEWSW_20180110_100000_Fox_and_Friends_First/FOXNEWSW_20180110_100000_Fox_and_Friends_First.thumbs/FOXNEWSW_20180110_100000_Fox_and_Friends_First_003117.jpg,"she's accused of stealing thousands of dollars from fema after superstorm sandy. two month to save kids from global warming according to washington's democratic governor j and lee urging lawmakers to"
https://archive.org/details/FOXNEWSW_20180115_190000_The_Daily_Briefing_With_Dana_Perino#start/610/end/645,1/15/2018 19:10:25,FOXNEWS,The Daily Briefing With Dana Perino,FOXNEWSW_20180115_190000_The_Daily_Briefing_With_Dana_Perino,https://archive.org/download/FOXNEWSW_20180115_190000_The_Daily_Briefing_With_Dana_Perino/FOXNEWSW_20180115_190000_The_Daily_Briefing_With_Dana_Perino.thumbs/FOXNEWSW_20180115_190000_The_Daily_Briefing_With_Dana_Perino_000597.jpg,"globalism. so whether you talk about jerusalem or talk about paris accord, global warming, yes, ttp. there's so many issues where the world economic forum crowd is just strongly opposed -- i would            _"
https://archive.org/details/FOXNEWSW_20180125_220000_The_Five#start/2944/end/2979,1/25/2018 22:49:19,FOXNEWS,The Five,FOXNEWSW_20180125_220000_The_Five,https://archive.org/download/FOXNEWSW_20180125_220000_The_Five/FOXNEWSW_20180125_220000_The_Five.thumbs/FOXNEWSW_20180125_220000_The_Five_002938.jpg,"they are saying it causes global warming, all of it. it's unbelievable to me. what about the children, jesse? eat sandwiches. jesse: do it for the kids. don't touch the lunchables."
https://archive.org/details/FOXNEWSW_20180125_050000_Tucker_Carlson_Tonight#start/2202/end/2237,1/25/2018 5:36:57,FOXNEWS,Tucker Carlson Tonight,FOXNEWSW_20180125_050000_Tucker_Carlson_Tonight,https://archive.org/download/FOXNEWSW_20180125_050000_Tucker_Carlson_Tonight/FOXNEWSW_20180125_050000_Tucker_Carlson_Tonight.thumbs/FOXNEWSW_20180125_050000_Tucker_Carlson_Tonight_002157.jpg,"global warming, of course. your electricity bills goes up to offset their private jets. quite a deal. more on that next. (vo) i was born during. the winter of '77."
https://archive.org/details/FOXNEWSW_20180125_010000_Tucker_Carlson_Tonight#start/2497/end/2532,1/25/2018 1:41:52,FOXNEWS,Tucker Carlson Tonight,FOXNEWSW_20180125_010000_Tucker_Carlson_Tonight,https://archive.org/download/FOXNEWSW_20180125_010000_Tucker_Carlson_Tonight/FOXNEWSW_20180125_010000_Tucker_Carlson_Tonight.thumbs/FOXNEWSW_20180125_010000_Tucker_Carlson_Tonight_002487.jpg,"travel because of global warming. so if you fly in a private plane for ten hours, you are using 3264 liters of fuel. if you fly commercial, you're using 346 liters of fuel."
https://archive.org/details/FOXNEWSW_20180129_050000_The_Next_Revolution_With_Steve_Hilton#start/3587/end/3622,1/29/2018 6:00:02,FOXNEWS,The Next Revolution With Steve Hilton,FOXNEWSW_20180129_050000_The_Next_Revolution_With_Steve_Hilton,https://archive.org/download/FOXNEWSW_20180129_050000_The_Next_Revolution_With_Steve_Hilton/FOXNEWSW_20180129_050000_The_Next_Revolution_With_Steve_Hilton.thumbs/FOXNEWSW_20180129_050000_The_Next_Revolution_With_Steve_Hilton_003567.jpg,"scandal. we bring you a populist take on the vital story. we found a connection. they're flying on their jets and contributing to global warming but what they decided they really needed was camels."
https://archive.org/details/FOXNEWSW_20180103_110000_FOX__Friends#start/0/end/35,1/3/2018 11:00:15,FOXNEWS,FOX  Friends,FOXNEWSW_20180103_110000_FOX__Friends,https://archive.org/download/FOXNEWSW_20180103_110000_FOX__Friends/FOXNEWSW_20180103_110000_FOX__Friends.thumbs/FOXNEWSW_20180103_110000_FOX__Friends_000058.jpg,"scientists predicting the chocolate supply will melt away boo 2050 and they are blaming global warming. rob: not a chance. a passenger let's itself out of the emergency exit. another man claims he was"
https://archive.org/details/FOXNEWSW_20180106_010000_Tucker_Carlson_Tonight#start/1373/end/1408,1/6/2018 1:23:08,FOXNEWS,Tucker Carlson Tonight,FOXNEWSW_20180106_010000_Tucker_Carlson_Tonight,https://archive.org/download/FOXNEWSW_20180106_010000_Tucker_Carlson_Tonight/FOXNEWSW_20180106_010000_Tucker_Carlson_Tonight.thumbs/FOXNEWSW_20180106_010000_Tucker_Carlson_Tonight_001348.jpg,"don't patronize me. give me a straight answer. i was told for the last 15 years that global warming, the main result was higher temperatures. we are seeing higher temperatures. tucker: but if this turns"
https://archive.org/details/FOXNEWSW_20180111_100000_Fox_and_Friends_First#start/713/end/748,1/11/2018 10:12:08,FOXNEWS,Fox and Friends First,FOXNEWSW_20180111_100000_Fox_and_Friends_First,https://archive.org/download/FOXNEWSW_20180111_100000_Fox_and_Friends_First/FOXNEWSW_20180111_100000_Fox_and_Friends_First.thumbs/FOXNEWSW_20180111_100000_Fox_and_Friends_First_000687.jpg,"jillian: bill diblasio bragging about going green but global warming advocates are not buying it, we will tell you about it. .isn't it time to let the real you shine through? maybe it's time for otezla (apremilast)."
https://archive.org/details/FOXNEWSW_20180113_160000_Forbes_on_Fox#start/1236/end/1271,1/13/2018 16:20:51,FOXNEWS,Forbes on Fox,FOXNEWSW_20180113_160000_Forbes_on_Fox,https://archive.org/download/FOXNEWSW_20180113_160000_Forbes_on_Fox/FOXNEWSW_20180113_160000_Forbes_on_Fox.thumbs/FOXNEWSW_20180113_160000_Forbes_on_Fox_001107.jpg,"cause more damages. there's more coming up next. new york city mayor bill deblasio insists there's global warming and now he's suing about it. but is his target right on or way off base? we're goi."
https://archive.org/details/FOXNEWSW_20180117_220000_The_Five#start/3550/end/3585,1/17/2018 22:59:25,FOXNEWS,The Five,FOXNEWSW_20180117_220000_The_Five,https://archive.org/download/FOXNEWSW_20180117_220000_The_Five/FOXNEWSW_20180117_220000_The_Five.thumbs/FOXNEWSW_20180117_220000_The_Five_003537.jpg,"let's hope it's not a smash hit. katie: global warming, i tell you. the 2010 winter olympics are coming up soon in south korea and four members of the american men's bobsled team are actually american military members."
https://archive.org/details/FOXNEWSW_20180126_110000_FOX__Friends#start/6517/end/6552,1/26/2018 12:48:52,FOXNEWS,FOX  Friends,FOXNEWSW_20180126_110000_FOX__Friends,https://archive.org/download/FOXNEWSW_20180126_110000_FOX__Friends/FOXNEWSW_20180126_110000_FOX__Friends.thumbs/FOXNEWSW_20180126_110000_FOX__Friends_006508.jpg,"jetting around the globe on his state department 747 lecturing everyone on global warming and you know, now, he is yesterday's news. just hanging out at one of his, you know, second wife's first husband's trust funds"
https://archive.org/details/FOXNEWSW_20180125_090000_Fox_and_Friends_First#start/512/end/547,1/25/2018 9:08:47,FOXNEWS,Fox and Friends First,FOXNEWSW_20180125_090000_Fox_and_Friends_First,https://archive.org/download/FOXNEWSW_20180125_090000_Fox_and_Friends_First/FOXNEWSW_20180125_090000_Fox_and_Friends_First.thumbs/FOXNEWSW_20180125_090000_Fox_and_Friends_First_000508.jpg,"obviously you didn't invite anybody skeptical with global warming this year. donald trump will have supporters, he will meet with israeli prime minister benjamin and yahoo today and will discuss iran and the middle east peace"
https://archive.org/details/FOXNEWSW_20180125_050000_Tucker_Carlson_Tonight#start/2515/end/2550,1/25/2018 5:42:10,FOXNEWS,Tucker Carlson Tonight,FOXNEWSW_20180125_050000_Tucker_Carlson_Tonight,https://archive.org/download/FOXNEWSW_20180125_050000_Tucker_Carlson_Tonight/FOXNEWSW_20180125_050000_Tucker_Carlson_Tonight.thumbs/FOXNEWSW_20180125_050000_Tucker_Carlson_Tonight_002487.jpg,"how is that justifiable if you believe that global warming is real and a present danger? do you believe that global d warming is real and a present danger? if you don't, what is the point of discussing?"
https://archive.org/details/FOXNEWSW_20180127_010000_Tucker_Carlson_Tonight#start/1716/end/1751,1/27/2018 1:28:51,FOXNEWS,Tucker Carlson Tonight,FOXNEWSW_20180127_010000_Tucker_Carlson_Tonight,https://archive.org/download/FOXNEWSW_20180127_010000_Tucker_Carlson_Tonight/FOXNEWSW_20180127_010000_Tucker_Carlson_Tonight.thumbs/FOXNEWSW_20180127_010000_Tucker_Carlson_Tonight_001707.jpg,"issue once gay people came to grips with it. gutierrez argument is sort of one of essentially class. tucker: that's exact way how i read it and it's not just a gay marriage. global warming for example that"
https://archive.org/details/FOXNEWSW_20180126_010000_Tucker_Carlson_Tonight#start/1713/end/1748,1/26/2018 1:28:48,FOXNEWS,Tucker Carlson Tonight,FOXNEWSW_20180126_010000_Tucker_Carlson_Tonight,https://archive.org/download/FOXNEWSW_20180126_010000_Tucker_Carlson_Tonight/FOXNEWSW_20180126_010000_Tucker_Carlson_Tonight.thumbs/FOXNEWSW_20180126_010000_Tucker_Carlson_Tonight_001678.jpg,"forum in davos, switzerland is going on as we speak. you weren't invited. 1000 private jets have showed up spewing vast amounts of carbon. despite this, global warming is a big topic in davos why it"
https://archive.org/details/FOXNEWSW_20180103_100000_Fox_and_Friends_First#start/3607/end/3642,1/3/2018 11:00:22,FOXNEWS,Fox and Friends First,FOXNEWSW_20180103_100000_Fox_and_Friends_First,https://archive.org/download/FOXNEWSW_20180103_100000_Fox_and_Friends_First/FOXNEWSW_20180103_100000_Fox_and_Friends_First.thumbs/FOXNEWSW_20180103_100000_Fox_and_Friends_First_003598.jpg,"blaming global warming. rob: not a chance. a passenger let's itself out of the emergency exit. another man claims he was having asthma attack. had to get off. bye. white house meeting with congressional leaders too"
https://archive.org/details/FOXNEWSW_20180106_050000_Tucker_Carlson_Tonight#start/1266/end/1301,1/6/2018 5:21:21,FOXNEWS,Tucker Carlson Tonight,FOXNEWSW_20180106_050000_Tucker_Carlson_Tonight,https://archive.org/download/FOXNEWSW_20180106_050000_Tucker_Carlson_Tonight/FOXNEWSW_20180106_050000_Tucker_Carlson_Tonight.thumbs/FOXNEWSW_20180106_050000_Tucker_Carlson_Tonight_001257.jpg,"years. tucker: if you are keeping track at home, low temperatures are proof of global warming and high temperatures and hurricanes are, and droughts are too. hot or cold, wet or dry, all of it is proof human activity"
https://archive.org/details/FOXNEWSW_20180106_010000_Tucker_Carlson_Tonight#start/21/end/56,1/6/2018 1:00:36,FOXNEWS,Tucker Carlson Tonight,FOXNEWSW_20180106_010000_Tucker_Carlson_Tonight,https://archive.org/download/FOXNEWSW_20180106_010000_Tucker_Carlson_Tonight/FOXNEWSW_20180106_010000_Tucker_Carlson_Tonight.thumbs/FOXNEWSW_20180106_010000_Tucker_Carlson_Tonight_000028.jpg,"tonight.' the weather system known as the bomb cyclone spread its tent cans all over the -- tentacles all over the country. the severe lows are present to you as proof of global warming. we'll have more on that later."
https://archive.org/details/FOXNEWSW_20180106_010000_Tucker_Carlson_Tonight#start/1279/end/1314,1/6/2018 1:21:34,FOXNEWS,Tucker Carlson Tonight,FOXNEWSW_20180106_010000_Tucker_Carlson_Tonight,https://archive.org/download/FOXNEWSW_20180106_010000_Tucker_Carlson_Tonight/FOXNEWSW_20180106_010000_Tucker_Carlson_Tonight.thumbs/FOXNEWSW_20180106_010000_Tucker_Carlson_Tonight_001258.jpg,"hot or cold, wet or dry, all of it is proof human activity is making the climate hotter. question is, is there any weather phenomenon that doesn't prove global warming. a documentary director and environmental activists and"
https://archive.org/details/FOXNEWSW_20180108_220000_The_Five#start/1358/end/1393,1/8/2018 22:22:53,FOXNEWS,The Five,FOXNEWSW_20180108_220000_The_Five,https://archive.org/download/FOXNEWSW_20180108_220000_The_Five/FOXNEWSW_20180108_220000_The_Five.thumbs/FOXNEWSW_20180108_220000_The_Five_001348.jpg,"kimberly. you know what i think it's crazy, when people say global warming is a greater threat than isis. that i think is mentally insane. kimberly: that is definitely disturbed. i like what alan dershowitz have to say. politically oppose someone."
https://archive.org/details/FOXNEWSW_20180116_080000_Fox_News__Night#start/1968/end/2003,1/16/2018 8:33:03,FOXNEWS,Fox News  Night,FOXNEWSW_20180116_080000_Fox_News__Night,https://archive.org/download/FOXNEWSW_20180116_080000_Fox_News__Night/FOXNEWSW_20180116_080000_Fox_News__Night.thumbs/FOXNEWSW_20180116_080000_Fox_News__Night_001947.jpg,"civil rights. naacp officials say to fully achieve dr. king's vision we must defeat global warming. if the media's latest they get first lady melania trump, some of her dresses are foreign-made, not america first. a feature by the"
https://archive.org/details/FOXNEWSW_20180126_050000_Tucker_Carlson_Tonight#start/1722/end/1757,1/26/2018 5:28:57,FOXNEWS,Tucker Carlson Tonight,FOXNEWSW_20180126_050000_Tucker_Carlson_Tonight,https://archive.org/download/FOXNEWSW_20180126_050000_Tucker_Carlson_Tonight/FOXNEWSW_20180126_050000_Tucker_Carlson_Tonight.thumbs/FOXNEWSW_20180126_050000_Tucker_Carlson_Tonight_001708.jpg,"spewing vast amounts of carbon into the atmosphere. despiteca this, global warming s of course a big topic in davos, as it always is when rich people gather. many attendees, including al gore, claiming we need drastic worldwide action to save the planet."
https://archive.org/details/FOXNEWSW_20180126_050000_Tucker_Carlson_Tonight#start/1931/end/1966,1/26/2018 5:32:26,FOXNEWS,Tucker Carlson Tonight,FOXNEWSW_20180126_050000_Tucker_Carlson_Tonight,https://archive.org/download/FOXNEWSW_20180126_050000_Tucker_Carlson_Tonight/FOXNEWSW_20180126_050000_Tucker_Carlson_Tonight.thumbs/FOXNEWSW_20180126_050000_Tucker_Carlson_Tonight_001918.jpg,"business leaders. at heart, it is an antidemocratic bias. you mentioned that hamburgers caused global warming. i did not believe it. it turns out that if you eat a breakfast sandwich from mcdonald's -- every time you eat a sausage and egg"
https://archive.org/details/FOXNEWSW_20180125_010000_Tucker_Carlson_Tonight#start/2169/end/2204,1/25/2018 1:36:24,FOXNEWS,Tucker Carlson Tonight,FOXNEWSW_20180125_010000_Tucker_Carlson_Tonight,https://archive.org/download/FOXNEWSW_20180125_010000_Tucker_Carlson_Tonight/FOXNEWSW_20180125_010000_Tucker_Carlson_Tonight.thumbs/FOXNEWSW_20180125_010000_Tucker_Carlson_Tonight_002157.jpg,"thank you. thank you. tucker: more than 1000 private jets are assembling in davos switzerland. what is on the agenda? global warming, of course. your electricity goes up to offset their private jets. quite a deal. more on that next."
https://archive.org/details/FOXNEWSW_20180126_010000_Tucker_Carlson_Tonight#start/1604/end/1639,1/26/2018 1:26:59,FOXNEWS,Tucker Carlson Tonight,FOXNEWSW_20180126_010000_Tucker_Carlson_Tonight,https://archive.org/download/FOXNEWSW_20180126_010000_Tucker_Carlson_Tonight/FOXNEWSW_20180126_010000_Tucker_Carlson_Tonight.thumbs/FOXNEWSW_20180126_010000_Tucker_Carlson_Tonight_001468.jpg,"switzerland to discuss how they can make you pay for global warming. irony alert in the background, mark stein is here to assess it. talsee if lyrica can help. for singing definitely dry mouth has been a problem for me."
https://archive.org/details/FOXNEWSW_20180126_090000_Fox_and_Friends_First#start/2947/end/2982,1/26/2018 9:49:22,FOXNEWS,Fox and Friends First,FOXNEWSW_20180126_090000_Fox_and_Friends_First,https://archive.org/download/FOXNEWSW_20180126_090000_Fox_and_Friends_First/FOXNEWSW_20180126_090000_Fox_and_Friends_First.thumbs/FOXNEWSW_20180126_090000_Fox_and_Friends_First_002727.jpg,"ryan morrow says it is all just a dream for democrats and you might want to skip that sandwich at lunch. apparently they are causing global warming. the college will take $55000, handing out pocket constitutions. under arrest for trespassing."
https://archive.org/details/FOXNEWSW_20180106_010000_Tucker_Carlson_Tonight#start/1263/end/1298,1/6/2018 1:21:18,FOXNEWS,Tucker Carlson Tonight,FOXNEWSW_20180106_010000_Tucker_Carlson_Tonight,https://archive.org/download/FOXNEWSW_20180106_010000_Tucker_Carlson_Tonight/FOXNEWSW_20180106_010000_Tucker_Carlson_Tonight.thumbs/FOXNEWSW_20180106_010000_Tucker_Carlson_Tonight_001258.jpg,"some of the summer months could be completely ice free within the next five to seven years. tucker: if you are keeping track at home, low temperatures are proof of global warming and high temperatures and hurricanes are, and droughts are too."
https://archive.org/details/FOXNEWSW_20180106_010000_Tucker_Carlson_Tonight#start/1309/end/1344,1/6/2018 1:22:04,FOXNEWS,Tucker Carlson Tonight,FOXNEWSW_20180106_010000_Tucker_Carlson_Tonight,https://archive.org/download/FOXNEWSW_20180106_010000_Tucker_Carlson_Tonight/FOXNEWSW_20180106_010000_Tucker_Carlson_Tonight.thumbs/FOXNEWSW_20180106_010000_Tucker_Carlson_Tonight_001288.jpg,"i believe in science. okay. i think evidence should lead to conclusion, not the other way around. why wouldn't i be a little bit confused if people say that hot temperatures are sign of global warming. now they say cold temperatures"
https://archive.org/details/FOXNEWSW_20180106_010000_Tucker_Carlson_Tonight#start/1465/end/1500,1/6/2018 1:24:40,FOXNEWS,Tucker Carlson Tonight,FOXNEWSW_20180106_010000_Tucker_Carlson_Tonight,https://archive.org/download/FOXNEWSW_20180106_010000_Tucker_Carlson_Tonight/FOXNEWSW_20180106_010000_Tucker_Carlson_Tonight.thumbs/FOXNEWSW_20180106_010000_Tucker_Carlson_Tonight_001438.jpg,"you are filibusters because you are fearful of answering a straightforward question. here is one. four years ago the 'new york times' did a piece that i remember reading predicted -- i'm quoting -- the death of snow. global warming was going to end snow."
https://archive.org/details/FOXNEWSW_20180106_150000_Bulls__Bears#start/959/end/994,1/6/2018 15:16:14,FOXNEWS,Bulls  Bears,FOXNEWSW_20180106_150000_Bulls__Bears,https://archive.org/download/FOXNEWSW_20180106_150000_Bulls__Bears/FOXNEWSW_20180106_150000_Bulls__Bears.thumbs/FOXNEWSW_20180106_150000_Bulls__Bears_000958.jpg,"warm earlier this season. yes, we were gearing up for global warming a little cold in florida gary it's frozen trees down here it's really cold. [laughter] i will say look yes there's going to be serious short-term"
https://archive.org/details/FOXNEWSW_20180129_020000_The_Next_Revolution_With_Steve_Hilton#start/3596/end/3631,1/29/2018 3:00:11,FOXNEWS,The Next Revolution With Steve Hilton,FOXNEWSW_20180129_020000_The_Next_Revolution_With_Steve_Hilton,https://archive.org/download/FOXNEWSW_20180129_020000_The_Next_Revolution_With_Steve_Hilton/FOXNEWSW_20180129_020000_The_Next_Revolution_With_Steve_Hilton.thumbs/FOXNEWSW_20180129_020000_The_Next_Revolution_With_Steve_Hilton_003597.jpg,"they're flying on their jets and contributing to global warming but what they decided they really needed was camels. there they are. this is how ridiculous it is. it's a symbol of the most ludicrous event. thanks for being with us. join us next sunday when the"
https://archive.org/details/FOXNEWSW_20180124_230000_Special_Report_With_Bret_Baier#start/3222/end/3257,1/24/2018 23:53:57,FOXNEWS,Special Report With Bret Baier,FOXNEWSW_20180124_230000_Special_Report_With_Bret_Baier,https://archive.org/download/FOXNEWSW_20180124_230000_Special_Report_With_Bret_Baier/FOXNEWSW_20180124_230000_Special_Report_With_Bret_Baier.thumbs/FOXNEWSW_20180124_230000_Special_Report_With_Bret_Baier_003207.jpg,"creation, wages. he is going to talk about all that and he is going to bask. some of their admiration of him because a lot of them will say it's terrible what he thinks about global warming or his ideas on protectionism are no"
https://archive.org/details/FOXNEWSW_20180106_050000_Tucker_Carlson_Tonight#start/1205/end/1240,1/6/2018 5:20:20,FOXNEWS,Tucker Carlson Tonight,FOXNEWSW_20180106_050000_Tucker_Carlson_Tonight,https://archive.org/download/FOXNEWSW_20180106_050000_Tucker_Carlson_Tonight/FOXNEWSW_20180106_050000_Tucker_Carlson_Tonight.thumbs/FOXNEWSW_20180106_050000_Tucker_Carlson_Tonight_001197.jpg,"not sure who came up with it. or what it means but it sent temperatures plunging all over the country. the severe cold prompted cold prompteds the product of assertions it's the product of global warming. it's a recurring theme in american life in recent years."
https://archive.org/details/FOXNEWSW_20180106_050000_Tucker_Carlson_Tonight#start/1377/end/1412,1/6/2018 5:23:12,FOXNEWS,Tucker Carlson Tonight,FOXNEWSW_20180106_050000_Tucker_Carlson_Tonight,https://archive.org/download/FOXNEWSW_20180106_050000_Tucker_Carlson_Tonight/FOXNEWSW_20180106_050000_Tucker_Carlson_Tonight.thumbs/FOXNEWSW_20180106_050000_Tucker_Carlson_Tonight_001377.jpg,"give me a straight answer. i was told for the last 15 years that global warming, the main result was higher temperatures. we are seeing higher temperatures. tucker: but if this turns out to be an unusually coldur year and it looks like itd may -- no.       _"
https://archive.org/details/FOXNEWSW_20180118_010000_Tucker_Carlson_Tonight#start/2992/end/3027,1/18/2018 1:50:07,FOXNEWS,Tucker Carlson Tonight,FOXNEWSW_20180118_010000_Tucker_Carlson_Tonight,https://archive.org/download/FOXNEWSW_20180118_010000_Tucker_Carlson_Tonight/FOXNEWSW_20180118_010000_Tucker_Carlson_Tonight.thumbs/FOXNEWSW_20180118_010000_Tucker_Carlson_Tonight_002968.jpg,"framed in moral terms. it's put in practical, pragmatic terms. we're facing the cataclysmic climate change. that has moral implications but"
https://archive.org/details/FOXNEWSW_20180114_020000_Justice_With_Judge_Jeanine#start/372/end/407,1/14/2018 2:06:27,FOXNEWS,Justice With Judge Jeanine,FOXNEWSW_20180114_020000_Justice_With_Judge_Jeanine,https://archive.org/download/FOXNEWSW_20180114_020000_Justice_With_Judge_Jeanine/FOXNEWSW_20180114_020000_Justice_With_Judge_Jeanine.thumbs/FOXNEWSW_20180114_020000_Justice_With_Judge_Jeanine_000357.jpg,"or gave $200 million to the plo and $4 million to the plo to study climate change. where were they when hezbollah"
https://archive.org/details/FOXNEWSW_20180114_080000_Justice_With_Judge_Jeanine#start/372/end/407,1/14/2018 8:06:27,FOXNEWS,Justice With Judge Jeanine,FOXNEWSW_20180114_080000_Justice_With_Judge_Jeanine,https://archive.org/download/FOXNEWSW_20180114_080000_Justice_With_Judge_Jeanine/FOXNEWSW_20180114_080000_Justice_With_Judge_Jeanine.thumbs/FOXNEWSW_20180114_080000_Justice_With_Judge_Jeanine_000357.jpg,"or gave $200 million to the plo and $4 million to the plo to study climate change. where were they when hezbollah"
https://archive.org/details/FOXNEWSW_20180114_050000_Justice_With_Judge_Jeanine#start/372/end/407,1/14/2018 5:06:27,FOXNEWS,Justice With Judge Jeanine,FOXNEWSW_20180114_050000_Justice_With_Judge_Jeanine,https://archive.org/download/FOXNEWSW_20180114_050000_Justice_With_Judge_Jeanine/FOXNEWSW_20180114_050000_Justice_With_Judge_Jeanine.thumbs/FOXNEWSW_20180114_050000_Justice_With_Judge_Jeanine_000357.jpg,"or gave $200 million to the plo and $4 million to the plo to study climate change. where were they when hezbollah"
https://archive.org/details/FOXNEWSW_20180116_040000_Fox_News__Night#start/1972/end/2007,1/16/2018 4:33:07,FOXNEWS,Fox News  Night,FOXNEWSW_20180116_040000_Fox_News__Night,https://archive.org/download/FOXNEWSW_20180116_040000_Fox_News__Night/FOXNEWSW_20180116_040000_Fox_News__Night.thumbs/FOXNEWSW_20180116_040000_Fox_News__Night_001947.jpg,"naacp officials say to fully achieve dr. king's vision we must defeat global warming. if the media's latest they get first lady melania trump, some of her dresses are foreign-made, not america first. a feature by the associated press has said since most of her clothes are made by"
https://archive.org/details/FOXNEWSW_20180125_010000_Tucker_Carlson_Tonight#start/2436/end/2471,1/25/2018 1:40:51,FOXNEWS,Tucker Carlson Tonight,FOXNEWSW_20180125_010000_Tucker_Carlson_Tonight,https://archive.org/download/FOXNEWSW_20180125_010000_Tucker_Carlson_Tonight/FOXNEWSW_20180125_010000_Tucker_Carlson_Tonight.thumbs/FOXNEWSW_20180125_010000_Tucker_Carlson_Tonight_002367.jpg,"headed to davos, resort town in switzerland, for the world economic forum. that happened about 60 seconds ago. one of the biggest topics as global warming, but that comes with a huge helping of irony dripping all over it. the climate cognoscenti of davos are arriving in more than 1000"
https://archive.org/details/FOXNEWSW_20180125_050000_Tucker_Carlson_Tonight#start/2450/end/2485,1/25/2018 5:41:05,FOXNEWS,Tucker Carlson Tonight,FOXNEWSW_20180125_050000_Tucker_Carlson_Tonight,https://archive.org/download/FOXNEWSW_20180125_050000_Tucker_Carlson_Tonight/FOXNEWSW_20180125_050000_Tucker_Carlson_Tonight.thumbs/FOXNEWSW_20180125_050000_Tucker_Carlson_Tonight_002427.jpg,"private jets but how could that be? the founding editor of climate progress joins us tonight. thanks for coming on. thank you for having me. tucker: it is one of those stories i couldn't resist. it seems to me if you really believe that global warming is an existential threat to"
https://archive.org/details/FOXNEWSW_20180125_050000_Tucker_Carlson_Tonight#start/2577/end/2612,1/25/2018 5:43:12,FOXNEWS,Tucker Carlson Tonight,FOXNEWSW_20180125_050000_Tucker_Carlson_Tonight,https://archive.org/download/FOXNEWSW_20180125_050000_Tucker_Carlson_Tonight/FOXNEWSW_20180125_050000_Tucker_Carlson_Tonight.thumbs/FOXNEWSW_20180125_050000_Tucker_Carlson_Tonight_002577.jpg,"tucker: that is not true, having traveled around the world and seen countless tire fires in progress in downtowns around the world, you can talk -- and this is my point. you can talk all you want about global warming as a threat, but if you're letting tire fires go"
https://archive.org/details/FOXNEWSW_20180106_050000_Tucker_Carlson_Tonight#start/1017/end/1052,1/6/2018 5:17:12,FOXNEWS,Tucker Carlson Tonight,FOXNEWSW_20180106_050000_Tucker_Carlson_Tonight,https://archive.org/download/FOXNEWSW_20180106_050000_Tucker_Carlson_Tonight/FOXNEWSW_20180106_050000_Tucker_Carlson_Tonight.thumbs/FOXNEWSW_20180106_050000_Tucker_Carlson_Tonight_000987.jpg,"plus we will ask activists why they say every type of weather is proof that global warming is real. is it?. ok, so with the award-winning geico mobile app, our customers have 24/7 access, digital id cards, they can even pay their bill- (beep) bill has joined the call."
https://archive.org/details/FOXNEWSW_20180106_010000_Tucker_Carlson_Tonight#start/1495/end/1530,1/6/2018 1:25:10,FOXNEWS,Tucker Carlson Tonight,FOXNEWSW_20180106_010000_Tucker_Carlson_Tonight,https://archive.org/download/FOXNEWSW_20180106_010000_Tucker_Carlson_Tonight/FOXNEWSW_20180106_010000_Tucker_Carlson_Tonight.thumbs/FOXNEWSW_20180106_010000_Tucker_Carlson_Tonight_001468.jpg,"and now look of ice is global warming. what you are saying is not true. it is true. it's not true. let me tell you something. tucker: what is not true about it? let me tell you why i care about this. i just spent the entire christmas holiday on"
https://archive.org/details/FOXNEWSW_20180125_050000_Tucker_Carlson_Tonight#start/2434/end/2469,1/25/2018 5:40:49,FOXNEWS,Tucker Carlson Tonight,FOXNEWSW_20180125_050000_Tucker_Carlson_Tonight,https://archive.org/download/FOXNEWSW_20180125_050000_Tucker_Carlson_Tonight/FOXNEWSW_20180125_050000_Tucker_Carlson_Tonight.thumbs/FOXNEWSW_20180125_050000_Tucker_Carlson_Tonight_002337.jpg,"just boarded air force one, headed to davos, resort town in switzerland, for the worldnt economic forum. that happened about 60 seconds ago. one of the biggest topics is global warming, but that comes with a huge helping of irony dripping all over it. the climate cognoscenti of davos are arriving in more than 1000"
https://archive.org/details/FOXNEWSW_20180106_010000_Tucker_Carlson_Tonight#start/1449/end/1484,1/6/2018 1:24:24,FOXNEWS,Tucker Carlson Tonight,FOXNEWSW_20180106_010000_Tucker_Carlson_Tonight,https://archive.org/download/FOXNEWSW_20180106_010000_Tucker_Carlson_Tonight/FOXNEWSW_20180106_010000_Tucker_Carlson_Tonight.thumbs/FOXNEWSW_20180106_010000_Tucker_Carlson_Tonight_001438.jpg,"average. that means when you talk about global warming, you look at the entire globe. not just new york city. tucker: i get it. oh, i live in new york city. it's cold in new york city. that is not an argument. that is why the farmer's almanac goes back. tucker: i get it."
https://archive.org/details/FOXNEWSW_20180126_100000_Fox_and_Friends_First#start/0/end/33,1/26/2018 10:00:13,FOXNEWS,Fox and Friends First,FOXNEWSW_20180126_100000_Fox_and_Friends_First,https://archive.org/download/FOXNEWSW_20180126_100000_Fox_and_Friends_First/FOXNEWSW_20180126_100000_Fox_and_Friends_First.thumbs/FOXNEWSW_20180126_100000_Fox_and_Friends_First_000058.jpg,"packaging contribute to climate change and carbon emissions was the worst offender, prepackaged breakfast sandwiches with egg, bacon and sausage. that wraps up this hour at 'fox"
https://archive.org/details/FOXNEWSW_20180126_090000_Fox_and_Friends_First#start/3587/end/3622,1/26/2018 10:00:02,FOXNEWS,Fox and Friends First,FOXNEWSW_20180126_090000_Fox_and_Friends_First,https://archive.org/download/FOXNEWSW_20180126_090000_Fox_and_Friends_First/FOXNEWSW_20180126_090000_Fox_and_Friends_First.thumbs/FOXNEWSW_20180126_090000_Fox_and_Friends_First_003567.jpg,"sounds crazy but this is the greatest sandwich in the world. heather: sandwiches. scientists saying ingredient and packaging contribute to climate change and carbon emissions was"
https://archive.org/details/FOXNEWSW_20180124_230000_Special_Report_With_Bret_Baier#start/3038/end/3073,1/24/2018 23:50:53,FOXNEWS,Special Report With Bret Baier,FOXNEWSW_20180124_230000_Special_Report_With_Bret_Baier,https://archive.org/download/FOXNEWSW_20180124_230000_Special_Report_With_Bret_Baier/FOXNEWSW_20180124_230000_Special_Report_With_Bret_Baier.thumbs/FOXNEWSW_20180124_230000_Special_Report_With_Bret_Baier_003027.jpg,"streets. they are worried donald trump is going to make a joke about 6 feet of snow when they are talking about global warming. but it's a big part of his agenda to work on making the united states competitive and being there for the global forum might be a good way to put his best foot forward."
https://archive.org/details/FOXNEWSW_20180125_010000_Tucker_Carlson_Tonight#start/2583/end/2618,1/25/2018 1:43:18,FOXNEWS,Tucker Carlson Tonight,FOXNEWSW_20180125_010000_Tucker_Carlson_Tonight,https://archive.org/download/FOXNEWSW_20180125_010000_Tucker_Carlson_Tonight/FOXNEWSW_20180125_010000_Tucker_Carlson_Tonight.thumbs/FOXNEWSW_20180125_010000_Tucker_Carlson_Tonight_002577.jpg,"traveled around the world and seen countless tire fires and progress in downtowns around the world, you can talk -- and this is my point. you can talk all we want about global warming as a threat, but if you're the entire fires go burn in the middle of your city and your flying on a private"
https://archive.org/details/FOXNEWSW_20180125_220000_The_Five#start/2865/end/2900,1/25/2018 22:48:00,FOXNEWS,The Five,FOXNEWSW_20180125_220000_The_Five,https://archive.org/download/FOXNEWSW_20180125_220000_The_Five/FOXNEWSW_20180125_220000_The_Five.thumbs/FOXNEWSW_20180125_220000_The_Five_002848.jpg,"out of the donald trump playbook and try to figure out a way to make the art of the deal. there are a lot of conservatives, sprint took a surprising number that support the idea of a carbon tax. if they were to do that, these other things they want to do that would hurt the things people are trying to sell for"
https://archive.org/details/FOXNEWSW_20180131_090000_Fox_and_Friends_First#start/2245/end/2280,1/31/2018 9:37:40,FOXNEWS,Fox and Friends First,FOXNEWSW_20180131_090000_Fox_and_Friends_First,https://archive.org/download/FOXNEWSW_20180131_090000_Fox_and_Friends_First/FOXNEWSW_20180131_090000_Fox_and_Friends_First.thumbs/FOXNEWSW_20180131_090000_Fox_and_Friends_First_002247.jpg,"that was a bad speech because he didn't talk about climate change. and i just talked about, not trying to get worked up this morning. what i am saying is politicians"
https://archive.org/details/FOXNEWSW_20180103_110000_FOX__Friends#start/5114/end/5149,1/3/2018 12:25:29,FOXNEWS,FOX  Friends,FOXNEWSW_20180103_110000_FOX__Friends,https://archive.org/download/FOXNEWSW_20180103_110000_FOX__Friends/FOXNEWSW_20180103_110000_FOX__Friends.thumbs/FOXNEWSW_20180103_110000_FOX__Friends_005098.jpg,"will melt away. what? why was this not the lead story? scientists say climate change is threatening to shrink rain forests where cocoa beans grow and that's where chocolate melts."
https://archive.org/details/FOXNEWSW_20180106_010000_Tucker_Carlson_Tonight#start/1244/end/1279,1/6/2018 1:20:59,FOXNEWS,Tucker Carlson Tonight,FOXNEWSW_20180106_010000_Tucker_Carlson_Tonight,https://archive.org/download/FOXNEWSW_20180106_010000_Tucker_Carlson_Tonight/FOXNEWSW_20180106_010000_Tucker_Carlson_Tonight.thumbs/FOXNEWSW_20180106_010000_Tucker_Carlson_Tonight_001228.jpg,"temperatures we have seen on record? it seems that climate change is happening faster than we thought and maybe we're more vulnerable than we thought. the entire north pole in"
https://archive.org/details/FOXNEWSW_20180118_020000_Hannity#start/121/end/156,1/18/2018 2:02:16,FOXNEWS,Hannity,FOXNEWSW_20180118_020000_Hannity,https://archive.org/download/FOXNEWSW_20180118_020000_Hannity/FOXNEWSW_20180118_020000_Hannity.thumbs/FOXNEWSW_20180118_020000_Hannity_000118.jpg,"claiming on front page that this white house hidden a climate change report. that was not true. number 9 cnn falsely reporting former fbi director james comey would the claim he was"
https://archive.org/details/FOXNEWSW_20180110_100000_Fox_and_Friends_First#start/2813/end/2848,1/10/2018 10:47:08,FOXNEWS,Fox and Friends First,FOXNEWSW_20180110_100000_Fox_and_Friends_First,https://archive.org/download/FOXNEWSW_20180110_100000_Fox_and_Friends_First/FOXNEWSW_20180110_100000_Fox_and_Friends_First.thumbs/FOXNEWSW_20180110_100000_Fox_and_Friends_First_002787.jpg,"went to school and raise the price of a hamburger a dollar at mcdonald's closes. jillian: thank you for joining us this morning. crying wolf on climate change the democratic governor giving"
https://archive.org/details/FOXNEWSW_20180101_150000_Americas_News_HQ#start/4364/end/4399,1/1/2018 16:12:59,FOXNEWS,Americas News HQ,FOXNEWSW_20180101_150000_Americas_News_HQ,https://archive.org/download/FOXNEWSW_20180101_150000_Americas_News_HQ/FOXNEWSW_20180101_150000_Americas_News_HQ.thumbs/FOXNEWSW_20180101_150000_Americas_News_HQ_004348.jpg,"harassment claims in the workplace. plus president trump and elizabeth warren debating climate change politics on twitter as an arctic blast covers much of the country. so is this a winning strategy"
https://archive.org/details/FOXNEWSW_20180131_100000_Fox_and_Friends_First#start/610/end/645,1/31/2018 10:10:25,FOXNEWS,Fox and Friends First,FOXNEWSW_20180131_100000_Fox_and_Friends_First,https://archive.org/download/FOXNEWSW_20180131_100000_Fox_and_Friends_First/FOXNEWSW_20180131_100000_Fox_and_Friends_First.thumbs/FOXNEWSW_20180131_100000_Fox_and_Friends_First_000597.jpg,"that. that affects people as it does the tax-cut. democrats are complaining about climate change and donald trump is talking about real jobs and real money and wage increase and bright future and the"
https://archive.org/details/FOXNEWSW_20180101_150000_Americas_News_HQ#start/4684/end/4719,1/1/2018 16:18:19,FOXNEWS,Americas News HQ,FOXNEWSW_20180101_150000_Americas_News_HQ,https://archive.org/download/FOXNEWSW_20180101_150000_Americas_News_HQ/FOXNEWSW_20180101_150000_Americas_News_HQ.thumbs/FOXNEWSW_20180101_150000_Americas_News_HQ_004678.jpg,"headed with this debate. whether somebody believes in manmade climate change or not is kind of irrelevant. it's how we address extreme weather conditions. leland: i wonder whether you believe it or not being"
https://archive.org/details/FOXNEWSW_20180101_150000_Americas_News_HQ#start/4763/end/4798,1/1/2018 16:19:38,FOXNEWS,Americas News HQ,FOXNEWSW_20180101_150000_Americas_News_HQ,https://archive.org/download/FOXNEWSW_20180101_150000_Americas_News_HQ/FOXNEWSW_20180101_150000_Americas_News_HQ.thumbs/FOXNEWSW_20180101_150000_Americas_News_HQ_004738.jpg,"that climate change exists and manmade, but again when you focus on where i come from in the middle of the country, places like ohio, pennsylvania, michigan, west virginia that have thrived on industrial"
https://archive.org/details/FOXNEWSW_20180106_050000_Tucker_Carlson_Tonight#start/39/end/74,1/6/2018 5:00:54,FOXNEWS,Tucker Carlson Tonight,FOXNEWSW_20180106_050000_Tucker_Carlson_Tonight,https://archive.org/download/FOXNEWSW_20180106_050000_Tucker_Carlson_Tonight/FOXNEWSW_20180106_050000_Tucker_Carlson_Tonight.thumbs/FOXNEWSW_20180106_050000_Tucker_Carlson_Tonight_000057.jpg,"icy tentacles all over the -- tentacles all over the country. the severe lows are present to you as proof of global warming. we'll have more on that later. but first republicans in congress are demanding an investigation in to christopher steel, the author of the infamous trump dossier dominated politics in this country for a year. the fox chief intelligence correspondent is all over this."
https://archive.org/details/FOXNEWSW_20180106_040000_Fox_News__Night#start/3637/end/3672,1/6/2018 5:00:52,FOXNEWS,Fox News  Night,FOXNEWSW_20180106_040000_Fox_News__Night,https://archive.org/download/FOXNEWSW_20180106_040000_Fox_News__Night/FOXNEWSW_20180106_040000_Fox_News__Night.thumbs/FOXNEWSW_20180106_040000_Fox_News__Night_003628.jpg,"icy tentacles all over the -- tentacles all over the country. the severe lows are present to you as proof of global warming. we'll have more on that later. but first republicans in congress are demanding an investigation in to christopher steel, the author of the infamous trump dossier dominated politics in this country for a year. the fox chief intelligence correspondent is all over this."
https://archive.org/details/FOXNEWSW_20180118_010000_Tucker_Carlson_Tonight#start/3007/end/3042,1/18/2018 1:50:22,FOXNEWS,Tucker Carlson Tonight,FOXNEWSW_20180118_010000_Tucker_Carlson_Tonight,https://archive.org/download/FOXNEWSW_20180118_010000_Tucker_Carlson_Tonight/FOXNEWSW_20180118_010000_Tucker_Carlson_Tonight.thumbs/FOXNEWSW_20180118_010000_Tucker_Carlson_Tonight_002998.jpg,"practical living implications. tucker: right. so how is it that in pursuit of living out your opinions on climate change you believe you ought to be allowed to violate the law? i'm not sure i'd say i want"
https://archive.org/details/FOXNEWSW_20180118_050000_Tucker_Carlson_Tonight#start/3005/end/3040,1/18/2018 5:50:20,FOXNEWS,Tucker Carlson Tonight,FOXNEWSW_20180118_050000_Tucker_Carlson_Tonight,https://archive.org/download/FOXNEWSW_20180118_050000_Tucker_Carlson_Tonight/FOXNEWSW_20180118_050000_Tucker_Carlson_Tonight.thumbs/FOXNEWSW_20180118_050000_Tucker_Carlson_Tonight_002997.jpg,"it has moral implications but it's got, you know, practical living implications. tucker: right. so how is it that, in pursuit of living out your opinions on climate change, you believe you ought to be allowed to violate"
https://archive.org/details/FOXNEWSW_20180118_060000_Hannity#start/125/end/160,1/18/2018 6:02:20,FOXNEWS,Hannity,FOXNEWSW_20180118_060000_Hannity,https://archive.org/download/FOXNEWSW_20180118_060000_Hannity/FOXNEWSW_20180118_060000_Hannity.thumbs/FOXNEWSW_20180118_060000_Hannity_000118.jpg,"claiming on its front page that this white house had headed in a climate change reports. that wase. not true. number nine, cnn falsely reporting that james comey would dispute the president's claim that he had not been told -- his       _"
https://archive.org/details/FOXNEWSW_20180131_100000_Fox_and_Friends_First#start/593/end/628,1/31/2018 10:10:08,FOXNEWS,Fox and Friends First,FOXNEWSW_20180131_100000_Fox_and_Friends_First,https://archive.org/download/FOXNEWSW_20180131_100000_Fox_and_Friends_First/FOXNEWSW_20180131_100000_Fox_and_Friends_First.thumbs/FOXNEWSW_20180131_100000_Fox_and_Friends_First_000597.jpg,"people to vote and affect everybody. the problem with democrats is they are wrapped up in identity politics, bernie sanders's biggest complaint was he didn't talk about climate change, that is an issue i will give them"
https://archive.org/details/FOXNEWSW_20180130_190000_The_Daily_Briefing_With_Dana_Perino#start/3264/end/3299,1/30/2018 19:54:39,FOXNEWS,The Daily Briefing With Dana Perino,FOXNEWSW_20180130_190000_The_Daily_Briefing_With_Dana_Perino,https://archive.org/download/FOXNEWSW_20180130_190000_The_Daily_Briefing_With_Dana_Perino/FOXNEWSW_20180130_190000_The_Daily_Briefing_With_Dana_Perino.thumbs/FOXNEWSW_20180130_190000_The_Daily_Briefing_With_Dana_Perino_003238.jpg,"president will mention climate change in his address? with piers morgan, he said he's still leaving the door open to rejoin the paris accord. when the president announced he was exiting the paris accord, which is absolutely the right"
https://archive.org/details/FOXNEWSW_20180126_070000_The_Ingraham_Angle#start/511/end/546,1/26/2018 7:08:46,FOXNEWS,The Ingraham Angle,FOXNEWSW_20180126_070000_The_Ingraham_Angle,https://archive.org/download/FOXNEWSW_20180126_070000_The_Ingraham_Angle/FOXNEWSW_20180126_070000_The_Ingraham_Angle.thumbs/FOXNEWSW_20180126_070000_The_Ingraham_Angle_000508.jpg,"dismissal of the climate change dogma as the french president today or bristle if his decision to renegotiate nafta or stand up to cheating with an election will property by china and other nations. he is, undoubtedly, shaking of"
https://archive.org/details/FOXNEWSW_20180125_010000_Tucker_Carlson_Tonight#start/2612/end/2647,1/25/2018 1:43:47,FOXNEWS,Tucker Carlson Tonight,FOXNEWSW_20180125_010000_Tucker_Carlson_Tonight,https://archive.org/download/FOXNEWSW_20180125_010000_Tucker_Carlson_Tonight/FOXNEWSW_20180125_010000_Tucker_Carlson_Tonight.thumbs/FOXNEWSW_20180125_010000_Tucker_Carlson_Tonight_002607.jpg,"leader who has said, we are not going to join the rest of the world and reducing pollution. you understand that in 200 nations in paris back on december 15th, 2015, side climate change is something that"
https://archive.org/details/FOXNEWSW_20180126_090000_Fox_and_Friends_First#start/3483/end/3518,1/26/2018 9:58:18,FOXNEWS,Fox and Friends First,FOXNEWSW_20180126_090000_Fox_and_Friends_First,https://archive.org/download/FOXNEWSW_20180126_090000_Fox_and_Friends_First/FOXNEWSW_20180126_090000_Fox_and_Friends_First.thumbs/FOXNEWSW_20180126_090000_Fox_and_Friends_First_003237.jpg,"it. green energy advocates grabbing at straws, a california democrat is looking to lock up waiters and waitresses to combat climate change. heather: here is alive look in davos, switzerland where donald trump is heading to meet with"
https://archive.org/details/FOXNEWSW_20180106_010000_Tucker_Carlson_Tonight#start/1215/end/1250,1/6/2018 1:20:30,FOXNEWS,Tucker Carlson Tonight,FOXNEWSW_20180106_010000_Tucker_Carlson_Tonight,https://archive.org/download/FOXNEWSW_20180106_010000_Tucker_Carlson_Tonight/FOXNEWSW_20180106_010000_Tucker_Carlson_Tonight.thumbs/FOXNEWSW_20180106_010000_Tucker_Carlson_Tonight_001198.jpg,"it's a recurring theme in american life in recent years. the speed that climate change is happening is caused by humans. instead of happening on time scales of millions of years or let's say 15000 years it's"
https://archive.org/details/FOXNEWSW_20180106_010000_Tucker_Carlson_Tonight#start/1540/end/1575,1/6/2018 1:25:55,FOXNEWS,Tucker Carlson Tonight,FOXNEWSW_20180106_010000_Tucker_Carlson_Tonight,https://archive.org/download/FOXNEWSW_20180106_010000_Tucker_Carlson_Tonight/FOXNEWSW_20180106_010000_Tucker_Carlson_Tonight.thumbs/FOXNEWSW_20180106_010000_Tucker_Carlson_Tonight_001528.jpg,"right now is over the last decade, i haven exploring fracking and investigating climate change. why? i don't want people's children in harm's way. tucker: josh, josh, now you are making -- you are calling attention to your"
https://archive.org/details/FOXNEWSW_20180101_150000_Americas_News_HQ#start/4715/end/4750,1/1/2018 16:18:50,FOXNEWS,Americas News HQ,FOXNEWSW_20180101_150000_Americas_News_HQ,https://archive.org/download/FOXNEWSW_20180101_150000_Americas_News_HQ/FOXNEWSW_20180101_150000_Americas_News_HQ.thumbs/FOXNEWSW_20180101_150000_Americas_News_HQ_004708.jpg,"priority. republicans. climate change not even in the top four. and now we'll get to the issue of independence. if democrats want to win especially senate seats in some very contested states, west virginia, missouri, michigan"
https://archive.org/details/FOXNEWSW_20180101_150000_Americas_News_HQ#start/4839/end/4874,1/1/2018 16:20:54,FOXNEWS,Americas News HQ,FOXNEWSW_20180101_150000_Americas_News_HQ,https://archive.org/download/FOXNEWSW_20180101_150000_Americas_News_HQ/FOXNEWSW_20180101_150000_Americas_News_HQ.thumbs/FOXNEWSW_20180101_150000_Americas_News_HQ_004828.jpg,"to warn people to protect their property and get to shelters. that's where we really need to invest our money and time and stop the debates about who believes in manmade climate change. leland: i hear they're"
https://archive.org/details/FOXNEWSW_20180106_050000_Tucker_Carlson_Tonight#start/1456/end/1491,1/6/2018 5:24:31,FOXNEWS,Tucker Carlson Tonight,FOXNEWSW_20180106_050000_Tucker_Carlson_Tonight,https://archive.org/download/FOXNEWSW_20180106_050000_Tucker_Carlson_Tonight/FOXNEWSW_20180106_050000_Tucker_Carlson_Tonight.thumbs/FOXNEWSW_20180106_050000_Tucker_Carlson_Tonight_001437.jpg,"that means when you talk about global warming, you look at the entire globe. not just new york city. tucker: i get it. oh, i live in new york city. it's cold in new york city. that is not an argument. that is why the farmer's almanac goes back. tucker: i get b it. you are filibusters because you are fearful of answering a straightforward question. here is one."
https://archive.org/details/FOXNEWSW_20180118_010000_Tucker_Carlson_Tonight#start/2946/end/2981,1/18/2018 1:49:21,FOXNEWS,Tucker Carlson Tonight,FOXNEWSW_20180118_010000_Tucker_Carlson_Tonight,https://archive.org/download/FOXNEWSW_20180118_010000_Tucker_Carlson_Tonight/FOXNEWSW_20180118_010000_Tucker_Carlson_Tonight.thumbs/FOXNEWSW_20180118_010000_Tucker_Carlson_Tonight_002938.jpg,"partly can you do that by your own behaviors. that's exemplary. i would think anybody who's concerned about climate change ought to be very concerned about their own carbon impact. at the same time, we're trying to achieve political change in"
https://archive.org/details/FOXNEWSW_20180118_050000_Tucker_Carlson_Tonight#start/2927/end/2962,1/18/2018 5:49:02,FOXNEWS,Tucker Carlson Tonight,FOXNEWSW_20180118_050000_Tucker_Carlson_Tonight,https://archive.org/download/FOXNEWSW_20180118_050000_Tucker_Carlson_Tonight/FOXNEWSW_20180118_050000_Tucker_Carlson_Tonight.thumbs/FOXNEWSW_20180118_050000_Tucker_Carlson_Tonight_002907.jpg,"call himself a warrior against climate change if he uses a helicopter to get around his city when you could take public transportation? you know, you ask these kind of questions all the time. i think it is a very fair"
https://archive.org/details/FOXNEWSW_20180128_110000_Fox_and_Friends_Sunday#start/8361/end/8396,1/28/2018 13:19:36,FOXNEWS,Fox and Friends Sunday,FOXNEWSW_20180128_110000_Fox_and_Friends_Sunday,https://archive.org/download/FOXNEWSW_20180128_110000_Fox_and_Friends_Sunday/FOXNEWSW_20180128_110000_Fox_and_Friends_Sunday.thumbs/FOXNEWSW_20180128_110000_Fox_and_Friends_Sunday_008338.jpg,"you say they are being pulled to the left by billionaires like tom stier who want to talk about climate change and impeachment not wallet issues. right. every time that happens it takes time away from talking about a issue that matters."
https://archive.org/details/FOXNEWSW_20180131_100000_Fox_and_Friends_First#start/431/end/466,1/31/2018 10:07:26,FOXNEWS,Fox and Friends First,FOXNEWSW_20180131_100000_Fox_and_Friends_First,https://archive.org/download/FOXNEWSW_20180131_100000_Fox_and_Friends_First/FOXNEWSW_20180131_100000_Fox_and_Friends_First.thumbs/FOXNEWSW_20180131_100000_Fox_and_Friends_First_000417.jpg,"their future. i don't understand how a president of the united states can give a state of the union speech and not mention climate change. the american people do not want a president who is compulsively dishonest, who is a bully, who"
https://archive.org/details/FOXNEWSW_20180110_200000_Shepard_Smith_Reporting#start/1170/end/1205,1/10/2018 20:19:45,FOXNEWS,Shepard Smith Reporting,FOXNEWSW_20180110_200000_Shepard_Smith_Reporting,https://archive.org/download/FOXNEWSW_20180110_200000_Shepard_Smith_Reporting/FOXNEWSW_20180110_200000_Shepard_Smith_Reporting.thumbs/FOXNEWSW_20180110_200000_Shepard_Smith_Reporting_001167.jpg,"also in the economy, for example, by the fact that one of the big areas we are now importing in norway is electrical cars from tesla. norway is combatting climate change, it is an important issue for us, we are committed to the"
https://archive.org/details/FOXNEWSW_20180114_200000_The_Journal_Editorial_Report#start/3080/end/3115,1/14/2018 20:51:35,FOXNEWS,The Journal Editorial Report,FOXNEWSW_20180114_200000_The_Journal_Editorial_Report,https://archive.org/download/FOXNEWSW_20180114_200000_The_Journal_Editorial_Report/FOXNEWSW_20180114_200000_The_Journal_Editorial_Report.thumbs/FOXNEWSW_20180114_200000_The_Journal_Editorial_Report_003058.jpg,"base, dan, tolerate her given that her per sew that is not very i'd lodge ca and that, basically, the democratic party has moved left. what do you to do on single-payer health care or climate change. yeah. that raises the largest"
https://archive.org/details/FOXNEWSW_20180125_050000_Tucker_Carlson_Tonight#start/2610/end/2645,1/25/2018 5:43:45,FOXNEWS,Tucker Carlson Tonight,FOXNEWSW_20180125_050000_Tucker_Carlson_Tonight,https://archive.org/download/FOXNEWSW_20180125_050000_Tucker_Carlson_Tonight/FOXNEWSW_20180125_050000_Tucker_Carlson_Tonight.thumbs/FOXNEWSW_20180125_050000_Tucker_Carlson_Tonight_002607.jpg,"leader who has said, we are not going to join the rest of the world in reducing pollution. you understand that 200 nations in paris back on december 15th, 2015, said that climate change is something that we are going"
https://archive.org/details/FOXNEWSW_20180106_050000_Tucker_Carlson_Tonight#start/1328/end/1363,1/6/2018 5:22:23,FOXNEWS,Tucker Carlson Tonight,FOXNEWSW_20180106_050000_Tucker_Carlson_Tonight,https://archive.org/download/FOXNEWSW_20180106_050000_Tucker_Carlson_Tonight/FOXNEWSW_20180106_050000_Tucker_Carlson_Tonight.thumbs/FOXNEWSW_20180106_050000_Tucker_Carlson_Tonight_001317.jpg,"again, you are not really b stating it correctly. i think what people are saying about the bomb cyclone is it is a similar weather event to a hurricane. which is true. what climate change does as a result of warming is it"
https://archive.org/details/FOXNEWSW_20180101_150000_Americas_News_HQ#start/2428/end/2463,1/1/2018 15:40:43,FOXNEWS,Americas News HQ,FOXNEWSW_20180101_150000_Americas_News_HQ,https://archive.org/download/FOXNEWSW_20180101_150000_Americas_News_HQ/FOXNEWSW_20180101_150000_Americas_News_HQ.thumbs/FOXNEWSW_20180101_150000_Americas_News_HQ_002428.jpg,"'new york times' square, it was arctic. it is now the time for the debate about climate change? plus, as democrats keep talking about the chances for retaking congress in 2018, there is tough medicine that a key dem says his"
https://archive.org/details/FOXNEWSW_20180101_150000_Americas_News_HQ#start/4592/end/4627,1/1/2018 16:16:47,FOXNEWS,Americas News HQ,FOXNEWSW_20180101_150000_Americas_News_HQ,https://archive.org/download/FOXNEWSW_20180101_150000_Americas_News_HQ/FOXNEWSW_20180101_150000_Americas_News_HQ.thumbs/FOXNEWSW_20180101_150000_Americas_News_HQ_004588.jpg,"enormous amount trying to bring back a house majority in 2018. is climate change right to start pounding on? i don't think it's a winning strategy nationwide. places like ohio care more about the economy than the issue of climb ant change."
https://archive.org/details/FOXNEWSW_20180101_150000_Americas_News_HQ#start/4638/end/4673,1/1/2018 16:17:33,FOXNEWS,Americas News HQ,FOXNEWSW_20180101_150000_Americas_News_HQ,https://archive.org/download/FOXNEWSW_20180101_150000_Americas_News_HQ/FOXNEWSW_20180101_150000_Americas_News_HQ.thumbs/FOXNEWSW_20180101_150000_Americas_News_HQ_004618.jpg,"we'll get to that in a minute. first for the optics of it, julie, what do you make of president trump for lack of a better word almost mocking democrats and climate change right now? i think it just shows how"
https://archive.org/details/FOXNEWSW_20180118_050000_Tucker_Carlson_Tonight#start/2943/end/2978,1/18/2018 5:49:18,FOXNEWS,Tucker Carlson Tonight,FOXNEWSW_20180118_050000_Tucker_Carlson_Tonight,https://archive.org/download/FOXNEWSW_20180118_050000_Tucker_Carlson_Tonight/FOXNEWSW_20180118_050000_Tucker_Carlson_Tonight.thumbs/FOXNEWSW_20180118_050000_Tucker_Carlson_Tonight_002937.jpg,"question. i think we are trying to change an entire system here. partly you can do that by your own behaviors and i think that is exemplary. so yeah, i i think anybody whos concerned about climate change out to be very concerned about"
https://archive.org/details/FOXNEWSW_20180131_100000_Fox_and_Friends_First#start/633/end/668,1/31/2018 10:10:48,FOXNEWS,Fox and Friends First,FOXNEWSW_20180131_100000_Fox_and_Friends_First,https://archive.org/download/FOXNEWSW_20180131_100000_Fox_and_Friends_First/FOXNEWSW_20180131_100000_Fox_and_Friends_First.thumbs/FOXNEWSW_20180131_100000_Fox_and_Friends_First_000627.jpg,"economy taking off, voted for obama once or twice voted for donald trump in 2016 because he was addressing the need and impact in daily lives, not the climate change and what was interesting about kennedy's response was talking about fear and all these things, donald"
https://archive.org/details/FOXNEWSW_20180111_100000_Fox_and_Friends_First#start/1461/end/1496,1/11/2018 10:24:36,FOXNEWS,Fox and Friends First,FOXNEWSW_20180111_100000_Fox_and_Friends_First,https://archive.org/download/FOXNEWSW_20180111_100000_Fox_and_Friends_First/FOXNEWSW_20180111_100000_Fox_and_Friends_First.thumbs/FOXNEWSW_20180111_100000_Fox_and_Friends_First_001437.jpg,"bill diblasio has decided to battle climate change by filing a lawsuit against several major oil companies in an attempt to celebrate that move, he had the empire state building lit up green but social media was quick to point out one major flaw with"
https://archive.org/details/FOXNEWSW_20180116_040000_Fox_News__Night#start/1954/end/1989,1/16/2018 4:32:49,FOXNEWS,Fox News  Night,FOXNEWSW_20180116_040000_Fox_News__Night,https://archive.org/download/FOXNEWSW_20180116_040000_Fox_News__Night/FOXNEWSW_20180116_040000_Fox_News__Night.thumbs/FOXNEWSW_20180116_040000_Fox_News__Night_001947.jpg,"celebrate and what doctor did tell my king did to advance social justice and to try to heal the country's divisions. like many, the naacp believes there's still a lot of work to do, now pointing to climate change as the next battle for civil rights."
https://archive.org/details/FOXNEWSW_20180122_200000_Shepard_Smith_Reporting#start/631/end/666,1/22/2018 20:10:46,FOXNEWS,Shepard Smith Reporting,FOXNEWSW_20180122_200000_Shepard_Smith_Reporting,https://archive.org/download/FOXNEWSW_20180122_200000_Shepard_Smith_Reporting/FOXNEWSW_20180122_200000_Shepard_Smith_Reporting.thumbs/FOXNEWSW_20180122_200000_Shepard_Smith_Reporting_000627.jpg,"tomorrow night and i'd hate to be halfway there and find out that it's not right. it's interesting to see the reaction. he's an outlier when it comes to the general tone of a conversation like that. it's globalism, climate change, social activism, that sort of"
https://archive.org/details/FOXNEWSW_20180126_030000_The_Ingraham_Angle#start/513/end/548,1/26/2018 3:08:48,FOXNEWS,The Ingraham Angle,FOXNEWSW_20180126_030000_The_Ingraham_Angle,https://archive.org/download/FOXNEWSW_20180126_030000_The_Ingraham_Angle/FOXNEWSW_20180126_030000_The_Ingraham_Angle.thumbs/FOXNEWSW_20180126_030000_The_Ingraham_Angle_000507.jpg,"they are still upset for the dismissal of the climate change dogma as the french president today or bristle if his decision to renegotiate nafta or stand up to cheating with an election will property by china and other nations. he is, undoubtedly, shaking of"
https://archive.org/details/FOXNEWSW_20180106_010000_Tucker_Carlson_Tonight#start/1232/end/1267,1/6/2018 1:20:47,FOXNEWS,Tucker Carlson Tonight,FOXNEWSW_20180106_010000_Tucker_Carlson_Tonight,https://archive.org/download/FOXNEWSW_20180106_010000_Tucker_Carlson_Tonight/FOXNEWSW_20180106_010000_Tucker_Carlson_Tonight.thumbs/FOXNEWSW_20180106_010000_Tucker_Carlson_Tonight_001228.jpg,"happening on a time scale of decades and now years. climate change is a national security threat because it is. why is the arctic ice shelf melting? why are the sea levels rising? why are the hottest temperatures in the last decade essentially the hottest"
https://archive.org/details/FOXNEWSW_20180101_150000_Americas_News_HQ#start/4792/end/4827,1/1/2018 16:20:07,FOXNEWS,Americas News HQ,FOXNEWSW_20180101_150000_Americas_News_HQ,https://archive.org/download/FOXNEWSW_20180101_150000_Americas_News_HQ/FOXNEWSW_20180101_150000_Americas_News_HQ.thumbs/FOXNEWSW_20180101_150000_Americas_News_HQ_004768.jpg,"run the risk of getting in the way of democrats before they drive off the climate change cliff? could be. i hope that they don't get in the way of this because climate science has a lot of problems right now. there is a lot of criticism"
https://archive.org/details/FOXNEWSW_20180106_050000_Tucker_Carlson_Tonight#start/1313/end/1348,1/6/2018 5:22:08,FOXNEWS,Tucker Carlson Tonight,FOXNEWSW_20180106_050000_Tucker_Carlson_Tonight,https://archive.org/download/FOXNEWSW_20180106_050000_Tucker_Carlson_Tonight/FOXNEWSW_20180106_050000_Tucker_Carlson_Tonight.thumbs/FOXNEWSW_20180106_050000_Tucker_Carlson_Tonight_001287.jpg,"outset i'm not here to debate you. i don't know what my position is. i'm open minded. i believe in science. okay. i think evidence shouldld lead to conclusion, not the other way around. why wouldn't i be a little bit confused if people say that hot temperatures are sign of global warming. now they say cold temperatures are. wet conditions are and also dry conditions. how can it all be true?on"
https://archive.org/details/FOXNEWSW_20180118_010000_Tucker_Carlson_Tonight#start/2917/end/2952,1/18/2018 1:48:52,FOXNEWS,Tucker Carlson Tonight,FOXNEWSW_20180118_010000_Tucker_Carlson_Tonight,https://archive.org/download/FOXNEWSW_20180118_010000_Tucker_Carlson_Tonight/FOXNEWSW_20180118_010000_Tucker_Carlson_Tonight.thumbs/FOXNEWSW_20180118_010000_Tucker_Carlson_Tonight_002908.jpg,"let me ask you this, i won't call that you or hopefully anyone else that ever again. thank you. tucker: why can the mayor of new york call himself a warrior against climate change if he uses a helicopter to get around the city? when he could take public"
https://archive.org/details/FOXNEWSW_20180131_090000_Fox_and_Friends_First#start/409/end/444,1/31/2018 9:07:04,FOXNEWS,Fox and Friends First,FOXNEWSW_20180131_090000_Fox_and_Friends_First,https://archive.org/download/FOXNEWSW_20180131_090000_Fox_and_Friends_First/FOXNEWSW_20180131_090000_Fox_and_Friends_First.thumbs/FOXNEWSW_20180131_090000_Fox_and_Friends_First_000387.jpg,"our united states managed to match the strength and spirit of the people united in defense of their future. i don't understand how a president of the united states can give a state of the union speech and not mention climate change. the american people do not want"
https://archive.org/details/FOXNEWSW_20180124_220000_The_Five#start/2948/end/2983,1/24/2018 22:49:23,FOXNEWS,The Five,FOXNEWSW_20180124_220000_The_Five,https://archive.org/download/FOXNEWSW_20180124_220000_The_Five/FOXNEWSW_20180124_220000_The_Five.thumbs/FOXNEWSW_20180124_220000_The_Five_002937.jpg,"i think we could focus more on that than somebody who writes an article that you may disagree with. marie: this pope has weighed in on a lot of issues on the news. climate change, poverty. i don't think he is using the term fake news the same way the"
https://archive.org/details/FOXNEWSW_20180125_050000_Tucker_Carlson_Tonight#start/2463/end/2498,1/25/2018 5:41:18,FOXNEWS,Tucker Carlson Tonight,FOXNEWSW_20180125_050000_Tucker_Carlson_Tonight,https://archive.org/download/FOXNEWSW_20180125_050000_Tucker_Carlson_Tonight/FOXNEWSW_20180125_050000_Tucker_Carlson_Tonight.thumbs/FOXNEWSW_20180125_050000_Tucker_Carlson_Tonight_002457.jpg,"humanity, life on earth, you probably wouldn't be flying around on a private plane, would you? i'm glad we are in agreement that climate change is an existential threat to humanity. tucker: i'm not sure thate it is, but the people in davos are sure of it, so why are they"
https://archive.org/details/FOXNEWSW_20180106_050000_Tucker_Carlson_Tonight#start/1236/end/1271,1/6/2018 5:20:51,FOXNEWS,Tucker Carlson Tonight,FOXNEWSW_20180106_050000_Tucker_Carlson_Tonight,https://archive.org/download/FOXNEWSW_20180106_050000_Tucker_Carlson_Tonight/FOXNEWSW_20180106_050000_Tucker_Carlson_Tonight.thumbs/FOXNEWSW_20180106_050000_Tucker_Carlson_Tonight_001227.jpg,"national security threat because it is.de n why is the arctic ice shelf melting? why are the sea levels rising? why are the hottest temperatures in the last decade essentially the hottest temperatures we have seen on temperatures we have seen on it seems that climate change is happening faster"
https://archive.org/details/FOXNEWSW_20180106_010000_Tucker_Carlson_Tonight#start/1325/end/1360,1/6/2018 1:22:20,FOXNEWS,Tucker Carlson Tonight,FOXNEWSW_20180106_010000_Tucker_Carlson_Tonight,https://archive.org/download/FOXNEWSW_20180106_010000_Tucker_Carlson_Tonight/FOXNEWSW_20180106_010000_Tucker_Carlson_Tonight.thumbs/FOXNEWSW_20180106_010000_Tucker_Carlson_Tonight_001318.jpg,"are. wet conditions are and also dry conditions. how can it all be true? again, you are not really stating it correctly. i think what people are saying about the bomb cyclone is it is a similar weather event to a hurricane. which is true. what climate change does as a"
https://archive.org/details/FOXNEWSW_20180101_150000_Americas_News_HQ#start/4561/end/4596,1/1/2018 16:16:16,FOXNEWS,Americas News HQ,FOXNEWSW_20180101_150000_Americas_News_HQ,https://archive.org/download/FOXNEWSW_20180101_150000_Americas_News_HQ/FOXNEWSW_20180101_150000_Americas_News_HQ.thumbs/FOXNEWSW_20180101_150000_Americas_News_HQ_004558.jpg,"bundle up. senator elizabeth warren firing back saying i'm going to say something really crazy. i believe in science, climate change is real and we have a moral obligation to protect this earth for our children and grandchildren. with that we bring in our panel. national review contributor"
https://archive.org/details/FOXNEWSW_20180116_080000_Fox_News__Night#start/1952/end/1987,1/16/2018 8:32:47,FOXNEWS,Fox News  Night,FOXNEWSW_20180116_080000_Fox_News__Night,https://archive.org/download/FOXNEWSW_20180116_080000_Fox_News__Night/FOXNEWSW_20180116_080000_Fox_News__Night.thumbs/FOXNEWSW_20180116_080000_Fox_News__Night_001947.jpg,"on this martin luther king holiday, there is much to celebrate and what doctor did tell my king did to advance social justice and to try to heal the country's divisions. like many, the naacp believes there's still a lot of work to do, now pointing to climate change as the next battle for"
https://archive.org/details/FOXNEWSW_20180124_220000_The_Five#start/3026/end/3061,1/24/2018 22:50:41,FOXNEWS,The Five,FOXNEWSW_20180124_220000_The_Five,https://archive.org/download/FOXNEWSW_20180124_220000_The_Five/FOXNEWSW_20180124_220000_The_Five.thumbs/FOXNEWSW_20180124_220000_The_Five_003027.jpg,"climate change in the left will say oh, the pope. then he will say something about fake news and the right will say the pope is right. take it or leave it. he does what he does, and he's a great man. brian: i was fascinated to find out he was at war with the"
https://archive.org/details/FOXNEWSW_20180125_010000_Tucker_Carlson_Tonight#start/2467/end/2502,1/25/2018 1:41:22,FOXNEWS,Tucker Carlson Tonight,FOXNEWSW_20180125_010000_Tucker_Carlson_Tonight,https://archive.org/download/FOXNEWSW_20180125_010000_Tucker_Carlson_Tonight/FOXNEWSW_20180125_010000_Tucker_Carlson_Tonight.thumbs/FOXNEWSW_20180125_010000_Tucker_Carlson_Tonight_002457.jpg,"an existential threat to humanity, life on earth, you probably would be flying around on a private plane come up you? i'm glad we are in agreement that climate change is an existential threat to humanity. tucker: i'm not sure that it is, but the people in davos are sure of it, so where are"
https://archive.org/details/FOXNEWSW_20180107_000000_Fox_Report_Saturday#start/2480/end/2515,1/7/2018 0:41:35,FOXNEWS,Fox Report Saturday,FOXNEWSW_20180107_000000_Fox_Report_Saturday,https://archive.org/download/FOXNEWSW_20180107_000000_Fox_Report_Saturday/FOXNEWSW_20180107_000000_Fox_Report_Saturday.thumbs/FOXNEWSW_20180107_000000_Fox_Report_Saturday_002457.jpg,"fight any drilling proposal. as the western governors who accuse the president of ignoring climate change and the rest to our life. we are united in our opposition to this move by the president. the threat of losses is one reason major companies are reluctant to change long-term"
https://archive.org/details/FOXNEWSW_20180118_050000_Tucker_Carlson_Tonight#start/2881/end/2916,1/18/2018 5:48:16,FOXNEWS,Tucker Carlson Tonight,FOXNEWSW_20180118_050000_Tucker_Carlson_Tonight,https://archive.org/download/FOXNEWSW_20180118_050000_Tucker_Carlson_Tonight/FOXNEWSW_20180118_050000_Tucker_Carlson_Tonight.thumbs/FOXNEWSW_20180118_050000_Tucker_Carlson_Tonight_002877.jpg,"warrior for the climate and you can tell because he's using tax made money to sue oil companies over climateve change. he puts other people's money where his mouth is. pretty clever. a climate activist said he would go further, it's okay to break the law for the sake of climate change. he joins us tonight."
https://archive.org/details/FOXNEWSW_20180106_050000_Tucker_Carlson_Tonight#start/1550/end/1585,1/6/2018 5:26:05,FOXNEWS,Tucker Carlson Tonight,FOXNEWSW_20180106_050000_Tucker_Carlson_Tonight,https://archive.org/download/FOXNEWSW_20180106_050000_Tucker_Carlson_Tonight/FOXNEWSW_20180106_050000_Tucker_Carlson_Tonight.thumbs/FOXNEWSW_20180106_050000_Tucker_Carlson_Tonight_001527.jpg,"fracking and investigating climate change. why? i don't want people's children in harm's way. tucker: josh, josh, now you are making -- you are calling attention to your moral virtue. you departed science. i'm asking you a specific question. in the trump administration -- tucker: all of you guys go when asked a simple question you go i'm a good"
https://archive.org/details/FOXNEWSW_20180108_030000_Fox_News_Sunday_With_Chris_Wallace#start/3482/end/3517,1/8/2018 3:58:17,FOXNEWS,Fox News Sunday With Chris Wallace,FOXNEWSW_20180108_030000_Fox_News_Sunday_With_Chris_Wallace,https://archive.org/download/FOXNEWSW_20180108_030000_Fox_News_Sunday_With_Chris_Wallace/FOXNEWSW_20180108_030000_Fox_News_Sunday_With_Chris_Wallace.thumbs/FOXNEWSW_20180108_030000_Fox_News_Sunday_With_Chris_Wallace_003447.jpg,"chris: adams please instead of those zero-sum game where one side wins and the other loses, public health is about building partnerships on climate change. we know the science says that man is having an impact on the climate but we also know that people are dying from not having. jobs and not been able to see"
https://archive.org/details/FOXNEWSW_20180107_190000_Fox_News_Sunday_With_Chris_Wallace#start/3483/end/3518,1/7/2018 19:58:18,FOXNEWS,Fox News Sunday With Chris Wallace,FOXNEWSW_20180107_190000_Fox_News_Sunday_With_Chris_Wallace,https://archive.org/download/FOXNEWSW_20180107_190000_Fox_News_Sunday_With_Chris_Wallace/FOXNEWSW_20180107_190000_Fox_News_Sunday_With_Chris_Wallace.thumbs/FOXNEWSW_20180107_190000_Fox_News_Sunday_With_Chris_Wallace_003447.jpg,"chris: adams please instead of those zero-sum game where one side wins and the other loses, public health is about building partnerships on climate change. we know the science says that man is having an impact on the climate but we also know that people are dying from not having. jobs and not been able to see their families."
