﻿URL,MatchDateTime,Station,Show,IAShowID,IAPreviewThumb,Snippet
https://archive.org/details/FOXNEWSW_20131111_220000_The_Five#start/2045/end/2080,11/11/2013 22:34:20,FOXNEWS,The Five,FOXNEWSW_20131111_220000_The_Five,https://archive.org/download/FOXNEWSW_20131111_220000_The_Five/FOXNEWSW_20131111_220000_The_Five.thumbs/FOXNEWSW_20131111_220000_The_Five_002025.jpg,"hollywood and george clooney goes from sexiest man alive to climate change cheerleader. uh, he loves men. the hollywood heartthrob gets fired up over global warming."
https://archive.org/details/FOXNEWSW_20131115_090000_The_Five#start/2737/end/2772,11/15/2013 9:45:52,FOXNEWS,The Five,FOXNEWSW_20131115_090000_The_Five,https://archive.org/download/FOXNEWSW_20131115_090000_The_Five/FOXNEWSW_20131115_090000_The_Five.thumbs/FOXNEWSW_20131115_090000_The_Five_002715.jpg,"you don't read it. (talking over one another) you we know away from global rm with aing because it wasn't working any more. you can't refute climate change but not global warming."
https://archive.org/details/FOXNEWSW_20131111_220000_The_Five#start/2586/end/2621,11/11/2013 22:43:21,FOXNEWS,The Five,FOXNEWSW_20131111_220000_The_Five,https://archive.org/download/FOXNEWSW_20131111_220000_The_Five/FOXNEWSW_20131111_220000_The_Five.thumbs/FOXNEWSW_20131111_220000_The_Five_002565.jpg,"ourselves? and if we do that, if you believe that global warming is a global problem, you actually haven't done anything to actually solve it. it is so much harder to be truthful about climate change and about solutions than to just say you're a climate change denier."
https://archive.org/details/FOXNEWSW_20131130_160000_Forbes_on_FOX#start/968/end/1003,11/30/2013 16:16:23,FOXNEWS,Forbes on FOX,FOXNEWSW_20131130_160000_Forbes_on_FOX,https://archive.org/download/FOXNEWSW_20131130_160000_Forbes_on_FOX/FOXNEWSW_20131130_160000_Forbes_on_FOX.thumbs/FOXNEWSW_20131130_160000_Forbes_on_FOX_000945.jpg,"he won with economics and science. not hysteria. bruce, we are also hearing talk that the president will focus, now that obamacare is not working out well, he will focus on climate change issue and push again for some kind of carbon tax."
https://archive.org/details/FOXNEWSW_20131114_220000_The_Five#start/2654/end/2689,11/14/2013 22:44:29,FOXNEWS,The Five,FOXNEWSW_20131114_220000_The_Five,https://archive.org/download/FOXNEWSW_20131114_220000_The_Five/FOXNEWSW_20131114_220000_The_Five.thumbs/FOXNEWSW_20131114_220000_The_Five_002655.jpg,"what this does for people that are global warming extremists, it basically raised money off of it. oh gosh. you're global warming cover up"
https://archive.org/details/FOXNEWSW_20131104_110000_FOX_and_Friends#start/1082/end/1117,11/4/2013 11:18:17,FOXNEWS,FOX and Friends,FOXNEWSW_20131104_110000_FOX_and_Friends,https://archive.org/download/FOXNEWSW_20131104_110000_FOX_and_Friends/FOXNEWSW_20131104_110000_FOX_and_Friends.thumbs/FOXNEWSW_20131104_110000_FOX_and_Friends_001065.jpg,"taxpayer who foots the bill for this ultimately. so taxes have to go up or borrowing goes up, one of the two. remember, you satisfy a key constituency here. you satisfy the environmentalists. you are doing something about global warming or climate change, call it"
https://archive.org/details/FOXNEWSW_20131112_090000_The_Five#start/2042/end/2077,11/12/2013 9:34:17,FOXNEWS,The Five,FOXNEWSW_20131112_090000_The_Five,https://archive.org/download/FOXNEWSW_20131112_090000_The_Five/FOXNEWSW_20131112_090000_The_Five.thumbs/FOXNEWSW_20131112_090000_The_Five_002025.jpg,"hollywood. george clooney goes from sexiest man alive to climate change cheerleader. he loves climate change. they get fired up over global"
https://archive.org/details/FOXNEWSW_20131121_230000_Special_Report_With_Bret_Baier#start/1835/end/1870,11/21/2013 23:30:50,FOXNEWS,Special Report With Bret Baier,FOXNEWSW_20131121_230000_Special_Report_With_Bret_Baier,https://archive.org/download/FOXNEWSW_20131121_230000_Special_Report_With_Bret_Baier/FOXNEWSW_20131121_230000_Special_Report_With_Bret_Baier.thumbs/FOXNEWSW_20131121_230000_Special_Report_With_Bret_Baier_001815.jpg,"its troops on a vegetarian diet once a week termed meatless mondays. the limit intake ecologically unfriendly foods. it says livestock farming accounts for nearly a fifth of global greenhouse gas emissions."
https://archive.org/details/FOXNEWSW_20131122_100000_FOX_and_Friends_First#start/2673/end/2708,11/22/2013 10:44:48,FOXNEWS,FOX and Friends First,FOXNEWSW_20131122_100000_FOX_and_Friends_First,https://archive.org/download/FOXNEWSW_20131122_100000_FOX_and_Friends_First/FOXNEWSW_20131122_100000_FOX_and_Friends_First.thumbs/FOXNEWSW_20131122_100000_FOX_and_Friends_First_002655.jpg,"democrats are talking climate protection. they met with the nfl, mlb and other leagues to discuss the effects of climate change. climate change has distorted"
https://archive.org/details/FOXNEWSW_20131113_090000_The_Five#start/513/end/548,11/13/2013 9:08:48,FOXNEWS,The Five,FOXNEWSW_20131113_090000_The_Five,https://archive.org/download/FOXNEWSW_20131113_090000_The_Five/FOXNEWSW_20131113_090000_The_Five.thumbs/FOXNEWSW_20131113_090000_The_Five_000495.jpg,"everybody would be covered. stop calling it single care plan calli it socialism. he loves to poif vo-- pivot. he should start blaming obamacare on global warming."
https://archive.org/details/FOXNEWSW_20131104_000000_FOX_Report#start/113/end/148,11/4/2013 0:02:08,FOXNEWS,FOX Report,FOXNEWSW_20131104_000000_FOX_Report,https://archive.org/download/FOXNEWSW_20131104_000000_FOX_Report/FOXNEWSW_20131104_000000_FOX_Report.thumbs/FOXNEWSW_20131104_000000_FOX_Report_000105.jpg,"sharing who he thinks could go all the way to the white house next time, and who he left off his list of 2016 republican stars. also, you have heard the greatest claims about global warming."
https://archive.org/details/FOXNEWSW_20131114_220000_The_Five#start/2734/end/2769,11/14/2013 22:45:49,FOXNEWS,The Five,FOXNEWSW_20131114_220000_The_Five,https://archive.org/download/FOXNEWSW_20131114_220000_The_Five/FOXNEWSW_20131114_220000_The_Five.thumbs/FOXNEWSW_20131114_220000_The_Five_002715.jpg,"with is this. the left is not realizing there's no signs. who's that idiot -- you went away from global warming because it wasn't working. you started calling it climate"
https://archive.org/details/FOXNEWSW_20131102_100000_FOX_and_Friends_Saturday#start/11478/end/11513,11/2/2013 13:11:33,FOXNEWS,FOX and Friends Saturday,FOXNEWSW_20131102_100000_FOX_and_Friends_Saturday,https://archive.org/download/FOXNEWSW_20131102_100000_FOX_and_Friends_Saturday/FOXNEWSW_20131102_100000_FOX_and_Friends_Saturday.thumbs/FOXNEWSW_20131102_100000_FOX_and_Friends_Saturday_011475.jpg,"want a republican? this is a takeover of a larger portion of our economy. anyone who thinks the white house has a right to act unilaterally on climate change ought to exchange why global"
https://archive.org/details/FOXNEWSW_20131103_110000_FOX_and_Friends_Sunday#start/5119/end/5154,11/3/2013 12:25:34,FOXNEWS,FOX and Friends Sunday,FOXNEWSW_20131103_110000_FOX_and_Friends_Sunday,https://archive.org/download/FOXNEWSW_20131103_110000_FOX_and_Friends_Sunday/FOXNEWSW_20131103_110000_FOX_and_Friends_Sunday.thumbs/FOXNEWSW_20131103_110000_FOX_and_Friends_Sunday_004965.jpg,"esurance. now backed by allstate. click or call. of officials to advise the administration on how to respond to severe storms, wildfires, droughts, quote, other potential impacts of climate change."
https://archive.org/details/FOXNEWSW_20131115_090000_The_Five#start/2407/end/2442,11/15/2013 9:40:22,FOXNEWS,The Five,FOXNEWSW_20131115_090000_The_Five,https://archive.org/download/FOXNEWSW_20131115_090000_The_Five/FOXNEWSW_20131115_090000_The_Five.thumbs/FOXNEWSW_20131115_090000_The_Five_002385.jpg,"pays the alimony. he will blame the use of fossil fuels. the dead aren't even buried yet. this is what she blames the tragedy on. the moral evil of climate change"
https://archive.org/details/FOXNEWSW_20131111_220000_The_Five#start/38/end/73,11/11/2013 22:00:53,FOXNEWS,The Five,FOXNEWSW_20131111_220000_The_Five,https://archive.org/download/FOXNEWSW_20131111_220000_The_Five/FOXNEWSW_20131111_220000_The_Five.thumbs/FOXNEWSW_20131111_220000_The_Five_000045.jpg,"this is 'the five.' chris christie, the latest politician to compare himself to ronald reagan. we're going to show you what he said it after vince vaughn talks about what it's like to be a conservative in hollywood and george clooney takes a shot at anyone who doesn't believe in global warming."
https://archive.org/details/FOXNEWSW_20131122_090000_The_Five#start/1824/end/1859,11/22/2013 9:30:39,FOXNEWS,The Five,FOXNEWSW_20131122_090000_The_Five,https://archive.org/download/FOXNEWSW_20131122_090000_The_Five/FOXNEWSW_20131122_090000_The_Five.thumbs/FOXNEWSW_20131122_090000_The_Five_001815.jpg,"we all know about the separation of church and state but is it time power to the separation of sports and politics? new reports out of d.c. show democratic politicians are recruiting pro sports leagues to promote climate change"
https://archive.org/details/FOXNEWSW_20131121_220000_The_Five#start/1825/end/1860,11/21/2013 22:30:40,FOXNEWS,The Five,FOXNEWSW_20131121_220000_The_Five,https://archive.org/download/FOXNEWSW_20131121_220000_The_Five/FOXNEWSW_20131121_220000_The_Five.thumbs/FOXNEWSW_20131121_220000_The_Five_001725.jpg,"we all know about the separation of church and state but is it time power to the separation of sports and politics? new reports out of d.c. show democratic politicians are recruiting pro sports leagues to promote climate change"
https://archive.org/details/FOXNEWSW_20131112_110000_FOX_and_Friends#start/3282/end/3317,11/12/2013 11:54:57,FOXNEWS,FOX and Friends,FOXNEWSW_20131112_110000_FOX_and_Friends,https://archive.org/download/FOXNEWSW_20131112_110000_FOX_and_Friends/FOXNEWSW_20131112_110000_FOX_and_Friends.thumbs/FOXNEWSW_20131112_110000_FOX_and_Friends_003255.jpg,"can dee it on his own? no. but has that stopped him in the past? no. he's broken the law, changed the law, reininterpreted the law on his own countless times. here is a few times. climate change, he's already"
https://archive.org/details/FOXNEWSW_20131118_020000_Hannity#start/1365/end/1400,11/18/2013 2:23:00,FOXNEWS,Hannity,FOXNEWSW_20131118_020000_Hannity,https://archive.org/download/FOXNEWSW_20131118_020000_Hannity/FOXNEWSW_20131118_020000_Hannity.thumbs/FOXNEWSW_20131118_020000_Hannity_001335.jpg,"hour winds have majority of scientists believing climate change including global warming may be a con trib you telli -- contributing factor. many think it doesn't have any effect. you should have pretty solid"
https://archive.org/details/FOXNEWSW_20131103_170000_Americas_News_Headquarters#start/6320/end/6355,11/3/2013 18:45:35,FOXNEWS,Americas News Headquarters,FOXNEWSW_20131103_170000_Americas_News_Headquarters,https://archive.org/download/FOXNEWSW_20131103_170000_Americas_News_Headquarters/FOXNEWSW_20131103_170000_Americas_News_Headquarters.thumbs/FOXNEWSW_20131103_170000_Americas_News_Headquarters_006315.jpg,"as one among several technologies that will be essential to any credible effort to develop an energy system that does not rely on using the atmosphere as a waste dump. remember this summer in a 45-minute long speech on climate change at georgetown,"
https://archive.org/details/FOXNEWSW_20131103_170000_Americas_News_Headquarters#start/6305/end/6340,11/3/2013 18:45:20,FOXNEWS,Americas News Headquarters,FOXNEWSW_20131103_170000_Americas_News_Headquarters,https://archive.org/download/FOXNEWSW_20131103_170000_Americas_News_Headquarters/FOXNEWSW_20131103_170000_Americas_News_Headquarters.thumbs/FOXNEWSW_20131103_170000_Americas_News_Headquarters_006285.jpg,"climate change. here is a relevant quote. while there will be no single technological silver bullet the time has come for those who take the threat of global warming seriously to embrace the development and deployment of safer nuclear power systems"
https://archive.org/details/FOXNEWSW_20131102_100000_FOX_and_Friends_Saturday#start/4299/end/4334,11/2/2013 11:11:54,FOXNEWS,FOX and Friends Saturday,FOXNEWSW_20131102_100000_FOX_and_Friends_Saturday,https://archive.org/download/FOXNEWSW_20131102_100000_FOX_and_Friends_Saturday/FOXNEWSW_20131102_100000_FOX_and_Friends_Saturday.thumbs/FOXNEWSW_20131102_100000_FOX_and_Friends_Saturday_004275.jpg,"greenhouse gases but by fluctuations in solar energy, sun spots. they don't know. and by the way they disagree. not only disagree, anybody who expresses any kind of scientific skepticism denier"
https://archive.org/details/FOXNEWSW_20131115_090000_The_Five#start/2586/end/2621,11/15/2013 9:43:21,FOXNEWS,The Five,FOXNEWSW_20131115_090000_The_Five,https://archive.org/download/FOXNEWSW_20131115_090000_The_Five/FOXNEWSW_20131115_090000_The_Five.thumbs/FOXNEWSW_20131115_090000_The_Five_002565.jpg,"interest in natural disasters. in higher water levels whether it is sandy or cyclones -- you are not listening to me. it's false to link this to emission of greenhouse gases. ridiculous. i gave you the fact from the"
https://archive.org/details/FOXNEWSW_20131114_220000_The_Five#start/2604/end/2639,11/14/2013 22:43:39,FOXNEWS,The Five,FOXNEWSW_20131114_220000_The_Five,https://archive.org/download/FOXNEWSW_20131114_220000_The_Five/FOXNEWSW_20131114_220000_The_Five.thumbs/FOXNEWSW_20131114_220000_The_Five_002595.jpg,"there's more arctic ice than in 30 years. it increased. 44000 years. the u.s. hurricane season, how do you explain that? dana, do you have global"
https://archive.org/details/FOXNEWSW_20131115_090000_The_Five#start/2663/end/2698,11/15/2013 9:44:38,FOXNEWS,The Five,FOXNEWSW_20131115_090000_The_Five,https://archive.org/download/FOXNEWSW_20131115_090000_The_Five/FOXNEWSW_20131115_090000_The_Five.thumbs/FOXNEWSW_20131115_090000_The_Five_002655.jpg,"you are a gloebl global warming cover up people. you don't think down the road. that is bologna. i work on the energy and power subsidy. you don't believe there's global warming? is>> i do."
https://archive.org/details/FOXNEWSW_20131130_160000_Forbes_on_FOX#start/889/end/924,11/30/2013 16:15:04,FOXNEWS,Forbes on FOX,FOXNEWSW_20131130_160000_Forbes_on_FOX,https://archive.org/download/FOXNEWSW_20131130_160000_Forbes_on_FOX/FOXNEWSW_20131130_160000_Forbes_on_FOX.thumbs/FOXNEWSW_20131130_160000_Forbes_on_FOX_000885.jpg,"billionaires making -- okay. we get it. wind mills, ethanol, all that stuff. yeah. $80000 electric car. second part of the plan. carbon tax. carbon tax? steve, i take it you don't agree with that one. david, this is just"
https://archive.org/details/FOXNEWSW_20131122_090000_The_Five#start/1931/end/1966,11/22/2013 9:32:26,FOXNEWS,The Five,FOXNEWSW_20131122_090000_The_Five,https://archive.org/download/FOXNEWSW_20131122_090000_The_Five/FOXNEWSW_20131122_090000_The_Five.thumbs/FOXNEWSW_20131122_090000_The_Five_001905.jpg,"climate change. breast cancer is proven, bob. so is climate change. it's not. you are cranky tonight. no. i happen to believe -- you don't            _"
https://archive.org/details/FOXNEWSW_20131112_090000_The_Five#start/2544/end/2579,11/12/2013 9:42:39,FOXNEWS,The Five,FOXNEWSW_20131112_090000_The_Five,https://archive.org/download/FOXNEWSW_20131112_090000_The_Five/FOXNEWSW_20131112_090000_The_Five.thumbs/FOXNEWSW_20131112_090000_The_Five_002535.jpg,"ridiculous. what's the worst thing that happens we clean up a little bit. looks to be taller than greg i will go to you first. the easiest thing to say about somebody who you might disagree with politically is to say you don't believe in global"
https://archive.org/details/FOXNEWSW_20131104_000000_FOX_Report#start/1396/end/1431,11/4/2013 0:23:31,FOXNEWS,FOX Report,FOXNEWSW_20131104_000000_FOX_Report,https://archive.org/download/FOXNEWSW_20131104_000000_FOX_Report/FOXNEWSW_20131104_000000_FOX_Report.thumbs/FOXNEWSW_20131104_000000_FOX_Report_001395.jpg,"other wind sources won't cut it by themselves. we took a look at this with peter in washington. nuclear energy may be the most important weapon human kind has to fight dangerous climate"
https://archive.org/details/FOXNEWSW_20131121_220000_The_Five#start/1520/end/1555,11/21/2013 22:25:35,FOXNEWS,The Five,FOXNEWSW_20131121_220000_The_Five,https://archive.org/download/FOXNEWSW_20131121_220000_The_Five/FOXNEWSW_20131121_220000_The_Five.thumbs/FOXNEWSW_20131121_220000_The_Five_001515.jpg,"immigration bills through why don't they look at the current system. these guys were in public housing on public assistance. it's embarrassing. they probably could get obama care. democrats have now recruited pro sports to push their climate"
https://archive.org/details/FOXNEWSW_20131122_090000_The_Five#start/1888/end/1923,11/22/2013 9:31:43,FOXNEWS,The Five,FOXNEWSW_20131122_090000_The_Five,https://archive.org/download/FOXNEWSW_20131122_090000_The_Five/FOXNEWSW_20131122_090000_The_Five.thumbs/FOXNEWSW_20131122_090000_The_Five_001875.jpg,"the sports arena from gun drol the president weighing in saying if he had a son he wouldn't want him to play football. now climate change. i know you believe in climate change. should it be kept out of sports? no."
https://archive.org/details/FOXNEWSW_20131121_220000_The_Five#start/1892/end/1927,11/21/2013 22:31:47,FOXNEWS,The Five,FOXNEWSW_20131121_220000_The_Five,https://archive.org/download/FOXNEWSW_20131121_220000_The_Five/FOXNEWSW_20131121_220000_The_Five.thumbs/FOXNEWSW_20131121_220000_The_Five_001875.jpg,"if he had a son he wouldn't want him to play football. now climate change. i know you believe in climate change. should it be kept out of sports? no. it's not exactly an analogy but when you use sports teams which"
https://archive.org/details/FOXNEWSW_20131114_220000_The_Five#start/2750/end/2785,11/14/2013 22:46:05,FOXNEWS,The Five,FOXNEWSW_20131114_220000_The_Five,https://archive.org/download/FOXNEWSW_20131114_220000_The_Five/FOXNEWSW_20131114_220000_The_Five.thumbs/FOXNEWSW_20131114_220000_The_Five_002745.jpg,"change. you can refute global warming. that's why they moved off that. it's an excuse not to help"
https://archive.org/details/FOXNEWSW_20131118_020000_Hannity#start/1544/end/1579,11/18/2013 2:25:59,FOXNEWS,Hannity,FOXNEWSW_20131118_020000_Hannity,https://archive.org/download/FOXNEWSW_20131118_020000_Hannity/FOXNEWSW_20131118_020000_Hannity.thumbs/FOXNEWSW_20131118_020000_Hannity_001545.jpg,"risks that global warming changes. the plants and animalsin can an will adapt. still some remedial actions are"
https://archive.org/details/FOXNEWSW_20131111_210000_Your_World_With_Neil_Cavuto#start/3641/end/3676,11/11/2013 22:00:56,FOXNEWS,Your World With Neil Cavuto,FOXNEWSW_20131111_210000_Your_World_With_Neil_Cavuto,https://archive.org/download/FOXNEWSW_20131111_210000_Your_World_With_Neil_Cavuto/FOXNEWSW_20131111_210000_Your_World_With_Neil_Cavuto.thumbs/FOXNEWSW_20131111_210000_Your_World_With_Neil_Cavuto_003645.jpg,"said it after vince vaughn talks about what it's like to be a conservative in hollywood and george clooney takes a shot at anyone who doesn't believe in global warming. more on that in a minute. but first, obama's second term"
https://archive.org/details/FOXNEWSW_20131112_090000_The_Five#start/2590/end/2625,11/12/2013 9:43:25,FOXNEWS,The Five,FOXNEWSW_20131112_090000_The_Five,https://archive.org/download/FOXNEWSW_20131112_090000_The_Five/FOXNEWSW_20131112_090000_The_Five.thumbs/FOXNEWSW_20131112_090000_The_Five_002565.jpg,"truthful about climate change and about solutions than to just say you are a climate change denier. that's another way to say you are a tea party right wing freak. that's the insult he is trying to deliver. well stated, dana. the irony here is he said if"
https://archive.org/details/FOXNEWSW_20131107_090000_The_Five#start/1337/end/1372,11/7/2013 9:22:32,FOXNEWS,The Five,FOXNEWSW_20131107_090000_The_Five,https://archive.org/download/FOXNEWSW_20131107_090000_The_Five/FOXNEWSW_20131107_090000_The_Five.thumbs/FOXNEWSW_20131107_090000_The_Five_001335.jpg,"global warming that have conservatives very upset with him. again ronald reagan was very about unification. chris christie has to help when"
https://archive.org/details/FOXNEWSW_20131112_230000_Special_Report_With_Bret_Baier#start/1803/end/1838,11/12/2013 23:30:18,FOXNEWS,Special Report With Bret Baier,FOXNEWSW_20131112_230000_Special_Report_With_Bret_Baier,https://archive.org/download/FOXNEWSW_20131112_230000_Special_Report_With_Bret_Baier/FOXNEWSW_20131112_230000_Special_Report_With_Bret_Baier.thumbs/FOXNEWSW_20131112_230000_Special_Report_With_Bret_Baier_001725.jpg,"australia's liberals are taking a stand. ahead of a potential climate deal to cut greenhouse gas emissions. the australian reports during the ongoing u.n.-led negotiations, the country will not agree to a deal that involves payments from rich"
https://archive.org/details/FOXNEWSW_20131122_090000_The_Five#start/1948/end/1983,11/22/2013 9:32:43,FOXNEWS,The Five,FOXNEWSW_20131122_090000_The_Five,https://archive.org/download/FOXNEWSW_20131122_090000_The_Five/FOXNEWSW_20131122_090000_The_Five.thumbs/FOXNEWSW_20131122_090000_The_Five_001935.jpg,"believe it. i believe it's the single most potentially great threat to this country. do you know anyone in this country that doesn't believe there's a thing called breast cancer? no. would you say there's a good percentage of the population who disagrees with the climate"
https://archive.org/details/FOXNEWSW_20131104_000000_FOX_Report#start/1379/end/1414,11/4/2013 0:23:14,FOXNEWS,FOX Report,FOXNEWSW_20131104_000000_FOX_Report,https://archive.org/download/FOXNEWSW_20131104_000000_FOX_Report/FOXNEWSW_20131104_000000_FOX_Report.thumbs/FOXNEWSW_20131104_000000_FOX_Report_001365.jpg,"world's largest economies have begun to look at reducing nuclear energy, and now scientists are saying if the world doesn't go nuclear global warming will get worst."
https://archive.org/details/FOXNEWSW_20131116_110000_FOX_and_Friends_Saturday#start/3823/end/3858,11/16/2013 12:03:58,FOXNEWS,FOX and Friends Saturday,FOXNEWSW_20131116_110000_FOX_and_Friends_Saturday,https://archive.org/download/FOXNEWSW_20131116_110000_FOX_and_Friends_Saturday/FOXNEWSW_20131116_110000_FOX_and_Friends_Saturday.thumbs/FOXNEWSW_20131116_110000_FOX_and_Friends_Saturday_003825.jpg,"katrina. it's like global warming. that's a cuff criticism. how many times has bush been the punching bag? punching bag over the mission accomplished aircraft land."
https://archive.org/details/FOXNEWSW_20131115_090000_The_Five#start/2691/end/2726,11/15/2013 9:45:06,FOXNEWS,The Five,FOXNEWSW_20131115_090000_The_Five,https://archive.org/download/FOXNEWSW_20131115_090000_The_Five/FOXNEWSW_20131115_090000_The_Five.thumbs/FOXNEWSW_20131115_090000_The_Five_002685.jpg,"that's an excuse to not help people with poverty. it is not an excuse to say global warming does not exist. nobody at this table says that. i will push back."
https://archive.org/details/FOXNEWSW_20131115_090000_The_Five#start/2110/end/2145,11/15/2013 9:35:25,FOXNEWS,The Five,FOXNEWSW_20131115_090000_The_Five,https://archive.org/download/FOXNEWSW_20131115_090000_The_Five/FOXNEWSW_20131115_090000_The_Five.thumbs/FOXNEWSW_20131115_090000_The_Five_002085.jpg,"next, is it too soon if you don't believe in global warming? one of the liberal theologian says so. just got convicted. how do you celebrate? chasing down another foe to go."
https://archive.org/details/FOXNEWSW_20131114_220000_The_Five#start/2106/end/2141,11/14/2013 22:35:21,FOXNEWS,The Five,FOXNEWSW_20131114_220000_The_Five,https://archive.org/download/FOXNEWSW_20131114_220000_The_Five/FOXNEWSW_20131114_220000_The_Five.thumbs/FOXNEWSW_20131114_220000_The_Five_002085.jpg,"he has enough russians coming to his place. very good. you mean this bob? next, is it a sin if you don't believe in global warming? one says so. and baldwin just got"
https://archive.org/details/FOXNEWSW_20131111_220000_The_Five#start/2617/end/2652,11/11/2013 22:43:52,FOXNEWS,The Five,FOXNEWSW_20131111_220000_The_Five,https://archive.org/download/FOXNEWSW_20131111_220000_The_Five/FOXNEWSW_20131111_220000_The_Five.thumbs/FOXNEWSW_20131111_220000_The_Five_002595.jpg,"agree on manmade global warming. that's false. 97% of 75 individuals who answered a graduate student questionnaire about man's effect on climate. they've been using this for years. i get it. he's gaining respect in"
https://archive.org/details/FOXNEWSW_20131130_160000_Forbes_on_FOX#start/1045/end/1080,11/30/2013 16:17:40,FOXNEWS,Forbes on FOX,FOXNEWSW_20131130_160000_Forbes_on_FOX,https://archive.org/download/FOXNEWSW_20131130_160000_Forbes_on_FOX/FOXNEWSW_20131130_160000_Forbes_on_FOX.thumbs/FOXNEWSW_20131130_160000_Forbes_on_FOX_001035.jpg,"right? yeah. the global warming agenda is economy-sapping delusion that even the biggest advocates don't believe in. look at coastal properties for new york and california. they go up in price and bought"
https://archive.org/details/FOXNEWSW_20131106_220000_The_Five#start/1329/end/1364,11/6/2013 22:22:24,FOXNEWS,The Five,FOXNEWSW_20131106_220000_The_Five,https://archive.org/download/FOXNEWSW_20131106_220000_The_Five/FOXNEWSW_20131106_220000_The_Five.thumbs/FOXNEWSW_20131106_220000_The_Five_001305.jpg,"helped him. i mean, he stepped up and helped that state. however, he did do some things, conversation, global warming, to have conservatives very upset with him. and, again, ronald reagan was very about unification."
https://archive.org/details/FOXNEWSW_20131115_010000_The_OReilly_Factor#start/3409/end/3444,11/15/2013 1:57:04,FOXNEWS,The OReilly Factor,FOXNEWSW_20131115_010000_The_OReilly_Factor,https://archive.org/download/FOXNEWSW_20131115_010000_The_OReilly_Factor/FOXNEWSW_20131115_010000_The_OReilly_Factor.thumbs/FOXNEWSW_20131115_010000_The_OReilly_Factor_003405.jpg,"i won the debate. kirsten admits liberalism has been badly set up. no need to involve coal or another fossil fuel. global warming, you know. i'm a conservative but think kirsten is the most honest"
https://archive.org/details/FOXNEWSW_20131114_220000_The_Five#start/2670/end/2705,11/14/2013 22:44:45,FOXNEWS,The Five,FOXNEWSW_20131114_220000_The_Five,https://archive.org/download/FOXNEWSW_20131114_220000_The_Five/FOXNEWSW_20131114_220000_The_Five.thumbs/FOXNEWSW_20131114_220000_The_Five_002655.jpg,"people. i worked on the energy and power subcommittee. you don't believe there's global warming? i do. i don't think it's man made. here's another thing. if it's man made, it's made by all men."
https://archive.org/details/FOXNEWSW_20131130_160000_Forbes_on_FOX#start/1078/end/1113,11/30/2013 16:18:13,FOXNEWS,Forbes on FOX,FOXNEWSW_20131130_160000_Forbes_on_FOX,https://archive.org/download/FOXNEWSW_20131130_160000_Forbes_on_FOX/FOXNEWSW_20131130_160000_Forbes_on_FOX.thumbs/FOXNEWSW_20131130_160000_Forbes_on_FOX_001065.jpg,"minister there. he became prime minister largely because he posed their carbon tax. they implement and was unpopular. they realize it was harming the economy. australia is dependent on minerals."
https://archive.org/details/FOXNEWSW_20131130_110000_FOX_and_Friends_Saturday#start/7844/end/7879,11/30/2013 13:10:59,FOXNEWS,FOX and Friends Saturday,FOXNEWSW_20131130_110000_FOX_and_Friends_Saturday,https://archive.org/download/FOXNEWSW_20131130_110000_FOX_and_Friends_Saturday/FOXNEWSW_20131130_110000_FOX_and_Friends_Saturday.thumbs/FOXNEWSW_20131130_110000_FOX_and_Friends_Saturday_007845.jpg,"temps around 303, 5 degrees below where they should typically be this time of year. temps maybe at nighttime minus 25 or so. crazy cold. that global warming is killing us. thank you, rick. maybe you don't want to"
https://archive.org/details/FOXNEWSW_20131123_160000_Forbes_on_FOX#start/1365/end/1400,11/23/2013 16:23:00,FOXNEWS,Forbes on FOX,FOXNEWSW_20131123_160000_Forbes_on_FOX,https://archive.org/download/FOXNEWSW_20131123_160000_Forbes_on_FOX/FOXNEWSW_20131123_160000_Forbes_on_FOX.thumbs/FOXNEWSW_20131123_160000_Forbes_on_FOX_001215.jpg,"say good-bye to the white picket fence and a yard. why global warming alarmists are trying to get you to move into one of. well, liberal social engineers are at it again. this time trying to encourage"
https://archive.org/details/FOXNEWSW_20131103_110000_FOX_and_Friends_Sunday#start/5200/end/5235,11/3/2013 12:26:55,FOXNEWS,FOX and Friends Sunday,FOXNEWSW_20131103_110000_FOX_and_Friends_Sunday,https://archive.org/download/FOXNEWSW_20131103_110000_FOX_and_Friends_Sunday/FOXNEWSW_20131103_110000_FOX_and_Friends_Sunday.thumbs/FOXNEWSW_20131103_110000_FOX_and_Friends_Sunday_005175.jpg,"cooler because of solar. there's not a theory, is that right? yes. also, the statement, the executive order claims that we're already seeing the effects of global warming, and one of the things just to take one"
https://archive.org/details/FOXNEWSW_20131115_040000_The_OReilly_Factor#start/3411/end/3446,11/15/2013 4:57:06,FOXNEWS,The OReilly Factor,FOXNEWSW_20131115_040000_The_OReilly_Factor,https://archive.org/download/FOXNEWSW_20131115_040000_The_OReilly_Factor/FOXNEWSW_20131115_040000_The_OReilly_Factor.thumbs/FOXNEWSW_20131115_040000_The_OReilly_Factor_003405.jpg,"i won the debate. kirsten admits liberalism has been badly set up. no need to involve coal or another fossil fuel. global warming, you know. i'm a conservative but think kirsten is the most honest commentator on cable news."
https://archive.org/details/FOXNEWSW_20131115_090000_The_Five#start/2647/end/2682,11/15/2013 9:44:22,FOXNEWS,The Five,FOXNEWSW_20131115_090000_The_Five,https://archive.org/download/FOXNEWSW_20131115_090000_The_Five/FOXNEWSW_20131115_090000_The_Five.thumbs/FOXNEWSW_20131115_090000_The_Five_002625.jpg,"and possibility of trade which will help everybody. what this kind of thing does for the people who are global warmin' -- i am like obama now. global warming extremists they raise money off of it. this is an epidemic."
https://archive.org/details/FOXNEWSW_20131114_220000_The_Five#start/2689/end/2724,11/14/2013 22:45:04,FOXNEWS,The Five,FOXNEWSW_20131114_220000_The_Five,https://archive.org/download/FOXNEWSW_20131114_220000_The_Five/FOXNEWSW_20131114_220000_The_Five.thumbs/FOXNEWSW_20131114_220000_The_Five_002685.jpg,"china, brazil, india, are you going to get them to go along with you? no. that's an excuse not to help people in poverty. it's not an excuse to say global warming doesn't exist. nobody at this table said"
https://archive.org/details/FOXNEWSW_20131118_020000_Hannity#start/1556/end/1591,11/18/2013 2:26:11,FOXNEWS,Hannity,FOXNEWSW_20131118_020000_Hannity,https://archive.org/download/FOXNEWSW_20131118_020000_Hannity/FOXNEWSW_20131118_020000_Hannity.thumbs/FOXNEWSW_20131118_020000_Hannity_001545.jpg,"being proposed. there is no doubt climate change has an unlevel playing field for few future generation."
https://archive.org/details/FOXNEWSW_20131104_000000_FOX_Report#start/1124/end/1159,11/4/2013 0:18:59,FOXNEWS,FOX Report,FOXNEWSW_20131104_000000_FOX_Report,https://archive.org/download/FOXNEWSW_20131104_000000_FOX_Report/FOXNEWSW_20131104_000000_FOX_Report.thumbs/FOXNEWSW_20131104_000000_FOX_Report_001125.jpg,"forces more than 20000 people from their homes. we will tell you what it is coming up. whether you believe in it, a group of top scientists says they have a cure for global warming. [ female announcer ] it figures.on your busiest day"
https://archive.org/details/FOXNEWSW_20131119_070000_Greta_Van_Susteren#start/3618/end/3653,11/19/2013 8:00:33,FOXNEWS,Greta Van Susteren,FOXNEWSW_20131119_070000_Greta_Van_Susteren,https://archive.org/download/FOXNEWSW_20131119_070000_Greta_Van_Susteren/FOXNEWSW_20131119_070000_Greta_Van_Susteren.thumbs/FOXNEWSW_20131119_070000_Greta_Van_Susteren_003615.jpg,"tonight -- coming up on 'red eye.' awkward fist bumping. this friendly greeting could be responsible for global warming. plus, does the white house hate people who sthings it is gross to put ketchup on hot dogs ? in the not too distant"
https://archive.org/details/FOXNEWSW_20131119_080000_Red_Eye#start/18/end/53,11/19/2013 8:00:33,FOXNEWS,Red Eye,FOXNEWSW_20131119_080000_Red_Eye,https://archive.org/download/FOXNEWSW_20131119_080000_Red_Eye/FOXNEWSW_20131119_080000_Red_Eye.thumbs/FOXNEWSW_20131119_080000_Red_Eye_000045.jpg,"tonight -- coming up on 'red eye.' awkward fist bumping. this friendly greeting could be responsible for global warming. plus, does the white house hate people who sthings it is gross to put ketchup on hot dogs ? in the not too distant"
https://archive.org/details/FOXNEWSW_20131115_090000_The_Five#start/2616/end/2651,11/15/2013 9:43:51,FOXNEWS,The Five,FOXNEWSW_20131115_090000_The_Five,https://archive.org/download/FOXNEWSW_20131115_090000_The_Five/FOXNEWSW_20131115_090000_The_Five.thumbs/FOXNEWSW_20131115_090000_The_Five_002595.jpg,"aing facts you pulled out of your butt? oh my god. i was talking about bob. i have theories. global warming is the purperfec excuse for people not living in the third word. it gives them a pass oh my gosh"
https://archive.org/details/FOXNEWSW_20131115_090000_The_Five#start/2708/end/2743,11/15/2013 9:45:23,FOXNEWS,The Five,FOXNEWSW_20131115_090000_The_Five,https://archive.org/download/FOXNEWSW_20131115_090000_The_Five/FOXNEWSW_20131115_090000_The_Five.thumbs/FOXNEWSW_20131115_090000_The_Five_002685.jpg,"global warming goes in cycles. that is a fact. every 50 or 60 years the cycle changes. i remember this. we talked about this before, news week had the eminent ice age that was coming for the last ten years."
https://archive.org/details/FOXNEWSW_20131118_210000_Your_World_With_Neil_Cavuto#start/318/end/353,11/18/2013 21:05:33,FOXNEWS,Your World With Neil Cavuto,FOXNEWSW_20131118_210000_Your_World_With_Neil_Cavuto,https://archive.org/download/FOXNEWSW_20131118_210000_Your_World_With_Neil_Cavuto/FOXNEWSW_20131118_210000_Your_World_With_Neil_Cavuto.thumbs/FOXNEWSW_20131118_210000_Your_World_With_Neil_Cavuto_000315.jpg,"progressivism circumstance whether it's union rules or environmental and global warming policy, all of these things this administration has said are so important to it are now deeply at risk, and that lends itself to a large degree of economic"
https://archive.org/details/FOXNEWSW_20131103_110000_FOX_and_Friends_Sunday#start/5259/end/5294,11/3/2013 12:27:54,FOXNEWS,FOX and Friends Sunday,FOXNEWSW_20131103_110000_FOX_and_Friends_Sunday,https://archive.org/download/FOXNEWSW_20131103_110000_FOX_and_Friends_Sunday/FOXNEWSW_20131103_110000_FOX_and_Friends_Sunday.thumbs/FOXNEWSW_20131103_110000_FOX_and_Friends_Sunday_005235.jpg,"that are creating essentially perpetual economic stagnation in this country. does it drive you crazy that the left, the ee bomb ma administration in particular, acts as if you ask any question about their global warming faith, that you are a denier,"
https://archive.org/details/FOXNEWSW_20131118_020000_Hannity#start/1398/end/1433,11/18/2013 2:23:33,FOXNEWS,Hannity,FOXNEWSW_20131118_020000_Hannity,https://archive.org/download/FOXNEWSW_20131118_020000_Hannity/FOXNEWSW_20131118_020000_Hannity.thumbs/FOXNEWSW_20131118_020000_Hannity_001395.jpg,"declare the conference (indiscernible) convention on climate change. these scientists argue our world is heating up 912 warmest years on record have occurred"
https://archive.org/details/FOXNEWSW_20131120_160000_Happening_Now#start/2942/end/2977,11/20/2013 16:49:17,FOXNEWS,Happening Now,FOXNEWSW_20131120_160000_Happening_Now,https://archive.org/download/FOXNEWSW_20131120_160000_Happening_Now/FOXNEWSW_20131120_160000_Happening_Now.thumbs/FOXNEWSW_20131120_160000_Happening_Now_002925.jpg,"chemistry. today, he remains a global leader continuing to study air quality and climate change and the environment that connects us all. [applause]"
https://archive.org/details/FOXNEWSW_20131104_000000_FOX_Report#start/1460/end/1495,11/4/2013 0:24:35,FOXNEWS,FOX Report,FOXNEWSW_20131104_000000_FOX_Report,https://archive.org/download/FOXNEWSW_20131104_000000_FOX_Report/FOXNEWSW_20131104_000000_FOX_Report.thumbs/FOXNEWSW_20131104_000000_FOX_Report_001455.jpg,"if it can't do that, i don't think that all of this talk about global warming is going to matter very much, because we really can't afford to pay two or three times as much as electricity as we are paying now. public perception is another"
https://archive.org/details/FOXNEWSW_20131115_090000_The_Five#start/2569/end/2604,11/15/2013 9:43:04,FOXNEWS,The Five,FOXNEWSW_20131115_090000_The_Five,https://archive.org/download/FOXNEWSW_20131115_090000_The_Five/FOXNEWSW_20131115_090000_The_Five.thumbs/FOXNEWSW_20131115_090000_The_Five_002565.jpg,"what does this have to do with the typhoon? wait a second. the typhoon because it is much more dangerous for higher elevations of water. every single scientists including people who believe in global warming say there has been no increase in cyclones no"
https://archive.org/details/FOXNEWSW_20131115_090000_The_Five#start/2631/end/2666,11/15/2013 9:44:06,FOXNEWS,The Five,FOXNEWSW_20131115_090000_The_Five,https://archive.org/download/FOXNEWSW_20131115_090000_The_Five/FOXNEWSW_20131115_090000_The_Five.thumbs/FOXNEWSW_20131115_090000_The_Five_002625.jpg,"it's global warming. that doesn't help provide affordable electricity. they could have had more information so they could have gotten out of harm's way. with more affordable electricity that is steady you have better education, united better healthcare, better well-being"
https://archive.org/details/FOXNEWSW_20131112_090000_The_Five#start/2559/end/2594,11/12/2013 9:42:54,FOXNEWS,The Five,FOXNEWSW_20131112_090000_The_Five,https://archive.org/download/FOXNEWSW_20131112_090000_The_Five/FOXNEWSW_20131112_090000_The_Five.thumbs/FOXNEWSW_20131112_090000_The_Five_002535.jpg,"warming. that is so easy and intellectually lazy. it is more difficult to have actually read the literature, thought about it. you could say global warming is the temperature. maybe it is happening but let's talk about the causes. how are you going to solve it?"
https://archive.org/details/FOXNEWSW_20131123_193000_Americas_News_Headquarters#start/460/end/495,11/23/2013 19:37:55,FOXNEWS,Americas News Headquarters,FOXNEWSW_20131123_193000_Americas_News_Headquarters,https://archive.org/download/FOXNEWSW_20131123_193000_Americas_News_Headquarters/FOXNEWSW_20131123_193000_Americas_News_Headquarters.thumbs/FOXNEWSW_20131123_193000_Americas_News_Headquarters_000435.jpg,"rating. it's cratered to a record low of 37% in the latest cbs poll. he's been out giving speeches on everything from immigration reform to the economy to minimum wage, even a carbon tax speech. but would you agree that"
https://archive.org/details/FOXNEWSW_20131114_220000_The_Five#start/2414/end/2449,11/14/2013 22:40:29,FOXNEWS,The Five,FOXNEWSW_20131114_220000_The_Five,https://archive.org/download/FOXNEWSW_20131114_220000_The_Five/FOXNEWSW_20131114_220000_The_Five.thumbs/FOXNEWSW_20131114_220000_The_Five_002415.jpg,"fossil fuels. dead aren't even buried yet. the moral evil of climate change denial that is. those that continue deny in the face of mounting evident"
https://archive.org/details/FOXNEWSW_20131114_220000_The_Five#start/2444/end/2479,11/14/2013 22:40:59,FOXNEWS,The Five,FOXNEWSW_20131114_220000_The_Five,https://archive.org/download/FOXNEWSW_20131114_220000_The_Five/FOXNEWSW_20131114_220000_The_Five.thumbs/FOXNEWSW_20131114_220000_The_Five_002445.jpg,"hah hah you denied climate change. i hated when evangelists blamed aidss. no misery is too big to fuel your smug satisfaction. the shameful sickness still"
https://archive.org/details/FOXNEWSW_20131112_080000_Red_Eye#start/2741/end/2776,11/12/2013 8:45:56,FOXNEWS,Red Eye,FOXNEWSW_20131112_080000_Red_Eye,https://archive.org/download/FOXNEWSW_20131112_080000_Red_Eye/FOXNEWSW_20131112_080000_Red_Eye.thumbs/FOXNEWSW_20131112_080000_Red_Eye_002715.jpg,"if you get asked about the feminist rating system it is like global warming or any of the other social tests. you will have to say i am for that and then you can be a part of our club. - q. i and that will open the door to exist."
https://archive.org/details/FOXNEWSW_20131103_170000_Americas_News_Headquarters#start/3654/end/3689,11/3/2013 18:01:09,FOXNEWS,Americas News Headquarters,FOXNEWSW_20131103_170000_Americas_News_Headquarters,https://archive.org/download/FOXNEWSW_20131103_170000_Americas_News_Headquarters/FOXNEWSW_20131103_170000_Americas_News_Headquarters.thumbs/FOXNEWSW_20131103_170000_Americas_News_Headquarters_003645.jpg,"remembers her husband. as creel charges are filed against the uh -- as criminal charges are filed we will have a live report with new details. and some of the top climate scientists have a controversial message for environmentalists. if you want to stop global warming, it is time to go"
https://archive.org/details/FOXNEWSW_20131111_220000_The_Five#start/2555/end/2590,11/11/2013 22:42:50,FOXNEWS,The Five,FOXNEWSW_20131111_220000_The_Five,https://archive.org/download/FOXNEWSW_20131111_220000_The_Five/FOXNEWSW_20131111_220000_The_Five.thumbs/FOXNEWSW_20131111_220000_The_Five_002535.jpg,"looks to be taller then greg so i'll call on you first. the easiest thing to say about somebody who you might disagree with politically is to say, you don't believe in global warming. that is just so easy and intellectually lazy. it's more difficult to have actually read the literature,"
https://archive.org/details/FOXNEWSW_20131122_100000_FOX_and_Friends_First#start/2505/end/2540,11/22/2013 10:42:00,FOXNEWS,FOX and Friends First,FOXNEWSW_20131122_100000_FOX_and_Friends_First,https://archive.org/download/FOXNEWSW_20131122_100000_FOX_and_Friends_First/FOXNEWSW_20131122_100000_FOX_and_Friends_First.thumbs/FOXNEWSW_20131122_100000_FOX_and_Friends_First_002445.jpg,"obamacare and it is turning to other well-known groups to help push the climate change agenda. a united career clear [woman]ask me."
https://archive.org/details/FOXNEWSW_20131121_220000_The_Five#start/1937/end/1972,11/21/2013 22:32:32,FOXNEWS,The Five,FOXNEWSW_20131121_220000_The_Five,https://archive.org/download/FOXNEWSW_20131121_220000_The_Five/FOXNEWSW_20131121_220000_The_Five.thumbs/FOXNEWSW_20131121_220000_The_Five_001935.jpg,"so is climate change. it's not. you are cranky tonight. no. i happen to believe -- you don't believe it. i believe it's the single most potentially great threat to this"
https://archive.org/details/FOXNEWSW_20131111_220000_The_Five#start/2570/end/2605,11/11/2013 22:43:05,FOXNEWS,The Five,FOXNEWSW_20131111_220000_The_Five,https://archive.org/download/FOXNEWSW_20131111_220000_The_Five/FOXNEWSW_20131111_220000_The_Five.thumbs/FOXNEWSW_20131111_220000_The_Five_002565.jpg,"thought about it and you can say, you know, global warming, maybe it is happening, but let's talk about, then, the causes. how are you going to solve it? are you going to get india, china and brazil to lower their economic production, as we are, or are we going to do it by"
https://archive.org/details/FOXNEWSW_20131112_090000_The_Five#start/2575/end/2610,11/12/2013 9:43:10,FOXNEWS,The Five,FOXNEWSW_20131112_090000_The_Five,https://archive.org/download/FOXNEWSW_20131112_090000_The_Five/FOXNEWSW_20131112_090000_The_Five.thumbs/FOXNEWSW_20131112_090000_The_Five_002565.jpg,"are you going to get india china and brazil to lower their economic production as we are or are we going to do it by ourselves? if we do that, if you believe global warming is a global problem you actually haven't done anything to solve it. it is so much harder to be"
https://archive.org/details/FOXNEWSW_20131102_100000_FOX_and_Friends_Saturday#start/4346/end/4381,11/2/2013 11:12:41,FOXNEWS,FOX and Friends Saturday,FOXNEWSW_20131102_100000_FOX_and_Friends_Saturday,https://archive.org/download/FOXNEWSW_20131102_100000_FOX_and_Friends_Saturday/FOXNEWSW_20131102_100000_FOX_and_Friends_Saturday.thumbs/FOXNEWSW_20131102_100000_FOX_and_Friends_Saturday_004335.jpg,"years on record. why hasn't it gotten cooler in the last several years. that's not one crackpot's opinion. it's a being if a, it's measurable. now maybe there is a solution that's consistent with their theories much you can't tell me that global warming is destroying the earth when we have more ice"
https://archive.org/details/FOXNEWSW_20131130_160000_Forbes_on_FOX#start/903/end/938,11/30/2013 16:15:18,FOXNEWS,Forbes on FOX,FOXNEWSW_20131130_160000_Forbes_on_FOX,https://archive.org/download/FOXNEWSW_20131130_160000_Forbes_on_FOX/FOXNEWSW_20131130_160000_Forbes_on_FOX.thumbs/FOXNEWSW_20131130_160000_Forbes_on_FOX_000885.jpg,"typical. they always find a way to pick your pocket. conjure up a crisis and pick your pockets. what we are experiencing now in temperatures has been going on since the 1600s, when we had the ice age. what is wrong with a little global warming? the fact of the matter is the"
https://archive.org/details/FOXNEWSW_20131104_110000_FOX_and_Friends#start/733/end/768,11/4/2013 11:12:28,FOXNEWS,FOX and Friends,FOXNEWSW_20131104_110000_FOX_and_Friends,https://archive.org/download/FOXNEWSW_20131104_110000_FOX_and_Friends/FOXNEWSW_20131104_110000_FOX_and_Friends.thumbs/FOXNEWSW_20131104_110000_FOX_and_Friends_000705.jpg,"the first look inside ksm's cell. and you may not like it. the president of the united states issuing an executive order giving him complete control of climate change policies. apparently he ignored"
https://archive.org/details/FOXNEWSW_20131104_110000_FOX_and_Friends#start/986/end/1021,11/4/2013 11:16:41,FOXNEWS,FOX and Friends,FOXNEWSW_20131104_110000_FOX_and_Friends,https://archive.org/download/FOXNEWSW_20131104_110000_FOX_and_Friends/FOXNEWSW_20131104_110000_FOX_and_Friends.thumbs/FOXNEWSW_20131104_110000_FOX_and_Friends_000975.jpg,"executive orders to do it. essentially this climate action plan, president obama directly links wildfires, storms, droughts, floods, they are all the result of climate change. based on what? that's not necessarily"
https://archive.org/details/FOXNEWSW_20131118_020000_Hannity#start/1348/end/1383,11/18/2013 2:22:43,FOXNEWS,Hannity,FOXNEWSW_20131118_020000_Hannity,https://archive.org/download/FOXNEWSW_20131118_020000_Hannity/FOXNEWSW_20131118_020000_Hannity.thumbs/FOXNEWSW_20131118_020000_Hannity_001125.jpg,"what if any does climate change have to do with the storms? devastating storms super storm sandy last year and the killer typhoon last week in the philippines with the 200 mile an"
https://archive.org/details/FOXNEWSW_20131121_230000_Special_Report_With_Bret_Baier#start/1818/end/1853,11/21/2013 23:30:33,FOXNEWS,Special Report With Bret Baier,FOXNEWSW_20131121_230000_Special_Report_With_Bret_Baier,https://archive.org/download/FOXNEWSW_20131121_230000_Special_Report_With_Bret_Baier/FOXNEWSW_20131121_230000_Special_Report_With_Bret_Baier.thumbs/FOXNEWSW_20131121_230000_Special_Report_With_Bret_Baier_001815.jpg,"and says it will immediately relabel all mislabeled bibles. the norwegian army is fighting a new enemy, climate change. to do so, it apparently requires sacrifice. afp reports the army will put"
https://archive.org/details/FOXNEWSW_20131122_090000_The_Five#start/1527/end/1562,11/22/2013 9:25:42,FOXNEWS,The Five,FOXNEWSW_20131122_090000_The_Five,https://archive.org/download/FOXNEWSW_20131122_090000_The_Five/FOXNEWSW_20131122_090000_The_Five.thumbs/FOXNEWSW_20131122_090000_The_Five_001515.jpg,"they probably could get obama care. democrats have now recruited pro sports to push their climate change bs. is anybody else tired of all the politics creeping into our football and baseball."
https://archive.org/details/FOXNEWSW_20131122_090000_The_Five#start/1903/end/1938,11/22/2013 9:31:58,FOXNEWS,The Five,FOXNEWSW_20131122_090000_The_Five,https://archive.org/download/FOXNEWSW_20131122_090000_The_Five/FOXNEWSW_20131122_090000_The_Five.thumbs/FOXNEWSW_20131122_090000_The_Five_001875.jpg,"it's not exactly an analogy but when you use sports teams which you should to promote breast cancer awareness week, i happen to think climate change is ravaging this country and anyway"
https://archive.org/details/FOXNEWSW_20131105_100000_FOX_and_Friends_First#start/2702/end/2737,11/5/2013 10:45:17,FOXNEWS,FOX and Friends First,FOXNEWSW_20131105_100000_FOX_and_Friends_First,https://archive.org/download/FOXNEWSW_20131105_100000_FOX_and_Friends_First/FOXNEWSW_20131105_100000_FOX_and_Friends_First.thumbs/FOXNEWSW_20131105_100000_FOX_and_Friends_First_002685.jpg,"industry professionals like television writers and producers with timely information on story lines on healthcare or climate change. this 18 month rant will be used to inform them on obamacare facts and i am mrinimplementati"
https://archive.org/details/FOXNEWSW_20131125_110000_FOX_and_Friends#start/1484/end/1519,11/25/2013 11:24:59,FOXNEWS,FOX and Friends,FOXNEWSW_20131125_110000_FOX_and_Friends,https://archive.org/download/FOXNEWSW_20131125_110000_FOX_and_Friends/FOXNEWSW_20131125_110000_FOX_and_Friends.thumbs/FOXNEWSW_20131125_110000_FOX_and_Friends_001485.jpg,"incorrect on a number of issues, including climate change and fracking. oil and gas professional becky berger tried persuading the texas board against adopting the book but to no avail. our next guest is not"
https://archive.org/details/FOXNEWSW_20131112_090000_The_Five#start/2622/end/2657,11/12/2013 9:43:57,FOXNEWS,The Five,FOXNEWSW_20131112_090000_The_Five,https://archive.org/download/FOXNEWSW_20131112_090000_The_Five/FOXNEWSW_20131112_090000_The_Five.thumbs/FOXNEWSW_20131112_090000_The_Five_002595.jpg,"questionnaire about man's hypothetical. they have been using it for years. i get it he's trying to be a climate change apostle. it's bogus. will you stop. he's very nice if you met him in"
https://archive.org/details/FOXNEWSW_20131119_080000_Red_Eye#start/2800/end/2835,11/19/2013 8:46:55,FOXNEWS,Red Eye,FOXNEWSW_20131119_080000_Red_Eye,https://archive.org/download/FOXNEWSW_20131119_080000_Red_Eye/FOXNEWSW_20131119_080000_Red_Eye.thumbs/FOXNEWSW_20131119_080000_Red_Eye_002775.jpg,"i >>- q. i haven't read -- i haven't read the book yet. i have time for one more story. this is about a bunch of climate change experts saying they found the world's oldest creature."
https://archive.org/details/FOXNEWSW_20131121_220000_The_Five#start/1907/end/1942,11/21/2013 22:32:02,FOXNEWS,The Five,FOXNEWSW_20131121_220000_The_Five,https://archive.org/download/FOXNEWSW_20131121_220000_The_Five/FOXNEWSW_20131121_220000_The_Five.thumbs/FOXNEWSW_20131121_220000_The_Five_001905.jpg,"you should to promote breast cancer awareness week, i happen to think climate change is ravaging this country and anyway you can get it out, get it out. i don't think they should do"
https://archive.org/details/FOXNEWSW_20131114_220000_The_Five#start/2428/end/2463,11/14/2013 22:40:43,FOXNEWS,The Five,FOXNEWSW_20131114_220000_The_Five,https://archive.org/download/FOXNEWSW_20131114_220000_The_Five/FOXNEWSW_20131114_220000_The_Five.thumbs/FOXNEWSW_20131114_220000_The_Five_002415.jpg,"that clie vooi lent climate change is upon us and accelerating. it's foolish to expect science from crazy. she's so nutty she qualifies as a snickers bar. her assumptions are no different than others."
https://archive.org/details/FOXNEWSW_20131125_110000_FOX_and_Friends#start/1561/end/1596,11/25/2013 11:26:16,FOXNEWS,FOX and Friends,FOXNEWSW_20131125_110000_FOX_and_Friends,https://archive.org/download/FOXNEWSW_20131125_110000_FOX_and_Friends/FOXNEWSW_20131125_110000_FOX_and_Friends.thumbs/FOXNEWSW_20131125_110000_FOX_and_Friends_001545.jpg,"complaints they are typically deemed as liberal posturing. if liberals make the complaints they are deemed as academic concerns. i'm not surprised they take this position. for instance, they do talk about climate change. they talk about fracking as"
https://archive.org/details/FOXNEWSW_20131112_220000_The_Five#start/527/end/562,11/12/2013 22:09:02,FOXNEWS,The Five,FOXNEWSW_20131112_220000_The_Five,https://archive.org/download/FOXNEWSW_20131112_220000_The_Five/FOXNEWSW_20131112_220000_The_Five.thumbs/FOXNEWSW_20131112_220000_The_Five_000525.jpg,"interfered with the website launch and they should start thinking about replacing computers with solar panelled windows and get him into the climate change debate and get him away from obama care. please, give me a break, bob."
https://archive.org/details/FOXNEWSW_20131104_180000_Americas_News_Headquarters#start/2746/end/2781,11/4/2013 18:46:01,FOXNEWS,Americas News Headquarters,FOXNEWSW_20131104_180000_Americas_News_Headquarters,https://archive.org/download/FOXNEWSW_20131104_180000_Americas_News_Headquarters/FOXNEWSW_20131104_180000_Americas_News_Headquarters.thumbs/FOXNEWSW_20131104_180000_Americas_News_Headquarters_002745.jpg,"pushing climate change and fairness in the work place and a truck driver faces murder charges. he was facebooking on the phone in the time of the deadly crash. we have it for you. nwe'll be watching."
https://archive.org/details/FOXNEWSW_20131117_070000_Red_Eye#start/2891/end/2926,11/17/2013 7:48:26,FOXNEWS,Red Eye,FOXNEWSW_20131117_070000_Red_Eye,https://archive.org/download/FOXNEWSW_20131117_070000_Red_Eye/FOXNEWSW_20131117_070000_Red_Eye.thumbs/FOXNEWSW_20131117_070000_Red_Eye_002865.jpg,"that's true. you could have a robot that's in to something. i haven't read the book yet. time for one more story. this is about a bunch of climate change experts. they say they found the world's"
https://archive.org/details/FOXNEWSW_20131125_110000_FOX_and_Friends#start/1213/end/1248,11/25/2013 11:20:28,FOXNEWS,FOX and Friends,FOXNEWSW_20131125_110000_FOX_and_Friends,https://archive.org/download/FOXNEWSW_20131125_110000_FOX_and_Friends/FOXNEWSW_20131125_110000_FOX_and_Friends.thumbs/FOXNEWSW_20131125_110000_FOX_and_Friends_001215.jpg,"we'll expand on it. i've got that study. i know what you're talking about. coming up straight ahead, it's factually incorrect on issues like fracking and climate change. so why is this textbook now approved for use in"
https://archive.org/details/FOXNEWSW_20131119_000000_Greta_Van_Susteren#start/1904/end/1939,11/19/2013 0:31:59,FOXNEWS,Greta Van Susteren,FOXNEWSW_20131119_000000_Greta_Van_Susteren,https://archive.org/download/FOXNEWSW_20131119_000000_Greta_Van_Susteren/FOXNEWSW_20131119_000000_Greta_Van_Susteren.thumbs/FOXNEWSW_20131119_000000_Greta_Van_Susteren_001905.jpg,"try to solve the mystery of the red plant's radical climate change. the space craft won't reach mars though until next september. that is tonight's speed read. and the new pr mantra for the obama administration, greatly improved."
https://archive.org/details/FOXNEWSW_20131111_220000_The_Five#start/2632/end/2667,11/11/2013 22:44:07,FOXNEWS,The Five,FOXNEWSW_20131111_220000_The_Five,https://archive.org/download/FOXNEWSW_20131111_220000_The_Five/FOXNEWSW_20131111_220000_The_Five.thumbs/FOXNEWSW_20131111_220000_The_Five_002625.jpg,"hollywood trying to be a climate change apostle but it's bogus. can you stop with george clooney who is my friend? have you met him in person? what did he say? what did i say? i didn't say anything. always belittling george."
https://archive.org/details/FOXNEWSW_20131111_180000_Americas_News_Headquarters#start/2316/end/2351,11/11/2013 18:38:51,FOXNEWS,Americas News Headquarters,FOXNEWSW_20131111_180000_Americas_News_Headquarters,https://archive.org/download/FOXNEWSW_20131111_180000_Americas_News_Headquarters/FOXNEWSW_20131111_180000_Americas_News_Headquarters.thumbs/FOXNEWSW_20131111_180000_Americas_News_Headquarters_002295.jpg,"or should he talk about the minimum wage or climate change. i think when you are a president you have to walk in two guns. this is taking up a huge amount of focus but we have to move forward on immigration reform"
https://archive.org/details/FOXNEWSW_20131118_180000_Americas_News_Headquarters#start/1832/end/1867,11/18/2013 18:30:47,FOXNEWS,Americas News Headquarters,FOXNEWSW_20131118_180000_Americas_News_Headquarters,https://archive.org/download/FOXNEWSW_20131118_180000_Americas_News_Headquarters/FOXNEWSW_20131118_180000_Americas_News_Headquarters.thumbs/FOXNEWSW_20131118_180000_Americas_News_Headquarters_001815.jpg,"sis from wet and warm to cold and barren. will this tell us what is happening in our own climate change on earth? that's part of the mission. the spacecraft is designed not only look at the upper atmosphere of mars, but some"
https://archive.org/details/FOXNEWSW_20131121_220000_The_Five#start/1921/end/1956,11/21/2013 22:32:16,FOXNEWS,The Five,FOXNEWSW_20131121_220000_The_Five,https://archive.org/download/FOXNEWSW_20131121_220000_The_Five/FOXNEWSW_20131121_220000_The_Five.thumbs/FOXNEWSW_20131121_220000_The_Five_001905.jpg,"the breast cancer awareness stuff. they should keep it sports. sports sports. if i were a republican i would run on this. obama care and they are using our sports teams to promote climate change. breast cancer is proven, bob."
https://archive.org/details/FOXNEWSW_20131121_220000_The_Five#start/1953/end/1988,11/21/2013 22:32:48,FOXNEWS,The Five,FOXNEWSW_20131121_220000_The_Five,https://archive.org/download/FOXNEWSW_20131121_220000_The_Five/FOXNEWSW_20131121_220000_The_Five.thumbs/FOXNEWSW_20131121_220000_The_Five_001935.jpg,"country. do you know anyone in this country that doesn't believe there's a thing called breast cancer? no. would you say there's a good percentage of the population who disagrees with the climate change? no. the ravens were paid $130000"
https://archive.org/details/FOXNEWSW_20131102_100000_FOX_and_Friends_Saturday#start/3640/end/3675,11/2/2013 11:00:55,FOXNEWS,FOX and Friends Saturday,FOXNEWSW_20131102_100000_FOX_and_Friends_Saturday,https://archive.org/download/FOXNEWSW_20131102_100000_FOX_and_Friends_Saturday/FOXNEWSW_20131102_100000_FOX_and_Friends_Saturday.thumbs/FOXNEWSW_20131102_100000_FOX_and_Friends_Saturday_003615.jpg,"the suspect. including a possible motive. and while you were sleeping, the president's latest power grab, a late night executive order, obama targeting climate change policies. we will tell you what it means coming up. and it's it the disturbing new selfie trend."
https://archive.org/details/FOXNEWSW_20131102_100000_FOX_and_Friends_Saturday#start/4237/end/4272,11/2/2013 11:10:52,FOXNEWS,FOX and Friends Saturday,FOXNEWSW_20131102_100000_FOX_and_Friends_Saturday,https://archive.org/download/FOXNEWSW_20131102_100000_FOX_and_Friends_Saturday/FOXNEWSW_20131102_100000_FOX_and_Friends_Saturday.thumbs/FOXNEWSW_20131102_100000_FOX_and_Friends_Saturday_004215.jpg,"power over its climate change policies. that means that the infrastructure related to forest fires, flooding. any sort of big storm is now going to be given over to seven governors, all graduate democrat by the way except for one republican"
https://archive.org/details/FOXNEWSW_20131102_100000_FOX_and_Friends_Saturday#start/11446/end/11481,11/2/2013 13:11:01,FOXNEWS,FOX and Friends Saturday,FOXNEWSW_20131102_100000_FOX_and_Friends_Saturday,https://archive.org/download/FOXNEWSW_20131102_100000_FOX_and_Friends_Saturday/FOXNEWSW_20131102_100000_FOX_and_Friends_Saturday.thumbs/FOXNEWSW_20131102_100000_FOX_and_Friends_Saturday_011445.jpg,"is approaching. last night president obama issuing an executive order to take over the nation's climate change policies, creating a tax force. who is on that tax force? a number of democrats. seven different democratic governors. there is a republican governor,"
https://archive.org/details/FOXNEWSW_20131130_090000_The_Five#start/297/end/332,11/30/2013 9:05:12,FOXNEWS,The Five,FOXNEWSW_20131130_090000_The_Five,https://archive.org/download/FOXNEWSW_20131130_090000_The_Five/FOXNEWSW_20131130_090000_The_Five.thumbs/FOXNEWSW_20131130_090000_The_Five_000285.jpg,"there and say what i really think about all of these things, climate change, health care, and he has a whole long list. and it would be refreshing to be able to hear that list but i understand why his handlers were"
https://archive.org/details/FOXNEWSW_20131115_090000_The_Five#start/2424/end/2459,11/15/2013 9:40:39,FOXNEWS,The Five,FOXNEWSW_20131115_090000_The_Five,https://archive.org/download/FOXNEWSW_20131115_090000_The_Five/FOXNEWSW_20131115_090000_The_Five.thumbs/FOXNEWSW_20131115_090000_The_Five_002415.jpg,"denial that is. those who continue to deny violent climate change is upon us and it is accelerating. now it is foolish to expect science from crazy. she is so nutty. she qualifies as a snicker's bar. her assumptions are no better"
https://archive.org/details/FOXNEWSW_20131112_230000_Special_Report_With_Bret_Baier#start/1835/end/1870,11/12/2013 23:30:50,FOXNEWS,Special Report With Bret Baier,FOXNEWSW_20131112_230000_Special_Report_With_Bret_Baier,https://archive.org/download/FOXNEWSW_20131112_230000_Special_Report_With_Bret_Baier/FOXNEWSW_20131112_230000_Special_Report_With_Bret_Baier.thumbs/FOXNEWSW_20131112_230000_Special_Report_With_Bret_Baier_001815.jpg,"has fans over at the conservative heritage foundation here in the u.s. so where does the u.s. stand on all this? special envoy for climate change todd stern said this. the u.s. will be providing or has provided for fiscal year"
https://archive.org/details/FOXNEWSW_20131111_220000_The_Five#start/2539/end/2574,11/11/2013 22:42:34,FOXNEWS,The Five,FOXNEWSW_20131111_220000_The_Five,https://archive.org/download/FOXNEWSW_20131111_220000_The_Five/FOXNEWSW_20131111_220000_The_Five.thumbs/FOXNEWSW_20131111_220000_The_Five_002535.jpg,"george clooney here and we'll talk about climate deniers. they say it's just a stupid argument. the idea that we're somehow involved in climate change is ridiculous. what's the worst thing that happened? we clean up the earth a little bit. tan dana is raising her hand."
https://archive.org/details/FOXNEWSW_20131110_200000_The_Journal_Editorial_Report#start/954/end/989,11/10/2013 20:16:09,FOXNEWS,The Journal Editorial Report,FOXNEWSW_20131110_200000_The_Journal_Editorial_Report,https://archive.org/download/FOXNEWSW_20131110_200000_The_Journal_Editorial_Report/FOXNEWSW_20131110_200000_The_Journal_Editorial_Report.thumbs/FOXNEWSW_20131110_200000_The_Journal_Editorial_Report_000945.jpg,"a little weaker, for instance, the environment climate change. he might try to do something there. okay. and try to position himself. all right. kim, thanks. when we come back, new education reforms in washington, d.c., and tennessee have taken effect. find out how well schools in"
https://archive.org/details/FOXNEWSW_20131101_100000_FOX_and_Friends#start/2236/end/2271,11/1/2013 10:37:31,FOXNEWS,FOX and Friends,FOXNEWSW_20131101_100000_FOX_and_Friends,https://archive.org/download/FOXNEWSW_20131101_100000_FOX_and_Friends/FOXNEWSW_20131101_100000_FOX_and_Friends.thumbs/FOXNEWSW_20131101_100000_FOX_and_Friends_002235.jpg,"arnold schwarzenegger can add a new title. park ranger. he is being made an honorary ranger this week because of what they say is his leadership on climate change issues. it is a pretty exclusive club. he joins the actress betty white and the rolling stone"
https://archive.org/details/FOXNEWSW_20131102_100000_FOX_and_Friends_Saturday#start/4253/end/4288,11/2/2013 11:11:08,FOXNEWS,FOX and Friends Saturday,FOXNEWSW_20131102_100000_FOX_and_Friends_Saturday,https://archive.org/download/FOXNEWSW_20131102_100000_FOX_and_Friends_Saturday/FOXNEWSW_20131102_100000_FOX_and_Friends_Saturday.thumbs/FOXNEWSW_20131102_100000_FOX_and_Friends_Saturday_004245.jpg,"governor from guam. all democratic governor in charge of this will be able to dole out money and force businesses to change their structures based on climate change. all on the heels of super storm sandy. when you are will ifing in new york sand saying there"
https://archive.org/details/FOXNEWSW_20131130_160000_Forbes_on_FOX#start/827/end/862,11/30/2013 16:14:02,FOXNEWS,Forbes on FOX,FOXNEWSW_20131130_160000_Forbes_on_FOX,https://archive.org/download/FOXNEWSW_20131130_160000_Forbes_on_FOX/FOXNEWSW_20131130_160000_Forbes_on_FOX.thumbs/FOXNEWSW_20131130_160000_Forbes_on_FOX_000825.jpg,"climate change programs. make your case. certainly looks that way to me. now i will admit we have had modest warming on the planet in the last 20, 30 years. but to be able to tie this to the cataclysmic weather events, you are in the realm"
https://archive.org/details/FOXNEWSW_20131115_040000_The_OReilly_Factor#start/2535/end/2570,11/15/2013 4:42:30,FOXNEWS,The OReilly Factor,FOXNEWSW_20131115_040000_The_OReilly_Factor,https://archive.org/download/FOXNEWSW_20131115_040000_The_OReilly_Factor/FOXNEWSW_20131115_040000_The_OReilly_Factor.thumbs/FOXNEWSW_20131115_040000_The_OReilly_Factor_002535.jpg,"position in the presidential race in 2016. do you agree? i think they will try to revive it. it's really all they have. the record is terrible. the economy is not growing. jobs aren't there. obama care is a disaster. climate change didn't really go"
https://archive.org/details/FOXNEWSW_20131113_090000_The_Five#start/1253/end/1288,11/13/2013 9:21:08,FOXNEWS,The Five,FOXNEWSW_20131113_090000_The_Five,https://archive.org/download/FOXNEWSW_20131113_090000_The_Five/FOXNEWSW_20131113_090000_The_Five.thumbs/FOXNEWSW_20131113_090000_The_Five_001245.jpg,"there. you can't be famous for giving you can live forever by taking away. i am sorry. i told you to shut up. you ticked me off about climate change. you did that on purpose. you haven't seen me for three-days you had to come at"
https://archive.org/details/FOXNEWSW_20131130_160000_Forbes_on_FOX#start/936/end/971,11/30/2013 16:15:51,FOXNEWS,Forbes on FOX,FOXNEWSW_20131130_160000_Forbes_on_FOX,https://archive.org/download/FOXNEWSW_20131130_160000_Forbes_on_FOX/FOXNEWSW_20131130_160000_Forbes_on_FOX.thumbs/FOXNEWSW_20131130_160000_Forbes_on_FOX_000915.jpg,"of -- because of the stimulus program on climate change, is. a lot of money. it is. i'd like to see the government to do more of what business does. i would like to see cost-benefit analysis. this is what reagan was good at. in 1987, he got the montreal"
https://archive.org/details/FOXNEWSW_20131104_110000_FOX_and_Friends#start/1033/end/1068,11/4/2013 11:17:28,FOXNEWS,FOX and Friends,FOXNEWSW_20131104_110000_FOX_and_Friends,https://archive.org/download/FOXNEWSW_20131104_110000_FOX_and_Friends/FOXNEWSW_20131104_110000_FOX_and_Friends.thumbs/FOXNEWSW_20131104_110000_FOX_and_Friends_001035.jpg,"largely made up of democrats from the states and the mayors of big cities, and we're going to say -- there you go. that is who we're going to have running this climate change task force, largely democrats. they're going to say we need to do this, this and"
https://archive.org/details/FOXNEWSW_20131112_220000_The_Five#start/1255/end/1290,11/12/2013 22:21:10,FOXNEWS,The Five,FOXNEWSW_20131112_220000_The_Five,https://archive.org/download/FOXNEWSW_20131112_220000_The_Five/FOXNEWSW_20131112_220000_The_Five.thumbs/FOXNEWSW_20131112_220000_The_Five_001245.jpg,"you can live forever by taking away. sorry i told to you shut up but you ticked me off about climate change. did you that on purpose. i know you did. you hadn't seen me for three days and had to come at me. the movies you watch on your"
https://archive.org/details/FOXNEWSW_20131103_110000_FOX_and_Friends_Sunday#start/4861/end/4896,11/3/2013 12:21:16,FOXNEWS,FOX and Friends Sunday,FOXNEWSW_20131103_110000_FOX_and_Friends_Sunday,https://archive.org/download/FOXNEWSW_20131103_110000_FOX_and_Friends_Sunday/FOXNEWSW_20131103_110000_FOX_and_Friends_Sunday.thumbs/FOXNEWSW_20131103_110000_FOX_and_Friends_Sunday_004845.jpg,"brandon, i, many other students would like to know what he has to say. thank you for joining us. we appreciate it. all righty, with the stroke of a pen, the president issuing an executive order giving him sweeping control of climate change policies. what's he really trying to accomplish?"
https://archive.org/details/FOXNEWSW_20131113_230000_Special_Report_With_Bret_Baier#start/1762/end/1797,11/13/2013 23:29:37,FOXNEWS,Special Report With Bret Baier,FOXNEWSW_20131113_230000_Special_Report_With_Bret_Baier,https://archive.org/download/FOXNEWSW_20131113_230000_Special_Report_With_Bret_Baier/FOXNEWSW_20131113_230000_Special_Report_With_Bret_Baier.thumbs/FOXNEWSW_20131113_230000_Special_Report_With_Bret_Baier_001755.jpg,"the same time obama's second-term agenda items like immigration reform and climate change are buried beneath the wreckage of obama care's failed launch. 55% of the latest fox poll say they believe the obama administration tried to deceive them about obama care, compared to 38% who think the"
https://archive.org/details/FOXNEWSW_20131115_010000_The_OReilly_Factor#start/2546/end/2581,11/15/2013 1:42:41,FOXNEWS,The OReilly Factor,FOXNEWSW_20131115_010000_The_OReilly_Factor,https://archive.org/download/FOXNEWSW_20131115_010000_The_OReilly_Factor/FOXNEWSW_20131115_010000_The_OReilly_Factor.thumbs/FOXNEWSW_20131115_010000_The_OReilly_Factor_002535.jpg,"jobs aren't there. obama care is a disaster. climate change didn't really go anywhere. the whole administration lost credibility. they will probably lose senate seats, probably lose house seats in 2014. we'll see. but so what else do they have. they can't really argue liberal policies work because t"
https://archive.org/details/FOXNEWSW_20131129_220000_The_Five#start/297/end/332,11/29/2013 22:05:12,FOXNEWS,The Five,FOXNEWSW_20131129_220000_The_Five,https://archive.org/download/FOXNEWSW_20131129_220000_The_Five/FOXNEWSW_20131129_220000_The_Five.thumbs/FOXNEWSW_20131129_220000_The_Five_000285.jpg,"there and say what i really think about all these things? climate change, health care, whatever else. he has a whole long list. and it would be refreshing to be able to hear that list. but i understand why his hand handlers were making sure he didn't take that step. look at all those clips"
https://archive.org/details/FOXNEWSW_20131104_110000_FOX_and_Friends#start/957/end/992,11/4/2013 11:16:12,FOXNEWS,FOX and Friends,FOXNEWSW_20131104_110000_FOX_and_Friends,https://archive.org/download/FOXNEWSW_20131104_110000_FOX_and_Friends/FOXNEWSW_20131104_110000_FOX_and_Friends.thumbs/FOXNEWSW_20131104_110000_FOX_and_Friends_000945.jpg,"an executive order giving him sweeping controlling of climate change policies in the united states. why isn't he consulting congress or getting their approval? let's talk to stuart varney, host of varney and company. stuart, using an executive order he can do a lot of stuff. if he's got to go through"
https://archive.org/details/FOXNEWSW_20131114_220000_The_Five#start/3560/end/3595,11/14/2013 22:59:35,FOXNEWS,The Five,FOXNEWSW_20131114_220000_The_Five,https://archive.org/download/FOXNEWSW_20131114_220000_The_Five/FOXNEWSW_20131114_220000_The_Five.thumbs/FOXNEWSW_20131114_220000_The_Five_003525.jpg,"cl clam? this was the oldest creature in the world. a climate change expert wanted to see how old it was so he opened it. when he opened it, he killed it. it was 507 years old. this poor clam was minding it's own business. this is the story of environmentalism. i love that. poor clam. we've got to go."
https://archive.org/details/FOXNEWSW_20131126_230000_Special_Report_With_Bret_Baier#start/3241/end/3276,11/26/2013 23:54:16,FOXNEWS,Special Report With Bret Baier,FOXNEWSW_20131126_230000_Special_Report_With_Bret_Baier,https://archive.org/download/FOXNEWSW_20131126_230000_Special_Report_With_Bret_Baier/FOXNEWSW_20131126_230000_Special_Report_With_Bret_Baier.thumbs/FOXNEWSW_20131126_230000_Special_Report_With_Bret_Baier_003225.jpg,"sebelius? juan a year ago when he was reelected to a second term by majority of americans. at some point they felt he would be able to deliver on promises. he is also talking about climate change and immigration. something he has been adamant he is going to get done with the gridlock on capitol hill i'm not sure he"
