﻿URL,MatchDateTime,Station,Show,IAShowID,IAPreviewThumb,Snippet
https://archive.org/details/FOXNEWSW_20160918_100000_Fox_and_Friends_Sunday#start/5151/end/5186,9/18/2016 11:26:06,FOXNEWS,Fox and Friends Sunday,FOXNEWSW_20160918_100000_Fox_and_Friends_Sunday,https://archive.org/download/FOXNEWSW_20160918_100000_Fox_and_Friends_Sunday/FOXNEWSW_20160918_100000_Fox_and_Friends_Sunday.thumbs/FOXNEWSW_20160918_100000_Fox_and_Friends_Sunday_005127.jpg,"mean, this week we have the u.n. general assembly in town. they're all arriving, all the presidents, prime ministers, kings are all arriving this weekend for a major set of speeches this particular week at the u.n. are they going to talk about climate change and global"
https://archive.org/details/FOXNEWSW_20160901_010000_The_Kelly_File#start/2779/end/2814,9/1/2016 1:46:34,FOXNEWS,The Kelly File,FOXNEWSW_20160901_010000_The_Kelly_File,https://archive.org/download/FOXNEWSW_20160901_010000_The_Kelly_File/FOXNEWSW_20160901_010000_The_Kelly_File.thumbs/FOXNEWSW_20160901_010000_The_Kelly_File_002757.jpg,"have legal status. and they also think the biggest thing -- and you know this -- is not nuclear, it's not isis, it's not russia, it's not china. it's global warming."
https://archive.org/details/FOXNEWSW_20160901_013100_The_Kelly_File#start/912/end/947,9/1/2016 1:46:27,FOXNEWS,The Kelly File,FOXNEWSW_20160901_013100_The_Kelly_File,https://archive.org/download/FOXNEWSW_20160901_013100_The_Kelly_File/FOXNEWSW_20160901_013100_The_Kelly_File.thumbs/FOXNEWSW_20160901_013100_The_Kelly_File_000897.jpg,"have legal status. and they also think the biggest thing -- and you know this -- is not nuclear, it's not isis, it's not russia, it's not china. it's global warming."
https://archive.org/details/FOXNEWSW_20160928_160000_Outnumbered#start/3292/end/3327,9/28/2016 16:55:07,FOXNEWS,Outnumbered,FOXNEWSW_20160928_160000_Outnumbered,https://archive.org/download/FOXNEWSW_20160928_160000_Outnumbered/FOXNEWSW_20160928_160000_Outnumbered.thumbs/FOXNEWSW_20160928_160000_Outnumbered_003267.jpg,"how important is global warming to millenials? came up in the debate. hillary clinton says donald trump thinks it is a farce. i don't know the exact word. he said i certainly do not but they have pushed him on that in the past saying he is not a believer in global warming."
https://archive.org/details/FOXNEWSW_20160927_010000_FOX_News_Special_Presidential_Debate_1#start/5160/end/5195,9/27/2016 2:26:15,FOXNEWS,FOX News Special Presidential Debate 1,FOXNEWSW_20160927_010000_FOX_News_Special_Presidential_Debate_1,https://archive.org/download/FOXNEWSW_20160927_010000_FOX_News_Special_Presidential_Debate_1/FOXNEWSW_20160927_010000_FOX_News_Special_Presidential_Debate_1.thumbs/FOXNEWSW_20160927_010000_FOX_News_Special_Presidential_Debate_1_005157.jpg,"not an accurate one. so i want to give a lot of things -- just to respond. i agree with her on one thing. the single greatest problem the world has is nuclear armorment, nuclear weapons. not global warming like you"
https://archive.org/details/FOXNEWSW_20160903_100000_Fox_and_Friends_Saturday#start/9524/end/9559,9/3/2016 12:38:59,FOXNEWS,Fox and Friends Saturday,FOXNEWSW_20160903_100000_Fox_and_Friends_Saturday,https://archive.org/download/FOXNEWSW_20160903_100000_Fox_and_Friends_Saturday/FOXNEWSW_20160903_100000_Fox_and_Friends_Saturday.thumbs/FOXNEWSW_20160903_100000_Fox_and_Friends_Saturday_009507.jpg,"it being a trump and clinton race. here's the part i'm confused by. you're often described as a libertarian and yet when you look at some of your policies as you've explained recently, they're not very libertarian. you're for a carbon tax which is"
https://archive.org/details/FOXNEWSW_20160906_030000_Watters_World#start/365/end/400,9/6/2016 3:06:20,FOXNEWS,Watters World,FOXNEWSW_20160906_030000_Watters_World,https://archive.org/download/FOXNEWSW_20160906_030000_Watters_World/FOXNEWSW_20160906_030000_Watters_World.thumbs/FOXNEWSW_20160906_030000_Watters_World_000357.jpg,"isis. maybe he does. maybe he doesn't. i'm not familiar enough with him. don't you want to defeat isis. probably i do. i don't want approve of isis tactics but i don't know anything about their ood ideology. i don't know what isis thinks about global warming."
https://archive.org/details/FOXNEWSW_20160903_100000_Fox_and_Friends_Saturday#start/9541/end/9576,9/3/2016 12:39:16,FOXNEWS,Fox and Friends Saturday,FOXNEWSW_20160903_100000_Fox_and_Friends_Saturday,https://archive.org/download/FOXNEWSW_20160903_100000_Fox_and_Friends_Saturday/FOXNEWSW_20160903_100000_Fox_and_Friends_Saturday.thumbs/FOXNEWSW_20160903_100000_Fox_and_Friends_Saturday_009537.jpg,"obviously not free market -- no, i'm not, carson. i had a look at that whole thing about a fee, the notion of costing less and being more effective and determined that really it's just not practical. that's not what you told the -- a carbon fee or carbon tax."
https://archive.org/details/FOXNEWSW_20160920_130000_Americas_Newsroom_With_Bill_Hemmer_and_Martha_MacCallum#start/6412/end/6447,9/20/2016 14:47:07,FOXNEWS,Americas Newsroom With Bill Hemmer and Martha MacCallum,FOXNEWSW_20160920_130000_Americas_Newsroom_With_Bill_Hemmer_and_Martha_MacCallum,https://archive.org/download/FOXNEWSW_20160920_130000_Americas_Newsroom_With_Bill_Hemmer_and_Martha_MacCallum/FOXNEWSW_20160920_130000_Americas_Newsroom_With_Bill_Hemmer_and_Martha_MacCallum.thumbs/FOXNEWSW_20160920_130000_Americas_Newsroom_With_Bill_Hemmer_and_Martha_MacCallum_006387.jpg,"collapse in the first place and become markets for our goods. it's not just the right thing to do, it's the smart thing to do. and that's why we need to follow through on our efforts to combat climate change."
https://archive.org/details/FOXNEWSW_20160903_210000_Americas_Election_HQ#start/5527/end/5562,9/3/2016 22:32:22,FOXNEWS,Americas Election HQ,FOXNEWSW_20160903_210000_Americas_Election_HQ,https://archive.org/download/FOXNEWSW_20160903_210000_Americas_Election_HQ/FOXNEWSW_20160903_210000_Americas_Election_HQ.thumbs/FOXNEWSW_20160903_210000_Americas_Election_HQ_005517.jpg,"reduce greenhouse gases. listen to the commander in chief. there are no shortage of cynics who thought the agreement would not happen. but they missed two big things. the investments that we made to allow for incredible innovation"
https://archive.org/details/FOXNEWSW_20160917_100000_Fox_and_Friends_Saturday#start/9957/end/9992,9/17/2016 12:46:12,FOXNEWS,Fox and Friends Saturday,FOXNEWSW_20160917_100000_Fox_and_Friends_Saturday,https://archive.org/download/FOXNEWSW_20160917_100000_Fox_and_Friends_Saturday/FOXNEWSW_20160917_100000_Fox_and_Friends_Saturday.thumbs/FOXNEWSW_20160917_100000_Fox_and_Friends_Saturday_009957.jpg,"millennials. millennials are still not there. the issue they care about most is climate change. climate change voters vote on climate change and climate change alone. if they don't turn out in states in ohio like where there is fracking and still pro-fracking and still accepting money from oil and"
https://archive.org/details/FOXNEWSW_20160928_160000_Outnumbered#start/3307/end/3342,9/28/2016 16:55:22,FOXNEWS,Outnumbered,FOXNEWSW_20160928_160000_Outnumbered,https://archive.org/download/FOXNEWSW_20160928_160000_Outnumbered/FOXNEWSW_20160928_160000_Outnumbered.thumbs/FOXNEWSW_20160928_160000_Outnumbered_003297.jpg,"apparently bernie sanders said other day, he will hit hard on tuition and draw sharp contrast between trump and clinton on global warming. meghan: statistically global warming didn't hit top 10 of americans."
https://archive.org/details/FOXNEWSW_20160927_090000_Fox_and_Friends_First#start/2566/end/2601,9/27/2016 9:43:01,FOXNEWS,Fox and Friends First,FOXNEWSW_20160927_090000_Fox_and_Friends_First,https://archive.org/download/FOXNEWSW_20160927_090000_Fox_and_Friends_First/FOXNEWSW_20160927_090000_Fox_and_Friends_First.thumbs/FOXNEWSW_20160927_090000_Fox_and_Friends_First_002547.jpg,"open free, transparent, fair trade. there you go. the global warming hoax last night clinton slammed donald trump for saying that in the past you have said that china global warming is a hoax. here is that exchange."
https://archive.org/details/FOXNEWSW_20160920_230000_On_the_Record_With_Brit_Hume#start/898/end/933,9/20/2016 23:15:13,FOXNEWS,On the Record With Brit Hume,FOXNEWSW_20160920_230000_On_the_Record_With_Brit_Hume,https://archive.org/download/FOXNEWSW_20160920_230000_On_the_Record_With_Brit_Hume/FOXNEWSW_20160920_230000_On_the_Record_With_Brit_Hume.thumbs/FOXNEWSW_20160920_230000_On_the_Record_With_Brit_Hume_000897.jpg,"biggest cause of global warming. she says incrossing population, of course, only strains the environment. she also said, quote, i'm glad the pope spoke out about global warming but does he know he is causing it? and florida attorney general pam bondi does not regret"
https://archive.org/details/FOXNEWSW_20160906_000000_Watters_World#start/382/end/417,9/6/2016 0:06:37,FOXNEWS,Watters World,FOXNEWSW_20160906_000000_Watters_World,https://archive.org/download/FOXNEWSW_20160906_000000_Watters_World/FOXNEWSW_20160906_000000_Watters_World.thumbs/FOXNEWSW_20160906_000000_Watters_World_000357.jpg,"what isis thinks about global warming? i would be interested in their views on global warming. what the hell are you talking about? trump is going to cut your taxes and put more money in your pocket. i mean, yeah. don't you like money. not really."
https://archive.org/details/FOXNEWSW_20160906_030000_Watters_World#start/381/end/416,9/6/2016 3:06:36,FOXNEWS,Watters World,FOXNEWSW_20160906_030000_Watters_World,https://archive.org/download/FOXNEWSW_20160906_030000_Watters_World/FOXNEWSW_20160906_030000_Watters_World.thumbs/FOXNEWSW_20160906_030000_Watters_World_000357.jpg,"you are worried about what isis thinks about global warming? i would be interested in their views on global warming. what the hell are you talking about? trump is going to cut your taxes and put more money in your pocket. i mean, yeah. don't you like money."
https://archive.org/details/FOXNEWSW_20160927_210000_The_Five#start/1188/end/1223,9/27/2016 21:20:03,FOXNEWS,The Five,FOXNEWSW_20160927_210000_The_Five,https://archive.org/download/FOXNEWSW_20160927_210000_The_Five/FOXNEWSW_20160927_210000_The_Five.thumbs/FOXNEWSW_20160927_210000_The_Five_001167.jpg,"the chinese. i think it's real. i did not. i did not say that. i do not say that. well, uh-oh. guess what, he had said that and he said it in writing. here it is. it says the concept of global"
https://archive.org/details/FOXNEWSW_20160927_080000_Fox_and_Friends_First#start/1058/end/1093,9/27/2016 8:17:53,FOXNEWS,Fox and Friends First,FOXNEWSW_20160927_080000_Fox_and_Friends_First,https://archive.org/download/FOXNEWSW_20160927_080000_Fox_and_Friends_First/FOXNEWSW_20160927_080000_Fox_and_Friends_First.thumbs/FOXNEWSW_20160927_080000_Fox_and_Friends_First_000597.jpg,"at the same time whether or not mr. trump is saying that he was being serious, of course, then is the issue. here is that tweet from 2012. this was donald trump tweeting on global warming. the concept of global warming, he wrote, was created by and for the chinese in order to make"
https://archive.org/details/FOXNEWSW_20160901_090000_Fox_and_Friends_First#start/3216/end/3251,9/1/2016 9:53:51,FOXNEWS,Fox and Friends First,FOXNEWSW_20160901_090000_Fox_and_Friends_First,https://archive.org/download/FOXNEWSW_20160901_090000_Fox_and_Friends_First/FOXNEWSW_20160901_090000_Fox_and_Friends_First.thumbs/FOXNEWSW_20160901_090000_Fox_and_Friends_First_003207.jpg,"if they don't agree saying, quote, we will not at any time debate the science of climate change, nor will the other side of the climate change debate be ought or discussed -- taught or            _"
https://archive.org/details/FOXNEWSW_20160903_230000_Fox_Report_Saturday#start/1436/end/1471,9/3/2016 23:24:11,FOXNEWS,Fox Report Saturday,FOXNEWSW_20160903_230000_Fox_Report_Saturday,https://archive.org/download/FOXNEWSW_20160903_230000_Fox_Report_Saturday/FOXNEWSW_20160903_230000_Fox_Report_Saturday.thumbs/FOXNEWSW_20160903_230000_Fox_Report_Saturday_001437.jpg,"formally commit to the joint plan to reduce greenhouse gas is a big day. the president did talk about the way forward and not just what will happen when the new leader comes in office in january."
https://archive.org/details/FOXNEWSW_20160906_000000_Watters_World#start/1506/end/1541,9/6/2016 0:25:21,FOXNEWS,Watters World,FOXNEWSW_20160906_000000_Watters_World,https://archive.org/download/FOXNEWSW_20160906_000000_Watters_World/FOXNEWSW_20160906_000000_Watters_World.thumbs/FOXNEWSW_20160906_000000_Watters_World_001497.jpg,"public education system. what do you think is more dangerous climate change or terrorism. i think climate change. really? what is the most important issue for you? i think the national security is important and after that obviously, it's the economy."
https://archive.org/details/FOXNEWSW_20160906_030000_Watters_World#start/1508/end/1543,9/6/2016 3:25:23,FOXNEWS,Watters World,FOXNEWSW_20160906_030000_Watters_World,https://archive.org/download/FOXNEWSW_20160906_030000_Watters_World/FOXNEWSW_20160906_030000_Watters_World.thumbs/FOXNEWSW_20160906_030000_Watters_World_001497.jpg,"dangerous climate change or terrorism. i think climate change. really? what is the most important issue for you? i think the national security is important and after that obviously, it's the economy. what's the most important issue to you right now in"
https://archive.org/details/FOXNEWSW_20160905_020000_Fox_News_Sunday_With_Chris_Wallace#start/2182/end/2217,9/5/2016 2:36:37,FOXNEWS,Fox News Sunday With Chris Wallace,FOXNEWSW_20160905_020000_Fox_News_Sunday_With_Chris_Wallace,https://archive.org/download/FOXNEWSW_20160905_020000_Fox_News_Sunday_With_Chris_Wallace/FOXNEWSW_20160905_020000_Fox_News_Sunday_With_Chris_Wallace.thumbs/FOXNEWSW_20160905_020000_Fox_News_Sunday_With_Chris_Wallace_002157.jpg,"than half of our discretionary budget. that's part of how we pay for things. another way we pay for things, in fact, we call for a green new deal, an emergency jobs deal to change the emergency of climate"
https://archive.org/details/FOXNEWSW_20160920_220000_Special_Report_With_Bret_Baier#start/2319/end/2354,9/20/2016 22:38:54,FOXNEWS,Special Report With Bret Baier,FOXNEWSW_20160920_220000_Special_Report_With_Bret_Baier,https://archive.org/download/FOXNEWSW_20160920_220000_Special_Report_With_Bret_Baier/FOXNEWSW_20160920_220000_Special_Report_With_Bret_Baier.thumbs/FOXNEWSW_20160920_220000_Special_Report_With_Bret_Baier_002307.jpg,"2009. within the first 90 seconds, he talked about climate change and the ravages of climate change. took him about 30 minutes to mention the word, syria. he said terror, or terrorism, three times and mentioned isis three times in that speech. let's talk about that first with"
https://archive.org/details/FOXNEWSW_20160921_080000_The_Kelly_File#start/2319/end/2354,9/21/2016 8:38:54,FOXNEWS,The Kelly File,FOXNEWSW_20160921_080000_The_Kelly_File,https://archive.org/download/FOXNEWSW_20160921_080000_The_Kelly_File/FOXNEWSW_20160921_080000_The_Kelly_File.thumbs/FOXNEWSW_20160921_080000_The_Kelly_File_002307.jpg,"2009. within the first 90 seconds, he talked about climate change and the ravages of climate change. took him about 30 minutes to mention the word, syria. he said terror, or terrorism, three times and mentioned isis three times in that speech. let's talk about that first with"
https://archive.org/details/FOXNEWSW_20160906_090000_Fox_and_Friends_First#start/2327/end/2362,9/6/2016 9:39:02,FOXNEWS,Fox and Friends First,FOXNEWSW_20160906_090000_Fox_and_Friends_First,https://archive.org/download/FOXNEWSW_20160906_090000_Fox_and_Friends_First/FOXNEWSW_20160906_090000_Fox_and_Friends_First.thumbs/FOXNEWSW_20160906_090000_Fox_and_Friends_First_002307.jpg,"he shut down 400 mines during his administration. proest cause global warming which cause plants to go bankrupt. 40 after the hour."
https://archive.org/details/FOXNEWSW_20160920_230000_On_the_Record_With_Brit_Hume#start/884/end/919,9/20/2016 23:14:59,FOXNEWS,On the Record With Brit Hume,FOXNEWSW_20160920_230000_On_the_Record_With_Brit_Hume,https://archive.org/download/FOXNEWSW_20160920_230000_On_the_Record_With_Brit_Hume/FOXNEWSW_20160920_230000_On_the_Record_With_Brit_Hume.thumbs/FOXNEWSW_20160920_230000_On_the_Record_With_Brit_Hume_000867.jpg,"under $200. the abortion rights activists on the feminist gloria steinman has linked portion to global warming. recent planned parenthood gala steinem said forced childbirth is the sing guest"
https://archive.org/details/FOXNEWSW_20160927_060000_FOX_News_Special_Presidential_Debate_1#start/5171/end/5206,9/27/2016 7:26:26,FOXNEWS,FOX News Special Presidential Debate 1,FOXNEWSW_20160927_060000_FOX_News_Special_Presidential_Debate_1,https://archive.org/download/FOXNEWSW_20160927_060000_FOX_News_Special_Presidential_Debate_1/FOXNEWSW_20160927_060000_FOX_News_Special_Presidential_Debate_1.thumbs/FOXNEWSW_20160927_060000_FOX_News_Special_Presidential_Debate_1_005157.jpg,"nuclear weapons. not global warming like you think and your president thinks. nuclear is the single greatest threat. just to go down the list, we defend japan, we defend germany,"
https://archive.org/details/FOXNEWSW_20160918_100000_Fox_and_Friends_Sunday#start/13066/end/13101,9/18/2016 13:38:01,FOXNEWS,Fox and Friends Sunday,FOXNEWSW_20160918_100000_Fox_and_Friends_Sunday,https://archive.org/download/FOXNEWSW_20160918_100000_Fox_and_Friends_Sunday/FOXNEWSW_20160918_100000_Fox_and_Friends_Sunday.thumbs/FOXNEWSW_20160918_100000_Fox_and_Friends_Sunday_013047.jpg,"distracti distraction. i always feel they are pat tronizing me, global warming or saying this is -- i didn't hear an accusation -- kerry said that two months ago. do you have a feeling they are"
https://archive.org/details/FOXNEWSW_20160914_200000_Your_World_With_Neil_Cavuto#start/882/end/917,9/14/2016 20:14:57,FOXNEWS,Your World With Neil Cavuto,FOXNEWSW_20160914_200000_Your_World_With_Neil_Cavuto,https://archive.org/download/FOXNEWSW_20160914_200000_Your_World_With_Neil_Cavuto/FOXNEWSW_20160914_200000_Your_World_With_Neil_Cavuto.thumbs/FOXNEWSW_20160914_200000_Your_World_With_Neil_Cavuto_000867.jpg,"that will many specialize in genetically modified food. on the left this is a big issue. i never thought it was a big issue, but it's kind of like in the realm of global warming, who believe this genetically"
https://archive.org/details/FOXNEWSW_20160904_200000_Americas_Election_HQ#start/0/end/34,9/4/2016 20:00:14,FOXNEWS,Americas Election HQ,FOXNEWSW_20160904_200000_Americas_Election_HQ,https://archive.org/download/FOXNEWSW_20160904_200000_Americas_Election_HQ/FOXNEWSW_20160904_200000_Americas_Election_HQ.thumbs/FOXNEWSW_20160904_200000_Americas_Election_HQ_000057.jpg,"service, rather than condemning people for the sins of global warming. that's it for this week's show. thanks to my panel. thanks to all of you for watching. hope to see you right here next week."
https://archive.org/details/FOXNEWSW_20160917_100000_Fox_and_Friends_Saturday#start/13160/end/13195,9/17/2016 13:39:35,FOXNEWS,Fox and Friends Saturday,FOXNEWSW_20160917_100000_Fox_and_Friends_Saturday,https://archive.org/download/FOXNEWSW_20160917_100000_Fox_and_Friends_Saturday/FOXNEWSW_20160917_100000_Fox_and_Friends_Saturday.thumbs/FOXNEWSW_20160917_100000_Fox_and_Friends_Saturday_013137.jpg,"amendment. for him to say let's see what happens to her, it's at least inciting editorial writers to say -- that's the point. she says global warming is a problem, she flies private. you want to use public schools,"
https://archive.org/details/FOXNEWSW_20160917_143000_Cavuto_on_Business#start/1417/end/1452,9/17/2016 14:53:52,FOXNEWS,Cavuto on Business,FOXNEWSW_20160917_143000_Cavuto_on_Business,https://archive.org/download/FOXNEWSW_20160917_143000_Cavuto_on_Business/FOXNEWSW_20160917_143000_Cavuto_on_Business.thumbs/FOXNEWSW_20160917_143000_Cavuto_on_Business_001407.jpg,"gaspo, this is a group that doesn't like genetically modified food, they're dead set against it and they might torpedo it. it's a legitimate political movement, along with the movement that believes global warming is baked in, and"
https://archive.org/details/FOXNEWSW_20160915_190000_Shepard_Smith_Reporting#start/2920/end/2955,9/15/2016 19:48:55,FOXNEWS,Shepard Smith Reporting,FOXNEWSW_20160915_190000_Shepard_Smith_Reporting,https://archive.org/download/FOXNEWSW_20160915_190000_Shepard_Smith_Reporting/FOXNEWSW_20160915_190000_Shepard_Smith_Reporting.thumbs/FOXNEWSW_20160915_190000_Shepard_Smith_Reporting_002907.jpg,"fewer enemies, and fewer nuclear weapons. [cheering] it also means leading the fight against climate change so we can"
https://archive.org/details/FOXNEWSW_20160928_190000_Shepard_Smith_Reporting#start/1896/end/1931,9/28/2016 19:31:51,FOXNEWS,Shepard Smith Reporting,FOXNEWSW_20160928_190000_Shepard_Smith_Reporting,https://archive.org/download/FOXNEWSW_20160928_190000_Shepard_Smith_Reporting/FOXNEWSW_20160928_190000_Shepard_Smith_Reporting.thumbs/FOXNEWSW_20160928_190000_Shepard_Smith_Reporting_001887.jpg,"it's whether or not we continue to fight climate change or we give in to denial. this is a big deal."
https://archive.org/details/FOXNEWSW_20160901_220000_Special_Report_With_Bret_Baier#start/1914/end/1949,9/1/2016 22:32:09,FOXNEWS,Special Report With Bret Baier,FOXNEWSW_20160901_220000_Special_Report_With_Bret_Baier,https://archive.org/download/FOXNEWSW_20160901_220000_Special_Report_With_Bret_Baier/FOXNEWSW_20160901_220000_Special_Report_With_Bret_Baier.thumbs/FOXNEWSW_20160901_220000_Special_Report_With_Bret_Baier_001887.jpg,"from here. reporter: where he told the world conservation congress global warming is real. no nation, not each one as powerful as the united states, is immune from a changing climate. reporter: which is why last week the president expanded the"
https://archive.org/details/FOXNEWSW_20160916_070000_Red_Eye_With_Tom_Shillue#start/2743/end/2778,9/16/2016 7:45:58,FOXNEWS,Red Eye With Tom Shillue,FOXNEWSW_20160916_070000_Red_Eye_With_Tom_Shillue,https://archive.org/download/FOXNEWSW_20160916_070000_Red_Eye_With_Tom_Shillue/FOXNEWSW_20160916_070000_Red_Eye_With_Tom_Shillue.thumbs/FOXNEWSW_20160916_070000_Red_Eye_With_Tom_Shillue_002727.jpg,"shot at least twice and is in critical, but stable condition. and the arctic ocean is shrinking to the second lowest level since scientists were tracking it. they say it is another sign of global warming and the impact on our planet."
https://archive.org/details/FOXNEWSW_20160914_200000_Your_World_With_Neil_Cavuto#start/637/end/672,9/14/2016 20:10:52,FOXNEWS,Your World With Neil Cavuto,FOXNEWSW_20160914_200000_Your_World_With_Neil_Cavuto,https://archive.org/download/FOXNEWSW_20160914_200000_Your_World_With_Neil_Cavuto/FOXNEWSW_20160914_200000_Your_World_With_Neil_Cavuto.thumbs/FOXNEWSW_20160914_200000_Your_World_With_Neil_Cavuto_000627.jpg,"global warming, the attitude about gay rights, which is to say you can only have one position and taking it to the presidential campaign. look how they beat up matt lauer for having the audacity simply to ask a tough question of"
https://archive.org/details/FOXNEWSW_20160904_190000_The_Journal_Editorial_Report#start/3594/end/3629,9/4/2016 20:00:09,FOXNEWS,The Journal Editorial Report,FOXNEWSW_20160904_190000_The_Journal_Editorial_Report,https://archive.org/download/FOXNEWSW_20160904_190000_The_Journal_Editorial_Report/FOXNEWSW_20160904_190000_The_Journal_Editorial_Report.thumbs/FOXNEWSW_20160904_190000_The_Journal_Editorial_Report_003567.jpg,"for her work in calcutta, shared a message of faith, hope and love, and really just a life of service, rather than condemning people for the sins of global warming. that's it for this week's show. thanks to my panel."
https://archive.org/details/FOXNEWSW_20160903_160000_Americas_Election_HQ#start/1534/end/1569,9/3/2016 16:25:49,FOXNEWS,Americas Election HQ,FOXNEWSW_20160903_160000_Americas_Election_HQ,https://archive.org/download/FOXNEWSW_20160903_160000_Americas_Election_HQ/FOXNEWSW_20160903_160000_Americas_Election_HQ.thumbs/FOXNEWSW_20160903_160000_Americas_Election_HQ_001437.jpg,"is in china touting an agreement to fight climate change. many say he should be confronting china over its growing military presence and aggression."
https://archive.org/details/FOXNEWSW_20160927_090000_Fox_and_Friends_First#start/2597/end/2632,9/27/2016 9:43:32,FOXNEWS,Fox and Friends First,FOXNEWSW_20160927_090000_Fox_and_Friends_First,https://archive.org/download/FOXNEWSW_20160927_090000_Fox_and_Friends_First/FOXNEWSW_20160927_090000_Fox_and_Friends_First.thumbs/FOXNEWSW_20160927_090000_Fox_and_Friends_First_002577.jpg,"he did put out a tweet that the concept of global warming was put out by the chinese to help their merchandising dynamic, their manufacturing. he did do that after he was called on that after that tweet he said it in fact was a joke."
https://archive.org/details/FOXNEWSW_20160906_000000_Watters_World#start/367/end/402,9/6/2016 0:06:22,FOXNEWS,Watters World,FOXNEWSW_20160906_000000_Watters_World,https://archive.org/download/FOXNEWSW_20160906_000000_Watters_World/FOXNEWSW_20160906_000000_Watters_World.thumbs/FOXNEWSW_20160906_000000_Watters_World_000357.jpg,"maybe he doesn't. i'm not familiar enough with him. don't you want to defeat isis. probably i do. i don't want approve of isis tactics but i don't know anything about their ood ideology. i don't know what isis thinks about global warming. you are worried about"
https://archive.org/details/FOXNEWSW_20160903_210000_Americas_Election_HQ#start/1857/end/1892,9/3/2016 21:31:12,FOXNEWS,Americas Election HQ,FOXNEWSW_20160903_210000_Americas_Election_HQ,https://archive.org/download/FOXNEWSW_20160903_210000_Americas_Election_HQ/FOXNEWSW_20160903_210000_Americas_Election_HQ.thumbs/FOXNEWSW_20160903_210000_Americas_Election_HQ_001857.jpg,"flooding, wind and beach erosion. the united states and china formerly joining the climate change agreement reached in paris last year this happening during president obama's visit"
https://archive.org/details/FOXNEWSW_20160927_030000_The_Kelly_File#start/2630/end/2665,9/27/2016 3:44:05,FOXNEWS,The Kelly File,FOXNEWSW_20160927_030000_The_Kelly_File,https://archive.org/download/FOXNEWSW_20160927_030000_The_Kelly_File/FOXNEWSW_20160927_030000_The_Kelly_File.thumbs/FOXNEWSW_20160927_030000_The_Kelly_File_002607.jpg,"because they're paid to do so. they're very different on climate change. they are. i'm trying to -- you're suggesting that she lies. and it's conclusive to people"
https://archive.org/details/FOXNEWSW_20160922_090000_Fox_and_Friends_First#start/1138/end/1173,9/22/2016 9:19:13,FOXNEWS,Fox and Friends First,FOXNEWSW_20160922_090000_Fox_and_Friends_First,https://archive.org/download/FOXNEWSW_20160922_090000_Fox_and_Friends_First/FOXNEWSW_20160922_090000_Fox_and_Friends_First.thumbs/FOXNEWSW_20160922_090000_Fox_and_Friends_First_001137.jpg,"being here this morning. thank you so much. we will have you back if you are right. climate change is the real national security threat according to the president."
https://archive.org/details/FOXNEWSW_20160903_160000_Americas_Election_HQ#start/5865/end/5900,9/3/2016 17:38:00,FOXNEWS,Americas Election HQ,FOXNEWSW_20160903_160000_Americas_Election_HQ,https://archive.org/download/FOXNEWSW_20160903_160000_Americas_Election_HQ/FOXNEWSW_20160903_160000_Americas_Election_HQ.thumbs/FOXNEWSW_20160903_160000_Americas_Election_HQ_005847.jpg,"this climate change treaty. we've given up to 34umuch on th. when president xi came, the chinese have already broken the treaty and you have to think to"
https://archive.org/details/FOXNEWSW_20160906_190000_Shepard_Smith_Reporting#start/374/end/409,9/6/2016 19:06:29,FOXNEWS,Shepard Smith Reporting,FOXNEWSW_20160906_190000_Shepard_Smith_Reporting,https://archive.org/download/FOXNEWSW_20160906_190000_Shepard_Smith_Reporting/FOXNEWSW_20160906_190000_Shepard_Smith_Reporting.thumbs/FOXNEWSW_20160906_190000_Shepard_Smith_Reporting_000357.jpg,"climate change. 2016 was the hottest year on record and the science is clear. it's real and wreaking havoc on nations across the world. last week's hurricane is another"
https://archive.org/details/FOXNEWSW_20160905_100000_FOX__Friends#start/5697/end/5732,9/5/2016 11:35:12,FOXNEWS,FOX  Friends,FOXNEWSW_20160905_100000_FOX__Friends,https://archive.org/download/FOXNEWSW_20160905_100000_FOX__Friends/FOXNEWSW_20160905_100000_FOX__Friends.thumbs/FOXNEWSW_20160905_100000_FOX__Friends_005697.jpg,"we agreed to advance our cooperation across a range of issues including climate change, global health and development. peacekeeping, counternarcotics and nuclear security. we also address our differences"
https://archive.org/details/FOXNEWSW_20160902_100000_FOX__Friends#start/3995/end/4030,9/2/2016 11:06:50,FOXNEWS,FOX  Friends,FOXNEWSW_20160902_100000_FOX__Friends,https://archive.org/download/FOXNEWSW_20160902_100000_FOX__Friends/FOXNEWSW_20160902_100000_FOX__Friends.thumbs/FOXNEWSW_20160902_100000_FOX__Friends_003987.jpg,"especially americans at the lower end of the income scale. what's so striking to me the democratic party used to be very concerned with things like wages. how much do you make, that's really meaningful to people and now they're off on global warming. but your dad's economic argument"
https://archive.org/details/FOXNEWSW_20160901_090000_Fox_and_Friends_First#start/3205/end/3240,9/1/2016 9:53:40,FOXNEWS,Fox and Friends First,FOXNEWSW_20160901_090000_Fox_and_Friends_First,https://archive.org/download/FOXNEWSW_20160901_090000_Fox_and_Friends_First/FOXNEWSW_20160901_090000_Fox_and_Friends_First.thumbs/FOXNEWSW_20160901_090000_Fox_and_Friends_First_003177.jpg,"hundreds of miles behind, expected to weaken to a tropical storm by sunday. heather? wow. if you don't believe in global warming, get out. that is coming from three professors at the university of colorado. they sent an e-mail to student telling them to drop the class"
https://archive.org/details/FOXNEWSW_20160917_230000_Fox_Report_Saturday#start/2090/end/2125,9/17/2016 23:35:05,FOXNEWS,Fox Report Saturday,FOXNEWSW_20160917_230000_Fox_Report_Saturday,https://archive.org/download/FOXNEWSW_20160917_230000_Fox_Report_Saturday/FOXNEWSW_20160917_230000_Fox_Report_Saturday.thumbs/FOXNEWSW_20160917_230000_Fox_Report_Saturday_002067.jpg,"in the world today in terms of economic growth, standards of living, the ability to forge international cooperation on very difficult issues like climate change. and at the same time, there's"
https://archive.org/details/FOXNEWSW_20160917_190000_Americas_News_HQ#start/5449/end/5484,9/17/2016 20:31:04,FOXNEWS,Americas News HQ,FOXNEWSW_20160917_190000_Americas_News_HQ,https://archive.org/download/FOXNEWSW_20160917_190000_Americas_News_HQ/FOXNEWSW_20160917_190000_Americas_News_HQ.thumbs/FOXNEWSW_20160917_190000_Americas_News_HQ_005427.jpg,"our world today, in terms of economic growth, standards of living, the ability to forge international cooperation on a very difficult issue like climate change. at the same time that there's"
https://archive.org/details/FOXNEWSW_20160905_100000_FOX__Friends#start/7362/end/7397,9/5/2016 12:02:57,FOXNEWS,FOX  Friends,FOXNEWSW_20160905_100000_FOX__Friends,https://archive.org/download/FOXNEWSW_20160905_100000_FOX__Friends/FOXNEWSW_20160905_100000_FOX__Friends.thumbs/FOXNEWSW_20160905_100000_FOX__Friends_007347.jpg,"g20 weekend in china. we agreed to advance our cooperation across the range of issues including climate change, global health and development, peacekeeping, counternarcotics and nuclear security. we also addressed our"
https://archive.org/details/FOXNEWSW_20160920_130000_Americas_Newsroom_With_Bill_Hemmer_and_Martha_MacCallum#start/5455/end/5490,9/20/2016 14:31:10,FOXNEWS,Americas Newsroom With Bill Hemmer and Martha MacCallum,FOXNEWSW_20160920_130000_Americas_Newsroom_With_Bill_Hemmer_and_Martha_MacCallum,https://archive.org/download/FOXNEWSW_20160920_130000_Americas_Newsroom_With_Bill_Hemmer_and_Martha_MacCallum/FOXNEWSW_20160920_130000_Americas_Newsroom_With_Bill_Hemmer_and_Martha_MacCallum.thumbs/FOXNEWSW_20160920_130000_Americas_Newsroom_With_Bill_Hemmer_and_Martha_MacCallum_005427.jpg,"protect our planet from the ravages of climate change. this is important work. it has made a real difference in the lives of our people and it could not have happened had we"
https://archive.org/details/FOXNEWSW_20160901_220000_Special_Report_With_Bret_Baier#start/1883/end/1918,9/1/2016 22:31:38,FOXNEWS,Special Report With Bret Baier,FOXNEWSW_20160901_220000_Special_Report_With_Bret_Baier,https://archive.org/download/FOXNEWSW_20160901_220000_Special_Report_With_Bret_Baier/FOXNEWSW_20160901_220000_Special_Report_With_Bret_Baier.thumbs/FOXNEWSW_20160901_220000_Special_Report_With_Bret_Baier_001857.jpg,"remote and fascinating locations in the world, a pacific island made famous by war, which the president will use as a platform to promote his climate change agenda. let us fish in there like a"
https://archive.org/details/FOXNEWSW_20160922_210000_The_Five#start/3418/end/3453,9/22/2016 21:57:13,FOXNEWS,The Five,FOXNEWSW_20160922_210000_The_Five,https://archive.org/download/FOXNEWSW_20160922_210000_The_Five/FOXNEWSW_20160922_210000_The_Five.thumbs/FOXNEWSW_20160922_210000_The_Five_003417.jpg,"harold ambler adopted the dog. there are the children with the dog. almost losing my mind there. you should buy harold's book, don't sell your coat, which is about climate change. congratulations for their new"
https://archive.org/details/FOXNEWSW_20160910_160000_Americas_Election_HQ#start/2911/end/2946,9/10/2016 16:48:46,FOXNEWS,Americas Election HQ,FOXNEWSW_20160910_160000_Americas_Election_HQ,https://archive.org/download/FOXNEWSW_20160910_160000_Americas_Election_HQ/FOXNEWSW_20160910_160000_Americas_Election_HQ.thumbs/FOXNEWSW_20160910_160000_Americas_Election_HQ_002907.jpg,"is considering this the latest battleground against climate change. the tribe says they will destroy ancient burial sites and they are vowing to stop construction on the 1200-mile pipeline. thousands have shown up to"
https://archive.org/details/FOXNEWSW_20160904_070000_The_Greg_Gutfeld_Show#start/2572/end/2607,9/4/2016 7:43:07,FOXNEWS,The Greg Gutfeld Show,FOXNEWSW_20160904_070000_The_Greg_Gutfeld_Show,https://archive.org/download/FOXNEWSW_20160904_070000_The_Greg_Gutfeld_Show/FOXNEWSW_20160904_070000_The_Greg_Gutfeld_Show.thumbs/FOXNEWSW_20160904_070000_The_Greg_Gutfeld_Show_002517.jpg,"translation, we can link climate change to just about anything including testosterone. for more let's check in with our manliness correspondent, the world's most handsome man. man, i love him. all right. andrew, manliness."
https://archive.org/details/FOXNEWSW_20160922_090000_Fox_and_Friends_First#start/1384/end/1419,9/22/2016 9:23:19,FOXNEWS,Fox and Friends First,FOXNEWSW_20160922_090000_Fox_and_Friends_First,https://archive.org/download/FOXNEWSW_20160922_090000_Fox_and_Friends_First/FOXNEWSW_20160922_090000_Fox_and_Friends_First.thumbs/FOXNEWSW_20160922_090000_Fox_and_Friends_First_001377.jpg,"archived e-mails. basically they don't want the vip's e-mail address exposed to any one. president obama turning his national security focus to climate change. the commander-in-chief ordering"
https://archive.org/details/FOXNEWSW_20160920_220000_Special_Report_With_Bret_Baier#start/223/end/258,9/20/2016 22:03:58,FOXNEWS,Special Report With Bret Baier,FOXNEWSW_20160920_220000_Special_Report_With_Bret_Baier,https://archive.org/download/FOXNEWSW_20160920_220000_Special_Report_With_Bret_Baier/FOXNEWSW_20160920_220000_Special_Report_With_Bret_Baier.thumbs/FOXNEWSW_20160920_220000_Special_Report_With_Bret_Baier_000207.jpg,"address as president. president spoke for 48 minutes. he had zero interruptions for applause there. he focused on climate change before the civil war in syria took, took a jab at russia and seemingly donald trump without"
https://archive.org/details/FOXNEWSW_20160910_153000_Cashin_In#start/202/end/237,9/10/2016 15:33:37,FOXNEWS,Cashin In,FOXNEWSW_20160910_153000_Cashin_In,https://archive.org/download/FOXNEWSW_20160910_153000_Cashin_In/FOXNEWSW_20160910_153000_Cashin_In.thumbs/FOXNEWSW_20160910_153000_Cashin_In_000177.jpg,"better. as for the climate change issue, mercedes is right, we do have regulations and obama wants us to be greener. while we're leading the way, there's a lot more work to do. he just signed a climate pack."
https://archive.org/details/FOXNEWSW_20160924_000000_The_OReilly_Factor#start/2910/end/2945,9/24/2016 0:48:45,FOXNEWS,The OReilly Factor,FOXNEWSW_20160924_000000_The_OReilly_Factor,https://archive.org/download/FOXNEWSW_20160924_000000_The_OReilly_Factor/FOXNEWSW_20160924_000000_The_OReilly_Factor.thumbs/FOXNEWSW_20160924_000000_The_OReilly_Factor_002907.jpg,"cool to know what's going on in the world. [crickets chirping] what did you think of the hillary speech? it's amazing. [crickets chirping] she kind of didn't make any outline with climate change or the racism and she"
https://archive.org/details/FOXNEWSW_20160920_030000_The_OReilly_Factor#start/2835/end/2870,9/20/2016 3:47:30,FOXNEWS,The OReilly Factor,FOXNEWSW_20160920_030000_The_OReilly_Factor,https://archive.org/download/FOXNEWSW_20160920_030000_The_OReilly_Factor/FOXNEWSW_20160920_030000_The_OReilly_Factor.thumbs/FOXNEWSW_20160920_030000_The_OReilly_Factor_002817.jpg,"example, trying to criminalize dissent on climate change, that guy is actually unfit for office. unfit for office. people of rhode island should be ashamed of that. you don't want to shut him down, mr. steyn you want"
https://archive.org/details/FOXNEWSW_20160920_210000_The_Five#start/2109/end/2144,9/20/2016 21:35:24,FOXNEWS,The Five,FOXNEWSW_20160920_210000_The_Five,https://archive.org/download/FOXNEWSW_20160920_210000_The_Five/FOXNEWSW_20160920_210000_The_Five.thumbs/FOXNEWSW_20160920_210000_The_Five_002097.jpg,"climate change and hillary blowing it. that was a fair point. and donald trump is unqualified and unfit for the office. if they said that about a senator they would be out rage from sea to shining sea."
https://archive.org/details/FOXNEWSW_20160920_130000_Americas_Newsroom_With_Bill_Hemmer_and_Martha_MacCallum#start/5295/end/5330,9/20/2016 14:28:30,FOXNEWS,Americas Newsroom With Bill Hemmer and Martha MacCallum,FOXNEWSW_20160920_130000_Americas_Newsroom_With_Bill_Hemmer_and_Martha_MacCallum,https://archive.org/download/FOXNEWSW_20160920_130000_Americas_Newsroom_With_Bill_Hemmer_and_Martha_MacCallum/FOXNEWSW_20160920_130000_Americas_Newsroom_With_Bill_Hemmer_and_Martha_MacCallum.thumbs/FOXNEWSW_20160920_130000_Americas_Newsroom_With_Bill_Hemmer_and_Martha_MacCallum_005277.jpg,"there were four pilars in 2009, stop the spread of nuclear, reach a deal with israelis and palestinians and address terrorism, also address climate change and put the global economy on a better footing. those were the four pillars"
https://archive.org/details/FOXNEWSW_20160926_220000_Special_Report_With_Bret_Baier#start/3226/end/3261,9/26/2016 22:54:01,FOXNEWS,Special Report With Bret Baier,FOXNEWSW_20160926_220000_Special_Report_With_Bret_Baier,https://archive.org/download/FOXNEWSW_20160926_220000_Special_Report_With_Bret_Baier/FOXNEWSW_20160926_220000_Special_Report_With_Bret_Baier.thumbs/FOXNEWSW_20160926_220000_Special_Report_With_Bret_Baier_003207.jpg,"political background and also isn't necessarily honest. reporter: recently, hillary clinton addressed younger voters that she will address climate change and immigration reform. i also know that you are totally opposed about donald trump. you may still have questions"
https://archive.org/details/FOXNEWSW_20160917_100000_Fox_and_Friends_Saturday#start/9454/end/9489,9/17/2016 12:37:49,FOXNEWS,Fox and Friends Saturday,FOXNEWSW_20160917_100000_Fox_and_Friends_Saturday,https://archive.org/download/FOXNEWSW_20160917_100000_Fox_and_Friends_Saturday/FOXNEWSW_20160917_100000_Fox_and_Friends_Saturday.thumbs/FOXNEWSW_20160917_100000_Fox_and_Friends_Saturday_009447.jpg,"york city and l.a. six times in just one week. those are your headlines. there is literally no evidence that man made activity is causing the climate change, whatever. for whatever it is worth. let's get rick reichmuth"
https://archive.org/details/FOXNEWSW_20160917_100000_Fox_and_Friends_Saturday#start/9469/end/9504,9/17/2016 12:38:04,FOXNEWS,Fox and Friends Saturday,FOXNEWSW_20160917_100000_Fox_and_Friends_Saturday,https://archive.org/download/FOXNEWSW_20160917_100000_Fox_and_Friends_Saturday/FOXNEWSW_20160917_100000_Fox_and_Friends_Saturday.thumbs/FOXNEWSW_20160917_100000_Fox_and_Friends_Saturday_009447.jpg,"to weigh in on man made climate change. hey, rick. hey, rick. hey, guys. how about happy 69th birthday. thank you. and how about this one here? happy 55 years marriage. thank you. 55 years, woo hooh."
https://archive.org/details/FOXNEWSW_20160917_170000_Americas_News_HQ#start/2723/end/2758,9/17/2016 17:45:38,FOXNEWS,Americas News HQ,FOXNEWSW_20160917_170000_Americas_News_HQ,https://archive.org/download/FOXNEWSW_20160917_170000_Americas_News_HQ/FOXNEWSW_20160917_170000_Americas_News_HQ.thumbs/FOXNEWSW_20160917_170000_Americas_News_HQ_002697.jpg,"he talked about ending the wars in iraq and afghanistan, fighting climate change and curving the proliferation of nuclear weapons. fast forward to today, varying degrees of success in some of those areas and very little"
https://archive.org/details/FOXNEWSW_20160927_010000_FOX_News_Special_Presidential_Debate_1#start/1037/end/1072,9/27/2016 1:17:32,FOXNEWS,FOX News Special Presidential Debate 1,FOXNEWSW_20160927_010000_FOX_News_Special_Presidential_Debate_1,https://archive.org/download/FOXNEWSW_20160927_010000_FOX_News_Special_Presidential_Debate_1/FOXNEWSW_20160927_010000_FOX_News_Special_Presidential_Debate_1.thumbs/FOXNEWSW_20160927_010000_FOX_News_Special_Presidential_Debate_1_001017.jpg,"making investments where we can grow the economy. take clean energy. some country is going to be the clean energy super power of the 21st century. donald thinks that climate change is a hoax perpetrated by"
https://archive.org/details/FOXNEWSW_20160927_090000_Fox_and_Friends_First#start/2582/end/2617,9/27/2016 9:43:17,FOXNEWS,Fox and Friends First,FOXNEWSW_20160927_090000_Fox_and_Friends_First,https://archive.org/download/FOXNEWSW_20160927_090000_Fox_and_Friends_First/FOXNEWSW_20160927_090000_Fox_and_Friends_First.thumbs/FOXNEWSW_20160927_090000_Fox_and_Friends_First_002577.jpg,"listen. donald thinks climate change is a hoax perpetrated the chinese. true or false did donald trump say that? he tweeted it. donald trump noted tweets don't count in a certain way i think he has moved beyond that."
https://archive.org/details/FOXNEWSW_20160926_150000_Happening_Now#start/1563/end/1598,9/26/2016 15:26:18,FOXNEWS,Happening Now,FOXNEWSW_20160926_150000_Happening_Now,https://archive.org/download/FOXNEWSW_20160926_150000_Happening_Now/FOXNEWSW_20160926_150000_Happening_Now.thumbs/FOXNEWSW_20160926_150000_Happening_Now_001557.jpg,"political background that isn't necessarily honest. reporter: recently hillary clinton addressed younger voters about their concerns like climate change and voter reform. i know if you're totally opposed to donald trump you may still have questions about me."
https://archive.org/details/FOXNEWSW_20160927_060000_FOX_News_Special_Presidential_Debate_1#start/1038/end/1073,9/27/2016 6:17:33,FOXNEWS,FOX News Special Presidential Debate 1,FOXNEWSW_20160927_060000_FOX_News_Special_Presidential_Debate_1,https://archive.org/download/FOXNEWSW_20160927_060000_FOX_News_Special_Presidential_Debate_1/FOXNEWSW_20160927_060000_FOX_News_Special_Presidential_Debate_1.thumbs/FOXNEWSW_20160927_060000_FOX_News_Special_Presidential_Debate_1_001017.jpg,"making investments where we can grow the economy. take clean energy. some country is going to be the clean energy super power of the 21st century. donald thinks that climate change is a hoax perpetrated by"
https://archive.org/details/FOXNEWSW_20160928_190000_Shepard_Smith_Reporting#start/1942/end/1977,9/28/2016 19:32:37,FOXNEWS,Shepard Smith Reporting,FOXNEWSW_20160928_190000_Shepard_Smith_Reporting,https://archive.org/download/FOXNEWSW_20160928_190000_Shepard_Smith_Reporting/FOXNEWSW_20160928_190000_Shepard_Smith_Reporting.thumbs/FOXNEWSW_20160928_190000_Shepard_Smith_Reporting_001917.jpg,"and climate change is real. it's serious. and we have to be united and committed in addressing it. i never thought i'd hear someone running for president, my opponent who says he wants to appoint supreme court justices"
https://archive.org/details/FOXNEWSW_20160927_030000_The_Kelly_File#start/2600/end/2635,9/27/2016 3:43:35,FOXNEWS,The Kelly File,FOXNEWSW_20160927_030000_The_Kelly_File,https://archive.org/download/FOXNEWSW_20160927_030000_The_Kelly_File/FOXNEWSW_20160927_030000_The_Kelly_File.thumbs/FOXNEWSW_20160927_030000_The_Kelly_File_002577.jpg,"smirk on her. why did he say he hasn't caused climate change and saying waits for china's benefit? because he did. i think he was saying as a presidential candidate, he has said clearly, and recently,"
https://archive.org/details/FOXNEWSW_20160907_130000_Americas_Newsroom_With_Bill_Hemmer_and_Martha_MacCallum#start/3863/end/3898,9/7/2016 14:04:38,FOXNEWS,Americas Newsroom With Bill Hemmer and Martha MacCallum,FOXNEWSW_20160907_130000_Americas_Newsroom_With_Bill_Hemmer_and_Martha_MacCallum,https://archive.org/download/FOXNEWSW_20160907_130000_Americas_Newsroom_With_Bill_Hemmer_and_Martha_MacCallum/FOXNEWSW_20160907_130000_Americas_Newsroom_With_Bill_Hemmer_and_Martha_MacCallum.thumbs/FOXNEWSW_20160907_130000_Americas_Newsroom_With_Bill_Hemmer_and_Martha_MacCallum_003837.jpg,"establishment they think climate change is. and yet, hillary clinton and barack obama, if you get beyond one sentence on their foreign policy views they will say this is the real threat to us. i just don't think that is mainstream position."
https://archive.org/details/FOXNEWSW_20160920_000000_The_OReilly_Factor#start/2829/end/2864,9/20/2016 0:47:24,FOXNEWS,The OReilly Factor,FOXNEWSW_20160920_000000_The_OReilly_Factor,https://archive.org/download/FOXNEWSW_20160920_000000_The_OReilly_Factor/FOXNEWSW_20160920_000000_The_OReilly_Factor.thumbs/FOXNEWSW_20160920_000000_The_OReilly_Factor_002817.jpg,"and whether you agree with him or not, on those issues, that's what we need. when we have people like senator whitehouse, for example, trying to criminalize dissent on climate change, that guy is actually unfit for office. unfit for office."
https://archive.org/details/FOXNEWSW_20160920_030000_The_OReilly_Factor#start/2775/end/2810,9/20/2016 3:46:30,FOXNEWS,The OReilly Factor,FOXNEWSW_20160920_030000_The_OReilly_Factor,https://archive.org/download/FOXNEWSW_20160920_030000_The_OReilly_Factor/FOXNEWSW_20160920_030000_The_OReilly_Factor.thumbs/FOXNEWSW_20160920_030000_The_OReilly_Factor_002757.jpg,"marriage or climate change or islam, i like to discuss it the left increasingly says we don't want to win the argument, we want to cancel the argument. and just this weekend if you look at this fake outrage about donald trump declaring"
https://archive.org/details/FOXNEWSW_20160920_210000_The_Five#start/2048/end/2083,9/20/2016 21:34:23,FOXNEWS,The Five,FOXNEWSW_20160920_210000_The_Five,https://archive.org/download/FOXNEWSW_20160920_210000_The_Five/FOXNEWSW_20160920_210000_The_Five.thumbs/FOXNEWSW_20160920_210000_The_Five_002037.jpg,"and climate change. a lot of people i think respond to what president obama said at the u.n. today. really? yeah. he said there are a lot of people who are angry over globalization, who feel threatened by it, who feel the"
https://archive.org/details/FOXNEWSW_20160904_180000_Fox_News_Sunday_With_Chris_Wallace#start/2188/end/2223,9/4/2016 18:36:43,FOXNEWS,Fox News Sunday With Chris Wallace,FOXNEWSW_20160904_180000_Fox_News_Sunday_With_Chris_Wallace,https://archive.org/download/FOXNEWSW_20160904_180000_Fox_News_Sunday_With_Chris_Wallace/FOXNEWSW_20160904_180000_Fox_News_Sunday_With_Chris_Wallace.thumbs/FOXNEWSW_20160904_180000_Fox_News_Sunday_With_Chris_Wallace_002187.jpg,"deal, to fix the emergency climate change, and the great thing, chris, is that this program pays for itself and i can say this as a medical doctor, it turns out we get so much healthier by eliminating fossil fuel pollution, 200000"
https://archive.org/details/FOXNEWSW_20160927_130000_Americas_Newsroom_With_Bill_Hemmer_and_Martha_MacCallum#start/1570/end/1605,9/27/2016 13:26:25,FOXNEWS,Americas Newsroom With Bill Hemmer and Martha MacCallum,FOXNEWSW_20160927_130000_Americas_Newsroom_With_Bill_Hemmer_and_Martha_MacCallum,https://archive.org/download/FOXNEWSW_20160927_130000_Americas_Newsroom_With_Bill_Hemmer_and_Martha_MacCallum/FOXNEWSW_20160927_130000_Americas_Newsroom_With_Bill_Hemmer_and_Martha_MacCallum.thumbs/FOXNEWSW_20160927_130000_Americas_Newsroom_With_Bill_Hemmer_and_Martha_MacCallum_001557.jpg,"how you get this economy moving again. hillary clinton literally said on national television that she wants to raise taxes. she wants to grow government. that she wants to continue the war on coal and radical, liberal climate change agenda that is"
https://archive.org/details/FOXNEWSW_20160915_200000_Your_World_With_Neil_Cavuto#start/2366/end/2401,9/15/2016 20:39:41,FOXNEWS,Your World With Neil Cavuto,FOXNEWSW_20160915_200000_Your_World_With_Neil_Cavuto,https://archive.org/download/FOXNEWSW_20160915_200000_Your_World_With_Neil_Cavuto/FOXNEWSW_20160915_200000_Your_World_With_Neil_Cavuto.thumbs/FOXNEWSW_20160915_200000_Your_World_With_Neil_Cavuto_002367.jpg,"we'll have people nitpicking it but at least it's not more of the same. have watched for eight years the squeezing down of the economy, the choking off with climate change being the number one priority. it's not in the number one"
https://archive.org/details/FOXNEWSW_20160926_010000_The_Kelly_File#start/2948/end/2983,9/26/2016 1:49:23,FOXNEWS,The Kelly File,FOXNEWSW_20160926_010000_The_Kelly_File,https://archive.org/download/FOXNEWSW_20160926_010000_The_Kelly_File/FOXNEWSW_20160926_010000_The_Kelly_File.thumbs/FOXNEWSW_20160926_010000_The_Kelly_File_002937.jpg,"children. it is about her message. about policy and how her policy is different than donald trump. when donald trump says that climate change is a hoax she will talk about protecting the environment. when he says he knows more about isis than generals --  _"
https://archive.org/details/FOXNEWSW_20160926_210000_The_Five#start/1282/end/1317,9/26/2016 21:21:37,FOXNEWS,The Five,FOXNEWSW_20160926_210000_The_Five,https://archive.org/download/FOXNEWSW_20160926_210000_The_Five/FOXNEWSW_20160926_210000_The_Five.thumbs/FOXNEWSW_20160926_210000_The_Five_001257.jpg,"nobody cares about facts anymore. right? this has been a pretty fact free 2016. you think about when you come up with stats about law enforcement or climate change, people make up their minds on an emotional level. nobody is listening anymore."
https://archive.org/details/FOXNEWSW_20160904_020000_The_Greg_Gutfeld_Show#start/2533/end/2568,9/4/2016 2:42:28,FOXNEWS,The Greg Gutfeld Show,FOXNEWSW_20160904_020000_The_Greg_Gutfeld_Show,https://archive.org/download/FOXNEWSW_20160904_020000_The_Greg_Gutfeld_Show/FOXNEWSW_20160904_020000_The_Greg_Gutfeld_Show.thumbs/FOXNEWSW_20160904_020000_The_Greg_Gutfeld_Show_002517.jpg,"to avoid or even oppose green behavior in order to safeguard gender identity. male traits tend to conflict with this idea of maintaining a nice environment for other people. translation, we can link climate change to just about anything including testosterone."
https://archive.org/details/FOXNEWSW_20160927_030000_The_Kelly_File#start/1927/end/1962,9/27/2016 3:32:22,FOXNEWS,The Kelly File,FOXNEWSW_20160927_030000_The_Kelly_File,https://archive.org/download/FOXNEWSW_20160927_030000_The_Kelly_File/FOXNEWSW_20160927_030000_The_Kelly_File.thumbs/FOXNEWSW_20160927_030000_The_Kelly_File_001917.jpg,"in 2012. it's still on his twitter feed. he tried to claim that that was a joke, but he repeatedly referred to climate change as a hoax and said it's for the benefit of china. so i mean that is what we're"
https://archive.org/details/FOXNEWSW_20160904_170000_Americas_Election_HQ#start/2820/end/2855,9/4/2016 17:47:15,FOXNEWS,Americas Election HQ,FOXNEWSW_20160904_170000_Americas_Election_HQ,https://archive.org/download/FOXNEWSW_20160904_170000_Americas_Election_HQ/FOXNEWSW_20160904_170000_Americas_Election_HQ.thumbs/FOXNEWSW_20160904_170000_Americas_Election_HQ_002817.jpg,"conflicts, whether it's climate change or disaster relief or dealing with things like ebola. where we see them violating the rules and norms as we have seen in some cases in the south china sea or in some of their behavior"
https://archive.org/details/FOXNEWSW_20160920_000000_The_OReilly_Factor#start/2769/end/2804,9/20/2016 0:46:24,FOXNEWS,The OReilly Factor,FOXNEWSW_20160920_000000_The_OReilly_Factor,https://archive.org/download/FOXNEWSW_20160920_000000_The_OReilly_Factor/FOXNEWSW_20160920_000000_The_OReilly_Factor.thumbs/FOXNEWSW_20160920_000000_The_OReilly_Factor_002757.jpg,"permitted. i disagree with people. i like to disagree with people. so do you. whatever your view on gay marriage or climate change or islam, i like to discuss it the left increasingly says we don't want to win the argument, we want to cancel the argument."
https://archive.org/details/FOXNEWSW_20160924_190000_The_Journal_Editorial_Report#start/1329/end/1364,9/24/2016 19:22:24,FOXNEWS,The Journal Editorial Report,FOXNEWSW_20160924_190000_The_Journal_Editorial_Report,https://archive.org/download/FOXNEWSW_20160924_190000_The_Journal_Editorial_Report/FOXNEWSW_20160924_190000_The_Journal_Editorial_Report.thumbs/FOXNEWSW_20160924_190000_The_Journal_Editorial_Report_001317.jpg,"like caring about climate change, or abortion rights, they want free college, heaven knows, so those issues are the ones she's trying to drive and bring to her side. and she's still not doing it. is it really authentic? really, the class of 2020 was"
https://archive.org/details/FOXNEWSW_20160923_210000_The_Five#start/1785/end/1820,9/23/2016 21:30:00,FOXNEWS,The Five,FOXNEWSW_20160923_210000_The_Five,https://archive.org/download/FOXNEWSW_20160923_210000_The_Five/FOXNEWSW_20160923_210000_The_Five.thumbs/FOXNEWSW_20160923_210000_The_Five_001767.jpg,"instead, what he did was veered toward white progressive identity politics and climate change like there were guns in his religion. he clung to them. soothing words are important. it's like putting a bag of ice on a gun shot. there was so much time that he"
https://archive.org/details/FOXNEWSW_20160905_050000_Fox_News_Sunday_With_Chris_Wallace#start/2183/end/2218,9/5/2016 5:36:38,FOXNEWS,Fox News Sunday With Chris Wallace,FOXNEWSW_20160905_050000_Fox_News_Sunday_With_Chris_Wallace,https://archive.org/download/FOXNEWSW_20160905_050000_Fox_News_Sunday_With_Chris_Wallace/FOXNEWSW_20160905_050000_Fox_News_Sunday_With_Chris_Wallace.thumbs/FOXNEWSW_20160905_050000_Fox_News_Sunday_With_Chris_Wallace_002157.jpg,"that's one way we pay for things, we call for a green new deal, to fix the emergency climate change, and the great thing, chris, is that this program pays for itself and i can say this as a medical doctor, it turns out we get so"
https://archive.org/details/FOXNEWSW_20160903_070000_Red_Eye_With_Tom_Shillue#start/1242/end/1277,9/3/2016 7:20:57,FOXNEWS,Red Eye With Tom Shillue,FOXNEWSW_20160903_070000_Red_Eye_With_Tom_Shillue,https://archive.org/download/FOXNEWSW_20160903_070000_Red_Eye_With_Tom_Shillue/FOXNEWSW_20160903_070000_Red_Eye_With_Tom_Shillue.thumbs/FOXNEWSW_20160903_070000_Red_Eye_With_Tom_Shillue_001167.jpg,"trip to asia as president. air force 1 touching down a short while ago in china. he meets today with chinese leader ahead of the three-day g-20 economic summit. the white house says he will also talk about climate change today and formally announce"
https://archive.org/details/FOXNEWSW_20160918_100000_Fox_and_Friends_Sunday#start/5199/end/5234,9/18/2016 11:26:54,FOXNEWS,Fox and Friends Sunday,FOXNEWSW_20160918_100000_Fox_and_Friends_Sunday,https://archive.org/download/FOXNEWSW_20160918_100000_Fox_and_Friends_Sunday/FOXNEWSW_20160918_100000_Fox_and_Friends_Sunday.thumbs/FOXNEWSW_20160918_100000_Fox_and_Friends_Sunday_005187.jpg,"i hope we're not going to talk about climate change. we're going to talk about how do we defeat this enemy. you go back to the last presidential campaign in 2012, president obama was saying al qaeda was on the run. after that, told a new yorker"
https://archive.org/details/FOXNEWSW_20160927_130000_Americas_Newsroom_With_Bill_Hemmer_and_Martha_MacCallum#start/6610/end/6645,9/27/2016 14:50:25,FOXNEWS,Americas Newsroom With Bill Hemmer and Martha MacCallum,FOXNEWSW_20160927_130000_Americas_Newsroom_With_Bill_Hemmer_and_Martha_MacCallum,https://archive.org/download/FOXNEWSW_20160927_130000_Americas_Newsroom_With_Bill_Hemmer_and_Martha_MacCallum/FOXNEWSW_20160927_130000_Americas_Newsroom_With_Bill_Hemmer_and_Martha_MacCallum.thumbs/FOXNEWSW_20160927_130000_Americas_Newsroom_With_Bill_Hemmer_and_Martha_MacCallum_006597.jpg,"together and set big goals on infrastructure and advance manufacturing and clean energy, to take on climate change, which by the way is not a hoax made up by the chinese, and do everything that i have talked about. you should know by now that when"
https://archive.org/details/FOXNEWSW_20160927_210000_The_Five#start/1172/end/1207,9/27/2016 21:19:47,FOXNEWS,The Five,FOXNEWSW_20160927_210000_The_Five,https://archive.org/download/FOXNEWSW_20160927_210000_The_Five/FOXNEWSW_20160927_210000_The_Five.thumbs/FOXNEWSW_20160927_210000_The_Five_001167.jpg,"from people who were watching the debate last night and it has to do with this comment from donald trump. take clean energy. some country is going to be the clean energy superpower of the 21st century. donald thinks that climate change is a hoax, perpetrated by"
https://archive.org/details/FOXNEWSW_20160926_040000_The_Kelly_File#start/2953/end/2988,9/26/2016 4:49:28,FOXNEWS,The Kelly File,FOXNEWSW_20160926_040000_The_Kelly_File,https://archive.org/download/FOXNEWSW_20160926_040000_The_Kelly_File/FOXNEWSW_20160926_040000_The_Kelly_File.thumbs/FOXNEWSW_20160926_040000_The_Kelly_File_002937.jpg,"trump. when donald trump says that climate change is a hoax she will talk about protecting the environment. when he says he knows more about isis than generals -- you are saying they need to get donald trump a tranquillizer and katrina says they need to"
https://archive.org/details/FOXNEWSW_20160909_180000_The_Real_Story#start/2787/end/2822,9/9/2016 18:46:42,FOXNEWS,The Real Story,FOXNEWSW_20160909_180000_The_Real_Story,https://archive.org/download/FOXNEWSW_20160909_180000_The_Real_Story/FOXNEWSW_20160909_180000_The_Real_Story.thumbs/FOXNEWSW_20160909_180000_The_Real_Story_002787.jpg,"le jeunesse has the story. what is this all about, william? reporter: this is the new ground zero in the fight over climate change. opponents call it the next keystone pipeline and vow to stop it at any cost. as you've said, we've already"
https://archive.org/details/FOXNEWSW_20160927_030000_The_Kelly_File#start/1911/end/1946,9/27/2016 3:32:06,FOXNEWS,The Kelly File,FOXNEWSW_20160927_030000_The_Kelly_File,https://archive.org/download/FOXNEWSW_20160927_030000_The_Kelly_File/FOXNEWSW_20160927_030000_The_Kelly_File.thumbs/FOXNEWSW_20160927_030000_The_Kelly_File_001887.jpg,"to go around. if she'd said what mo said she'd be fine. the other thing is that she accused him of saying climate change is a hoax and done for the benefit of china. he denied that. he did send that out in a tweet"
https://archive.org/details/FOXNEWSW_20160922_080000_The_Kelly_File#start/3172/end/3207,9/22/2016 8:53:07,FOXNEWS,The Kelly File,FOXNEWSW_20160922_080000_The_Kelly_File,https://archive.org/download/FOXNEWSW_20160922_080000_The_Kelly_File/FOXNEWSW_20160922_080000_The_Kelly_File.thumbs/FOXNEWSW_20160922_080000_The_Kelly_File_003147.jpg,"climate change. ordering federal agencies to make a plan to protect the united states over the next three decades. critics say he should be focusing on other threats like terrorism. but the obama administration claiming drought and extreme weather contributes to extremism. well, the time now is about"
https://archive.org/details/FOXNEWSW_20160921_080000_The_Kelly_File#start/217/end/252,9/21/2016 8:03:52,FOXNEWS,The Kelly File,FOXNEWSW_20160921_080000_The_Kelly_File,https://archive.org/download/FOXNEWSW_20160921_080000_The_Kelly_File/FOXNEWSW_20160921_080000_The_Kelly_File.thumbs/FOXNEWSW_20160921_080000_The_Kelly_File_000207.jpg,"we'll talk more about this with the panel. president obama covered a lot of territory today as he made his eighth and final united nations address as president. president spoke for 48 minutes. he had zero interruptions for applause there. he focused on climate change before the civil war in syria"
https://archive.org/details/FOXNEWSW_20160901_150000_Happening_Now#start/1046/end/1081,9/1/2016 15:17:41,FOXNEWS,Happening Now,FOXNEWSW_20160901_150000_Happening_Now,https://archive.org/download/FOXNEWSW_20160901_150000_Happening_Now/FOXNEWSW_20160901_150000_Happening_Now.thumbs/FOXNEWSW_20160901_150000_Happening_Now_001047.jpg,"william blodgett s is live in holland lulu with the details. the president is still sleeping but what he's going to do today is show in the most concrete way he can that climate change is real. he's going to do that by flying to one of the most"
https://archive.org/details/FOXNEWSW_20160917_100000_Fox_and_Friends_Saturday#start/10085/end/10120,9/17/2016 12:48:20,FOXNEWS,Fox and Friends Saturday,FOXNEWSW_20160917_100000_Fox_and_Friends_Saturday,https://archive.org/download/FOXNEWSW_20160917_100000_Fox_and_Friends_Saturday/FOXNEWSW_20160917_100000_Fox_and_Friends_Saturday.thumbs/FOXNEWSW_20160917_100000_Fox_and_Friends_Saturday_010077.jpg,"to make key policy decisions. al gore won't step up until she does this. he has put his reputation on the line over climate change. bernie sanders supporters. will they come to her side one speech, i think since the convention. will they come in droves to get out the vote for her? absolutely not."
https://archive.org/details/FOXNEWSW_20160903_160000_Americas_Election_HQ#start/5782/end/5817,9/3/2016 17:36:37,FOXNEWS,Americas Election HQ,FOXNEWSW_20160903_160000_Americas_Election_HQ,https://archive.org/download/FOXNEWSW_20160903_160000_Americas_Election_HQ/FOXNEWSW_20160903_160000_Americas_Election_HQ.thumbs/FOXNEWSW_20160903_160000_Americas_Election_HQ_005757.jpg,"china today for his final trip as president. he was there to a announce a new climate change treat si. in an interview with cnn mr. obama explained why china should work and play well with its neighbors saying, quote, you know, when we bind ourselves to a bunch of international norms"
https://archive.org/details/FOXNEWSW_20160905_200000_Your_World_With_Neil_Cavuto#start/3288/end/3323,9/5/2016 20:55:03,FOXNEWS,Your World With Neil Cavuto,FOXNEWSW_20160905_200000_Your_World_With_Neil_Cavuto,https://archive.org/download/FOXNEWSW_20160905_200000_Your_World_With_Neil_Cavuto/FOXNEWSW_20160905_200000_Your_World_With_Neil_Cavuto.thumbs/FOXNEWSW_20160905_200000_Your_World_With_Neil_Cavuto_003267.jpg,"believe in man-made climate change, then they should drop their class. the professors don't want any debate on it. isn't this the point of going to college? absolutely not. you go to college to learn. you should be able to think for yourself, come up with other ideas, then debate your"
https://archive.org/details/FOXNEWSW_20160905_100000_FOX__Friends#start/7633/end/7668,9/5/2016 12:07:28,FOXNEWS,FOX  Friends,FOXNEWSW_20160905_100000_FOX__Friends,https://archive.org/download/FOXNEWSW_20160905_100000_FOX__Friends/FOXNEWSW_20160905_100000_FOX__Friends.thumbs/FOXNEWSW_20160905_100000_FOX__Friends_007617.jpg,"that gets very tedious. i think secretary clinton likes to focus on how could she make life better for average americans. you know, what are we doing about zika, what's happening with climate change, how do we raise the middle class? i think these are more pertinent questions. i believe going forward hopefully we'll get more into"
