﻿URL,MatchDateTime,Station,Show,IAShowID,IAPreviewThumb,Snippet
https://archive.org/details/FOXNEWSW_20171229_110000_FOX__Friends#start/3717/end/3752,12/29/2017 12:02:12,FOXNEWS,FOX  Friends,FOXNEWSW_20171229_110000_FOX__Friends,https://archive.org/download/FOXNEWSW_20171229_110000_FOX__Friends/FOXNEWSW_20171229_110000_FOX__Friends.thumbs/FOXNEWSW_20171229_110000_FOX__Friends_003718.jpg,"we don't need a yule log. leland: it may be the coldest new year's day ever. that's south of wisconsin. pete: global warming stuff"
https://archive.org/details/FOXNEWSW_20171217_110000_Fox_and_Friends_Sunday#start/2497/end/2532,12/17/2017 11:41:52,FOXNEWS,Fox and Friends Sunday,FOXNEWSW_20171217_110000_Fox_and_Friends_Sunday,https://archive.org/download/FOXNEWSW_20171217_110000_Fox_and_Friends_Sunday/FOXNEWSW_20171217_110000_Fox_and_Friends_Sunday.thumbs/FOXNEWSW_20171217_110000_Fox_and_Friends_Sunday_002487.jpg,"chicago. warm air coming back. bringing us good news today. tidings of good joy. remember former president obama said this about climate change. climate change constitute a"
https://archive.org/details/FOXNEWSW_20171229_080000_Fox_News__Night#start/3535/end/3570,12/29/2017 8:59:10,FOXNEWS,Fox News  Night,FOXNEWSW_20171229_080000_Fox_News__Night,https://archive.org/download/FOXNEWSW_20171229_080000_Fox_News__Night/FOXNEWSW_20171229_080000_Fox_News__Night.thumbs/FOXNEWSW_20171229_080000_Fox_News__Night_003508.jpg,"this fountain into an ice sculpture. president trump weighed in on the arctic air, tweeting 'in the east, he could be the cold the coldest new year's eve on record. perhaps we could use a little bit of that good old global warming.'"
https://archive.org/details/FOXNEWSW_20171219_020000_Hannity#start/3109/end/3144,12/19/2017 2:52:04,FOXNEWS,Hannity,FOXNEWSW_20171219_020000_Hannity,https://archive.org/download/FOXNEWSW_20171219_020000_Hannity/FOXNEWSW_20171219_020000_Hannity.thumbs/FOXNEWSW_20171219_020000_Hannity_003088.jpg,"that. it certainly -- on my side of the isle the booming economy that trump is not benefiting from and burling up on pier they about globalism is a good thing. we used to be the paris climate act that we actually talked about global warming which"
https://archive.org/details/FOXNEWSW_20171217_110000_Fox_and_Friends_Sunday#start/2879/end/2914,12/17/2017 11:48:14,FOXNEWS,Fox and Friends Sunday,FOXNEWSW_20171217_110000_Fox_and_Friends_Sunday,https://archive.org/download/FOXNEWSW_20171217_110000_Fox_and_Friends_Sunday/FOXNEWSW_20171217_110000_Fox_and_Friends_Sunday.thumbs/FOXNEWSW_20171217_110000_Fox_and_Friends_Sunday_002877.jpg,"about. trade to another difference from the bottom administration and how they'll handle national security is taking climate change out of the conversation about security. i can remember during the confirmation hearings of mike pompeo that he was asked if he's going to include climate change"
https://archive.org/details/FOXNEWSW_20171229_140000_Americas_Newsroom_With_Bill_Hemmer_and_Sandra_Smith#start/184/end/219,12/29/2017 14:03:19,FOXNEWS,Americas Newsroom With Bill Hemmer and Sandra Smith,FOXNEWSW_20171229_140000_Americas_Newsroom_With_Bill_Hemmer_and_Sandra_Smith,https://archive.org/download/FOXNEWSW_20171229_140000_Americas_Newsroom_With_Bill_Hemmer_and_Sandra_Smith/FOXNEWSW_20171229_140000_Americas_Newsroom_With_Bill_Hemmer_and_Sandra_Smith.thumbs/FOXNEWSW_20171229_140000_Americas_Newsroom_With_Bill_Hemmer_and_Sandra_Smith_000177.jpg,"the record cold. the rest of us have to worry about that. is it cold? julie: you aren't wearing a coat. it is a little warm in this one. he did talk about the cold and brought it all back to climate change and climate change"
https://archive.org/details/FOXNEWSW_20171230_010000_Tucker_Carlson_Tonight#start/2948/end/2983,12/30/2017 1:49:23,FOXNEWS,Tucker Carlson Tonight,FOXNEWSW_20171230_010000_Tucker_Carlson_Tonight,https://archive.org/download/FOXNEWSW_20171230_010000_Tucker_Carlson_Tonight/FOXNEWSW_20171230_010000_Tucker_Carlson_Tonight.thumbs/FOXNEWSW_20171230_010000_Tucker_Carlson_Tonight_002937.jpg,"statements. appreciate you joining us. thank you so much. i enjoyed donald trump's tweet there. elisabeth warren said, i'm going to say something crazy. climate change is real."
https://archive.org/details/FOXNEWSW_20171210_030000_The_Greg_Gutfeld_Show#start/1955/end/1990,12/10/2017 3:32:50,FOXNEWS,The Greg Gutfeld Show,FOXNEWSW_20171210_030000_The_Greg_Gutfeld_Show,https://archive.org/download/FOXNEWSW_20171210_030000_The_Greg_Gutfeld_Show/FOXNEWSW_20171210_030000_The_Greg_Gutfeld_Show.thumbs/FOXNEWSW_20171210_030000_The_Greg_Gutfeld_Show_001947.jpg,"anymore. you all feel that way. i think i know why kat is show us i think something to that -- look we changed genetically biology moves changes climate change we will"
https://archive.org/details/FOXNEWSW_20171210_060000_The_Greg_Gutfeld_Show#start/1954/end/1989,12/10/2017 6:32:49,FOXNEWS,The Greg Gutfeld Show,FOXNEWSW_20171210_060000_The_Greg_Gutfeld_Show,https://archive.org/download/FOXNEWSW_20171210_060000_The_Greg_Gutfeld_Show/FOXNEWSW_20171210_060000_The_Greg_Gutfeld_Show.thumbs/FOXNEWSW_20171210_060000_The_Greg_Gutfeld_Show_001948.jpg,"anymore. you all feel that way. i think i know why kat is show us i think something to that -- look we changed genetically biology moves changes climate change we will"
https://archive.org/details/FOXNEWSW_20171210_090000_The_Greg_Gutfeld_Show#start/1955/end/1990,12/10/2017 9:32:50,FOXNEWS,The Greg Gutfeld Show,FOXNEWSW_20171210_090000_The_Greg_Gutfeld_Show,https://archive.org/download/FOXNEWSW_20171210_090000_The_Greg_Gutfeld_Show/FOXNEWSW_20171210_090000_The_Greg_Gutfeld_Show.thumbs/FOXNEWSW_20171210_090000_The_Greg_Gutfeld_Show_001947.jpg,"anymore. you all feel that way. i think i know why kat is show us i think something to that -- look we changed genetically biology moves changes climate change we will"
https://archive.org/details/FOXNEWSW_20171228_110000_FOX__Friends#start/453/end/488,12/28/2017 11:07:48,FOXNEWS,FOX  Friends,FOXNEWSW_20171228_110000_FOX__Friends,https://archive.org/download/FOXNEWSW_20171228_110000_FOX__Friends/FOXNEWSW_20171228_110000_FOX__Friends.thumbs/FOXNEWSW_20171228_110000_FOX__Friends_000448.jpg,"about what top concerns for this year, i'm fascinated to see that healthcare, number one, amongst americans, according to this poll, second is taxes, which, of course, was just addressed. now, immigration 27%. climate change 18%."
https://archive.org/details/FOXNEWSW_20171212_210000_Your_World_With_Neil_Cavuto#start/3546/end/3581,12/12/2017 21:59:21,FOXNEWS,Your World With Neil Cavuto,FOXNEWSW_20171212_210000_Your_World_With_Neil_Cavuto,https://archive.org/download/FOXNEWSW_20171212_210000_Your_World_With_Neil_Cavuto/FOXNEWSW_20171212_210000_Your_World_With_Neil_Cavuto.thumbs/FOXNEWSW_20171212_210000_Your_World_With_Neil_Cavuto_003537.jpg,"by the moore allegations. if roy moore is to admit, he is to convince voters the agenda of doug jones is out of step with much of alabama. his support of lgbt rights, his support of abortion rights, support of obamacare and of a climate change agenda."
https://archive.org/details/FOXNEWSW_20171212_230000_Special_Report_With_Bret_Baier#start/2142/end/2177,12/12/2017 23:35:57,FOXNEWS,Special Report With Bret Baier,FOXNEWSW_20171212_230000_Special_Report_With_Bret_Baier,https://archive.org/download/FOXNEWSW_20171212_230000_Special_Report_With_Bret_Baier/FOXNEWSW_20171212_230000_Special_Report_With_Bret_Baier.thumbs/FOXNEWSW_20171212_230000_Special_Report_With_Bret_Baier_002127.jpg,"millions of dollars to fight climate change. emmanuel macron is hosting 164 world leaders at a global warming summit in paris. the conference aims to counter president trump's rejection of the 2015 paris climate of corporate firefighters in italy"
https://archive.org/details/FOXNEWSW_20171206_030000_The_Ingraham_Angle#start/1496/end/1531,12/6/2017 3:25:11,FOXNEWS,The Ingraham Angle,FOXNEWSW_20171206_030000_The_Ingraham_Angle,https://archive.org/download/FOXNEWSW_20171206_030000_The_Ingraham_Angle/FOXNEWSW_20171206_030000_The_Ingraham_Angle.thumbs/FOXNEWSW_20171206_030000_The_Ingraham_Angle_001498.jpg,"that's what we are talking about. obama was in india -- actually he was in france and india over the last week or so. i want to play a sound bite for you, very short of something he said, he was talking about climate change. if this did not solve climate"
https://archive.org/details/FOXNEWSW_20171206_070000_The_Ingraham_Angle#start/1492/end/1527,12/6/2017 7:25:07,FOXNEWS,The Ingraham Angle,FOXNEWSW_20171206_070000_The_Ingraham_Angle,https://archive.org/download/FOXNEWSW_20171206_070000_The_Ingraham_Angle/FOXNEWSW_20171206_070000_The_Ingraham_Angle.thumbs/FOXNEWSW_20171206_070000_The_Ingraham_Angle_001468.jpg,"18. not adult children, aunts, uncles, grandparents. that's what we are talking about. obama was in india -- actually he was in france and india over the last week or so. i want to play a sound bite for you, very short of something he said, he was talking about climate change."
https://archive.org/details/FOXNEWSW_20171218_090000_Fox_and_Friends_First#start/1022/end/1057,12/18/2017 9:17:17,FOXNEWS,Fox and Friends First,FOXNEWSW_20171218_090000_Fox_and_Friends_First,https://archive.org/download/FOXNEWSW_20171218_090000_Fox_and_Friends_First/FOXNEWSW_20171218_090000_Fox_and_Friends_First.thumbs/FOXNEWSW_20171218_090000_Fox_and_Friends_First_001017.jpg,"h.r. mcthat'ser calls it. we are getting out of the business of nation building, meddle in other people's countries where there isn't an interest for americans. it doesn't identify global"
https://archive.org/details/FOXNEWSW_20171217_110000_Fox_and_Friends_Sunday#start/2993/end/3028,12/17/2017 11:50:08,FOXNEWS,Fox and Friends Sunday,FOXNEWSW_20171217_110000_Fox_and_Friends_Sunday,https://archive.org/download/FOXNEWSW_20171217_110000_Fox_and_Friends_Sunday/FOXNEWSW_20171217_110000_Fox_and_Friends_Sunday.thumbs/FOXNEWSW_20171217_110000_Fox_and_Friends_Sunday_002967.jpg,"issues. climate change is directly related to the growth of terrorism. climate change is a threat to the security of the united states and indeed to the security and stability of countries everywhere. trained to climate change causes terrorism that's why we should"
https://archive.org/details/FOXNEWSW_20171229_040000_Fox_News__Night#start/3532/end/3567,12/29/2017 4:59:07,FOXNEWS,Fox News  Night,FOXNEWSW_20171229_040000_Fox_News__Night,https://archive.org/download/FOXNEWSW_20171229_040000_Fox_News__Night/FOXNEWSW_20171229_040000_Fox_News__Night.thumbs/FOXNEWSW_20171229_040000_Fox_News__Night_003508.jpg,"fahrenheit today. 14 degrees temperatures turned this fountain into an ice sculpture. president trump weighed in on the arctic air, tweeting 'in the east, he could be the cold the coldest new year's eve on record. perhaps we could use a little bit of that good old global"
https://archive.org/details/FOXNEWSW_20171228_110000_FOX__Friends#start/7597/end/7632,12/28/2017 13:06:52,FOXNEWS,FOX  Friends,FOXNEWSW_20171228_110000_FOX__Friends,https://archive.org/download/FOXNEWSW_20171228_110000_FOX__Friends/FOXNEWSW_20171228_110000_FOX__Friends.thumbs/FOXNEWSW_20171228_110000_FOX__Friends_007588.jpg,"happen this winter. climate change is 18%. the president is rolling back a lot of climate change legislation. education 17%. economy, 15. racism. trump in particular issue. unemployment up 14%."
https://archive.org/details/FOXNEWSW_20171206_220000_The_Five#start/2589/end/2624,12/6/2017 22:43:24,FOXNEWS,The Five,FOXNEWSW_20171206_220000_The_Five,https://archive.org/download/FOXNEWSW_20171206_220000_The_Five/FOXNEWSW_20171206_220000_The_Five.thumbs/FOXNEWSW_20171206_220000_The_Five_002577.jpg,"i was talking about juan without saying juan. kimberly: not a good idea. jesse: it is easy to fight climate change because climate change doesn't fight back. the absence of american leadership was what obama was leaving behind."
https://archive.org/details/FOXNEWSW_20171222_060000_Hannity#start/2060/end/2095,12/22/2017 6:34:35,FOXNEWS,Hannity,FOXNEWSW_20171222_060000_Hannity,https://archive.org/download/FOXNEWSW_20171222_060000_Hannity/FOXNEWSW_20171222_060000_Hannity.thumbs/FOXNEWSW_20171222_060000_Hannity_002038.jpg,"people will deal with their politics but you don't get the answers it makes people hate their government even more. kimberly: president trump, right away, acting with clarity to undo this mess with the nuclear deal, the paris climate"
https://archive.org/details/FOXNEWSW_20171230_050000_Tucker_Carlson_Tonight#start/2973/end/3008,12/30/2017 5:49:48,FOXNEWS,Tucker Carlson Tonight,FOXNEWSW_20171230_050000_Tucker_Carlson_Tonight,https://archive.org/download/FOXNEWSW_20171230_050000_Tucker_Carlson_Tonight/FOXNEWSW_20171230_050000_Tucker_Carlson_Tonight.thumbs/FOXNEWSW_20171230_050000_Tucker_Carlson_Tonight_002967.jpg,"alarmç it blog websites, and wn they were not deriding him for being a climate change denier or ecaug a climate change denier or deriding him and couldn't tell theç difference between weather and climate. apparently, weather is whenever"
https://archive.org/details/FOXNEWSW_20171218_110000_FOX__Friends#start/4256/end/4291,12/18/2017 12:11:11,FOXNEWS,FOX  Friends,FOXNEWSW_20171218_110000_FOX__Friends,https://archive.org/download/FOXNEWSW_20171218_110000_FOX__Friends/FOXNEWSW_20171218_110000_FOX__Friends.thumbs/FOXNEWSW_20171218_110000_FOX__Friends_004228.jpg,"the president ran and won on in 2016. there still is a realm of great power competition that the united states has not been comp beating in effectively and this strategy does recognize that. brian: they also bring up certain things about climate"
https://archive.org/details/FOXNEWSW_20171218_230000_Special_Report_With_Bret_Baier#start/372/end/407,12/18/2017 23:06:27,FOXNEWS,Special Report With Bret Baier,FOXNEWSW_20171218_230000_Special_Report_With_Bret_Baier,https://archive.org/download/FOXNEWSW_20171218_230000_Special_Report_With_Bret_Baier/FOXNEWSW_20171218_230000_Special_Report_With_Bret_Baier.thumbs/FOXNEWSW_20171218_230000_Special_Report_With_Bret_Baier_000358.jpg,"security is national security, pointing to his efforts to cut taxes and reduce regulations and rewrite trade deals to better serve the united states. president trump parted ways with his predecessors president obama, bush, clinton, making no mention of climate"
https://archive.org/details/FOXNEWSW_20171229_220000_The_Five#start/1768/end/1803,12/29/2017 22:29:43,FOXNEWS,The Five,FOXNEWSW_20171229_220000_The_Five,https://archive.org/download/FOXNEWSW_20171229_220000_The_Five/FOXNEWSW_20171229_220000_The_Five.thumbs/FOXNEWSW_20171229_220000_The_Five_001767.jpg,"return. the president doesn't like science. he said global warming can't happen if we are freezing to death. is he right? no, hot gets hotter and cold"
https://archive.org/details/FOXNEWSW_20171230_010000_Tucker_Carlson_Tonight#start/3361/end/3396,12/30/2017 1:56:16,FOXNEWS,Tucker Carlson Tonight,FOXNEWSW_20171230_010000_Tucker_Carlson_Tonight,https://archive.org/download/FOXNEWSW_20171230_010000_Tucker_Carlson_Tonight/FOXNEWSW_20171230_010000_Tucker_Carlson_Tonight.thumbs/FOXNEWSW_20171230_010000_Tucker_Carlson_Tonight_003177.jpg,"speaking of global warming or lack thereof, we have an update on the forecast for this weekend. cold? more to come. this is fox news alert."
https://archive.org/details/FOXNEWSW_20171216_000000_The_Story_With_Martha_MacCallum#start/1485/end/1520,12/16/2017 0:25:00,FOXNEWS,The Story With Martha MacCallum,FOXNEWSW_20171216_000000_The_Story_With_Martha_MacCallum,https://archive.org/download/FOXNEWSW_20171216_000000_The_Story_With_Martha_MacCallum/FOXNEWSW_20171216_000000_The_Story_With_Martha_MacCallum.thumbs/FOXNEWSW_20171216_000000_The_Story_With_Martha_MacCallum_001467.jpg,"getting out of the paris climate change agreement and an general, the deregulatory path and even with this national security strategy that's coming out on monday, a focus on actual national security threats and set of stuff like climate change which we saw under obama. this idea that they're going to"
https://archive.org/details/FOXNEWSW_20171228_110000_FOX__Friends#start/3936/end/3971,12/28/2017 12:05:51,FOXNEWS,FOX  Friends,FOXNEWSW_20171228_110000_FOX__Friends,https://archive.org/download/FOXNEWSW_20171228_110000_FOX__Friends/FOXNEWSW_20171228_110000_FOX__Friends.thumbs/FOXNEWSW_20171228_110000_FOX__Friends_003928.jpg,"of those regulations, the paris climate accord and the list goes on. leland: the list goes on. sanctuary cities. dakota access pipeline that president obama didn't like. each time you sort of waited for the president to hold his fire. you brought up paris climate"
https://archive.org/details/FOXNEWSW_20171229_110000_FOX__Friends#start/7844/end/7879,12/29/2017 13:10:59,FOXNEWS,FOX  Friends,FOXNEWSW_20171229_110000_FOX__Friends,https://archive.org/download/FOXNEWSW_20171229_110000_FOX__Friends/FOXNEWSW_20171229_110000_FOX__Friends.thumbs/FOXNEWSW_20171229_110000_FOX__Friends_007828.jpg,"it. what he's really saying is he wants to negotiate it. and some of these other deals, climate change, particularly, i want the united states to be in the lead on climate change. but i don't want us to be stupid either. so i think this president has been in an understated or"
https://archive.org/details/FOXNEWSW_20171230_010000_Tucker_Carlson_Tonight#start/2872/end/2907,12/30/2017 1:48:07,FOXNEWS,Tucker Carlson Tonight,FOXNEWSW_20171230_010000_Tucker_Carlson_Tonight,https://archive.org/download/FOXNEWSW_20171230_010000_Tucker_Carlson_Tonight/FOXNEWSW_20171230_010000_Tucker_Carlson_Tonight.thumbs/FOXNEWSW_20171230_010000_Tucker_Carlson_Tonight_002667.jpg,"most of america is following up to the end of the year. that ends the chance to talk about global warming. last night the president said this, it could be the coldest on"
https://archive.org/details/FOXNEWSW_20171219_100000_Fox_and_Friends_First#start/1183/end/1218,12/19/2017 10:19:58,FOXNEWS,Fox and Friends First,FOXNEWSW_20171219_100000_Fox_and_Friends_First,https://archive.org/download/FOXNEWSW_20171219_100000_Fox_and_Friends_First/FOXNEWSW_20171219_100000_Fox_and_Friends_First.thumbs/FOXNEWSW_20171219_100000_Fox_and_Friends_First_001167.jpg,"big differences. i care about the climate but climate change doesn't have to be in the national security strategy. it is a good move to put climate change somewhere else. he is talking about iran, we know what he refused to recertify the iran deal, don't forget there is almost a mini cold war between iran and saudi arabia."
https://archive.org/details/FOXNEWSW_20171229_110000_FOX__Friends#start/3733/end/3768,12/29/2017 12:02:28,FOXNEWS,FOX  Friends,FOXNEWSW_20171229_110000_FOX__Friends,https://archive.org/download/FOXNEWSW_20171229_110000_FOX__Friends/FOXNEWSW_20171229_110000_FOX__Friends.thumbs/FOXNEWSW_20171229_110000_FOX__Friends_003718.jpg,"so cold. bundle up. rachel: when it was 17 below this week in wisconsin. i can tell you bring on the global warming. leland: new york is a relief to you. enjoying the holiday break"
https://archive.org/details/FOXNEWSW_20171227_090000_Fox_and_Friends_First#start/2961/end/2996,12/27/2017 9:49:36,FOXNEWS,Fox and Friends First,FOXNEWSW_20171227_090000_Fox_and_Friends_First,https://archive.org/download/FOXNEWSW_20171227_090000_Fox_and_Friends_First/FOXNEWSW_20171227_090000_Fox_and_Friends_First.thumbs/FOXNEWSW_20171227_090000_Fox_and_Friends_First_002878.jpg,"for political gain. the scientific reports in question by the trump administration include the pesticide been, formaldehyde findings and the global warming hiatus which critics say were in line to benefit the green power"
https://archive.org/details/FOXNEWSW_20171230_010000_Tucker_Carlson_Tonight#start/2628/end/2663,12/30/2017 1:44:03,FOXNEWS,Tucker Carlson Tonight,FOXNEWSW_20171230_010000_Tucker_Carlson_Tonight,https://archive.org/download/FOXNEWSW_20171230_010000_Tucker_Carlson_Tonight/FOXNEWSW_20171230_010000_Tucker_Carlson_Tonight.thumbs/FOXNEWSW_20171230_010000_Tucker_Carlson_Tonight_002607.jpg,"we are thinking of all of your victims and clients. as the arctic blast hits the country, president trump is heating up the debate over global warming. is it real? we have the latest next."
https://archive.org/details/FOXNEWSW_20171230_010000_Tucker_Carlson_Tonight#start/2886/end/2921,12/30/2017 1:48:21,FOXNEWS,Tucker Carlson Tonight,FOXNEWSW_20171230_010000_Tucker_Carlson_Tonight,https://archive.org/download/FOXNEWSW_20171230_010000_Tucker_Carlson_Tonight/FOXNEWSW_20171230_010000_Tucker_Carlson_Tonight.thumbs/FOXNEWSW_20171230_010000_Tucker_Carlson_Tonight_002847.jpg,"record in the east. perhaps we could use some of that global warming that other countries are protecting us against. bundle up. the president's remarks are sure to upset al gore who has been"
https://archive.org/details/FOXNEWSW_20171230_110000_Fox_and_Friends_Saturday#start/1904/end/1939,12/30/2017 11:31:59,FOXNEWS,Fox and Friends Saturday,FOXNEWSW_20171230_110000_Fox_and_Friends_Saturday,https://archive.org/download/FOXNEWSW_20171230_110000_Fox_and_Friends_Saturday/FOXNEWSW_20171230_110000_Fox_and_Friends_Saturday.thumbs/FOXNEWSW_20171230_110000_Fox_and_Friends_Saturday_001887.jpg,"below. pete: thanks global warming. peter: even lake erie feeling the effects. rock solid with ice. pete: our own rick reichmuth is on top of all of it. rick: 13% of the lake is"
https://archive.org/details/FOXNEWSW_20171206_010000_Tucker_Carlson_Tonight#start/348/end/383,12/6/2017 1:06:03,FOXNEWS,Tucker Carlson Tonight,FOXNEWSW_20171206_010000_Tucker_Carlson_Tonight,https://archive.org/download/FOXNEWSW_20171206_010000_Tucker_Carlson_Tonight/FOXNEWSW_20171206_010000_Tucker_Carlson_Tonight.thumbs/FOXNEWSW_20171206_010000_Tucker_Carlson_Tonight_000328.jpg,"citizens can't new yorked with foreign governments why is not carter in jail. why is not jesse jackson in jail? nobody took it seriously or obama who abroad negotiating global warming in affect all the time or bill"
https://archive.org/details/FOXNEWSW_20171229_220000_The_Five#start/1444/end/1479,12/29/2017 22:24:19,FOXNEWS,The Five,FOXNEWSW_20171229_220000_The_Five,https://archive.org/download/FOXNEWSW_20171229_220000_The_Five/FOXNEWSW_20171229_220000_The_Five.thumbs/FOXNEWSW_20171229_220000_The_Five_001407.jpg,"a clear victory. that's a little much. this will continue. it's freezing here in the north. what happens to global warming? cue the tweet from president trump next. stay tuned. you might take something for your heart."
https://archive.org/details/FOXNEWSW_20171231_160000_MediaBuzz#start/1331/end/1366,12/31/2017 16:22:26,FOXNEWS,MediaBuzz,FOXNEWSW_20171231_160000_MediaBuzz,https://archive.org/download/FOXNEWSW_20171231_160000_MediaBuzz/FOXNEWSW_20171231_160000_MediaBuzz.thumbs/FOXNEWSW_20171231_160000_MediaBuzz_001317.jpg,"presidential, it's modern day presidential. he had a tweet this week about global warming and you could see everyone in the media fall for it and respond to it. i wonder if the media can quit"
https://archive.org/details/FOXNEWSW_20171206_140000_Americas_Newsroom_With_Bill_Hemmer_and_Sandra_Smith#start/6555/end/6590,12/6/2017 15:49:30,FOXNEWS,Americas Newsroom With Bill Hemmer and Sandra Smith,FOXNEWSW_20171206_140000_Americas_Newsroom_With_Bill_Hemmer_and_Sandra_Smith,https://archive.org/download/FOXNEWSW_20171206_140000_Americas_Newsroom_With_Bill_Hemmer_and_Sandra_Smith/FOXNEWSW_20171206_140000_Americas_Newsroom_With_Bill_Hemmer_and_Sandra_Smith.thumbs/FOXNEWSW_20171206_140000_Americas_Newsroom_With_Bill_Hemmer_and_Sandra_Smith_006537.jpg,"they're paying attention to global warming. again, not mentioning trump's name. absolutely. this is an issue the president cares deeply about. a lot of republicans and democrats care deeply about this issue. what he said is not in any way"
https://archive.org/details/FOXNEWSW_20171205_230000_Special_Report_With_Bret_Baier#start/1686/end/1721,12/5/2017 23:28:21,FOXNEWS,Special Report With Bret Baier,FOXNEWSW_20171205_230000_Special_Report_With_Bret_Baier,https://archive.org/download/FOXNEWSW_20171205_230000_Special_Report_With_Bret_Baier/FOXNEWSW_20171205_230000_Special_Report_With_Bret_Baier.thumbs/FOXNEWSW_20171205_230000_Special_Report_With_Bret_Baier_001678.jpg,"fox 32, former president obama's address to amir's conference. the subject, climate change. two's, states, nonprofits who"
https://archive.org/details/FOXNEWSW_20171219_040000_Fox_News__Night#start/784/end/819,12/19/2017 4:13:19,FOXNEWS,Fox News  Night,FOXNEWSW_20171219_040000_Fox_News__Night,https://archive.org/download/FOXNEWSW_20171219_040000_Fox_News__Night/FOXNEWSW_20171219_040000_Fox_News__Night.thumbs/FOXNEWSW_20171219_040000_Fox_News__Night_000778.jpg,"the president needs to come out with a statement every once in a while so the president comes out with the statement. if you are obama, it is lgbtq and global warming. if you are trump, you say our national security structure is that tax cuts."
https://archive.org/details/FOXNEWSW_20171229_140000_Americas_Newsroom_With_Bill_Hemmer_and_Sandra_Smith#start/198/end/233,12/29/2017 14:03:33,FOXNEWS,Americas Newsroom With Bill Hemmer and Sandra Smith,FOXNEWSW_20171229_140000_Americas_Newsroom_With_Bill_Hemmer_and_Sandra_Smith,https://archive.org/download/FOXNEWSW_20171229_140000_Americas_Newsroom_With_Bill_Hemmer_and_Sandra_Smith/FOXNEWSW_20171229_140000_Americas_Newsroom_With_Bill_Hemmer_and_Sandra_Smith.thumbs/FOXNEWSW_20171229_140000_Americas_Newsroom_With_Bill_Hemmer_and_Sandra_Smith_000177.jpg,"policies. this was a tweet he says. in the east it could be the coldest new year's eve on record. perhaps we could use a little bit of that global warming that our country, but not other countries, was going to pay trillions of dollars to protect"
https://archive.org/details/FOXNEWSW_20171212_230000_Special_Report_With_Bret_Baier#start/1951/end/1986,12/12/2017 23:32:46,FOXNEWS,Special Report With Bret Baier,FOXNEWSW_20171212_230000_Special_Report_With_Bret_Baier,https://archive.org/download/FOXNEWSW_20171212_230000_Special_Report_With_Bret_Baier/FOXNEWSW_20171212_230000_Special_Report_With_Bret_Baier.thumbs/FOXNEWSW_20171212_230000_Special_Report_With_Bret_Baier_001947.jpg,"63% to 35%. doug jones is support for obamacare, climate change, lgbt rates, does not sit well with alabama voters."
https://archive.org/details/FOXNEWSW_20171219_080000_Fox_News__Night#start/784/end/819,12/19/2017 8:13:19,FOXNEWS,Fox News  Night,FOXNEWSW_20171219_080000_Fox_News__Night,https://archive.org/download/FOXNEWSW_20171219_080000_Fox_News__Night/FOXNEWSW_20171219_080000_Fox_News__Night.thumbs/FOXNEWSW_20171219_080000_Fox_News__Night_000778.jpg,"operations were organized. the president needs to come out with a statement every once in a while so the president comes out with the statement. if you are obama, it is lgbtq and global warming. if you are trump, you say our national security structure is that tax cuts."
https://archive.org/details/FOXNEWSW_20171229_200000_Shepard_Smith_Reporting#start/252/end/287,12/29/2017 20:04:27,FOXNEWS,Shepard Smith Reporting,FOXNEWSW_20171229_200000_Shepard_Smith_Reporting,https://archive.org/download/FOXNEWSW_20171229_200000_Shepard_Smith_Reporting/FOXNEWSW_20171229_200000_Shepard_Smith_Reporting.thumbs/FOXNEWSW_20171229_200000_Shepard_Smith_Reporting_000237.jpg,"east, it could be the coldest new year's eve on record, perhaps we could use a little bit of that good old global warming that our country, but not other countries, was going to paid trillions of dollars to protect against.' scientists have already responded, saying as the earth"
https://archive.org/details/FOXNEWSW_20171230_050000_Tucker_Carlson_Tonight#start/2628/end/2663,12/30/2017 5:44:03,FOXNEWS,Tucker Carlson Tonight,FOXNEWSW_20171230_050000_Tucker_Carlson_Tonight,https://archive.org/download/FOXNEWSW_20171230_050000_Tucker_Carlson_Tonight/FOXNEWSW_20171230_050000_Tucker_Carlson_Tonight.thumbs/FOXNEWSW_20171230_050000_Tucker_Carlson_Tonight_002607.jpg,"we're thinking of all your victims and family and clients.ç i think last groups much of the country, president trump is eating up the debate over global warming. deb yes, we are having that one again. it is a real? will find the latest next.ç"
https://archive.org/details/FOXNEWSW_20171230_050000_Tucker_Carlson_Tonight#start/2872/end/2907,12/30/2017 5:48:07,FOXNEWS,Tucker Carlson Tonight,FOXNEWSW_20171230_050000_Tucker_Carlson_Tonight,https://archive.org/download/FOXNEWSW_20171230_050000_Tucker_Carlson_Tonight/FOXNEWSW_20171230_050000_Tucker_Carlson_Tonight.thumbs/FOXNEWSW_20171230_050000_Tucker_Carlson_Tonight_002727.jpg,"brian: most of america is having a very chilly into the air, especially us inca f the e, and president trump, that offers a great chance to talk aboutç global warming or lack thereof. he treated this, it may be the coldest new year's eve on reco"
https://archive.org/details/FOXNEWSW_20171220_220000_The_Five#start/1361/end/1396,12/20/2017 22:22:56,FOXNEWS,The Five,FOXNEWSW_20171220_220000_The_Five,https://archive.org/download/FOXNEWSW_20171220_220000_The_Five/FOXNEWSW_20171220_220000_The_Five.thumbs/FOXNEWSW_20171220_220000_The_Five_001347.jpg,"off, whether it's the paris climate change required. these countries bring their tent about to give -- i am with hal. cut them off."
https://archive.org/details/FOXNEWSW_20171229_220000_The_Five#start/1954/end/1989,12/29/2017 22:32:49,FOXNEWS,The Five,FOXNEWSW_20171229_220000_The_Five,https://archive.org/download/FOXNEWSW_20171229_220000_The_Five/FOXNEWSW_20171229_220000_The_Five.thumbs/FOXNEWSW_20171229_220000_The_Five_001947.jpg,"-- planet. you can start. there is a different between pollution and climate change. china and india should be doing more. they are."
https://archive.org/details/FOXNEWSW_20171218_110000_FOX__Friends#start/4269/end/4304,12/18/2017 12:11:24,FOXNEWS,FOX  Friends,FOXNEWSW_20171218_110000_FOX__Friends,https://archive.org/download/FOXNEWSW_20171218_110000_FOX__Friends/FOXNEWSW_20171218_110000_FOX__Friends.thumbs/FOXNEWSW_20171218_110000_FOX__Friends_004258.jpg,"change. yep, that's us again. threw me. climate change is no longer a security threat according to this president. it will be environmental"
https://archive.org/details/FOXNEWSW_20171206_140000_Americas_Newsroom_With_Bill_Hemmer_and_Sandra_Smith#start/6492/end/6527,12/6/2017 15:48:27,FOXNEWS,Americas Newsroom With Bill Hemmer and Sandra Smith,FOXNEWSW_20171206_140000_Americas_Newsroom_With_Bill_Hemmer_and_Sandra_Smith,https://archive.org/download/FOXNEWSW_20171206_140000_Americas_Newsroom_With_Bill_Hemmer_and_Sandra_Smith/FOXNEWSW_20171206_140000_Americas_Newsroom_With_Bill_Hemmer_and_Sandra_Smith.thumbs/FOXNEWSW_20171206_140000_Americas_Newsroom_With_Bill_Hemmer_and_Sandra_Smith_006477.jpg,"and that's a difficult position to defend. but the good news is that the paris agreement was never going to solve the climate crisis on its own. it was going to be up to all of"
https://archive.org/details/FOXNEWSW_20171231_110000_Fox_and_Friends_Sunday#start/11550/end/11585,12/31/2017 14:12:45,FOXNEWS,Fox and Friends Sunday,FOXNEWSW_20171231_110000_Fox_and_Friends_Sunday,https://archive.org/download/FOXNEWSW_20171231_110000_Fox_and_Friends_Sunday/FOXNEWSW_20171231_110000_Fox_and_Friends_Sunday.thumbs/FOXNEWSW_20171231_110000_Fox_and_Friends_Sunday_011548.jpg,"all right my favorite tweet is president trump talking about this new year being the coldest on record and that we could use a little bit more global warming pete: that was good a couple days ago a great one. peter: sandra says i love when the president tweets"
https://archive.org/details/FOXNEWSW_20171210_030000_The_Greg_Gutfeld_Show#start/1843/end/1878,12/10/2017 3:30:58,FOXNEWS,The Greg Gutfeld Show,FOXNEWSW_20171210_030000_The_Greg_Gutfeld_Show,https://archive.org/download/FOXNEWSW_20171210_030000_The_Greg_Gutfeld_Show/FOXNEWSW_20171210_030000_The_Greg_Gutfeld_Show.thumbs/FOXNEWSW_20171210_030000_The_Greg_Gutfeld_Show_001827.jpg,"scientists predict climate change could reduce human limits that is when i stopped reading the article the more we ask earth's humans to comment. -- yeah. yeah.            _"
https://archive.org/details/FOXNEWSW_20171210_060000_The_Greg_Gutfeld_Show#start/1843/end/1878,12/10/2017 6:30:58,FOXNEWS,The Greg Gutfeld Show,FOXNEWSW_20171210_060000_The_Greg_Gutfeld_Show,https://archive.org/download/FOXNEWSW_20171210_060000_The_Greg_Gutfeld_Show/FOXNEWSW_20171210_060000_The_Greg_Gutfeld_Show.thumbs/FOXNEWSW_20171210_060000_The_Greg_Gutfeld_Show_001828.jpg,"scientists predict climate change could reduce human limits that is when i stopped reading the article the more we ask earth's humans to comment. -- yeah. yeah.            _"
https://archive.org/details/FOXNEWSW_20171210_090000_The_Greg_Gutfeld_Show#start/1844/end/1879,12/10/2017 9:30:59,FOXNEWS,The Greg Gutfeld Show,FOXNEWSW_20171210_090000_The_Greg_Gutfeld_Show,https://archive.org/download/FOXNEWSW_20171210_090000_The_Greg_Gutfeld_Show/FOXNEWSW_20171210_090000_The_Greg_Gutfeld_Show.thumbs/FOXNEWSW_20171210_090000_The_Greg_Gutfeld_Show_001827.jpg,"scientists predict climate change could reduce human limits that is when i stopped reading the article the more we ask earth's humans to comment. -- yeah. yeah.            _"
https://archive.org/details/FOXNEWSW_20171217_110000_Fox_and_Friends_Sunday#start/2974/end/3009,12/17/2017 11:49:49,FOXNEWS,Fox and Friends Sunday,FOXNEWSW_20171217_110000_Fox_and_Friends_Sunday,https://archive.org/download/FOXNEWSW_20171217_110000_Fox_and_Friends_Sunday/FOXNEWSW_20171217_110000_Fox_and_Friends_Sunday.thumbs/FOXNEWSW_20171217_110000_Fox_and_Friends_Sunday_002967.jpg,"climate change. an immediate risk to our national security and make no mistake, it will impact our military defense or country. i'm a change present security"
https://archive.org/details/FOXNEWSW_20171205_230000_Special_Report_With_Bret_Baier#start/1886/end/1921,12/5/2017 23:31:41,FOXNEWS,Special Report With Bret Baier,FOXNEWSW_20171205_230000_Special_Report_With_Bret_Baier,https://archive.org/download/FOXNEWSW_20171205_230000_Special_Report_With_Bret_Baier/FOXNEWSW_20171205_230000_Special_Report_With_Bret_Baier.thumbs/FOXNEWSW_20171205_230000_Special_Report_With_Bret_Baier_001678.jpg,"emerged as the new face of leadership on climate change. that's it live look outside the beltway from 'special report' .'. bret: supreme court justices heard arguments today"
https://archive.org/details/FOXNEWSW_20171206_100000_Fox_and_Friends_First#start/2340/end/2375,12/6/2017 10:39:15,FOXNEWS,Fox and Friends First,FOXNEWSW_20171206_100000_Fox_and_Friends_First,https://archive.org/download/FOXNEWSW_20171206_100000_Fox_and_Friends_First/FOXNEWSW_20171206_100000_Fox_and_Friends_First.thumbs/FOXNEWSW_20171206_100000_Fox_and_Friends_First_002337.jpg,"acquitted of her killing. states and businesses and universities and nonprofits emerged, the new face of american leadership on climate change. president obama taking a shot"
https://archive.org/details/FOXNEWSW_20171229_220000_The_Five#start/1986/end/2021,12/29/2017 22:33:21,FOXNEWS,The Five,FOXNEWSW_20171229_220000_The_Five,https://archive.org/download/FOXNEWSW_20171229_220000_The_Five/FOXNEWSW_20171229_220000_The_Five.thumbs/FOXNEWSW_20171229_220000_The_Five_001977.jpg,"weather and climate change. i don't think we need big government solutions. i love technology. if companies allow me to drive around a willie nels bus."
https://archive.org/details/FOXNEWSW_20171228_050000_Tucker_Carlson_Tonight#start/1220/end/1255,12/28/2017 5:20:35,FOXNEWS,Tucker Carlson Tonight,FOXNEWSW_20171228_050000_Tucker_Carlson_Tonight,https://archive.org/download/FOXNEWSW_20171228_050000_Tucker_Carlson_Tonight/FOXNEWSW_20171228_050000_Tucker_Carlson_Tonight.thumbs/FOXNEWSW_20171228_050000_Tucker_Carlson_Tonight_001197.jpg,"will get the liberal view onon climate change. what's wrong with balkanizing that just a little? g i reject that premise. i don't believe it's the"
https://archive.org/details/FOXNEWSW_20171217_110000_Fox_and_Friends_Sunday#start/3007/end/3042,12/17/2017 11:50:22,FOXNEWS,Fox and Friends Sunday,FOXNEWSW_20171217_110000_Fox_and_Friends_Sunday,https://archive.org/download/FOXNEWSW_20171217_110000_Fox_and_Friends_Sunday/FOXNEWSW_20171217_110000_Fox_and_Friends_Sunday.thumbs/FOXNEWSW_20171217_110000_Fox_and_Friends_Sunday_002997.jpg,"care about it. absolutely wrong. north korean nuclear missiles, iranian nuclear muscles are threats to demand dates. climate change is liberal politics. pete: you are right and they"
https://archive.org/details/FOXNEWSW_20171210_220000_The_Greg_Gutfeld_Show#start/1836/end/1871,12/10/2017 22:30:51,FOXNEWS,The Greg Gutfeld Show,FOXNEWSW_20171210_220000_The_Greg_Gutfeld_Show,https://archive.org/download/FOXNEWSW_20171210_220000_The_Greg_Gutfeld_Show/FOXNEWSW_20171210_220000_The_Greg_Gutfeld_Show.thumbs/FOXNEWSW_20171210_220000_The_Greg_Gutfeld_Show_001828.jpg,"the golden god he is. scientists predict climate change could reduce human limits that is when i stopped reading the article the more we ask earth's humans to"
https://archive.org/details/FOXNEWSW_20171217_110000_Fox_and_Friends_Sunday#start/2894/end/2929,12/17/2017 11:48:29,FOXNEWS,Fox and Friends Sunday,FOXNEWSW_20171217_110000_Fox_and_Friends_Sunday,https://archive.org/download/FOXNEWSW_20171217_110000_Fox_and_Friends_Sunday/FOXNEWSW_20171217_110000_Fox_and_Friends_Sunday.thumbs/FOXNEWSW_20171217_110000_Fox_and_Friends_Sunday_002877.jpg,"in the cia national security in a looked puzzled by it. how is this putting america first? climate change was never a national security threat. it was obama's liberal politics"
https://archive.org/details/FOXNEWSW_20171206_100000_Fox_and_Friends_First#start/2754/end/2789,12/6/2017 10:46:09,FOXNEWS,Fox and Friends First,FOXNEWSW_20171206_100000_Fox_and_Friends_First,https://archive.org/download/FOXNEWSW_20171206_100000_Fox_and_Friends_First/FOXNEWSW_20171206_100000_Fox_and_Friends_First.thumbs/FOXNEWSW_20171206_100000_Fox_and_Friends_First_002757.jpg,"and nonprofits emerged, the face of american leadership on climate change. no longer the president, he insinuates the comments around donald trump withdrawing from the us from the paris climate"
https://archive.org/details/FOXNEWSW_20171210_110000_Fox_and_Friends_Sunday#start/5425/end/5460,12/10/2017 12:30:40,FOXNEWS,Fox and Friends Sunday,FOXNEWSW_20171210_110000_Fox_and_Friends_Sunday,https://archive.org/download/FOXNEWSW_20171210_110000_Fox_and_Friends_Sunday/FOXNEWSW_20171210_110000_Fox_and_Friends_Sunday.thumbs/FOXNEWSW_20171210_110000_Fox_and_Friends_Sunday_005397.jpg,"buy the book. pete: still ahead al gore's climate change is full of debunked so-called science. why did it inconvene yepghtly just get no nominate ford a major award? shocking."
https://archive.org/details/FOXNEWSW_20171207_010000_Tucker_Carlson_Tonight#start/2695/end/2730,12/7/2017 1:45:10,FOXNEWS,Tucker Carlson Tonight,FOXNEWSW_20171207_010000_Tucker_Carlson_Tonight,https://archive.org/download/FOXNEWSW_20171207_010000_Tucker_Carlson_Tonight/FOXNEWSW_20171207_010000_Tucker_Carlson_Tonight.thumbs/FOXNEWSW_20171207_010000_Tucker_Carlson_Tonight_002698.jpg,"for everyone by dissolving separate countries and international borders and giving everyone worldwide an equal voice in handling the big issues that affect us all like climate change which, of course, is a"
https://archive.org/details/FOXNEWSW_20171228_090000_Fox_and_Friends_First#start/374/end/409,12/28/2017 9:06:29,FOXNEWS,Fox and Friends First,FOXNEWSW_20171228_090000_Fox_and_Friends_First,https://archive.org/download/FOXNEWSW_20171228_090000_Fox_and_Friends_First/FOXNEWSW_20171228_090000_Fox_and_Friends_First.thumbs/FOXNEWSW_20171228_090000_Fox_and_Friends_First_000358.jpg,"viciously despises him. not the first time president obama has criticized donald trump, he took aim at the current president at the paris climate change speech thank womack we have a temporary"
https://archive.org/details/FOXNEWSW_20171205_220000_The_Five#start/1064/end/1099,12/5/2017 22:17:59,FOXNEWS,The Five,FOXNEWSW_20171205_220000_The_Five,https://archive.org/download/FOXNEWSW_20171205_220000_The_Five/FOXNEWSW_20171205_220000_The_Five.thumbs/FOXNEWSW_20171205_220000_The_Five_001047.jpg,"the trump election, climate change, tax reform, the debate starts with them saying the opposition are evil killers taking us down the path of the apocalypse except, except when it comes to isis or terror."
https://archive.org/details/FOXNEWSW_20171230_010000_Tucker_Carlson_Tonight#start/2964/end/2999,12/30/2017 1:49:39,FOXNEWS,Tucker Carlson Tonight,FOXNEWSW_20171230_010000_Tucker_Carlson_Tonight,https://archive.org/download/FOXNEWSW_20171230_010000_Tucker_Carlson_Tonight/FOXNEWSW_20171230_010000_Tucker_Carlson_Tonight.thumbs/FOXNEWSW_20171230_010000_Tucker_Carlson_Tonight_002937.jpg,"we have a moral obligation to protect the earth for our children and grandchildren. a lot of people mocking trump. you are not. why? i spent the day on climate change drogtist websites, they"
https://archive.org/details/FOXNEWSW_20171218_110000_FOX__Friends#start/6967/end/7002,12/18/2017 12:56:22,FOXNEWS,FOX  Friends,FOXNEWSW_20171218_110000_FOX__Friends,https://archive.org/download/FOXNEWSW_20171218_110000_FOX__Friends/FOXNEWSW_20171218_110000_FOX__Friends.thumbs/FOXNEWSW_20171218_110000_FOX__Friends_006958.jpg,"three plane powerless airport. the discussion about feminism did not go well. next controversial topic, religion? climate change? taking suggestions. i hope she is joking about that. brian: sitting on a plane for three hours."
https://archive.org/details/FOXNEWSW_20171211_190000_The_Daily_Briefing_With_Dana_Perino#start/2082/end/2117,12/11/2017 19:34:57,FOXNEWS,The Daily Briefing With Dana Perino,FOXNEWSW_20171211_190000_The_Daily_Briefing_With_Dana_Perino,https://archive.org/download/FOXNEWSW_20171211_190000_The_Daily_Briefing_With_Dana_Perino/FOXNEWSW_20171211_190000_The_Daily_Briefing_With_Dana_Perino.thumbs/FOXNEWSW_20171211_190000_The_Daily_Briefing_With_Dana_Perino_002068.jpg,"science like climate change? secretary sanders: i will not get ahead of the announcement, but we will have that when the process is complete. reporter: who are the eyewitnesses for the allegations against the president, and can"
https://archive.org/details/FOXNEWSW_20171211_230000_Special_Report_With_Bret_Baier#start/1264/end/1299,12/11/2017 23:21:19,FOXNEWS,Special Report With Bret Baier,FOXNEWSW_20171211_230000_Special_Report_With_Bret_Baier,https://archive.org/download/FOXNEWSW_20171211_230000_Special_Report_With_Bret_Baier/FOXNEWSW_20171211_230000_Special_Report_With_Bret_Baier.thumbs/FOXNEWSW_20171211_230000_Special_Report_With_Bret_Baier_001257.jpg,"over the weekend, california governor jerry brown and toured some of the damage, using the moment to focus on climate change. i hope that the folks in washington realize that as they are spending money, or helping"
https://archive.org/details/FOXNEWSW_20171217_040000_Watters_World#start/2084/end/2119,12/17/2017 4:34:59,FOXNEWS,Watters World,FOXNEWSW_20171217_040000_Watters_World,https://archive.org/download/FOXNEWSW_20171217_040000_Watters_World/FOXNEWSW_20171217_040000_Watters_World.thumbs/FOXNEWSW_20171217_040000_Watters_World_002068.jpg,"achieve a more sustainable future particularly what happened with climate change we need to figure out how the 7.6 billion of us on this planet can be good neighbors and we are bad at being good neighbors."
https://archive.org/details/FOXNEWSW_20171207_050000_Tucker_Carlson_Tonight#start/2690/end/2725,12/7/2017 5:45:05,FOXNEWS,Tucker Carlson Tonight,FOXNEWSW_20171207_050000_Tucker_Carlson_Tonight,https://archive.org/download/FOXNEWSW_20171207_050000_Tucker_Carlson_Tonight/FOXNEWSW_20171207_050000_Tucker_Carlson_Tonight.thumbs/FOXNEWSW_20171207_050000_Tucker_Carlson_Tonight_002668.jpg,"voice in handling the big issues that affect us all, like climate change which, of course, is a major cause of those tragic wildfires in southerner california. like inequality, which is hollowing out the middle class,"
https://archive.org/details/FOXNEWSW_20171206_100000_Fox_and_Friends_First#start/2739/end/2774,12/6/2017 10:45:54,FOXNEWS,Fox and Friends First,FOXNEWSW_20171206_100000_Fox_and_Friends_First,https://archive.org/download/FOXNEWSW_20171206_100000_Fox_and_Friends_First/FOXNEWSW_20171206_100000_Fox_and_Friends_First.thumbs/FOXNEWSW_20171206_100000_Fox_and_Friends_First_002727.jpg,"barack obama couldn't let clinton have the fun come our 44th president taking his share of shots, praising mayors at a summit in chicago calling them the new face on climate change. at citizens and universities"
https://archive.org/details/FOXNEWSW_20171206_140000_Americas_Newsroom_With_Bill_Hemmer_and_Sandra_Smith#start/6584/end/6619,12/6/2017 15:49:59,FOXNEWS,Americas Newsroom With Bill Hemmer and Sandra Smith,FOXNEWSW_20171206_140000_Americas_Newsroom_With_Bill_Hemmer_and_Sandra_Smith,https://archive.org/download/FOXNEWSW_20171206_140000_Americas_Newsroom_With_Bill_Hemmer_and_Sandra_Smith/FOXNEWSW_20171206_140000_Americas_Newsroom_With_Bill_Hemmer_and_Sandra_Smith.thumbs/FOXNEWSW_20171206_140000_Americas_Newsroom_With_Bill_Hemmer_and_Sandra_Smith_006567.jpg,"him to raise it. sandra: interesting point you make, marie, when you see what's happening in the city of chicago and this was mayor rahm emanuel's event. his climate change summit with so much going on there and all"
https://archive.org/details/FOXNEWSW_20171225_070000_Fox_News_Sunday_With_Chris_Wallace#start/1523/end/1558,12/25/2017 7:25:38,FOXNEWS,Fox News Sunday With Chris Wallace,FOXNEWSW_20171225_070000_Fox_News_Sunday_With_Chris_Wallace,https://archive.org/download/FOXNEWSW_20171225_070000_Fox_News_Sunday_With_Chris_Wallace/FOXNEWSW_20171225_070000_Fox_News_Sunday_With_Chris_Wallace.thumbs/FOXNEWSW_20171225_070000_Fox_News_Sunday_With_Chris_Wallace_001497.jpg,"america in isolation. and america's lost are its hardship in many key issues -- leadership in many key issues. it's certainly the truth on climate change. china came in and took a lot of the leadership that should have"
https://archive.org/details/FOXNEWSW_20171229_010000_Tucker_Carlson_Tonight#start/103/end/138,12/29/2017 1:01:58,FOXNEWS,Tucker Carlson Tonight,FOXNEWSW_20171229_010000_Tucker_Carlson_Tonight,https://archive.org/download/FOXNEWSW_20171229_010000_Tucker_Carlson_Tonight/FOXNEWSW_20171229_010000_Tucker_Carlson_Tonight.thumbs/FOXNEWSW_20171229_010000_Tucker_Carlson_Tonight_000087.jpg,"couple of years ago, i cited him for essentially doing an interim round around the first amendment and using the security flaw to go on exxonmobil for not agreeing with the democrats on climate change, this is a sleazy"
https://archive.org/details/FOXNEWSW_20171229_200000_Shepard_Smith_Reporting#start/237/end/272,12/29/2017 20:04:12,FOXNEWS,Shepard Smith Reporting,FOXNEWSW_20171229_200000_Shepard_Smith_Reporting,https://archive.org/download/FOXNEWSW_20171229_200000_Shepard_Smith_Reporting/FOXNEWSW_20171229_200000_Shepard_Smith_Reporting.thumbs/FOXNEWSW_20171229_200000_Shepard_Smith_Reporting_000237.jpg,"kelly to discuss that issue, immigration, among other issues next week. rick: i understand the president tweeted about the record setting cold. he did use it as an opportunity to ridicule climate change. president tweeting, 'in the"
https://archive.org/details/FOXNEWSW_20171218_230000_Special_Report_With_Bret_Baier#start/203/end/238,12/18/2017 23:03:38,FOXNEWS,Special Report With Bret Baier,FOXNEWSW_20171218_230000_Special_Report_With_Bret_Baier,https://archive.org/download/FOXNEWSW_20171218_230000_Special_Report_With_Bret_Baier/FOXNEWSW_20171218_230000_Special_Report_With_Bret_Baier.thumbs/FOXNEWSW_20171218_230000_Special_Report_With_Bret_Baier_000178.jpg,"trade, climate change, immigration. 'america first' is the theme of the first national secured his tragedy, an outline intended to guide the administration's defense policy for years to come. chief white house correspondent john roberts has details from"
https://archive.org/details/FOXNEWSW_20171218_230000_Special_Report_With_Bret_Baier#start/387/end/422,12/18/2017 23:06:42,FOXNEWS,Special Report With Bret Baier,FOXNEWSW_20171218_230000_Special_Report_With_Bret_Baier,https://archive.org/download/FOXNEWSW_20171218_230000_Special_Report_With_Bret_Baier/FOXNEWSW_20171218_230000_Special_Report_With_Bret_Baier.thumbs/FOXNEWSW_20171218_230000_Special_Report_With_Bret_Baier_000388.jpg,"change as a threat to national security. instead suggesting climate change activism may be a threat to america's economic security. bret: more on this with the panel. the president says he's plenty upset about word the special"
https://archive.org/details/FOXNEWSW_20171219_100000_Fox_and_Friends_First#start/1145/end/1180,12/19/2017 10:19:20,FOXNEWS,Fox and Friends First,FOXNEWSW_20171219_100000_Fox_and_Friends_First,https://archive.org/download/FOXNEWSW_20171219_100000_Fox_and_Friends_First/FOXNEWSW_20171219_100000_Fox_and_Friends_First.thumbs/FOXNEWSW_20171219_100000_Fox_and_Friends_First_001137.jpg,"balance with our military throughout the world. jillian: a couple things are changing to keep up with us america first idea, look at this, starting with islamic terrorism, renewed focus, climate change, i have seen a lot of back lash, no longer a"
https://archive.org/details/FOXNEWSW_20171217_070000_Watters_World#start/2076/end/2111,12/17/2017 7:34:51,FOXNEWS,Watters World,FOXNEWSW_20171217_070000_Watters_World,https://archive.org/download/FOXNEWSW_20171217_070000_Watters_World/FOXNEWSW_20171217_070000_Watters_World.thumbs/FOXNEWSW_20171217_070000_Watters_World_002068.jpg,"do you care more about people or animals? i care about our world. and i think in order for us to achieve a more sustainable future particularly what happened with climate change we need to figure out how the 7.6"
https://archive.org/details/FOXNEWSW_20171207_070000_The_Ingraham_Angle#start/2523/end/2558,12/7/2017 7:42:18,FOXNEWS,The Ingraham Angle,FOXNEWSW_20171207_070000_The_Ingraham_Angle,https://archive.org/download/FOXNEWSW_20171207_070000_The_Ingraham_Angle/FOXNEWSW_20171207_070000_The_Ingraham_Angle.thumbs/FOXNEWSW_20171207_070000_The_Ingraham_Angle_002517.jpg,"leadership vacuum in the united states when it comes to issues like climate change. do you think it's wise to have a former president of the united states on the global scene not so veiled criticism of the current president?"
https://archive.org/details/FOXNEWSW_20171206_140000_Americas_Newsroom_With_Bill_Hemmer_and_Sandra_Smith#start/6539/end/6574,12/6/2017 15:49:14,FOXNEWS,Americas Newsroom With Bill Hemmer and Sandra Smith,FOXNEWSW_20171206_140000_Americas_Newsroom_With_Bill_Hemmer_and_Sandra_Smith,https://archive.org/download/FOXNEWSW_20171206_140000_Americas_Newsroom_With_Bill_Hemmer_and_Sandra_Smith/FOXNEWSW_20171206_140000_Americas_Newsroom_With_Bill_Hemmer_and_Sandra_Smith.thumbs/FOXNEWSW_20171206_140000_Americas_Newsroom_With_Bill_Hemmer_and_Sandra_Smith_006537.jpg,"rahm emanuel. it's not about climate change but a climate of safety in america. sandra: he did move on to say this. he called on american voters to, quote, make it a prerequisite to vote for anybody to elected office that"
https://archive.org/details/FOXNEWSW_20171227_140000_Americas_Newsroom_With_Bill_Hemmer_and_Sandra_Smith#start/6281/end/6316,12/27/2017 15:44:56,FOXNEWS,Americas Newsroom With Bill Hemmer and Sandra Smith,FOXNEWSW_20171227_140000_Americas_Newsroom_With_Bill_Hemmer_and_Sandra_Smith,https://archive.org/download/FOXNEWSW_20171227_140000_Americas_Newsroom_With_Bill_Hemmer_and_Sandra_Smith/FOXNEWSW_20171227_140000_Americas_Newsroom_With_Bill_Hemmer_and_Sandra_Smith.thumbs/FOXNEWSW_20171227_140000_Americas_Newsroom_With_Bill_Hemmer_and_Sandra_Smith_006268.jpg,"mental health, youth, crime, climate change. somehow social media comes up and president obama made a direct, clear criticism of president trump because as you know, he loves twitter. let me ask you first, leslie, was that a direct jab at the"
https://archive.org/details/FOXNEWSW_20171229_050000_Tucker_Carlson_Tonight#start/113/end/148,12/29/2017 5:02:08,FOXNEWS,Tucker Carlson Tonight,FOXNEWSW_20171229_050000_Tucker_Carlson_Tonight,https://archive.org/download/FOXNEWSW_20171229_050000_Tucker_Carlson_Tonight/FOXNEWSW_20171229_050000_Tucker_Carlson_Tonight.thumbs/FOXNEWSW_20171229_050000_Tucker_Carlson_Tonight_000087.jpg,"agreeing with the democrats on climate change. this is a sleazy guy who likes politically driven prosecutions and investigations. and that is exactly what he did with exxonmobil, now what he is doing with trump. as you say, he has written a a"
https://archive.org/details/FOXNEWSW_20171229_110000_FOX__Friends#start/7860/end/7895,12/29/2017 13:11:15,FOXNEWS,FOX  Friends,FOXNEWSW_20171229_110000_FOX__Friends,https://archive.org/download/FOXNEWSW_20171229_110000_FOX__Friends/FOXNEWSW_20171229_110000_FOX__Friends.thumbs/FOXNEWSW_20171229_110000_FOX__Friends_007858.jpg,"rather overstated, exaggerated crazy way as performed in a very modest, moderate traditional way. well, of course, the new york times is obsessed with climate change. 99% of americans are not. so that's why when they look at the critique of his foreign"
https://archive.org/details/FOXNEWSW_20171229_110000_FOX__Friends#start/7876/end/7911,12/29/2017 13:11:31,FOXNEWS,FOX  Friends,FOXNEWSW_20171229_110000_FOX__Friends,https://archive.org/download/FOXNEWSW_20171229_110000_FOX__Friends/FOXNEWSW_20171229_110000_FOX__Friends.thumbs/FOXNEWSW_20171229_110000_FOX__Friends_007858.jpg,"policy, most of them say climate change is not part of my menu either. happy new year, geraldo. thank you. pete: there's more headlines than just the new york times this morning. there are. hard to believe. jillian has been pouring"
https://archive.org/details/FOXNEWSW_20171229_160000_Happening_Now#start/1522/end/1557,12/29/2017 16:25:37,FOXNEWS,Happening Now,FOXNEWSW_20171229_160000_Happening_Now,https://archive.org/download/FOXNEWSW_20171229_160000_Happening_Now/FOXNEWSW_20171229_160000_Happening_Now.thumbs/FOXNEWSW_20171229_160000_Happening_Now_001438.jpg,"here is my promise to you. i may be leaving the senate, but i am not giving up my voice. we still have a lot of work to do together on issues ranging from net neutrality to climate change. heather: probably not too"
https://archive.org/details/FOXNEWSW_20171228_010000_Tucker_Carlson_Tonight#start/1204/end/1239,12/28/2017 1:20:19,FOXNEWS,Tucker Carlson Tonight,FOXNEWSW_20171228_010000_Tucker_Carlson_Tonight,https://archive.org/download/FOXNEWSW_20171228_010000_Tucker_Carlson_Tonight/FOXNEWSW_20171228_010000_Tucker_Carlson_Tonight.thumbs/FOXNEWSW_20171228_010000_Tucker_Carlson_Tonight_001198.jpg,"media, but motion pictures, churches, schools, the default setting of our society is essentially liberal. if you go to school, you will learn essentially the liberal view on climate change. if you go to church, you will get the liberal view on"
https://archive.org/details/FOXNEWSW_20171218_230000_Special_Report_With_Bret_Baier#start/2762/end/2797,12/18/2017 23:46:17,FOXNEWS,Special Report With Bret Baier,FOXNEWSW_20171218_230000_Special_Report_With_Bret_Baier,https://archive.org/download/FOXNEWSW_20171218_230000_Special_Report_With_Bret_Baier/FOXNEWSW_20171218_230000_Special_Report_With_Bret_Baier.thumbs/FOXNEWSW_20171218_230000_Special_Report_With_Bret_Baier_002758.jpg,"took out climate change, serious things obama put in his strategy. bret: he gets ready to pass tax reform and concerns on deficit hawks about the national deficit. not so much at the moment. talk to anybody, and jim mattis"
https://archive.org/details/FOXNEWSW_20171210_110000_Fox_and_Friends_Sunday#start/8406/end/8441,12/10/2017 13:20:21,FOXNEWS,Fox and Friends Sunday,FOXNEWSW_20171210_110000_Fox_and_Friends_Sunday,https://archive.org/download/FOXNEWSW_20171210_110000_Fox_and_Friends_Sunday/FOXNEWSW_20171210_110000_Fox_and_Friends_Sunday.thumbs/FOXNEWSW_20171210_110000_Fox_and_Friends_Sunday_008397.jpg,"for people. yes. people are nervous. griff: thank you, lee. merry christmas to you. merry christmas to you. griff: algore's new climate change documentary is full of de debunked science. so why did it inconveniently just get nominated for a major"
https://archive.org/details/FOXNEWSW_20171209_210000_Americas_News_HQ#start/868/end/903,12/9/2017 21:14:43,FOXNEWS,Americas News HQ,FOXNEWSW_20171209_210000_Americas_News_HQ,https://archive.org/download/FOXNEWSW_20171209_210000_Americas_News_HQ/FOXNEWSW_20171209_210000_Americas_News_HQ.thumbs/FOXNEWSW_20171209_210000_Americas_News_HQ_000868.jpg,"then he got political, talking about climate change and tax cuts. this is tens and tens of billions of dollars. i hope the folks in washington realize that as they're spending money or helping others spend it by giving them various tax"
https://archive.org/details/FOXNEWSW_20171203_110000_Fox_and_Friends_Sunday#start/8726/end/8761,12/3/2017 13:25:41,FOXNEWS,Fox and Friends Sunday,FOXNEWSW_20171203_110000_Fox_and_Friends_Sunday,https://archive.org/download/FOXNEWSW_20171203_110000_Fox_and_Friends_Sunday/FOXNEWSW_20171203_110000_Fox_and_Friends_Sunday.thumbs/FOXNEWSW_20171203_110000_Fox_and_Friends_Sunday_008698.jpg,"and former president barack obama taking a jab at president trump while speaking about climate change in paris. i grant you at the moment we have a temporary absence of american leadership on the issue. ed: oh, i thought he wasn't"
https://archive.org/details/FOXNEWSW_20171216_110000_Fox_and_Friends_Saturday#start/6577/end/6612,12/16/2017 12:49:52,FOXNEWS,Fox and Friends Saturday,FOXNEWSW_20171216_110000_Fox_and_Friends_Saturday,https://archive.org/download/FOXNEWSW_20171216_110000_Fox_and_Friends_Saturday/FOXNEWSW_20171216_110000_Fox_and_Friends_Saturday.thumbs/FOXNEWSW_20171216_110000_Fox_and_Friends_Saturday_006567.jpg,"sizes, obama lies about this. i mean, they don't even categorize it by, you know, which lie actually impacts the lives of the american people. right. yeah. and i mean i remember being told that climate change was the worst, most imminent threat to my personal safety"
https://archive.org/details/FOXNEWSW_20171217_010000_Watters_World#start/2086/end/2121,12/17/2017 1:35:01,FOXNEWS,Watters World,FOXNEWSW_20171217_010000_Watters_World,https://archive.org/download/FOXNEWSW_20171217_010000_Watters_World/FOXNEWSW_20171217_010000_Watters_World.thumbs/FOXNEWSW_20171217_010000_Watters_World_002068.jpg,"achieve a more sustainable future particularly what happened with climate change we need to figure out how the 7.6 billion of us on this planet can be good neighbors and we are bad at being good neighbors. jesse: why should i be a good"
https://archive.org/details/FOXNEWSW_20171205_220000_The_Five#start/1097/end/1132,12/5/2017 22:18:32,FOXNEWS,The Five,FOXNEWSW_20171205_220000_The_Five,https://archive.org/download/FOXNEWSW_20171205_220000_The_Five/FOXNEWSW_20171205_220000_The_Five.thumbs/FOXNEWSW_20171205_220000_The_Five_001077.jpg,"progressive approved enemy which is the west. when it's climate change or the election or taxes, you are evil because you are the west. you can ever say anything about isis or terror in the same vein. jesse: the republicans are more deadly than isis."
https://archive.org/details/FOXNEWSW_20171207_030000_The_Ingraham_Angle#start/2520/end/2555,12/7/2017 3:42:15,FOXNEWS,The Ingraham Angle,FOXNEWSW_20171207_030000_The_Ingraham_Angle,https://archive.org/download/FOXNEWSW_20171207_030000_The_Ingraham_Angle/FOXNEWSW_20171207_030000_The_Ingraham_Angle.thumbs/FOXNEWSW_20171207_030000_The_Ingraham_Angle_002517.jpg,"right. he kind of threw in the left and right in that we have a leadership vacuum in the united states when it comes to issues like climate change. do you think it's wise to have a former president of the united states on the global"
https://archive.org/details/FOXNEWSW_20171206_070000_The_Ingraham_Angle#start/1509/end/1544,12/6/2017 7:25:24,FOXNEWS,The Ingraham Angle,FOXNEWSW_20171206_070000_The_Ingraham_Angle,https://archive.org/download/FOXNEWSW_20171206_070000_The_Ingraham_Angle/FOXNEWSW_20171206_070000_The_Ingraham_Angle.thumbs/FOXNEWSW_20171206_070000_The_Ingraham_Angle_001498.jpg,"if this did not solve climate change, but it provided us with a framework in which for the first time almost every nation in the world agreed that this was a problem. i grant you that the moment we have a temporary absence of"
https://archive.org/details/FOXNEWSW_20171223_000000_The_Story_With_Martha_MacCallum#start/2629/end/2664,12/23/2017 0:44:04,FOXNEWS,The Story With Martha MacCallum,FOXNEWSW_20171223_000000_The_Story_With_Martha_MacCallum,https://archive.org/download/FOXNEWSW_20171223_000000_The_Story_With_Martha_MacCallum/FOXNEWSW_20171223_000000_The_Story_With_Martha_MacCallum.thumbs/FOXNEWSW_20171223_000000_The_Story_With_Martha_MacCallum_002607.jpg,"in july there was report if you wanted to take care of climate change you needed to have fewer kids. they and feminists joined together and said you should have fewer kids. posting pictures of their family and asking which one of their kids they should"
https://archive.org/details/FOXNEWSW_20171223_010000_Tucker_Carlson_Tonight#start/2877/end/2912,12/23/2017 1:48:12,FOXNEWS,Tucker Carlson Tonight,FOXNEWSW_20171223_010000_Tucker_Carlson_Tonight,https://archive.org/download/FOXNEWSW_20171223_010000_Tucker_Carlson_Tonight/FOXNEWSW_20171223_010000_Tucker_Carlson_Tonight.thumbs/FOXNEWSW_20171223_010000_Tucker_Carlson_Tonight_002878.jpg,"not other trees complicit in this radio host joins us. larry, what's going out there in palm springs if you could sum it up for us? i think it's climate change. it's hard to say, tucker. this is california. this is where the governor"
https://archive.org/details/FOXNEWSW_20171223_050000_Tucker_Carlson_Tonight#start/2885/end/2920,12/23/2017 5:48:20,FOXNEWS,Tucker Carlson Tonight,FOXNEWSW_20171223_050000_Tucker_Carlson_Tonight,https://archive.org/download/FOXNEWSW_20171223_050000_Tucker_Carlson_Tonight/FOXNEWSW_20171223_050000_Tucker_Carlson_Tonight.thumbs/FOXNEWSW_20171223_050000_Tucker_Carlson_Tonight_002878.jpg,"could sum it up for us? i think it's climate change. it's hard to say, tucker. this is california. this is where the governor just signed hike up the wages to $15 an hour after admitting that minimum wage measures don't make much economic sense closed"
https://archive.org/details/FOXNEWSW_20171229_200000_Shepard_Smith_Reporting#start/284/end/319,12/29/2017 20:04:59,FOXNEWS,Shepard Smith Reporting,FOXNEWSW_20171229_200000_Shepard_Smith_Reporting,https://archive.org/download/FOXNEWSW_20171229_200000_Shepard_Smith_Reporting/FOXNEWSW_20171229_200000_Shepard_Smith_Reporting.thumbs/FOXNEWSW_20171229_200000_Shepard_Smith_Reporting_000267.jpg,"fine sense of humor since climate change may very well have claimed their homes and the lives of loved ones.' rick: wow. we know the president invited coast guard service members to trump international coal course today. i heard him say the course is"
https://archive.org/details/FOXNEWSW_20171228_010000_Tucker_Carlson_Tonight#start/1220/end/1255,12/28/2017 1:20:35,FOXNEWS,Tucker Carlson Tonight,FOXNEWSW_20171228_010000_Tucker_Carlson_Tonight,https://archive.org/download/FOXNEWSW_20171228_010000_Tucker_Carlson_Tonight/FOXNEWSW_20171228_010000_Tucker_Carlson_Tonight.thumbs/FOXNEWSW_20171228_010000_Tucker_Carlson_Tonight_001198.jpg,"climate change. what's wrong with a ball cannizing that just a little? rye he genetic that premise. i don't believe it's the liberal's view. i actually think's it the popular view. and that's something that conservatives have to start to accept. it's not necessarily that"
https://archive.org/details/FOXNEWSW_20171228_050000_Tucker_Carlson_Tonight#start/1204/end/1239,12/28/2017 5:20:19,FOXNEWS,Tucker Carlson Tonight,FOXNEWSW_20171228_050000_Tucker_Carlson_Tonight,https://archive.org/download/FOXNEWSW_20171228_050000_Tucker_Carlson_Tonight/FOXNEWSW_20171228_050000_Tucker_Carlson_Tonight.thumbs/FOXNEWSW_20171228_050000_Tucker_Carlson_Tonight_001197.jpg,"setting of our society now, by which i mean not just media, but motion pictures, churches, schools, the default setting of our society is essentially liberal. if you go to school, you will learn essentially the liberal view on climate change. if you go to church, you"
https://archive.org/details/FOXNEWSW_20171222_020000_Hannity#start/2071/end/2106,12/22/2017 2:34:46,FOXNEWS,Hannity,FOXNEWSW_20171222_020000_Hannity,https://archive.org/download/FOXNEWSW_20171222_020000_Hannity/FOXNEWSW_20171222_020000_Hannity.thumbs/FOXNEWSW_20171222_020000_Hannity_002067.jpg,"undo some of this mess with the nuclear deal, with the paris climate change. of course, one bad deal after the next, it's against american interest. against american jobs and against our economy. i have had it. already. herman cain and matt schlapp. thank you so much."
https://archive.org/details/FOXNEWSW_20171210_220000_The_Greg_Gutfeld_Show#start/1966/end/2001,12/10/2017 22:33:01,FOXNEWS,The Greg Gutfeld Show,FOXNEWSW_20171210_220000_The_Greg_Gutfeld_Show,https://archive.org/download/FOXNEWSW_20171210_220000_The_Greg_Gutfeld_Show/FOXNEWSW_20171210_220000_The_Greg_Gutfeld_Show.thumbs/FOXNEWSW_20171210_220000_The_Greg_Gutfeld_Show_001948.jpg,"genetically biology moves changes climate change we will adjust to that, too. we are very we are very clever emily what do you make of this study. i think really, about those uber a long life is frighteningening to me, just in october, business insider"
https://archive.org/details/FOXNEWSW_20171219_060000_Hannity#start/3122/end/3157,12/19/2017 6:52:17,FOXNEWS,Hannity,FOXNEWSW_20171219_060000_Hannity,https://archive.org/download/FOXNEWSW_20171219_060000_Hannity/FOXNEWSW_20171219_060000_Hannity.thumbs/FOXNEWSW_20171219_060000_Hannity_003118.jpg,"from and building upon. they talk about globalism as a good thing. we used to be the paris climate act, that we actually talked about global warming which wasn't mentioned today that obama did start the beginning of this defeat of isis, though i give president trump credit for what has gone on. a great column inwh i 'the new york times' today, that is something everyone needs to acknowledge, things have shifted because of changes that"
https://archive.org/details/FOXNEWSW_20171219_110000_FOX__Friends#start/1165/end/1200,12/19/2017 11:19:40,FOXNEWS,FOX  Friends,FOXNEWSW_20171219_110000_FOX__Friends,https://archive.org/download/FOXNEWSW_20171219_110000_FOX__Friends/FOXNEWSW_20171219_110000_FOX__Friends.thumbs/FOXNEWSW_20171219_110000_FOX__Friends_001167.jpg,"brian: right. she maybe had that written ahead of time. you also talk about climate change is no longer a national security threat. preemptive war is not going to be happening. and when we looked at russia and you look at china, you talk about some people going to compete with,"
https://archive.org/details/FOXNEWSW_20171216_000000_The_Story_With_Martha_MacCallum#start/2012/end/2047,12/16/2017 0:33:47,FOXNEWS,The Story With Martha MacCallum,FOXNEWSW_20171216_000000_The_Story_With_Martha_MacCallum,https://archive.org/download/FOXNEWSW_20171216_000000_The_Story_With_Martha_MacCallum/FOXNEWSW_20171216_000000_The_Story_With_Martha_MacCallum.thumbs/FOXNEWSW_20171216_000000_The_Story_With_Martha_MacCallum_002007.jpg,"security strategy document is coming out on monday. h.r. mcmaster gave us a bit of a preview to it. during the obama administration, it was focused a lot on cybersecurity and climate change and this document i believe is going to be focus like a laser on north korea."
https://archive.org/details/FOXNEWSW_20171206_100000_Fox_and_Friends_First#start/2512/end/2547,12/6/2017 10:42:07,FOXNEWS,Fox and Friends First,FOXNEWSW_20171206_100000_Fox_and_Friends_First,https://archive.org/download/FOXNEWSW_20171206_100000_Fox_and_Friends_First/FOXNEWSW_20171206_100000_Fox_and_Friends_First.thumbs/FOXNEWSW_20171206_100000_Fox_and_Friends_First_002337.jpg,"at donald trump, a roomful of his climate change critic, new attack coming up. a ban on instagram, the photos you are no longer allowed to share. we will talk about that. i love to eat. i love hanging out with my friends. i have a great fit with my dentures."
https://archive.org/details/FOXNEWSW_20171204_110000_FOX__Friends#start/4309/end/4344,12/4/2017 12:12:04,FOXNEWS,FOX  Friends,FOXNEWSW_20171204_110000_FOX__Friends,https://archive.org/download/FOXNEWSW_20171204_110000_FOX__Friends/FOXNEWSW_20171204_110000_FOX__Friends.thumbs/FOXNEWSW_20171204_110000_FOX__Friends_004288.jpg,"death. barack obama's apology tour isn't over, this time he's in paris slamming president trump for his handling of climate change. i grant you that at the moment we have a temporary absence of american leadership on the issue. his comments coming after president trump pulled the u.s."
https://archive.org/details/FOXNEWSW_20171224_190000_Fox_News_Sunday_With_Chris_Wallace#start/1535/end/1570,12/24/2017 19:25:50,FOXNEWS,Fox News Sunday With Chris Wallace,FOXNEWSW_20171224_190000_Fox_News_Sunday_With_Chris_Wallace,https://archive.org/download/FOXNEWSW_20171224_190000_Fox_News_Sunday_With_Chris_Wallace/FOXNEWSW_20171224_190000_Fox_News_Sunday_With_Chris_Wallace.thumbs/FOXNEWSW_20171224_190000_Fox_News_Sunday_With_Chris_Wallace_001527.jpg,"climate change. china came in and took a lot of the leadership that should have been with the united states. so we seeç the united states being excluded from a lot of the discussions globally, and that's not helpful to our national security. chris: senator, i want to put up"
https://archive.org/details/FOXNEWSW_20171228_110000_FOX__Friends#start/193/end/228,12/28/2017 11:03:28,FOXNEWS,FOX  Friends,FOXNEWSW_20171228_110000_FOX__Friends,https://archive.org/download/FOXNEWSW_20171228_110000_FOX__Friends/FOXNEWSW_20171228_110000_FOX__Friends.thumbs/FOXNEWSW_20171228_110000_FOX__Friends_000178.jpg,"leland: saw him in paris criticizing president trump saying there is no leadership anymore and president trump is taking a backseat as relates to climate change. not going after him by name but veiled reference about twitter. so different, for example, than when george w. bush left office."
https://archive.org/details/FOXNEWSW_20171218_200000_Shepard_Smith_Reporting#start/3210/end/3245,12/18/2017 20:53:45,FOXNEWS,Shepard Smith Reporting,FOXNEWSW_20171218_200000_Shepard_Smith_Reporting,https://archive.org/download/FOXNEWSW_20171218_200000_Shepard_Smith_Reporting/FOXNEWSW_20171218_200000_Shepard_Smith_Reporting.thumbs/FOXNEWSW_20171218_200000_Shepard_Smith_Reporting_003207.jpg,"involved in clinical policies on the report does not mention climate change. john roberts is a life without this afternoon on the north one. hello, john. no surprises here if you been listening to president trump for the last 11 months as president. the previous 18 as a candidate."
https://archive.org/details/FOXNEWSW_20171206_220000_The_Five#start/606/end/641,12/6/2017 22:10:21,FOXNEWS,The Five,FOXNEWSW_20171206_220000_The_Five,https://archive.org/download/FOXNEWSW_20171206_220000_The_Five/FOXNEWSW_20171206_220000_The_Five.thumbs/FOXNEWSW_20171206_220000_The_Five_000597.jpg,"have to listen to what the pope says. i don't care about what the pope says. i don't think he helps in this situation. i think he should stay out of i it. i can barely control myself when he talks about climate change, so i don't want to talk about"
https://archive.org/details/FOXNEWSW_20171206_220000_The_Five#start/2558/end/2593,12/6/2017 22:42:53,FOXNEWS,The Five,FOXNEWSW_20171206_220000_The_Five,https://archive.org/download/FOXNEWSW_20171206_220000_The_Five/FOXNEWSW_20171206_220000_The_Five.thumbs/FOXNEWSW_20171206_220000_The_Five_002547.jpg,"culture television when they are talking about climate change, they have to admit we have reduced our carbon footprint and with the refrain is we still have to do more. greg: you know it kills me, there's this perception that if you are against the paris accords, somehow you are less"
https://archive.org/details/FOXNEWSW_20171219_040000_Fox_News__Night#start/521/end/556,12/19/2017 4:08:56,FOXNEWS,Fox News  Night,FOXNEWSW_20171219_040000_Fox_News__Night,https://archive.org/download/FOXNEWSW_20171219_040000_Fox_News__Night/FOXNEWSW_20171219_040000_Fox_News__Night.thumbs/FOXNEWSW_20171219_040000_Fox_News__Night_000508.jpg,"climate change. criticism the white house welcomes. this was meant as a direct contrast. the one we're going to talk about how much a contest it was. coming up, ed henry, thank you very much. republicans stand on the end of a victory and it looks like wall street is betting on tax"
https://archive.org/details/FOXNEWSW_20171219_080000_Fox_News__Night#start/519/end/554,12/19/2017 8:08:54,FOXNEWS,Fox News  Night,FOXNEWSW_20171219_080000_Fox_News__Night,https://archive.org/download/FOXNEWSW_20171219_080000_Fox_News__Night/FOXNEWSW_20171219_080000_Fox_News__Night.thumbs/FOXNEWSW_20171219_080000_Fox_News__Night_000508.jpg,"taking heat for not mentioning climate change. criticism the white house welcomes. this was meant as a direct contrast. the one we're going to talk about how much a contest it was. coming up, ed henry, thank you very much. republicans stand on the end of a victory and it looks like"
https://archive.org/details/FOXNEWSW_20171223_000000_The_Story_With_Martha_MacCallum#start/2644/end/2679,12/23/2017 0:44:19,FOXNEWS,The Story With Martha MacCallum,FOXNEWSW_20171223_000000_The_Story_With_Martha_MacCallum,https://archive.org/download/FOXNEWSW_20171223_000000_The_Story_With_Martha_MacCallum/FOXNEWSW_20171223_000000_The_Story_With_Martha_MacCallum.thumbs/FOXNEWSW_20171223_000000_The_Story_With_Martha_MacCallum_002637.jpg,"let go to help with climate change. if you are opposed to kids you are definitely naughty. that's the best thing i can say about it. melissa: you put brian ross on your naughty list. i have think i know why that is the case. brian ross and the rest of the political media who"
https://archive.org/details/FOXNEWSW_20171218_110000_FOX__Friends#start/2966/end/3001,12/18/2017 11:49:41,FOXNEWS,FOX  Friends,FOXNEWSW_20171218_110000_FOX__Friends,https://archive.org/download/FOXNEWSW_20171218_110000_FOX__Friends/FOXNEWSW_20171218_110000_FOX__Friends.thumbs/FOXNEWSW_20171218_110000_FOX__Friends_002938.jpg,"trump doctrine? i fully expect a lot of people will call it that i don't think any of us are going to object. brian: right, a couple of things, too. climate change, no longer a security threat as labeled by the administration. something environmental stewardship you call it the other thing is, identify"
https://archive.org/details/FOXNEWSW_20171210_110000_Fox_and_Friends_Sunday#start/9902/end/9937,12/10/2017 13:45:17,FOXNEWS,Fox and Friends Sunday,FOXNEWSW_20171210_110000_Fox_and_Friends_Sunday,https://archive.org/download/FOXNEWSW_20171210_110000_Fox_and_Friends_Sunday/FOXNEWSW_20171210_110000_Fox_and_Friends_Sunday.thumbs/FOXNEWSW_20171210_110000_Fox_and_Friends_Sunday_009897.jpg,"eboni: got some quick headlines for you. talk about an inconvenient truth truth. algore's climate change sequel is on the oscar short list for best documentary. an inconvenient sequel: truth to power criticizes president trump trump's decision to pull out of the paris climate agreement. this despite an 84-page book"
https://archive.org/details/FOXNEWSW_20171229_090000_Fox_and_Friends_First#start/2131/end/2166,12/29/2017 9:35:46,FOXNEWS,Fox and Friends First,FOXNEWSW_20171229_090000_Fox_and_Friends_First,https://archive.org/download/FOXNEWSW_20171229_090000_Fox_and_Friends_First/FOXNEWSW_20171229_090000_Fox_and_Friends_First.thumbs/FOXNEWSW_20171229_090000_Fox_and_Friends_First_002127.jpg,"not the person they pay attention to. heather: does it give them talking points, father to use against the current administration when you have someone like president obama talking to business leaders in paris in terms of climate change where he says there is a, quote, temporary absence of american leadership, they take that and use that against this"
https://archive.org/details/FOXNEWSW_20171218_090000_Fox_and_Friends_First#start/1037/end/1072,12/18/2017 9:17:32,FOXNEWS,Fox and Friends First,FOXNEWSW_20171218_090000_Fox_and_Friends_First,https://archive.org/download/FOXNEWSW_20171218_090000_Fox_and_Friends_First/FOXNEWSW_20171218_090000_Fox_and_Friends_First.thumbs/FOXNEWSW_20171218_090000_Fox_and_Friends_First_001017.jpg,"warming or climate change like it has -- did in the previous administration because all of those efforts came at the expense of american workers with no clear tangible benefits, so it's going to focus on the threat that is we know that are known that really harm the united states and it's going to attack those really head on and"
