﻿URL,MatchDateTime,Station,Show,IAShowID,IAPreviewThumb,Snippet
https://archive.org/details/FOXNEWSW_20131006_190000_The_Journal_Editorial_Report#start/999/end/1034,10/6/2013 19:16:54,FOXNEWS,The Journal Editorial Report,FOXNEWSW_20131006_190000_The_Journal_Editorial_Report,https://archive.org/download/FOXNEWSW_20131006_190000_The_Journal_Editorial_Report/FOXNEWSW_20131006_190000_The_Journal_Editorial_Report.thumbs/FOXNEWSW_20131006_190000_The_Journal_Editorial_Report_000975.jpg,"if that happens in the exchange marketplaces, you might have the same kind of problem. thank you all very much. when we come back, a u.n. panel on climate change releases its latest report, calling global warming unequivocal."
https://archive.org/details/FOXNEWSW_20131005_180000_The_Journal_Editorial_Report#start/1207/end/1242,10/5/2013 18:20:22,FOXNEWS,The Journal Editorial Report,FOXNEWSW_20131005_180000_The_Journal_Editorial_Report,https://archive.org/download/FOXNEWSW_20131005_180000_The_Journal_Editorial_Report/FOXNEWSW_20131005_180000_The_Journal_Editorial_Report.thumbs/FOXNEWSW_20131005_180000_The_Journal_Editorial_Report_001125.jpg,"how did you get this floor so clean? steamboost, sir! [ female announcer ] new swiffer steamboost powered by bissell. not just clean, steamboost clean. a united nations climate change panel released the findings of its fifth report this week calling global warming"
https://archive.org/details/FOXNEWSW_20131015_220000_Special_Report_With_Bret_Baier#start/1527/end/1562,10/15/2013 22:25:42,FOXNEWS,Special Report With Bret Baier,FOXNEWSW_20131015_220000_Special_Report_With_Bret_Baier,https://archive.org/download/FOXNEWSW_20131015_220000_Special_Report_With_Bret_Baier/FOXNEWSW_20131015_220000_Special_Report_With_Bret_Baier.thumbs/FOXNEWSW_20131015_220000_Special_Report_With_Bret_Baier_001515.jpg,"decision. bret. we also learned today the supreme court will take up a major challenge to the epa's regulatory power. what's at stake with that case? well, that case is about whether the epa can do something this administration has made a very high priority and that's regulating greenhouse gases that"
https://archive.org/details/FOXNEWSW_20131021_040000_Stossel#start/1046/end/1081,10/21/2013 4:17:41,FOXNEWS,Stossel,FOXNEWSW_20131021_040000_Stossel,https://archive.org/download/FOXNEWSW_20131021_040000_Stossel/FOXNEWSW_20131021_040000_Stossel.thumbs/FOXNEWSW_20131021_040000_Stossel_001035.jpg,"flack go feels wrong. it feels like you are pumping stuff into mother earth. john: a liberal european environmentalist points out that europe promised to cut greenhouse gas emissions but"
https://archive.org/details/FOXNEWSW_20131009_200000_Your_World_With_Neil_Cavuto#start/474/end/509,10/9/2013 20:08:09,FOXNEWS,Your World With Neil Cavuto,FOXNEWSW_20131009_200000_Your_World_With_Neil_Cavuto,https://archive.org/download/FOXNEWSW_20131009_200000_Your_World_With_Neil_Cavuto/FOXNEWSW_20131009_200000_Your_World_With_Neil_Cavuto.thumbs/FOXNEWSW_20131009_200000_Your_World_With_Neil_Cavuto_000465.jpg,"speech is you step back, we have been through worse. you said we overcame the slavery with the civil war. we survived the great depression. we beat the nazi menace. we survived global warming,"
https://archive.org/details/FOXNEWSW_20131008_070000_Red_Eye#start/893/end/928,10/8/2013 7:15:08,FOXNEWS,Red Eye,FOXNEWSW_20131008_070000_Red_Eye,https://archive.org/download/FOXNEWSW_20131008_070000_Red_Eye/FOXNEWSW_20131008_070000_Red_Eye.thumbs/FOXNEWSW_20131008_070000_Red_Eye_000885.jpg,"just in case he is right, i am starting tonight. maybe the incas or the mayans who said we are going to end. he is talking about climate change so it makes him trendy and popular. speaking of climate change,"
https://archive.org/details/FOXNEWSW_20131021_040000_Stossel#start/1031/end/1066,10/21/2013 4:17:26,FOXNEWS,Stossel,FOXNEWSW_20131021_040000_Stossel,https://archive.org/download/FOXNEWSW_20131021_040000_Stossel/FOXNEWSW_20131021_040000_Stossel.thumbs/FOXNEWSW_20131021_040000_Stossel_001005.jpg,"heat their homes. soon america may be self-sufficient in energy. also, if you are worried about global warming, burning natural gas releases less greenhouse gas than oil or coal."
https://archive.org/details/FOXNEWSW_20131013_060000_Red_Eye#start/2197/end/2232,10/13/2013 6:36:52,FOXNEWS,Red Eye,FOXNEWSW_20131013_060000_Red_Eye,https://archive.org/download/FOXNEWSW_20131013_060000_Red_Eye/FOXNEWSW_20131013_060000_Red_Eye.thumbs/FOXNEWSW_20131013_060000_Red_Eye_002176.jpg,"eagle is year over a five year period. that's four million eagles. the reasoning is wind energy reduces the co2 in the air which redouuces climate change and"
https://archive.org/details/FOXNEWSW_20131001_070000_Red_Eye#start/691/end/726,10/1/2013 7:11:46,FOXNEWS,Red Eye,FOXNEWSW_20131001_070000_Red_Eye,https://archive.org/download/FOXNEWSW_20131001_070000_Red_Eye/FOXNEWSW_20131001_070000_Red_Eye.thumbs/FOXNEWSW_20131001_070000_Red_Eye_000675.jpg,"greenland used to be green? are you kidding me? is this a nursery rhyme? i used to skate on the great lakes myself. i am an old man. i agree with you. i do happen to think that there is a strong possibility that there is global warming,"
https://archive.org/details/FOXNEWSW_20131001_070000_Red_Eye#start/660/end/695,10/1/2013 7:11:15,FOXNEWS,Red Eye,FOXNEWSW_20131001_070000_Red_Eye,https://archive.org/download/FOXNEWSW_20131001_070000_Red_Eye/FOXNEWSW_20131001_070000_Red_Eye.thumbs/FOXNEWSW_20131001_070000_Red_Eye_000645.jpg,"it is impossible to determine what effect human kind has had and what effect it would have to change what we do. it all becomes about the government taking over our carbon manufacturing. so it is really -- as you say for the last 15 years there has been no global warming."
https://archive.org/details/FOXNEWSW_20131006_180000_FOX_News_Sunday_With_Chris_Wallace#start/3633/end/3668,10/6/2013 19:00:48,FOXNEWS,FOX News Sunday With Chris Wallace,FOXNEWSW_20131006_180000_FOX_News_Sunday_With_Chris_Wallace,https://archive.org/download/FOXNEWSW_20131006_180000_FOX_News_Sunday_With_Chris_Wallace/FOXNEWSW_20131006_180000_FOX_News_Sunday_With_Chris_Wallace.thumbs/FOXNEWSW_20131006_180000_FOX_News_Sunday_With_Chris_Wallace_003615.jpg,"report called climate change unequivocal but it can't explain the hiatus in global warming in the last 15 years. welcome to the journal"
https://archive.org/details/FOXNEWSW_20131011_070000_Red_Eye#start/1014/end/1049,10/11/2013 7:17:09,FOXNEWS,Red Eye,FOXNEWSW_20131011_070000_Red_Eye,https://archive.org/download/FOXNEWSW_20131011_070000_Red_Eye/FOXNEWSW_20131011_070000_Red_Eye.thumbs/FOXNEWSW_20131011_070000_Red_Eye_001005.jpg,"shorter lines at starbucks. i think that is an interesting point. it will help him get his coffee sooner and everybody should tie. baker, shouldn't the facts diminish hysteria about health care and climate change?"
https://archive.org/details/FOXNEWSW_20131026_070000_Red_Eye#start/900/end/935,10/26/2013 7:15:15,FOXNEWS,Red Eye,FOXNEWSW_20131026_070000_Red_Eye,https://archive.org/download/FOXNEWSW_20131026_070000_Red_Eye/FOXNEWSW_20131026_070000_Red_Eye.thumbs/FOXNEWSW_20131026_070000_Red_Eye_000885.jpg,"side. the l.a. times is turning its back on readers who don't believe in man made global warming. the editor says he won't publish mail about climate change because they are wrong. paul thorton says there is no sign humans caused climate change. it is inserting a factule"
https://archive.org/details/FOXNEWSW_20131023_070000_Red_Eye#start/900/end/935,10/23/2013 7:15:15,FOXNEWS,Red Eye,FOXNEWSW_20131023_070000_Red_Eye,https://archive.org/download/FOXNEWSW_20131023_070000_Red_Eye/FOXNEWSW_20131023_070000_Red_Eye.thumbs/FOXNEWSW_20131023_070000_Red_Eye_000885.jpg,"side. the l.a. times is turning its back on readers who don't believe in man made global warming. the editor says he won't publish mail about climate change because they are wrong. paul thorton says there is no sign humans caused climate change. it is inserting a factule"
https://archive.org/details/FOXNEWSW_20131018_150000_Happening_Now#start/4084/end/4119,10/18/2013 16:08:19,FOXNEWS,Happening Now,FOXNEWSW_20131018_150000_Happening_Now,https://archive.org/download/FOXNEWSW_20131018_150000_Happening_Now/FOXNEWSW_20131018_150000_Happening_Now.thumbs/FOXNEWSW_20131018_150000_Happening_Now_004065.jpg,"particularly when it comes to women's health. watch. i'm very troubled by ken cucinelli. he tried to change virginia's divorce laws -- to prevent women from getting out of a bad marriage. ken cucinelli denies climate change exists --  _"
https://archive.org/details/FOXNEWSW_20131017_210000_The_Five#start/1260/end/1295,10/17/2013 21:21:15,FOXNEWS,The Five,FOXNEWSW_20131017_210000_The_Five,https://archive.org/download/FOXNEWSW_20131017_210000_The_Five/FOXNEWSW_20131017_210000_The_Five.thumbs/FOXNEWSW_20131017_210000_The_Five_001245.jpg,"they mocked other scandals. every candidate should go out there handcuffed with a victim of obama care. obama care is a fire lose of bad government you could spray all over immigration reform and climate change."
https://archive.org/details/FOXNEWSW_20131005_170000_Americas_News_Headquarters#start/3635/end/3670,10/5/2013 18:00:50,FOXNEWS,Americas News Headquarters,FOXNEWSW_20131005_170000_Americas_News_Headquarters,https://archive.org/download/FOXNEWSW_20131005_170000_Americas_News_Headquarters/FOXNEWSW_20131005_170000_Americas_News_Headquarters.thumbs/FOXNEWSW_20131005_170000_Americas_News_Headquarters_003615.jpg,"in the days ahead. a just released u.n. report calls climate change unequivocal but it can't explain the hyaiat of global warming in the last 15 years. welcome to 'the journal"
https://archive.org/details/FOXNEWSW_20131011_070000_Red_Eye#start/916/end/951,10/11/2013 7:15:31,FOXNEWS,Red Eye,FOXNEWSW_20131011_070000_Red_Eye,https://archive.org/download/FOXNEWSW_20131011_070000_Red_Eye/FOXNEWSW_20131011_070000_Red_Eye.thumbs/FOXNEWSW_20131011_070000_Red_Eye_000915.jpg,"disagree, but a new book may settle our debate. the new book is not in abba. it measures the damage done to humanity and the planet from 1900 until today. and it looks ahead to 2050. it assigns value to global challenges like climate change"
https://archive.org/details/FOXNEWSW_20131006_190000_The_Journal_Editorial_Report#start/27/end/62,10/6/2013 19:00:42,FOXNEWS,The Journal Editorial Report,FOXNEWSW_20131006_190000_The_Journal_Editorial_Report,https://archive.org/download/FOXNEWSW_20131006_190000_The_Journal_Editorial_Report/FOXNEWSW_20131006_190000_The_Journal_Editorial_Report.thumbs/FOXNEWSW_20131006_190000_The_Journal_Editorial_Report_000045.jpg,"glitches and what to watch for in the days ahead. and a just-released u.n. report called climate change unequivocal but it can't explain the hiatus in global warming in the last 15 years."
https://archive.org/details/FOXNEWSW_20131005_180000_The_Journal_Editorial_Report#start/30/end/65,10/5/2013 18:00:45,FOXNEWS,The Journal Editorial Report,FOXNEWSW_20131005_180000_The_Journal_Editorial_Report,https://archive.org/download/FOXNEWSW_20131005_180000_The_Journal_Editorial_Report/FOXNEWSW_20131005_180000_The_Journal_Editorial_Report.thumbs/FOXNEWSW_20131005_180000_The_Journal_Editorial_Report_000045.jpg,"what to make of this week's glitches be an wh es and what t in the days ahead. a just released u.n. report calls climate change unequivocal but it can't explain the hyaiat of global warming in the last 15 years."
https://archive.org/details/FOXNEWSW_20131003_100000_FOX_and_Friends#start/2008/end/2043,10/3/2013 10:33:43,FOXNEWS,FOX and Friends,FOXNEWSW_20131003_100000_FOX_and_Friends,https://archive.org/download/FOXNEWSW_20131003_100000_FOX_and_Friends/FOXNEWSW_20131003_100000_FOX_and_Friends.thumbs/FOXNEWSW_20131003_100000_FOX_and_Friends_001995.jpg,"are they doing? let's take a look at some of the stuff they've accomplished in the last year or so. for instance, free climate change lessons. that was something they were promoting, as you can see right there. plans to bypass congress on global warming. did you miss this one?"
https://archive.org/details/FOXNEWSW_20131005_180000_The_Journal_Editorial_Report#start/1002/end/1037,10/5/2013 18:16:57,FOXNEWS,The Journal Editorial Report,FOXNEWSW_20131005_180000_The_Journal_Editorial_Report,https://archive.org/download/FOXNEWSW_20131005_180000_The_Journal_Editorial_Report/FOXNEWSW_20131005_180000_The_Journal_Editorial_Report.thumbs/FOXNEWSW_20131005_180000_The_Journal_Editorial_Report_000975.jpg,"marketplaces, you might have the same kind of problem. thank you all very much. when we come back a u.n. panel on climate change releases its latest report calling global warming unequivocal. so what about the warming that hasn't been happening since 1998?ly"
https://archive.org/details/FOXNEWSW_20131023_170000_Americas_News_Headquarters#start/2185/end/2220,10/23/2013 17:36:40,FOXNEWS,Americas News Headquarters,FOXNEWSW_20131023_170000_Americas_News_Headquarters,https://archive.org/download/FOXNEWSW_20131023_170000_Americas_News_Headquarters/FOXNEWSW_20131023_170000_Americas_News_Headquarters.thumbs/FOXNEWSW_20131023_170000_Americas_News_Headquarters_002175.jpg,"the amendment. thanks for being here. the supreme court set to review the epa's power to regout greenhouse gases. we have mike live on the hill for us today."
https://archive.org/details/FOXNEWSW_20131023_170000_Americas_News_Headquarters#start/2215/end/2250,10/23/2013 17:37:10,FOXNEWS,Americas News Headquarters,FOXNEWSW_20131023_170000_Americas_News_Headquarters,https://archive.org/download/FOXNEWSW_20131023_170000_Americas_News_Headquarters/FOXNEWSW_20131023_170000_Americas_News_Headquarters.thumbs/FOXNEWSW_20131023_170000_Americas_News_Headquarters_002205.jpg,"found that greenhouse gases posed a hazard to people's safety. they regulate the emissions from new cars and extended it to stationary sources and that includes manufacturing plants,"
https://archive.org/details/FOXNEWSW_20131023_220000_Special_Report_With_Bret_Baier#start/1394/end/1429,10/23/2013 22:23:29,FOXNEWS,Special Report With Bret Baier,FOXNEWSW_20131023_220000_Special_Report_With_Bret_Baier,https://archive.org/download/FOXNEWSW_20131023_220000_Special_Report_With_Bret_Baier/FOXNEWSW_20131023_220000_Special_Report_With_Bret_Baier.thumbs/FOXNEWSW_20131023_220000_Special_Report_With_Bret_Baier_001275.jpg,"government can go in regulating greenhouse gases will soon be up to the nation's highest court. chief congressional correspondent mike emanuel looks at the stakes. reporter: the epa's clean air regulations will face a challenge at the supreme court."
https://archive.org/details/FOXNEWSW_20131026_070000_Red_Eye#start/1095/end/1130,10/26/2013 7:18:30,FOXNEWS,Red Eye,FOXNEWSW_20131026_070000_Red_Eye,https://archive.org/download/FOXNEWSW_20131026_070000_Red_Eye/FOXNEWSW_20131026_070000_Red_Eye.thumbs/FOXNEWSW_20131026_070000_Red_Eye_001095.jpg,"when they said they flat lined they said that. do you believe in global warming? i believe what i read when it comes to the scientists. they agreed that men caused global warming and that is the issue here. and women. sorry."
https://archive.org/details/FOXNEWSW_20131023_070000_Red_Eye#start/1095/end/1130,10/23/2013 7:18:30,FOXNEWS,Red Eye,FOXNEWSW_20131023_070000_Red_Eye,https://archive.org/download/FOXNEWSW_20131023_070000_Red_Eye/FOXNEWSW_20131023_070000_Red_Eye.thumbs/FOXNEWSW_20131023_070000_Red_Eye_001095.jpg,"when they said they flat lined they said that. do you believe in global warming? i believe what i read when it comes to the scientists. they agreed that men caused global warming and that is the issue here. and women. sorry."
https://archive.org/details/FOXNEWSW_20131003_100000_FOX_and_Friends#start/2040/end/2075,10/3/2013 10:34:15,FOXNEWS,FOX and Friends,FOXNEWSW_20131003_100000_FOX_and_Friends,https://archive.org/download/FOXNEWSW_20131003_100000_FOX_and_Friends/FOXNEWSW_20131003_100000_FOX_and_Friends.thumbs/FOXNEWSW_20131003_100000_FOX_and_Friends_002025.jpg,"open way to approach climate change and the debate that surrounds it. gives free climate change chances. steve: speaking of free, did you see the story -- i'm tapping your                 _"
https://archive.org/details/FOXNEWSW_20131021_010000_Stossel#start/1058/end/1093,10/21/2013 1:17:53,FOXNEWS,Stossel,FOXNEWSW_20131021_010000_Stossel,https://archive.org/download/FOXNEWSW_20131021_010000_Stossel/FOXNEWSW_20131021_010000_Stossel.thumbs/FOXNEWSW_20131021_010000_Stossel_001035.jpg,"cut the greenhouse gas emission but didn't cut it. in europe we managed to cut half of what you guys accidentally happen to do when you are fracking."
https://archive.org/details/FOXNEWSW_20131021_010000_Stossel#start/1043/end/1078,10/21/2013 1:17:38,FOXNEWS,Stossel,FOXNEWSW_20131021_010000_Stossel,https://archive.org/download/FOXNEWSW_20131021_010000_Stossel/FOXNEWSW_20131021_010000_Stossel.thumbs/FOXNEWSW_20131021_010000_Stossel_001035.jpg,"releases less greenhouse gas than oil or coal. fracking feels like you are pumping from it mother earth, it's an amazing story. a liberal european environmentalists points out that europe prom from missed to"
https://archive.org/details/FOXNEWSW_20131006_190000_The_Journal_Editorial_Report#start/1418/end/1453,10/6/2013 19:23:53,FOXNEWS,The Journal Editorial Report,FOXNEWSW_20131006_190000_The_Journal_Editorial_Report,https://archive.org/download/FOXNEWSW_20131006_190000_The_Journal_Editorial_Report/FOXNEWSW_20131006_190000_The_Journal_Editorial_Report.thumbs/FOXNEWSW_20131006_190000_The_Journal_Editorial_Report_001395.jpg,"going to end up -- the temperatures are going to match what the climate models are predicting. so let's not jump to precipitous conclusions. what do you think are the implications for this for policy in washington where the president has made climate"
https://archive.org/details/FOXNEWSW_20131006_190000_The_Journal_Editorial_Report#start/1200/end/1235,10/6/2013 19:20:15,FOXNEWS,The Journal Editorial Report,FOXNEWSW_20131006_190000_The_Journal_Editorial_Report,https://archive.org/download/FOXNEWSW_20131006_190000_The_Journal_Editorial_Report/FOXNEWSW_20131006_190000_The_Journal_Editorial_Report.thumbs/FOXNEWSW_20131006_190000_The_Journal_Editorial_Report_001095.jpg,"for an erection lasting more than four hours. stop taking viagra and call your doctor right away, if you experience a sudden decrease or loss in vision or hearing. this is the age of taking action. viagra. talk to your doctor. the united nations climate"
https://archive.org/details/FOXNEWSW_20131020_190000_The_Journal_Editorial_Report#start/1214/end/1249,10/20/2013 19:20:29,FOXNEWS,The Journal Editorial Report,FOXNEWSW_20131020_190000_The_Journal_Editorial_Report,https://archive.org/download/FOXNEWSW_20131020_190000_The_Journal_Editorial_Report/FOXNEWSW_20131020_190000_The_Journal_Editorial_Report.thumbs/FOXNEWSW_20131020_190000_The_Journal_Editorial_Report_001215.jpg,"kim stras sell and steve moore. i want to show you an ad running against cuccinelli to start. i'm very troubled by ken cuccinelli. he tried to change virginia's divorce laws. to prevent women from getting out of a bad marriage. ken cuccinelli denies climate"
https://archive.org/details/FOXNEWSW_20131026_070000_Red_Eye#start/916/end/951,10/26/2013 7:15:31,FOXNEWS,Red Eye,FOXNEWSW_20131026_070000_Red_Eye,https://archive.org/download/FOXNEWSW_20131026_070000_Red_Eye/FOXNEWSW_20131026_070000_Red_Eye.thumbs/FOXNEWSW_20131026_070000_Red_Eye_000915.jpg,"inaccuracy. some disagree including several who have written a letter to the 'wall street journal'. it is called no need to panic about global warming. one says they should be"
https://archive.org/details/FOXNEWSW_20131023_070000_Red_Eye#start/916/end/951,10/23/2013 7:15:31,FOXNEWS,Red Eye,FOXNEWSW_20131023_070000_Red_Eye,https://archive.org/download/FOXNEWSW_20131023_070000_Red_Eye/FOXNEWSW_20131023_070000_Red_Eye.thumbs/FOXNEWSW_20131023_070000_Red_Eye_000915.jpg,"inaccuracy. some disagree including several who have written a letter to the 'wall street journal'. it is called no need to panic about global warming. one says they should be"
https://archive.org/details/FOXNEWSW_20131011_070000_Red_Eye#start/931/end/966,10/11/2013 7:15:46,FOXNEWS,Red Eye,FOXNEWSW_20131011_070000_Red_Eye,https://archive.org/download/FOXNEWSW_20131011_070000_Red_Eye/FOXNEWSW_20131011_070000_Red_Eye.thumbs/FOXNEWSW_20131011_070000_Red_Eye_000915.jpg,"and selfies of geraldo. and it reveals that we are much better off today in terms of health and education. and global warming is a net benefit because increased carbon dioxide increases"
https://archive.org/details/FOXNEWSW_20131014_210000_The_Five#start/1555/end/1590,10/14/2013 21:26:10,FOXNEWS,The Five,FOXNEWSW_20131014_210000_The_Five,https://archive.org/download/FOXNEWSW_20131014_210000_The_Five/FOXNEWSW_20131014_210000_The_Five.thumbs/FOXNEWSW_20131014_210000_The_Five_001545.jpg,"be optimistic. i don't know any leftists who are apocalyptic about the world and climate warnings and the oceans -- no, this is america. if we stop global warming, we're going to continue to be"
https://archive.org/details/FOXNEWSW_20131006_190000_The_Journal_Editorial_Report#start/1385/end/1420,10/6/2013 19:23:20,FOXNEWS,The Journal Editorial Report,FOXNEWSW_20131006_190000_The_Journal_Editorial_Report,https://archive.org/download/FOXNEWSW_20131006_190000_The_Journal_Editorial_Report/FOXNEWSW_20131006_190000_The_Journal_Editorial_Report.thumbs/FOXNEWSW_20131006_190000_The_Journal_Editorial_Report_001365.jpg,"thanks to the rover up there, the voyagers are making new discoveries, but yet with climate science, there's this quality of saying global warming is unequivocal and we must take drastic steps to reshape the"
https://archive.org/details/FOXNEWSW_20131015_080000_The_Five#start/1554/end/1589,10/15/2013 8:26:09,FOXNEWS,The Five,FOXNEWSW_20131015_080000_The_Five,https://archive.org/download/FOXNEWSW_20131015_080000_The_Five/FOXNEWSW_20131015_080000_The_Five.thumbs/FOXNEWSW_20131015_080000_The_Five_001545.jpg,"be optimistic. i don't know any leftists who are apocalyptic about the world and climate warnings and the oceans -- no, this is america. if we stop global warming, we're going to continue to be"
https://archive.org/details/FOXNEWSW_20131030_200000_Your_World_With_Neil_Cavuto#start/327/end/362,10/30/2013 20:05:42,FOXNEWS,Your World With Neil Cavuto,FOXNEWSW_20131030_200000_Your_World_With_Neil_Cavuto,https://archive.org/download/FOXNEWSW_20131030_200000_Your_World_With_Neil_Cavuto/FOXNEWSW_20131030_200000_Your_World_With_Neil_Cavuto.thumbs/FOXNEWSW_20131030_200000_Your_World_With_Neil_Cavuto_000315.jpg,"we had the climate change rally back in the summer. this is the health care rally. now -- [ applause ]  _          _     _"
https://archive.org/details/FOXNEWSW_20131006_190000_The_Journal_Editorial_Report#start/1215/end/1250,10/6/2013 19:20:30,FOXNEWS,The Journal Editorial Report,FOXNEWSW_20131006_190000_The_Journal_Editorial_Report,https://archive.org/download/FOXNEWSW_20131006_190000_The_Journal_Editorial_Report/FOXNEWSW_20131006_190000_The_Journal_Editorial_Report.thumbs/FOXNEWSW_20131006_190000_The_Journal_Editorial_Report_001155.jpg,"change panel released the findings of its fifth report this week, calling global warming unequivocal but failing to explain one inconvenient truth, that the earth's temperatures have been flat for the last 15 years. wall street journal columnist"
https://archive.org/details/FOXNEWSW_20131026_070000_Red_Eye#start/987/end/1022,10/26/2013 7:16:42,FOXNEWS,Red Eye,FOXNEWSW_20131026_070000_Red_Eye,https://archive.org/download/FOXNEWSW_20131026_070000_Red_Eye/FOXNEWSW_20131026_070000_Red_Eye.thumbs/FOXNEWSW_20131026_070000_Red_Eye_000975.jpg,"the radical liberal nut bars. the fact -- thought we were on the same page with global warming. they were humiliated and i didn't even tease them. the flat line in the last 15 years and the future flat"
https://archive.org/details/FOXNEWSW_20131005_180000_The_Journal_Editorial_Report#start/1394/end/1429,10/5/2013 18:23:29,FOXNEWS,The Journal Editorial Report,FOXNEWSW_20131005_180000_The_Journal_Editorial_Report,https://archive.org/download/FOXNEWSW_20131005_180000_The_Journal_Editorial_Report/FOXNEWSW_20131005_180000_The_Journal_Editorial_Report.thumbs/FOXNEWSW_20131005_180000_The_Journal_Editorial_Report_001395.jpg,"yet there's this saying global warming is unequivocal and we must take drastic steps or we're going to face a catastrophe. climate scientists speak in a very different way from scientists in other disciplines. that lesson is uncertainty."
https://archive.org/details/FOXNEWSW_20131021_010000_Stossel#start/1027/end/1062,10/21/2013 1:17:22,FOXNEWS,Stossel,FOXNEWSW_20131021_010000_Stossel,https://archive.org/download/FOXNEWSW_20131021_010000_Stossel/FOXNEWSW_20131021_010000_Stossel.thumbs/FOXNEWSW_20131021_010000_Stossel_001005.jpg,"america has much more and therefore cheaper natural gas. it means families pay less to heat their homes. soon america may be self sufficient in energy. if you are worried about global warming, burning natural gas"
https://archive.org/details/FOXNEWSW_20131023_070000_Red_Eye#start/986/end/1021,10/23/2013 7:16:41,FOXNEWS,Red Eye,FOXNEWSW_20131023_070000_Red_Eye,https://archive.org/download/FOXNEWSW_20131023_070000_Red_Eye/FOXNEWSW_20131023_070000_Red_Eye.thumbs/FOXNEWSW_20131023_070000_Red_Eye_000975.jpg,"they are a wake up call for the radical liberal nut bars. the fact -- thought we were on the same page with global warming. they were humiliated and i didn't even tease them. the flat line in the last"
https://archive.org/details/FOXNEWSW_20131001_070000_Red_Eye#start/831/end/866,10/1/2013 7:14:06,FOXNEWS,Red Eye,FOXNEWSW_20131001_070000_Red_Eye,https://archive.org/download/FOXNEWSW_20131001_070000_Red_Eye/FOXNEWSW_20131001_070000_Red_Eye.thumbs/FOXNEWSW_20131001_070000_Red_Eye_000825.jpg,"excuse me? i am offended by that. should you should be now that i think about it. you sleep outside every night. you are our global warming expert and have you noticed differences? i noticed differences."
https://archive.org/details/FOXNEWSW_20131001_060000_The_Five#start/838/end/873,10/1/2013 6:14:13,FOXNEWS,The Five,FOXNEWSW_20131001_060000_The_Five,https://archive.org/download/FOXNEWSW_20131001_060000_The_Five/FOXNEWSW_20131001_060000_The_Five.thumbs/FOXNEWSW_20131001_060000_The_Five_000825.jpg,"that i think about it. you sleep outside every night. you are our global warming expert and have you noticed differences? i noticed differences. sometimes it rains and sometimes it doesn't and i am happier. this guy just hates flying."
https://archive.org/details/FOXNEWSW_20131026_070000_Red_Eye#start/1076/end/1111,10/26/2013 7:18:11,FOXNEWS,Red Eye,FOXNEWSW_20131026_070000_Red_Eye,https://archive.org/download/FOXNEWSW_20131026_070000_Red_Eye/FOXNEWSW_20131026_070000_Red_Eye.thumbs/FOXNEWSW_20131026_070000_Red_Eye_001065.jpg,"man has caused climate change which everyone agrees they have. man might contribute in a small measure. infan tess mallly small."
https://archive.org/details/FOXNEWSW_20131008_070000_Red_Eye#start/995/end/1030,10/8/2013 7:16:50,FOXNEWS,Red Eye,FOXNEWSW_20131008_070000_Red_Eye,https://archive.org/download/FOXNEWSW_20131008_070000_Red_Eye/FOXNEWSW_20131008_070000_Red_Eye.thumbs/FOXNEWSW_20131008_070000_Red_Eye_000975.jpg,"you think that? i believe in climate change. i don't believe we will end in 2030 because gildof said it."
https://archive.org/details/FOXNEWSW_20131023_070000_Red_Eye#start/1076/end/1111,10/23/2013 7:18:11,FOXNEWS,Red Eye,FOXNEWSW_20131023_070000_Red_Eye,https://archive.org/download/FOXNEWSW_20131023_070000_Red_Eye/FOXNEWSW_20131023_070000_Red_Eye.thumbs/FOXNEWSW_20131023_070000_Red_Eye_001065.jpg,"man has caused climate change which everyone agrees they have. man might contribute in a small measure. infan tess mallly small."
https://archive.org/details/FOXNEWSW_20131013_030000_Red_Eye#start/2201/end/2236,10/13/2013 3:36:56,FOXNEWS,Red Eye,FOXNEWSW_20131013_030000_Red_Eye,https://archive.org/download/FOXNEWSW_20131013_030000_Red_Eye/FOXNEWSW_20131013_030000_Red_Eye.thumbs/FOXNEWSW_20131013_030000_Red_Eye_002205.jpg,"the reasoning is wind energy reduces the co2 in the air which redouuces climate change and benefits eagles and wildlife."
https://archive.org/details/FOXNEWSW_20131023_220000_Special_Report_With_Bret_Baier#start/1179/end/1214,10/23/2013 22:19:54,FOXNEWS,Special Report With Bret Baier,FOXNEWSW_20131023_220000_Special_Report_With_Bret_Baier,https://archive.org/download/FOXNEWSW_20131023_220000_Special_Report_With_Bret_Baier/FOXNEWSW_20131023_220000_Special_Report_With_Bret_Baier.thumbs/FOXNEWSW_20131023_220000_Special_Report_With_Bret_Baier_001155.jpg,"tucker carlson and julie pace on the shroud of mystery surrounding the obama care website problems. plus your input from the bing pulse. first, the supreme court considers tapping the brakes on the epa's global warming crusade. michael, tell us why you used priceline express deals"
https://archive.org/details/FOXNEWSW_20131020_100000_FOX_and_Friends_Sunday#start/11135/end/11170,10/20/2013 13:05:50,FOXNEWS,FOX and Friends Sunday,FOXNEWSW_20131020_100000_FOX_and_Friends_Sunday,https://archive.org/download/FOXNEWSW_20131020_100000_FOX_and_Friends_Sunday/FOXNEWSW_20131020_100000_FOX_and_Friends_Sunday.thumbs/FOXNEWSW_20131020_100000_FOX_and_Friends_Sunday_011115.jpg,"i hate it. you hate it? yes. i'm going to use extra aerosol. i'm hoping to jump start global warming. fantastic. now, you have a new book. i should just say, unlike most famous people that come out with books regularly, you write your"
https://archive.org/details/FOXNEWSW_20131001_060000_The_Five#start/700/end/735,10/1/2013 6:11:55,FOXNEWS,The Five,FOXNEWSW_20131001_060000_The_Five,https://archive.org/download/FOXNEWSW_20131001_060000_The_Five/FOXNEWSW_20131001_060000_The_Five.thumbs/FOXNEWSW_20131001_060000_The_Five_000675.jpg,"i agree with you. i do happen to think that there is a strong possibility that there is global warming, but my problem is it might be good when they talk about the small degree of celsius, we shouldn't be changing that. they show over the -- when       _"
https://archive.org/details/FOXNEWSW_20131007_220000_Special_Report_With_Bret_Baier#start/1787/end/1822,10/7/2013 22:30:02,FOXNEWS,Special Report With Bret Baier,FOXNEWSW_20131007_220000_Special_Report_With_Bret_Baier,https://archive.org/download/FOXNEWSW_20131007_220000_Special_Report_With_Bret_Baier/FOXNEWSW_20131007_220000_Special_Report_With_Bret_Baier.thumbs/FOXNEWSW_20131007_220000_Special_Report_With_Bret_Baier_001785.jpg,"department. musician turned activist believes the world could end by 2030 because of the effects of climate change. media reports say geldolf told a"
https://archive.org/details/FOXNEWSW_20131007_050000_Stossel#start/3471/end/3506,10/7/2013 5:58:06,FOXNEWS,Stossel,FOXNEWSW_20131007_050000_Stossel,https://archive.org/download/FOXNEWSW_20131007_050000_Stossel/FOXNEWSW_20131007_050000_Stossel.thumbs/FOXNEWSW_20131007_050000_Stossel_003465.jpg,"we don't need stuff like this. another study $100000 for a climate change video game about the alien saving the planet. a laundry folding robot more"
https://archive.org/details/FOXNEWSW_20131011_230000_Greta_Van_Susteren#start/3314/end/3349,10/11/2013 23:55:29,FOXNEWS,Greta Van Susteren,FOXNEWSW_20131011_230000_Greta_Van_Susteren,https://archive.org/download/FOXNEWSW_20131011_230000_Greta_Van_Susteren/FOXNEWSW_20131011_230000_Greta_Van_Susteren.thumbs/FOXNEWSW_20131011_230000_Greta_Van_Susteren_003315.jpg,"conservative party there. they decided to move a lift left and to nominate sort of a moderate. and they got their clock cleaned. and then they decided, well, we'll stand and be against this global warming stuff that they were proposing and he proposed a program similar to mine with a"
https://archive.org/details/FOXNEWSW_20131005_180000_The_Journal_Editorial_Report#start/1255/end/1290,10/5/2013 18:21:10,FOXNEWS,The Journal Editorial Report,FOXNEWSW_20131005_180000_The_Journal_Editorial_Report,https://archive.org/download/FOXNEWSW_20131005_180000_The_Journal_Editorial_Report/FOXNEWSW_20131005_180000_The_Journal_Editorial_Report.thumbs/FOXNEWSW_20131005_180000_The_Journal_Editorial_Report_001245.jpg,"conclusion, at the begin and then you go down to page ten and you find this paragraph that says, well, there's this issue of the past 15 years, a pause in global warming. we don't know whether it will ever resume or not. had been warming by about a"
https://archive.org/details/FOXNEWSW_20131009_200000_Your_World_With_Neil_Cavuto#start/2857/end/2892,10/9/2013 20:47:52,FOXNEWS,Your World With Neil Cavuto,FOXNEWSW_20131009_200000_Your_World_With_Neil_Cavuto,https://archive.org/download/FOXNEWSW_20131009_200000_Your_World_With_Neil_Cavuto/FOXNEWSW_20131009_200000_Your_World_With_Neil_Cavuto.thumbs/FOXNEWSW_20131009_200000_Your_World_With_Neil_Cavuto_002835.jpg,"it gives them more power and more control. we're supposed to panic over global warming, over the sequester. we are always supposed to panic, give more power but, look beings most of what the government does it shouldn't be doing in the first place so shut it down. okay."
https://archive.org/details/FOXNEWSW_20131001_060000_The_Five#start/672/end/707,10/1/2013 6:11:27,FOXNEWS,The Five,FOXNEWSW_20131001_060000_The_Five,https://archive.org/download/FOXNEWSW_20131001_060000_The_Five/FOXNEWSW_20131001_060000_The_Five.thumbs/FOXNEWSW_20131001_060000_The_Five_000645.jpg,"so it is really -- as you say for the last 15 years there has been no global warming. it depends on which chunk -- of time. it is the climate. it changes. greenland used to be green. the great lakes used to be glaciers. i don't think you have"
https://archive.org/details/FOXNEWSW_20131001_070000_Red_Eye#start/782/end/817,10/1/2013 7:13:17,FOXNEWS,Red Eye,FOXNEWSW_20131001_070000_Red_Eye,https://archive.org/download/FOXNEWSW_20131001_070000_Red_Eye/FOXNEWSW_20131001_070000_Red_Eye.thumbs/FOXNEWSW_20131001_070000_Red_Eye_000765.jpg,"couldn't tell her why so he had to make it about global warming. you saw that picture. he does not have a mistress. in wisconsin i believe he might. i kid the cheese heads. was he in sfo? i thought he was in sfo. oh going from sfo there."
https://archive.org/details/FOXNEWSW_20131001_090000_FOX_and_Friends_First#start/1385/end/1420,10/1/2013 9:23:20,FOXNEWS,FOX and Friends First,FOXNEWSW_20131001_090000_FOX_and_Friends_First,https://archive.org/download/FOXNEWSW_20131001_090000_FOX_and_Friends_First/FOXNEWSW_20131001_090000_FOX_and_Friends_First.thumbs/FOXNEWSW_20131001_090000_FOX_and_Friends_First_001365.jpg,"continually be staffed but 18000 employees will be furloughed. those doing research on climate impact or climate change will not be doing their research. national hurricane center will"
https://archive.org/details/FOXNEWSW_20131012_060000_Greta_Van_Susteren#start/3310/end/3345,10/12/2013 6:55:25,FOXNEWS,Greta Van Susteren,FOXNEWSW_20131012_060000_Greta_Van_Susteren,https://archive.org/download/FOXNEWSW_20131012_060000_Greta_Van_Susteren/FOXNEWSW_20131012_060000_Greta_Van_Susteren.thumbs/FOXNEWSW_20131012_060000_Greta_Van_Susteren_003285.jpg,"someone who is very different from what they nominated the previous two times, the conservative party there. they decided to move a lift left and to nominate sort of a moderate. and they got their clock cleaned. and then they decided, well, we'll stand and be against this global warming stuff that they"
https://archive.org/details/FOXNEWSW_20131015_220000_Special_Report_With_Bret_Baier#start/1543/end/1578,10/15/2013 22:25:58,FOXNEWS,Special Report With Bret Baier,FOXNEWSW_20131015_220000_Special_Report_With_Bret_Baier,https://archive.org/download/FOXNEWSW_20131015_220000_Special_Report_With_Bret_Baier/FOXNEWSW_20131015_220000_Special_Report_With_Bret_Baier.thumbs/FOXNEWSW_20131015_220000_Special_Report_With_Bret_Baier_001515.jpg,"come from stationary sources like power plants and refineries. the epa says they're necessary in order to reduce the impacts of global warming, but critics of regulation say they'll cost billions and destroy thousands of jobs. bret. shannon, thank you. the grapevine is up next. let's take a live look at will"
https://archive.org/details/FOXNEWSW_20131003_100000_FOX_and_Friends#start/8709/end/8744,10/3/2013 12:25:24,FOXNEWS,FOX and Friends,FOXNEWSW_20131003_100000_FOX_and_Friends,https://archive.org/download/FOXNEWSW_20131003_100000_FOX_and_Friends/FOXNEWSW_20131003_100000_FOX_and_Friends.thumbs/FOXNEWSW_20131003_100000_FOX_and_Friends_008685.jpg,"they call -- to fight climate change, make chi, not war. study of how young men drink. that's the small stuff. but you could close whole departments. why do we need a commerce"
https://archive.org/details/FOXNEWSW_20131008_070000_Red_Eye#start/1033/end/1068,10/8/2013 7:17:28,FOXNEWS,Red Eye,FOXNEWSW_20131008_070000_Red_Eye,https://archive.org/download/FOXNEWSW_20131008_070000_Red_Eye/FOXNEWSW_20131008_070000_Red_Eye.thumbs/FOXNEWSW_20131008_070000_Red_Eye_001035.jpg,"most believe in climate change. the debate comes in as to what we are supposed to do about it. are we supposed to have government involvement. how do we uh prop it?"
https://archive.org/details/FOXNEWSW_20131001_060000_The_Five#start/777/end/812,10/1/2013 6:13:12,FOXNEWS,The Five,FOXNEWSW_20131001_060000_The_Five,https://archive.org/download/FOXNEWSW_20131001_060000_The_Five/FOXNEWSW_20131001_060000_The_Five.thumbs/FOXNEWSW_20131001_060000_The_Five_000765.jpg,"and his mistress broke it off with him and he was talking to his wife and he started sobbing, but he obviously couldn't tell her why so he had to make it about global warming. you saw that picture. he does not have a mistress. in wisconsin i believe he might. i kid the cheese heads."
https://archive.org/details/FOXNEWSW_20131006_190000_The_Journal_Editorial_Report#start/1498/end/1533,10/6/2013 19:25:13,FOXNEWS,The Journal Editorial Report,FOXNEWSW_20131006_190000_The_Journal_Editorial_Report,https://archive.org/download/FOXNEWSW_20131006_190000_The_Journal_Editorial_Report/FOXNEWSW_20131006_190000_The_Journal_Editorial_Report.thumbs/FOXNEWSW_20131006_190000_The_Journal_Editorial_Report_001485.jpg,"climate change. if the world is ending, we might have to turn it over to somebody to save it, as opposed to if the earth is warming, faster growth and more prosperity with the consequences."
https://archive.org/details/FOXNEWSW_20131018_130000_Americas_Newsroom#start/6938/end/6973,10/18/2013 14:55:53,FOXNEWS,Americas Newsroom,FOXNEWSW_20131018_130000_Americas_Newsroom,https://archive.org/download/FOXNEWSW_20131018_130000_Americas_Newsroom/FOXNEWSW_20131018_130000_Americas_Newsroom.thumbs/FOXNEWSW_20131018_130000_Americas_Newsroom_006915.jpg,"pounded him. look at this tv ad. to prevent women from getting out of a bad marriage. ken cucinelli denies climate change exists, and he used taxpayer dollars to investigate a uva professor doing research."
https://archive.org/details/FOXNEWSW_20131019_180000_The_Journal_Editorial_Report#start/1218/end/1253,10/19/2013 18:20:33,FOXNEWS,The Journal Editorial Report,FOXNEWSW_20131019_180000_The_Journal_Editorial_Report,https://archive.org/download/FOXNEWSW_20131019_180000_The_Journal_Editorial_Report/FOXNEWSW_20131019_180000_The_Journal_Editorial_Report.thumbs/FOXNEWSW_20131019_180000_The_Journal_Editorial_Report_001215.jpg,"divorce law. to prevent women from getting out a bad marriage. cuccinelli denies climate change exists and to use taxpayer dollars to investigate a uva professor doing research. and tried to ban common forms"
https://archive.org/details/FOXNEWSW_20131008_070000_Red_Eye#start/987/end/1022,10/8/2013 7:16:42,FOXNEWS,Red Eye,FOXNEWSW_20131008_070000_Red_Eye,https://archive.org/download/FOXNEWSW_20131008_070000_Red_Eye/FOXNEWSW_20131008_070000_Red_Eye.thumbs/FOXNEWSW_20131008_070000_Red_Eye_000975.jpg,"we liked it and then a bunch of sorry dudes came out and ruined it. gangster rap is like climate change. have you heard my last album? i'm wigidy, wigidy whack? take a listen."
https://archive.org/details/FOXNEWSW_20131011_080000_The_Five#start/1359/end/1394,10/11/2013 8:22:54,FOXNEWS,The Five,FOXNEWSW_20131011_080000_The_Five,https://archive.org/download/FOXNEWSW_20131011_080000_The_Five/FOXNEWSW_20131011_080000_The_Five.thumbs/FOXNEWSW_20131011_080000_The_Five_001335.jpg,"foolish climate change legislation to hamper business. let them walk around doing this crap. four or five weeks if you were in a coma, you didn't miss anything when you came out. we're day ten in obama care."
https://archive.org/details/FOXNEWSW_20131010_210000_The_Five#start/1360/end/1395,10/10/2013 21:22:55,FOXNEWS,The Five,FOXNEWSW_20131010_210000_The_Five,https://archive.org/download/FOXNEWSW_20131010_210000_The_Five/FOXNEWSW_20131010_210000_The_Five.thumbs/FOXNEWSW_20131010_210000_The_Five_001335.jpg,"foolish climate change legislation to hamper business. let them walk around doing this crap. four or five weeks if you were in a coma, you didn't miss anything when you came out. we're day ten in obama care."
https://archive.org/details/FOXNEWSW_20131016_130000_Americas_Newsroom#start/3343/end/3378,10/16/2013 13:55:58,FOXNEWS,Americas Newsroom,FOXNEWSW_20131016_130000_Americas_Newsroom,https://archive.org/download/FOXNEWSW_20131016_130000_Americas_Newsroom/FOXNEWSW_20131016_130000_Americas_Newsroom.thumbs/FOXNEWSW_20131016_130000_Americas_Newsroom_003345.jpg,"overfishing them, there is awful pollution, climate change is affecting ocean, depleting water even faster than the air, for species like this we don't even know what their populations are because they're so rare and so"
https://archive.org/details/FOXNEWSW_20131001_060000_The_Five#start/626/end/661,10/1/2013 6:10:41,FOXNEWS,The Five,FOXNEWSW_20131001_060000_The_Five,https://archive.org/download/FOXNEWSW_20131001_060000_The_Five/FOXNEWSW_20131001_060000_The_Five.thumbs/FOXNEWSW_20131001_060000_The_Five_000615.jpg,"the ocean, but factor that into the climate model. on sun date new york times ran a story talked about those vetting textbooks and they linked creationists for nose who decline climate change, the same as being a"
https://archive.org/details/FOXNEWSW_20131001_070000_Red_Eye#start/537/end/572,10/1/2013 7:09:12,FOXNEWS,Red Eye,FOXNEWSW_20131001_070000_Red_Eye,https://archive.org/download/FOXNEWSW_20131001_070000_Red_Eye/FOXNEWSW_20131001_070000_Red_Eye.thumbs/FOXNEWSW_20131001_070000_Red_Eye_000525.jpg,"rich people need to eat too, bill. well they had cars so they could get there quicker. it was good for climate change. cow flatulence is a leading cause. use the scientific word, please, cow farts."
https://archive.org/details/FOXNEWSW_20131001_070000_Red_Eye#start/630/end/665,10/1/2013 7:10:45,FOXNEWS,Red Eye,FOXNEWSW_20131001_070000_Red_Eye,https://archive.org/download/FOXNEWSW_20131001_070000_Red_Eye/FOXNEWSW_20131001_070000_Red_Eye.thumbs/FOXNEWSW_20131001_070000_Red_Eye_000615.jpg,"ran a story talked about those vetting textbooks and they linked creationists for nose who decline climate change, the same as being a creationist. i don't want to introduce information to the show because i believe it is"
https://archive.org/details/FOXNEWSW_20131006_190000_The_Journal_Editorial_Report#start/1295/end/1330,10/6/2013 19:21:50,FOXNEWS,The Journal Editorial Report,FOXNEWSW_20131006_190000_The_Journal_Editorial_Report,https://archive.org/download/FOXNEWSW_20131006_190000_The_Journal_Editorial_Report/FOXNEWSW_20131006_190000_The_Journal_Editorial_Report.thumbs/FOXNEWSW_20131006_190000_The_Journal_Editorial_Report_001275.jpg,"which is very important because everything people think they know based on climate change is based on computer simulations. when you have computer simulations with huge data sets trying to calculate over 100-year time spans whether temperature will rise by a half"
https://archive.org/details/FOXNEWSW_20131008_070000_Red_Eye#start/829/end/864,10/8/2013 7:14:04,FOXNEWS,Red Eye,FOXNEWSW_20131008_070000_Red_Eye,https://archive.org/download/FOXNEWSW_20131008_070000_Red_Eye/FOXNEWSW_20131008_070000_Red_Eye.thumbs/FOXNEWSW_20131008_070000_Red_Eye_000825.jpg,"has less than 15 years to live because of climate change. he said we are macing a massive extinction -- i can't get the word out. because it is not true. and he also says, and quote, we may not get to"
https://archive.org/details/FOXNEWSW_20131008_070000_Red_Eye#start/908/end/943,10/8/2013 7:15:23,FOXNEWS,Red Eye,FOXNEWSW_20131008_070000_Red_Eye,https://archive.org/download/FOXNEWSW_20131008_070000_Red_Eye/FOXNEWSW_20131008_070000_Red_Eye.thumbs/FOXNEWSW_20131008_070000_Red_Eye_000885.jpg,"you don't believe in climate change. if it happens it is your fault. you like many people because of the re, mas i make -- because of the remarks i make -- people think i don't believe in it. i do believe in it."
https://archive.org/details/FOXNEWSW_20131001_060000_The_Five#start/532/end/567,10/1/2013 6:09:07,FOXNEWS,The Five,FOXNEWSW_20131001_060000_The_Five,https://archive.org/download/FOXNEWSW_20131001_060000_The_Five/FOXNEWSW_20131001_060000_The_Five.thumbs/FOXNEWSW_20131001_060000_The_Five_000525.jpg,"there was steak for all of the poor people. it is rich people. rich people need to eat too, bill. well they had cars so they could get there quicker. it was good for climate change. cow flatulence is a leading"
https://archive.org/details/FOXNEWSW_20131005_180000_The_Journal_Editorial_Report#start/1331/end/1366,10/5/2013 18:22:26,FOXNEWS,The Journal Editorial Report,FOXNEWSW_20131005_180000_The_Journal_Editorial_Report,https://archive.org/download/FOXNEWSW_20131005_180000_The_Journal_Editorial_Report/FOXNEWSW_20131005_180000_The_Journal_Editorial_Report.thumbs/FOXNEWSW_20131005_180000_The_Journal_Editorial_Report_001305.jpg,"the essence is they don't know. isn't that -- how can they be so sure that climate change is going to happen? seven years ago in that report, 2007 report, they said it will be very likely that by the end of the century, the globe will"
https://archive.org/details/FOXNEWSW_20131005_180000_The_Journal_Editorial_Report#start/1427/end/1462,10/5/2013 18:24:02,FOXNEWS,The Journal Editorial Report,FOXNEWSW_20131005_180000_The_Journal_Editorial_Report,https://archive.org/download/FOXNEWSW_20131005_180000_The_Journal_Editorial_Report/FOXNEWSW_20131005_180000_The_Journal_Editorial_Report.thumbs/FOXNEWSW_20131005_180000_The_Journal_Editorial_Report_001425.jpg,"conclusion, but what do you think is the implications of this for policies in washington where the president has made climate change a big part of his second term agenda? this is exactly why they felt the need to bury the lead. because you've now got a"
https://archive.org/details/FOXNEWSW_20131018_080000_The_Five#start/1274/end/1309,10/18/2013 8:21:29,FOXNEWS,The Five,FOXNEWSW_20131018_080000_The_Five,https://archive.org/download/FOXNEWSW_20131018_080000_The_Five/FOXNEWSW_20131018_080000_The_Five.thumbs/FOXNEWSW_20131018_080000_The_Five_001275.jpg,"climate change. it's the greatest argument for small government. obama care can rally everybody that believes that government is bad. bob, you have been looking at the polls over the last couple of days and following how the tea party has been fairing in"
https://archive.org/details/FOXNEWSW_20131002_100000_FOX_and_Friends#start/6031/end/6066,10/2/2013 11:40:46,FOXNEWS,FOX and Friends,FOXNEWSW_20131002_100000_FOX_and_Friends,https://archive.org/download/FOXNEWSW_20131002_100000_FOX_and_Friends/FOXNEWSW_20131002_100000_FOX_and_Friends.thumbs/FOXNEWSW_20131002_100000_FOX_and_Friends_006015.jpg,"or everybody talks about climate change and carbon dioxide, but it's actually nitrogen. steve: job well done. thank you. let's take a quick look at the weather conditions across parts of the northeast and the rest of the country because we're actually look at very warm temperatures in the northeast."
https://archive.org/details/FOXNEWSW_20131006_190000_The_Journal_Editorial_Report#start/1326/end/1361,10/6/2013 19:22:21,FOXNEWS,The Journal Editorial Report,FOXNEWSW_20131006_190000_The_Journal_Editorial_Report,https://archive.org/download/FOXNEWSW_20131006_190000_The_Journal_Editorial_Report/FOXNEWSW_20131006_190000_The_Journal_Editorial_Report.thumbs/FOXNEWSW_20131006_190000_The_Journal_Editorial_Report_001305.jpg,"a couple theories, also a theory of sun spots and also water vapor in the atmosphere, but the essence is they don't know. how can they be so sure that climate change is going to happen? seven years ago in the report or 2007 report, they said it would"
https://archive.org/details/FOXNEWSW_20131026_070000_Red_Eye#start/1032/end/1067,10/26/2013 7:17:27,FOXNEWS,Red Eye,FOXNEWSW_20131026_070000_Red_Eye,https://archive.org/download/FOXNEWSW_20131026_070000_Red_Eye/FOXNEWSW_20131026_070000_Red_Eye.thumbs/FOXNEWSW_20131026_070000_Red_Eye_001005.jpg,"the newspaper would go nuts and people would go crazy. i think this move on climate change is unnecessary. it is like taking something you definitely know and like you said just beating it to death. religion is a whole different thing. there saw lot of stuff that is completely not proven."
https://archive.org/details/FOXNEWSW_20131023_070000_Red_Eye#start/1032/end/1067,10/23/2013 7:17:27,FOXNEWS,Red Eye,FOXNEWSW_20131023_070000_Red_Eye,https://archive.org/download/FOXNEWSW_20131023_070000_Red_Eye/FOXNEWSW_20131023_070000_Red_Eye.thumbs/FOXNEWSW_20131023_070000_Red_Eye_001005.jpg,"the newspaper would go nuts and people would go crazy. i think this move on climate change is unnecessary. it is like taking something you definitely know and like you said just beating it to death. religion is a whole different thing. there saw lot of stuff that is completely not proven."
https://archive.org/details/FOXNEWSW_20131016_210000_The_Five#start/604/end/639,10/16/2013 21:10:19,FOXNEWS,The Five,FOXNEWSW_20131016_210000_The_Five,https://archive.org/download/FOXNEWSW_20131016_210000_The_Five/FOXNEWSW_20131016_210000_The_Five.thumbs/FOXNEWSW_20131016_210000_The_Five_000585.jpg,"talking about climate change back at the inaugural and a grand bargain budget, immigration reform, and he hasn't gotten any of it. so this december 15 deadline on some sort of budget talk is very important because if he doesn't get anything there, and that becomes a failure like bob said with the super committee of two"
