﻿URL,MatchDateTime,Station,Show,IAShowID,IAPreviewThumb,Snippet
https://archive.org/details/FOXNEWSW_20130501_060000_The_Five#start/2636/end/2671,5/1/2013 6:44:11,FOXNEWS,The Five,FOXNEWSW_20130501_060000_The_Five,https://archive.org/download/FOXNEWSW_20130501_060000_The_Five/FOXNEWSW_20130501_060000_The_Five.thumbs/FOXNEWSW_20130501_060000_The_Five_002625.jpg,"if your wife thinks it's okay for you to stay out all night, just warm up the bed with global warming. we have list of things that is blamed on global warming, the"
https://archive.org/details/FOXNEWSW_20130501_060000_The_Five#start/2415/end/2450,5/1/2013 6:40:30,FOXNEWS,The Five,FOXNEWSW_20130501_060000_The_Five,https://archive.org/download/FOXNEWSW_20130501_060000_The_Five/FOXNEWSW_20130501_060000_The_Five.thumbs/FOXNEWSW_20130501_060000_The_Five_002415.jpg,"monologue. it's been blamed for shrinking sheep and increased shark attacks and cow infertility and insomnia in kids. no, not dana's dog photos, it's global warming including global"
https://archive.org/details/FOXNEWSW_20130526_030000_Red_Eye#start/731/end/766,5/26/2013 3:12:26,FOXNEWS,Red Eye,FOXNEWSW_20130526_030000_Red_Eye,https://archive.org/download/FOXNEWSW_20130526_030000_Red_Eye/FOXNEWSW_20130526_030000_Red_Eye.thumbs/FOXNEWSW_20130526_030000_Red_Eye_000735.jpg,"you smoke and if you smoke under ten cigarettes a day it is okay. it cancelled each other out. the science in this segment is amazing. polar bears, global warming."
https://archive.org/details/FOXNEWSW_20130512_193000_FOX_News_Watch#start/973/end/1008,5/12/2013 19:46:28,FOXNEWS,FOX News Watch,FOXNEWSW_20130512_193000_FOX_News_Watch,https://archive.org/download/FOXNEWSW_20130512_193000_FOX_News_Watch/FOXNEWSW_20130512_193000_FOX_News_Watch.thumbs/FOXNEWSW_20130512_193000_FOX_News_Watch_000945.jpg,"among the media. that doe't mean that we're in the middle of a crime wave which is what the gun control advocates in the media want you to believe. let's keep in mind outright advocacy here. for example, whenever there's a tornado, the media there to jump on it and say, that's global warming. that's global warming."
https://archive.org/details/FOXNEWSW_20130522_080000_The_OReilly_Factor#start/697/end/732,5/22/2013 8:11:52,FOXNEWS,The OReilly Factor,FOXNEWSW_20130522_080000_The_OReilly_Factor,https://archive.org/download/FOXNEWSW_20130522_080000_The_OReilly_Factor/FOXNEWSW_20130522_080000_The_OReilly_Factor.thumbs/FOXNEWSW_20130522_080000_The_OReilly_Factor_000555.jpg,"nothing can reverse copd. spiriva helps me breathe better. does breathing with copd weigh you down? don't wait to ask your doctor about spiriva. white house of rhode island brought global warming into"
https://archive.org/details/FOXNEWSW_20130525_153000_Cashin_In#start/1352/end/1387,5/25/2013 15:52:47,FOXNEWS,Cashin In,FOXNEWSW_20130525_153000_Cashin_In,https://archive.org/download/FOXNEWSW_20130525_153000_Cashin_In/FOXNEWSW_20130525_153000_Cashin_In.thumbs/FOXNEWSW_20130525_153000_Cashin_In_001335.jpg,"something they would say. the timing television was terrible. yes, the timing, showing a side by side screen as the twister was hitting oklahoma sheldon was on the senate delivering a global warming"
https://archive.org/details/FOXNEWSW_20130525_153000_Cashin_In#start/1245/end/1280,5/25/2013 15:51:00,FOXNEWS,Cashin In,FOXNEWSW_20130525_153000_Cashin_In,https://archive.org/download/FOXNEWSW_20130525_153000_Cashin_In/FOXNEWSW_20130525_153000_Cashin_In.thumbs/FOXNEWSW_20130525_153000_Cashin_In_001035.jpg,"the question is how do you make sure you have the money you need to enjoy all of these years. apology not accepted. the democrat wasting no time blaming the massive oklahoma twister on global warming."
https://archive.org/details/FOXNEWSW_20130522_000000_The_OReilly_Factor#start/734/end/769,5/22/2013 0:12:29,FOXNEWS,The OReilly Factor,FOXNEWSW_20130522_000000_The_OReilly_Factor,https://archive.org/download/FOXNEWSW_20130522_000000_The_OReilly_Factor/FOXNEWSW_20130522_000000_The_OReilly_Factor.thumbs/FOXNEWSW_20130522_000000_The_OReilly_Factor_000735.jpg,"oklahoma and alabama and texas. it hits rhode island with floods and storms. bill: joining us now from harrisburg, pennsylvania to comment weather guy joe bastardi who is not a believer in the global warming theory."
https://archive.org/details/FOXNEWSW_20130525_153000_Cashin_In#start/1427/end/1462,5/25/2013 15:54:02,FOXNEWS,Cashin In,FOXNEWSW_20130525_153000_Cashin_In,https://archive.org/download/FOXNEWSW_20130525_153000_Cashin_In/FOXNEWSW_20130525_153000_Cashin_In.thumbs/FOXNEWSW_20130525_153000_Cashin_In_001425.jpg,"manmade or natural? it doesn't really matter? there is no argument that can say if you can lift out an isolated incident like a tornado or a hurricane and say this has to do with global warming."
https://archive.org/details/FOXNEWSW_20130522_030000_The_OReilly_Factor#start/733/end/768,5/22/2013 3:12:28,FOXNEWS,The OReilly Factor,FOXNEWSW_20130522_030000_The_OReilly_Factor,https://archive.org/download/FOXNEWSW_20130522_030000_The_OReilly_Factor/FOXNEWSW_20130522_030000_The_OReilly_Factor.thumbs/FOXNEWSW_20130522_030000_The_OReilly_Factor_000705.jpg,"doing doesn't just hit oklahoma and alabama and texas. it hits rhode island with floods and storms. bill: joining us now from harrisburg, pennsylvania to comment weather guy joe bastardi who is not a believer in the global warming theory."
https://archive.org/details/FOXNEWSW_20130512_030000_Red_Eye#start/47/end/82,5/12/2013 3:01:02,FOXNEWS,Red Eye,FOXNEWSW_20130512_030000_Red_Eye,https://archive.org/download/FOXNEWSW_20130512_030000_Red_Eye/FOXNEWSW_20130512_030000_Red_Eye.thumbs/FOXNEWSW_20130512_030000_Red_Eye_000045.jpg,"it will take to make bill shultz one of them. happy mother's day. same to you. did you get my card? no, i didn't. good because i didn't send you one, you jerk. okay. let's welcome our guest -- she's so hot that global warming"
https://archive.org/details/FOXNEWSW_20130512_060000_Red_Eye#start/47/end/82,5/12/2013 6:01:02,FOXNEWS,Red Eye,FOXNEWSW_20130512_060000_Red_Eye,https://archive.org/download/FOXNEWSW_20130512_060000_Red_Eye/FOXNEWSW_20130512_060000_Red_Eye.thumbs/FOXNEWSW_20130512_060000_Red_Eye_000045.jpg,"it will take to make bill shultz one of them. happy mother's day. same to you. did you get my card? no, i didn't. good because i didn't send you one, you jerk. okay. let's welcome our guest -- she's so hot that global warming"
https://archive.org/details/FOXNEWSW_20130523_220000_Special_Report_With_Bret_Baier#start/1051/end/1086,5/23/2013 22:17:46,FOXNEWS,Special Report With Bret Baier,FOXNEWSW_20130523_220000_Special_Report_With_Bret_Baier,https://archive.org/download/FOXNEWSW_20130523_220000_Special_Report_With_Bret_Baier/FOXNEWSW_20130523_220000_Special_Report_With_Bret_Baier.thumbs/FOXNEWSW_20130523_220000_Special_Report_With_Bret_Baier_001035.jpg,"with 19 democrat voting in favor of taking the issue away from the president. construction would create thousands of jobs and winning the support of labor unions. democrats warn that the oil could lead to climate change and"
https://archive.org/details/FOXNEWSW_20130508_080000_The_OReilly_Factor#start/2469/end/2504,5/8/2013 8:41:24,FOXNEWS,The OReilly Factor,FOXNEWSW_20130508_080000_The_OReilly_Factor,https://archive.org/download/FOXNEWSW_20130508_080000_The_OReilly_Factor/FOXNEWSW_20130508_080000_The_OReilly_Factor.thumbs/FOXNEWSW_20130508_080000_The_OReilly_Factor_002445.jpg,"equation i was talking about earlier with nobody is accountable anymore. al gore jammed global warming down everybody's throat. he tried to take a mail stop at climate change because that wasn't working anymore. he then got current tv up and"
https://archive.org/details/FOXNEWSW_20130508_030000_The_OReilly_Factor#start/2560/end/2595,5/8/2013 3:42:55,FOXNEWS,The OReilly Factor,FOXNEWSW_20130508_030000_The_OReilly_Factor,https://archive.org/download/FOXNEWSW_20130508_030000_The_OReilly_Factor/FOXNEWSW_20130508_030000_The_OReilly_Factor.thumbs/FOXNEWSW_20130508_030000_The_OReilly_Factor_002535.jpg,"equation i was talking about earlier with nobody is accountable anymore. al gore jammed global warming down everybody's throat. he tried to take a mail stop at climate change because that wasn't working anymore. he then got current tv up and"
https://archive.org/details/FOXNEWSW_20130508_000000_The_OReilly_Factor#start/2563/end/2598,5/8/2013 0:42:58,FOXNEWS,The OReilly Factor,FOXNEWSW_20130508_000000_The_OReilly_Factor,https://archive.org/download/FOXNEWSW_20130508_000000_The_OReilly_Factor/FOXNEWSW_20130508_000000_The_OReilly_Factor.thumbs/FOXNEWSW_20130508_000000_The_OReilly_Factor_002565.jpg,"accountable anymore. al gore jammed global warming down everybody's throat. he tried to take a mail stop at climate change because that wasn't working anymore. he then got current tv up and running and made a mint ooff of it when he sold it to al"
https://archive.org/details/FOXNEWSW_20130525_153000_Cashin_In#start/1336/end/1371,5/25/2013 15:52:31,FOXNEWS,Cashin In,FOXNEWSW_20130525_153000_Cashin_In,https://archive.org/download/FOXNEWSW_20130525_153000_Cashin_In/FOXNEWSW_20130525_153000_Cashin_In.thumbs/FOXNEWSW_20130525_153000_Cashin_In_001335.jpg,"christen? global warming people don't believe that tornados are caused by global warming. they will say that drought are taosed by global warming and hurricanes. but tornados that is not"
https://archive.org/details/FOXNEWSW_20130525_153000_Cashin_In#start/1490/end/1525,5/25/2013 15:55:05,FOXNEWS,Cashin In,FOXNEWSW_20130525_153000_Cashin_In,https://archive.org/download/FOXNEWSW_20130525_153000_Cashin_In/FOXNEWSW_20130525_153000_Cashin_In.thumbs/FOXNEWSW_20130525_153000_Cashin_In_001485.jpg,"nour standard of living is risen. hold on you asked me to answer this. . not because of greenhouse gases. it is not causation."
https://archive.org/details/FOXNEWSW_20130525_153000_Cashin_In#start/1475/end/1510,5/25/2013 15:54:50,FOXNEWS,Cashin In,FOXNEWSW_20130525_153000_Cashin_In,https://archive.org/download/FOXNEWSW_20130525_153000_Cashin_In/FOXNEWSW_20130525_153000_Cashin_In.thumbs/FOXNEWSW_20130525_153000_Cashin_In_001455.jpg,"gas emotion is helping mankind and that's why we need more of them. last thought kirsten? i don't see how greenhouse gases are helping the world."
https://archive.org/details/FOXNEWSW_20130525_153000_Cashin_In#start/1458/end/1493,5/25/2013 15:54:33,FOXNEWS,Cashin In,FOXNEWSW_20130525_153000_Cashin_In,https://archive.org/download/FOXNEWSW_20130525_153000_Cashin_In/FOXNEWSW_20130525_153000_Cashin_In.thumbs/FOXNEWSW_20130525_153000_Cashin_In_001455.jpg,"destruction or victims of gun and that appeals to emotion to pass the laws. the more carbon we burn the better humans lives are become. longer life pan and greenhouse"
https://archive.org/details/FOXNEWSW_20130501_060000_The_Five#start/2683/end/2718,5/1/2013 6:44:58,FOXNEWS,The Five,FOXNEWSW_20130501_060000_The_Five,https://archive.org/download/FOXNEWSW_20130501_060000_The_Five/FOXNEWSW_20130501_060000_The_Five.thumbs/FOXNEWSW_20130501_060000_The_Five_002685.jpg,"which scientists? do you want a list. case closed. i remember it was global warming and global warming and flat lining and it became"
https://archive.org/details/FOXNEWSW_20130526_193000_FOX_News_Watch#start/1488/end/1523,5/26/2013 19:55:03,FOXNEWS,FOX News Watch,FOXNEWSW_20130526_193000_FOX_News_Watch,https://archive.org/download/FOXNEWSW_20130526_193000_FOX_News_Watch/FOXNEWSW_20130526_193000_FOX_News_Watch.thumbs/FOXNEWSW_20130526_193000_FOX_News_Watch_001485.jpg,"the other things, was the global warming. bill nye this is global warming. here is one question the media never answered. in areas of the flood and fault"
https://archive.org/details/FOXNEWSW_20130525_183000_FOX_News_Watch#start/1491/end/1526,5/25/2013 18:55:06,FOXNEWS,FOX News Watch,FOXNEWSW_20130525_183000_FOX_News_Watch,https://archive.org/download/FOXNEWSW_20130525_183000_FOX_News_Watch/FOXNEWSW_20130525_183000_FOX_News_Watch.thumbs/FOXNEWSW_20130525_183000_FOX_News_Watch_001485.jpg,"things, global warming angle, bill nye this is global warming. jon: cal? here is one question the media didn't ask. in areas like the floods along the mississippi river, fault lines along california and"
https://archive.org/details/FOXNEWSW_20130503_200000_Your_World_With_Neil_Cavuto#start/1319/end/1354,5/3/2013 20:22:14,FOXNEWS,Your World With Neil Cavuto,FOXNEWSW_20130503_200000_Your_World_With_Neil_Cavuto,https://archive.org/download/FOXNEWSW_20130503_200000_Your_World_With_Neil_Cavuto/FOXNEWSW_20130503_200000_Your_World_With_Neil_Cavuto.thumbs/FOXNEWSW_20130503_200000_Your_World_With_Neil_Cavuto_001305.jpg,"so much for al gore's global warming prediction when he says we should brace ourselves for one hot 2013. to the weather bell.com's jill, who says, i'll need to put the global warming talk on ice."
https://archive.org/details/FOXNEWSW_20130501_060000_The_Five#start/2620/end/2655,5/1/2013 6:43:55,FOXNEWS,The Five,FOXNEWSW_20130501_060000_The_Five,https://archive.org/download/FOXNEWSW_20130501_060000_The_Five/FOXNEWSW_20130501_060000_The_Five.thumbs/FOXNEWSW_20130501_060000_The_Five_002595.jpg,"about global warming which could take the eye off the buafl terror. couldn't you say global warming leads to more terror. i will say this whole segment is so convoluted. i have been trying to follow it."
https://archive.org/details/FOXNEWSW_20130504_143000_Cavuto_on_Business#start/1051/end/1086,5/4/2013 14:47:46,FOXNEWS,Cavuto on Business,FOXNEWSW_20130504_143000_Cavuto_on_Business,https://archive.org/download/FOXNEWSW_20130504_143000_Cavuto_on_Business/FOXNEWSW_20130504_143000_Cavuto_on_Business.thumbs/FOXNEWSW_20130504_143000_Cavuto_on_Business_001035.jpg,"environmentalists saying there's a climate change. there is climate change. don't worry about the data and the fact that there are hundreds of eminent scientists on climate change who says climate change is a, nowhere near as bad as the other guys say, and b north texas caused by man and man's activities. so the white house simply has an"
https://archive.org/details/FOXNEWSW_20130503_200000_Your_World_With_Neil_Cavuto#start/1335/end/1370,5/3/2013 20:22:30,FOXNEWS,Your World With Neil Cavuto,FOXNEWSW_20130503_200000_Your_World_With_Neil_Cavuto,https://archive.org/download/FOXNEWSW_20130503_200000_Your_World_With_Neil_Cavuto/FOXNEWSW_20130503_200000_Your_World_With_Neil_Cavuto.thumbs/FOXNEWSW_20130503_200000_Your_World_With_Neil_Cavuto_001335.jpg,"joe, as you know, we chatted on the cold weather to say, it's climate change and this is part of climate change, what say you in. first of all the climate change is redub can't. the climate is in a constant"
https://archive.org/details/FOXNEWSW_20130527_200000_Your_World_With_Neil_Cavuto#start/2611/end/2646,5/27/2013 20:43:46,FOXNEWS,Your World With Neil Cavuto,FOXNEWSW_20130527_200000_Your_World_With_Neil_Cavuto,https://archive.org/download/FOXNEWSW_20130527_200000_Your_World_With_Neil_Cavuto/FOXNEWSW_20130527_200000_Your_World_With_Neil_Cavuto.thumbs/FOXNEWSW_20130527_200000_Your_World_With_Neil_Cavuto_002595.jpg,"been spared -- joe, we got to go. time for a barbecue pretty soon. the good news is you didn't say it was because of global warming. we have to leave throw it. not because of global warming. thank you very much. from one thaty to another, and"
https://archive.org/details/FOXNEWSW_20130526_060000_Red_Eye#start/304/end/339,5/26/2013 6:05:19,FOXNEWS,Red Eye,FOXNEWSW_20130526_060000_Red_Eye,https://archive.org/download/FOXNEWSW_20130526_060000_Red_Eye/FOXNEWSW_20130526_060000_Red_Eye.thumbs/FOXNEWSW_20130526_060000_Red_Eye_000285.jpg,"press for your funeral. dana you hate children. was this child used as a prop? i'm not okay with it. i don't like it. it reminded me of a time on capitol hill there's a global"
https://archive.org/details/FOXNEWSW_20130526_060000_Red_Eye#start/350/end/385,5/26/2013 6:06:05,FOXNEWS,Red Eye,FOXNEWSW_20130526_060000_Red_Eye,https://archive.org/download/FOXNEWSW_20130526_060000_Red_Eye/FOXNEWSW_20130526_060000_Red_Eye.thumbs/FOXNEWSW_20130526_060000_Red_Eye_000345.jpg,"where the polar bear circumnavigated the globe. the only reason they like them is they are white. they hate black bears. it is a bona fide fact. look it up. try to find in any global"
https://archive.org/details/FOXNEWSW_20130511_183000_FOX_News_Watch#start/974/end/1009,5/11/2013 18:46:29,FOXNEWS,FOX News Watch,FOXNEWSW_20130511_183000_FOX_News_Watch,https://archive.org/download/FOXNEWSW_20130511_183000_FOX_News_Watch/FOXNEWSW_20130511_183000_FOX_News_Watch.thumbs/FOXNEWSW_20130511_183000_FOX_News_Watch_000975.jpg,"the middle of a crime wave which is what the gun control advocates in the media want you to believe. let's keep in mind outright advocacy here. for example, whenever there's a tornado, the media there to jump on it and say, that's global warming. that's global warming. the atlantic on july 8, 2011, an"
https://archive.org/details/FOXNEWSW_20130504_200000_Cavuto_on_Business#start/992/end/1027,5/4/2013 20:16:47,FOXNEWS,Cavuto on Business,FOXNEWSW_20130504_200000_Cavuto_on_Business,https://archive.org/download/FOXNEWSW_20130504_200000_Cavuto_on_Business/FOXNEWSW_20130504_200000_Cavuto_on_Business.thumbs/FOXNEWSW_20130504_200000_Cavuto_on_Business_000975.jpg,"i'm not one of those environmentalists. i think we need to be careful to avoid single data points like the weather in may of 2013 or whatever the weather was. neil: but they have. that is when we use global"
https://archive.org/details/FOXNEWSW_20130504_200000_Cavuto_on_Business#start/1041/end/1076,5/4/2013 20:17:36,FOXNEWS,Cavuto on Business,FOXNEWSW_20130504_200000_Cavuto_on_Business,https://archive.org/download/FOXNEWSW_20130504_200000_Cavuto_on_Business/FOXNEWSW_20130504_200000_Cavuto_on_Business.thumbs/FOXNEWSW_20130504_200000_Cavuto_on_Business_001035.jpg,"ben? it's all like orwell's 1984, big brother and environmentalists and pals in the white house say there is climate change. there is a climate change. don't worry about the data. don't worry about the fact that"
https://archive.org/details/FOXNEWSW_20130523_220000_Special_Report_With_Bret_Baier#start/1083/end/1118,5/23/2013 22:18:18,FOXNEWS,Special Report With Bret Baier,FOXNEWSW_20130523_220000_Special_Report_With_Bret_Baier,https://archive.org/download/FOXNEWSW_20130523_220000_Special_Report_With_Bret_Baier/FOXNEWSW_20130523_220000_Special_Report_With_Bret_Baier.thumbs/FOXNEWSW_20130523_220000_Special_Report_With_Bret_Baier_001065.jpg,"lives of generations at peril. supporters say the greenhouse gas emissions are lowest since 1995 and the economy will be dependent on oil and pipe lines are the safest way to bring it"
https://archive.org/details/FOXNEWSW_20130502_010000_Hannity#start/2878/end/2913,5/2/2013 1:48:13,FOXNEWS,Hannity,FOXNEWSW_20130502_010000_Hannity,https://archive.org/download/FOXNEWSW_20130502_010000_Hannity/FOXNEWSW_20130502_010000_Hannity.thumbs/FOXNEWSW_20130502_010000_Hannity_002865.jpg,"term suggest that. here to break it down, karl rove. how are you? fantastic. sean: global warming doa, budget dead on arrival, the confessionatiosequestration faie"
https://archive.org/details/FOXNEWSW_20130504_200000_Cavuto_on_Business#start/838/end/873,5/4/2013 20:14:13,FOXNEWS,Cavuto on Business,FOXNEWSW_20130504_200000_Cavuto_on_Business,https://archive.org/download/FOXNEWSW_20130504_200000_Cavuto_on_Business/FOXNEWSW_20130504_200000_Cavuto_on_Business.thumbs/FOXNEWSW_20130504_200000_Cavuto_on_Business_000825.jpg,"heating bills as it is. and white house holding a public hearing on new proposed fuel rules for global warming. consumers it will cost big time."
https://archive.org/details/FOXNEWSW_20130522_030000_The_OReilly_Factor#start/702/end/737,5/22/2013 3:11:57,FOXNEWS,The OReilly Factor,FOXNEWSW_20130522_030000_The_OReilly_Factor,https://archive.org/download/FOXNEWSW_20130522_030000_The_OReilly_Factor/FOXNEWSW_20130522_030000_The_OReilly_Factor.thumbs/FOXNEWSW_20130522_030000_The_OReilly_Factor_000615.jpg,"yes i did. at's in your wallet?. white house of rhode island brought global warming into the equation. criticizing those that don't believe in it. when cyclones tear up"
https://archive.org/details/FOXNEWSW_20130522_000000_The_OReilly_Factor#start/703/end/738,5/22/2013 0:11:58,FOXNEWS,The OReilly Factor,FOXNEWSW_20130522_000000_The_OReilly_Factor,https://archive.org/download/FOXNEWSW_20130522_000000_The_OReilly_Factor/FOXNEWSW_20130522_000000_The_OReilly_Factor.thumbs/FOXNEWSW_20130522_000000_The_OReilly_Factor_000675.jpg,"yes i did. what's in your wallet?. white house of rhode island brought global warming into the equation. criticizing those that don't believe in it. when cyclones tear up"
https://archive.org/details/FOXNEWSW_20130518_070000_Red_Eye#start/3218/end/3253,5/18/2013 7:53:53,FOXNEWS,Red Eye,FOXNEWSW_20130518_070000_Red_Eye,https://archive.org/download/FOXNEWSW_20130518_070000_Red_Eye/FOXNEWSW_20130518_070000_Red_Eye.thumbs/FOXNEWSW_20130518_070000_Red_Eye_003195.jpg,"frat fratnize. he does like three-hour boardrooms. you say so on the task -- global warming what do you think? you say, okay. gary busey, what is happening"
https://archive.org/details/FOXNEWSW_20130503_040000_Hannity#start/220/end/255,5/3/2013 4:03:55,FOXNEWS,Hannity,FOXNEWSW_20130503_040000_Hannity,https://archive.org/download/FOXNEWSW_20130503_040000_Hannity/FOXNEWSW_20130503_040000_Hannity.thumbs/FOXNEWSW_20130503_040000_Hannity_000195.jpg,"former new hampshire governor, a good friend, john sununu. former new mexico governor, bill richardson. governor sununu, global warming, budget doa, gun control, nobody wants him involved in the"
https://archive.org/details/FOXNEWSW_20130501_060000_The_Five#start/2432/end/2467,5/1/2013 6:40:47,FOXNEWS,The Five,FOXNEWSW_20130501_060000_The_Five,https://archive.org/download/FOXNEWSW_20130501_060000_The_Five/FOXNEWSW_20130501_060000_The_Five.thumbs/FOXNEWSW_20130501_060000_The_Five_002415.jpg,"cooling, global warming leads to global cooling and then warming and then until we realize it's all b.s. -- the latest thing blamed on warming is prostitution. democrats are demanding"
https://archive.org/details/FOXNEWSW_20130525_153000_Cashin_In#start/1024/end/1059,5/25/2013 15:47:19,FOXNEWS,Cashin In,FOXNEWSW_20130525_153000_Cashin_In,https://archive.org/download/FOXNEWSW_20130525_153000_Cashin_In/FOXNEWSW_20130525_153000_Cashin_In.thumbs/FOXNEWSW_20130525_153000_Cashin_In_001005.jpg,"one democrat using the oklahoma twister to blast republicans who don't support the global warming agenda and taxpayers can get taught in the political storm. the damage that your"
https://archive.org/details/FOXNEWSW_20130526_060000_Red_Eye#start/743/end/778,5/26/2013 6:12:38,FOXNEWS,Red Eye,FOXNEWSW_20130526_060000_Red_Eye,https://archive.org/download/FOXNEWSW_20130526_060000_Red_Eye/FOXNEWSW_20130526_060000_Red_Eye.thumbs/FOXNEWSW_20130526_060000_Red_Eye_000735.jpg,"polar bears, global warming. diet coast is investing. and polar bears i think can swim forever and i started to smoke in high school and we go to"
https://archive.org/details/FOXNEWSW_20130528_070000_Red_Eye#start/744/end/779,5/28/2013 7:12:39,FOXNEWS,Red Eye,FOXNEWSW_20130528_070000_Red_Eye,https://archive.org/download/FOXNEWSW_20130528_070000_Red_Eye/FOXNEWSW_20130528_070000_Red_Eye.thumbs/FOXNEWSW_20130528_070000_Red_Eye_000735.jpg,"polar bears, global warming. diet coast is investing. and polar bears i think can swim forever and i started to smoke in high school and we go to"
https://archive.org/details/FOXNEWSW_20130503_010000_Hannity#start/220/end/255,5/3/2013 1:03:55,FOXNEWS,Hannity,FOXNEWSW_20130503_010000_Hannity,https://archive.org/download/FOXNEWSW_20130503_010000_Hannity/FOXNEWSW_20130503_010000_Hannity.thumbs/FOXNEWSW_20130503_010000_Hannity_000195.jpg,"former new hampshire governor, a good friend, john sununu. former new mexico governor, bill richardson. governor sununu, global warming, budget doa, gun control, nobody wants him involved in the"
https://archive.org/details/FOXNEWSW_20130516_070000_Red_Eye#start/3221/end/3256,5/16/2013 7:53:56,FOXNEWS,Red Eye,FOXNEWSW_20130516_070000_Red_Eye,https://archive.org/download/FOXNEWSW_20130516_070000_Red_Eye/FOXNEWSW_20130516_070000_Red_Eye.thumbs/FOXNEWSW_20130516_070000_Red_Eye_003195.jpg,"boardrooms. you say so on the task -- global warming what do you think? you say, okay. gary busey, what is happening in iraq? it is just him speaking with"
https://archive.org/details/FOXNEWSW_20130503_040000_Hannity#start/494/end/529,5/3/2013 4:08:29,FOXNEWS,Hannity,FOXNEWSW_20130503_040000_Hannity,https://archive.org/download/FOXNEWSW_20130503_040000_Hannity/FOXNEWSW_20130503_040000_Hannity.thumbs/FOXNEWSW_20130503_040000_Hannity_000495.jpg,"years in a row. global warming, dead on arrival. obamacare, plummeting and is a disaster train wreck for 2014. sequestration, apocolyptic fear, didn't work. what is he doing that's working?"
https://archive.org/details/FOXNEWSW_20130501_060000_The_Five#start/2666/end/2701,5/1/2013 6:44:41,FOXNEWS,The Five,FOXNEWSW_20130501_060000_The_Five,https://archive.org/download/FOXNEWSW_20130501_060000_The_Five/FOXNEWSW_20130501_060000_The_Five.thumbs/FOXNEWSW_20130501_060000_The_Five_002655.jpg,"global warming. greg: you have been reading beckel's notes. imagine that is the truth. greg: they never have the second back-up line. what scientists? i got to go someplace else."
https://archive.org/details/FOXNEWSW_20130527_100000_FOX_and_Friends#start/2407/end/2442,5/27/2013 10:40:22,FOXNEWS,FOX and Friends,FOXNEWSW_20130527_100000_FOX_and_Friends,https://archive.org/download/FOXNEWSW_20130527_100000_FOX_and_Friends/FOXNEWSW_20130527_100000_FOX_and_Friends.thumbs/FOXNEWSW_20130527_100000_FOX_and_Friends_002385.jpg,"74 for the high today in new york city. anna: snow and the initial kickoff of summer doesn't seem to go together. jesse: what about global warming? al gore said there's"
https://archive.org/details/FOXNEWSW_20130527_100000_FOX_and_Friends#start/2425/end/2460,5/27/2013 10:40:40,FOXNEWS,FOX and Friends,FOXNEWSW_20130527_100000_FOX_and_Friends,https://archive.org/download/FOXNEWSW_20130527_100000_FOX_and_Friends/FOXNEWSW_20130527_100000_FOX_and_Friends.thumbs/FOXNEWSW_20130527_100000_FOX_and_Friends_002415.jpg,"supposed to be global warming. anna: an oregon teenager will likely be charged as an adult for plotting a columbine-like bombing against his school. police found six home made"
https://archive.org/details/FOXNEWSW_20130503_010000_Hannity#start/486/end/521,5/3/2013 1:08:21,FOXNEWS,Hannity,FOXNEWSW_20130503_010000_Hannity,https://archive.org/download/FOXNEWSW_20130503_010000_Hannity/FOXNEWSW_20130503_010000_Hannity.thumbs/FOXNEWSW_20130503_010000_Hannity_000465.jpg,"short-term problem -- sean: guns aren't going anywhere. his budget dead on arrival three years in a row. global warming, dead on arrival. obamacare, plummeting and is a disaster train wreck for 2014."
https://archive.org/details/FOXNEWSW_20130503_100000_FOX_and_Friends#start/10448/end/10483,5/3/2013 12:54:23,FOXNEWS,FOX and Friends,FOXNEWSW_20130503_100000_FOX_and_Friends,https://archive.org/download/FOXNEWSW_20130503_100000_FOX_and_Friends/FOXNEWSW_20130503_100000_FOX_and_Friends.thumbs/FOXNEWSW_20130503_100000_FOX_and_Friends_010425.jpg,"whoopsie daisy. this is one time we don't want to win the war. steve: hello, mr. gore. global warming? i bought into the whole thing. what happened! here goes. gretchen: oh, my goodness."
https://archive.org/details/FOXNEWSW_20130525_153000_Cashin_In#start/502/end/537,5/25/2013 15:38:37,FOXNEWS,Cashin In,FOXNEWSW_20130525_153000_Cashin_In,https://archive.org/download/FOXNEWSW_20130525_153000_Cashin_In/FOXNEWSW_20130525_153000_Cashin_In.thumbs/FOXNEWSW_20130525_153000_Cashin_In_000495.jpg,"one law maker using the massive twister to sell the global warming agenda. he said he is sorry, but will taxpayers be more sorry. why should a democratic in rhode island care if we"
https://archive.org/details/FOXNEWSW_20130503_100000_FOX_and_Friends#start/3268/end/3303,5/3/2013 10:54:43,FOXNEWS,FOX and Friends,FOXNEWSW_20130503_100000_FOX_and_Friends,https://archive.org/download/FOXNEWSW_20130503_100000_FOX_and_Friends/FOXNEWSW_20130503_100000_FOX_and_Friends.thumbs/FOXNEWSW_20130503_100000_FOX_and_Friends_003255.jpg,"there. this is one time in which we don't want to win the war. global warming, i bought into the whole thing. what happened? i pulled the wrap, so here goes. gretchen: my goodness."
https://archive.org/details/FOXNEWSW_20130525_153000_Cashin_In#start/1306/end/1341,5/25/2013 15:52:01,FOXNEWS,Cashin In,FOXNEWSW_20130525_153000_Cashin_In,https://archive.org/download/FOXNEWSW_20130525_153000_Cashin_In/FOXNEWSW_20130525_153000_Cashin_In.thumbs/FOXNEWSW_20130525_153000_Cashin_In_001305.jpg,"natural disaster on man- made global warming. look at terrible pictures of devastation. if you care about them you will pass the laws and regulations that are anti- man. we thank god for gasoline and"
https://archive.org/details/FOXNEWSW_20130502_040000_Hannity#start/2888/end/2923,5/2/2013 4:48:23,FOXNEWS,Hannity,FOXNEWSW_20130502_040000_Hannity,https://archive.org/download/FOXNEWSW_20130502_040000_Hannity/FOXNEWSW_20130502_040000_Hannity.thumbs/FOXNEWSW_20130502_040000_Hannity_002865.jpg,"sean: global warming doa, budget dead on arrival, the confessionatiosequestration faie immigration talks. on top of that, obamacare, even his own party says it's a disaster. yeah. not a good start to the year."
https://archive.org/details/FOXNEWSW_20130504_200000_Cavuto_on_Business#start/558/end/593,5/4/2013 20:09:33,FOXNEWS,Cavuto on Business,FOXNEWSW_20130504_200000_Cavuto_on_Business,https://archive.org/download/FOXNEWSW_20130504_200000_Cavuto_on_Business/FOXNEWSW_20130504_200000_Cavuto_on_Business.thumbs/FOXNEWSW_20130504_200000_Cavuto_on_Business_000555.jpg,"may snow, the midwest is getting a whiteout, some are saying a snow job? i would like to see the effects of global warming. i got an inside tip it's all a bunch of cras."
https://archive.org/details/FOXNEWSW_20130504_200000_Cavuto_on_Business#start/1024/end/1059,5/4/2013 20:17:19,FOXNEWS,Cavuto on Business,FOXNEWSW_20130504_200000_Cavuto_on_Business,https://archive.org/download/FOXNEWSW_20130504_200000_Cavuto_on_Business/FOXNEWSW_20130504_200000_Cavuto_on_Business.thumbs/FOXNEWSW_20130504_200000_Cavuto_on_Business_001005.jpg,"i don't know, i don't oppose fracking. i don't know forcing people to drive electric cars is the solution. we do need a solution to global warming. neil: we're showing you pictures from this week."
https://archive.org/details/FOXNEWSW_20130503_200000_Your_World_With_Neil_Cavuto#start/1092/end/1127,5/3/2013 20:18:27,FOXNEWS,Your World With Neil Cavuto,FOXNEWSW_20130503_200000_Your_World_With_Neil_Cavuto,https://archive.org/download/FOXNEWSW_20130503_200000_Your_World_With_Neil_Cavuto/FOXNEWSW_20130503_200000_Your_World_With_Neil_Cavuto.thumbs/FOXNEWSW_20130503_200000_Your_World_With_Neil_Cavuto_001065.jpg,"these are scenes from spring. these are scenes from this week. so, time to put the global warming argument on ice? once and for all? postal service a small jam maker can ship like a big business."
https://archive.org/details/FOXNEWSW_20130503_040000_Hannity#start/204/end/239,5/3/2013 4:03:39,FOXNEWS,Hannity,FOXNEWSW_20130503_040000_Hannity,https://archive.org/download/FOXNEWSW_20130503_040000_Hannity/FOXNEWSW_20130503_040000_Hannity.thumbs/FOXNEWSW_20130503_040000_Hannity_000195.jpg,"wreck. even harry reid uttered that statement. gun control, immigration, global warming, obamacare, it's been a tough year for the president. but hey, at least he picked louisville to go to the final four. joining me now with reaction,"
https://archive.org/details/FOXNEWSW_20130504_200000_Cavuto_on_Business#start/946/end/981,5/4/2013 20:16:01,FOXNEWS,Cavuto on Business,FOXNEWSW_20130504_200000_Cavuto_on_Business,https://archive.org/download/FOXNEWSW_20130504_200000_Cavuto_on_Business/FOXNEWSW_20130504_200000_Cavuto_on_Business.thumbs/FOXNEWSW_20130504_200000_Cavuto_on_Business_000945.jpg,"what is the timing. the snowstorm, i mean i think we could have a conversation about what is the best way to approach global warming. we do not. we wanted to have a conversation about that."
https://archive.org/details/FOXNEWSW_20130504_143000_Cavuto_on_Business#start/562/end/597,5/4/2013 14:39:37,FOXNEWS,Cavuto on Business,FOXNEWSW_20130504_143000_Cavuto_on_Business,https://archive.org/download/FOXNEWSW_20130504_143000_Cavuto_on_Business/FOXNEWSW_20130504_143000_Cavuto_on_Business.thumbs/FOXNEWSW_20130504_143000_Cavuto_on_Business_000555.jpg,"a snow job? i would like to survive long enough to see the effects of global warming. i got an inside tip that it's all a bunch of crap other insurance companies are green with envy."
https://archive.org/details/FOXNEWSW_20130504_143000_Cavuto_on_Business#start/1019/end/1054,5/4/2013 14:47:14,FOXNEWS,Cavuto on Business,FOXNEWSW_20130504_143000_Cavuto_on_Business,https://archive.org/download/FOXNEWSW_20130504_143000_Cavuto_on_Business/FOXNEWSW_20130504_143000_Cavuto_on_Business.thumbs/FOXNEWSW_20130504_143000_Cavuto_on_Business_001005.jpg,"well, it is, in fact, warming and so i don't know -- i don't oppose fracking. i don't think forcing people to drive electric cars is the solution. but we do need a solution to global warming 'cause that's a"
https://archive.org/details/FOXNEWSW_20130511_183000_FOX_News_Watch#start/990/end/1025,5/11/2013 18:46:45,FOXNEWS,FOX News Watch,FOXNEWSW_20130511_183000_FOX_News_Watch,https://archive.org/download/FOXNEWSW_20130511_183000_FOX_News_Watch/FOXNEWSW_20130511_183000_FOX_News_Watch.thumbs/FOXNEWSW_20130511_183000_FOX_News_Watch_000975.jpg,"era of tornadoes, how global warming causes wild winds. now just -- the report linked to a story also from 'usa today' saying tornadoes hit 60-year low. again, one goes from enormous wave of trend -- hurricanes to            _"
https://archive.org/details/FOXNEWSW_20130501_060000_The_Five#start/2109/end/2144,5/1/2013 6:35:24,FOXNEWS,The Five,FOXNEWSW_20130501_060000_The_Five,https://archive.org/download/FOXNEWSW_20130501_060000_The_Five/FOXNEWSW_20130501_060000_The_Five.thumbs/FOXNEWSW_20130501_060000_The_Five_002085.jpg,"suckers, the more they hate our culture, the more money they can take from you. eric: stop giving them citizenship. democrats will do just about anything to try and say global warming exists but you can't"
https://archive.org/details/FOXNEWSW_20130503_010000_Hannity#start/204/end/239,5/3/2013 1:03:39,FOXNEWS,Hannity,FOXNEWSW_20130503_010000_Hannity,https://archive.org/download/FOXNEWSW_20130503_010000_Hannity/FOXNEWSW_20130503_010000_Hannity.thumbs/FOXNEWSW_20130503_010000_Hannity_000195.jpg,"wreck. even harry reid uttered that statement. gun control, immigration, global warming, obamacare, it's been a tough year for the president. but hey, at least he picked louisville to go to the final four. joining me now with reaction,"
https://archive.org/details/FOXNEWSW_20130526_030000_Red_Eye#start/337/end/372,5/26/2013 3:05:52,FOXNEWS,Red Eye,FOXNEWSW_20130526_030000_Red_Eye,https://archive.org/download/FOXNEWSW_20130526_030000_Red_Eye/FOXNEWSW_20130526_030000_Red_Eye.thumbs/FOXNEWSW_20130526_030000_Red_Eye_000315.jpg,"and she's going to be fed a bag of lies about global warming in the future. is that a fact that polar bears can't swim forever? i had a stole r story book where the polar bear"
https://archive.org/details/FOXNEWSW_20130527_130000_Americas_Newsroom#start/5925/end/5960,5/27/2013 14:39:00,FOXNEWS,Americas Newsroom,FOXNEWSW_20130527_130000_Americas_Newsroom,https://archive.org/download/FOXNEWSW_20130527_130000_Americas_Newsroom/FOXNEWSW_20130527_130000_Americas_Newsroom.thumbs/FOXNEWSW_20130527_130000_Americas_Newsroom_005925.jpg,"emissions so the environmentalists concerned with global warming should be cheerleading for this natural gas revolution. it's cheap, abundant and it's american, gregg. think about the implications this will have for america's trade deficit if we don't have"
https://archive.org/details/FOXNEWSW_20130501_060000_The_Five#start/2525/end/2560,5/1/2013 6:42:20,FOXNEWS,The Five,FOXNEWSW_20130501_060000_The_Five,https://archive.org/download/FOXNEWSW_20130501_060000_The_Five/FOXNEWSW_20130501_060000_The_Five.thumbs/FOXNEWSW_20130501_060000_The_Five_002505.jpg,"introducing some kind of freedom no these countries, but not taking american tax money and throwing at global warming? i call it the law of diminishing communications return. they have become so crazy they are actually hurting the cause"
https://archive.org/details/FOXNEWSW_20130512_193000_FOX_News_Watch#start/988/end/1023,5/12/2013 19:46:43,FOXNEWS,FOX News Watch,FOXNEWSW_20130512_193000_FOX_News_Watch,https://archive.org/download/FOXNEWSW_20130512_193000_FOX_News_Watch/FOXNEWSW_20130512_193000_FOX_News_Watch.thumbs/FOXNEWSW_20130512_193000_FOX_News_Watch_000975.jpg,"the atlantic on july 8, 2011, an era of tornadoes, how global warming causes wild winds. now just -- the report linked to a story also from 'usa today' saying tornadoes hit 60-year low. again, one goes from enormous"
https://archive.org/details/FOXNEWSW_20130504_143000_Cavuto_on_Business#start/943/end/978,5/4/2013 14:45:58,FOXNEWS,Cavuto on Business,FOXNEWSW_20130504_143000_Cavuto_on_Business,https://archive.org/download/FOXNEWSW_20130504_143000_Cavuto_on_Business/FOXNEWSW_20130504_143000_Cavuto_on_Business.thumbs/FOXNEWSW_20130504_143000_Cavuto_on_Business_000915.jpg,"what do you make of this? bad timing? optics? was that the term they used? the snow storm? i think we could have a conversation about what is the best way to approach global warming. we do not want to have a conversation --  _"
https://archive.org/details/FOXNEWSW_20130526_100000_FOX_and_Friends_Sunday#start/13512/end/13547,5/26/2013 13:45:27,FOXNEWS,FOX and Friends Sunday,FOXNEWSW_20130526_100000_FOX_and_Friends_Sunday,https://archive.org/download/FOXNEWSW_20130526_100000_FOX_and_Friends_Sunday/FOXNEWSW_20130526_100000_FOX_and_Friends_Sunday.thumbs/FOXNEWSW_20130526_100000_FOX_and_Friends_Sunday_013485.jpg,"not allowed to be talked about right now. anna: legalization of drugs, global warming, all the topics that are making headlines these days. if you can't talk about those things in school, are you going to get educated in school or"
https://archive.org/details/FOXNEWSW_20130526_030000_Red_Eye#start/355/end/390,5/26/2013 3:06:10,FOXNEWS,Red Eye,FOXNEWSW_20130526_030000_Red_Eye,https://archive.org/download/FOXNEWSW_20130526_030000_Red_Eye/FOXNEWSW_20130526_030000_Red_Eye.thumbs/FOXNEWSW_20130526_030000_Red_Eye_000345.jpg,"circumnavigated the globe. the only reason they like them is they are white. they hate black bears. it is a bona fide fact. look it up. try to find in any global warming article anything about black bears. these people are racists."
https://archive.org/details/FOXNEWSW_20130528_070000_Red_Eye#start/337/end/372,5/28/2013 7:05:52,FOXNEWS,Red Eye,FOXNEWSW_20130528_070000_Red_Eye,https://archive.org/download/FOXNEWSW_20130528_070000_Red_Eye/FOXNEWSW_20130528_070000_Red_Eye.thumbs/FOXNEWSW_20130528_070000_Red_Eye_000315.jpg,"her to not believe in capitalism and she's going to be fed a bag of lies about global warming in the future. is that a fact that polar bears can't swim forever? i had a stole r story book where the polar bear"
https://archive.org/details/FOXNEWSW_20130528_070000_Red_Eye#start/355/end/390,5/28/2013 7:06:10,FOXNEWS,Red Eye,FOXNEWSW_20130528_070000_Red_Eye,https://archive.org/download/FOXNEWSW_20130528_070000_Red_Eye/FOXNEWSW_20130528_070000_Red_Eye.thumbs/FOXNEWSW_20130528_070000_Red_Eye_000345.jpg,"circumnavigated the globe. the only reason they like them is they are white. they hate black bears. it is a bona fide fact. look it up. try to find in any global warming article anything about black bears. these people are racists."
https://archive.org/details/FOXNEWSW_20130504_200000_Cavuto_on_Business#start/1104/end/1139,5/4/2013 20:18:39,FOXNEWS,Cavuto on Business,FOXNEWSW_20130504_200000_Cavuto_on_Business,https://archive.org/download/FOXNEWSW_20130504_200000_Cavuto_on_Business/FOXNEWSW_20130504_200000_Cavuto_on_Business.thumbs/FOXNEWSW_20130504_200000_Cavuto_on_Business_001095.jpg,"here is the irony. we are a small portion of the world's population. we're talking about solving global warming. the fastest source of fuel in the world is coal. china is not going to stop building, brazil, rest of the"
https://archive.org/details/FOXNEWSW_20130527_220000_Special_Report_With_Bret_Baier#start/1507/end/1542,5/27/2013 22:25:22,FOXNEWS,Special Report With Bret Baier,FOXNEWSW_20130527_220000_Special_Report_With_Bret_Baier,https://archive.org/download/FOXNEWSW_20130527_220000_Special_Report_With_Bret_Baier/FOXNEWSW_20130527_220000_Special_Report_With_Bret_Baier.thumbs/FOXNEWSW_20130527_220000_Special_Report_With_Bret_Baier_001485.jpg,"global climate change. he paints markey as a political hack. negative ads as dirt at this as markey. he should have a big"
https://archive.org/details/FOXNEWSW_20130501_060000_The_Five#start/2493/end/2528,5/1/2013 6:41:48,FOXNEWS,The Five,FOXNEWSW_20130501_060000_The_Five,https://archive.org/download/FOXNEWSW_20130501_060000_The_Five/FOXNEWSW_20130501_060000_The_Five.thumbs/FOXNEWSW_20130501_060000_The_Five_002475.jpg,"income. forget climate change causing transactional sex, it's congress out to screw you but with real hookers they don't pretend they love you."
https://archive.org/details/FOXNEWSW_20130522_000000_The_OReilly_Factor#start/891/end/926,5/22/2013 0:15:06,FOXNEWS,The OReilly Factor,FOXNEWSW_20130522_000000_The_OReilly_Factor,https://archive.org/download/FOXNEWSW_20130522_000000_The_OReilly_Factor/FOXNEWSW_20130522_000000_The_OReilly_Factor.thumbs/FOXNEWSW_20130522_000000_The_OReilly_Factor_000885.jpg,"town then. people living in harm's way and this goes through all the east coast. this is all throughout the midwest. the only solution there it isn't a solution because nature is nature. whether there is global warming or isn't. you are going to have bad"
https://archive.org/details/FOXNEWSW_20130501_010000_Hannity#start/303/end/338,5/1/2013 1:05:18,FOXNEWS,Hannity,FOXNEWSW_20130501_010000_Hannity,https://archive.org/download/FOXNEWSW_20130501_010000_Hannity/FOXNEWSW_20130501_010000_Hannity.thumbs/FOXNEWSW_20130501_010000_Hannity_000285.jpg,"brother trippi and i were talking about that in the greenroom. the gun legislation, didn't happen. and with the president we have zero chance of the global warming agenda? do you agree with that. no. i don't agree with you on the gun control. what happened then?"
https://archive.org/details/FOXNEWSW_20130504_143000_Cavuto_on_Business#start/834/end/869,5/4/2013 14:44:09,FOXNEWS,Cavuto on Business,FOXNEWSW_20130504_143000_Cavuto_on_Business,https://archive.org/download/FOXNEWSW_20130504_143000_Cavuto_on_Business/FOXNEWSW_20130504_143000_Cavuto_on_Business.thumbs/FOXNEWSW_20130504_143000_Cavuto_on_Business_000825.jpg,"far. families are looking at soaring heating bills as it is. all of this coming with the white house holding a public hearing on new proposed fuel rules to fight global warming. critics saying it's going to cost consumers big time. charles, time to put this agenda"
https://archive.org/details/FOXNEWSW_20130504_143000_Cavuto_on_Business#start/1100/end/1135,5/4/2013 14:48:35,FOXNEWS,Cavuto on Business,FOXNEWSW_20130504_143000_Cavuto_on_Business,https://archive.org/download/FOXNEWSW_20130504_143000_Cavuto_on_Business/FOXNEWSW_20130504_143000_Cavuto_on_Business.thumbs/FOXNEWSW_20130504_143000_Cavuto_on_Business_001095.jpg,"dollars to something that might not be as it is. here is the irony of it. we're a very small portion of the world's population. we're talking about solving global warming. the fast's source of fuel in the world is coal. china is not going to stop"
https://archive.org/details/FOXNEWSW_20130501_040000_Hannity#start/304/end/339,5/1/2013 4:05:19,FOXNEWS,Hannity,FOXNEWSW_20130501_040000_Hannity,https://archive.org/download/FOXNEWSW_20130501_040000_Hannity/FOXNEWSW_20130501_040000_Hannity.thumbs/FOXNEWSW_20130501_040000_Hannity_000285.jpg,"talking about that in the greenroom. the gun legislation, didn't happen. and with the president we have zero chance of the global warming agenda? do you agree with that. no. i don't agree with you on the gun control. what happened then? no, he didn't get anything,"
https://archive.org/details/FOXNEWSW_20130526_030000_Red_Eye#start/306/end/341,5/26/2013 3:05:21,FOXNEWS,Red Eye,FOXNEWSW_20130526_030000_Red_Eye,https://archive.org/download/FOXNEWSW_20130526_030000_Red_Eye/FOXNEWSW_20130526_030000_Red_Eye.thumbs/FOXNEWSW_20130526_030000_Red_Eye_000285.jpg,"dana you hate children. was this child used as a prop? i'm not okay with it. i don't like it. it reminded me of a time on capitol hill there's a global warming hearing and a little girl got up and started to read"
https://archive.org/details/FOXNEWSW_20130526_060000_Red_Eye#start/334/end/369,5/26/2013 6:05:49,FOXNEWS,Red Eye,FOXNEWSW_20130526_060000_Red_Eye,https://archive.org/download/FOXNEWSW_20130526_060000_Red_Eye/FOXNEWSW_20130526_060000_Red_Eye.thumbs/FOXNEWSW_20130526_060000_Red_Eye_000315.jpg,"generation for this is teacher her to not believe in capitalism and she's going to be fed a bag of lies about global warming in the future. is that a fact that polar bears can't swim forever? i had a stole r story book"
https://archive.org/details/FOXNEWSW_20130528_070000_Red_Eye#start/307/end/342,5/28/2013 7:05:22,FOXNEWS,Red Eye,FOXNEWSW_20130528_070000_Red_Eye,https://archive.org/download/FOXNEWSW_20130528_070000_Red_Eye/FOXNEWSW_20130528_070000_Red_Eye.thumbs/FOXNEWSW_20130528_070000_Red_Eye_000285.jpg,"dana you hate children. was this child used as a prop? i'm not okay with it. i don't like it. it reminded me of a time on capitol hill there's a global warming hearing and a little girl got up and started to read"
https://archive.org/details/FOXNEWSW_20130501_100000_FOX_and_Friends#start/9946/end/9981,5/1/2013 12:46:01,FOXNEWS,FOX and Friends,FOXNEWSW_20130501_100000_FOX_and_Friends,https://archive.org/download/FOXNEWSW_20130501_100000_FOX_and_Friends/FOXNEWSW_20130501_100000_FOX_and_Friends.thumbs/FOXNEWSW_20130501_100000_FOX_and_Friends_009945.jpg,"hello, mr. gore? global warming? i bought into the whole thing. what happened? [ laughter ] this is breaking news right now. we are live in johnsons corner. where is that? right next to green acres. you don't care! you're in new york! you just want to see the snow in"
https://archive.org/details/FOXNEWSW_20130522_080000_The_OReilly_Factor#start/744/end/779,5/22/2013 8:12:39,FOXNEWS,The OReilly Factor,FOXNEWSW_20130522_080000_The_OReilly_Factor,https://archive.org/download/FOXNEWSW_20130522_080000_The_OReilly_Factor/FOXNEWSW_20130522_080000_The_OReilly_Factor.thumbs/FOXNEWSW_20130522_080000_The_OReilly_Factor_000735.jpg,"weather guy joe bastardi who is not a believer in the global warming theory. a storm like this does raise questions about what's going on in the atmosphere, does it not? well, there have been major tornadoes before, as a smask, the charts of the major tornadoes show they"
https://archive.org/details/FOXNEWSW_20130501_060000_The_Five#start/2448/end/2483,5/1/2013 6:41:03,FOXNEWS,The Five,FOXNEWSW_20130501_060000_The_Five,https://archive.org/download/FOXNEWSW_20130501_060000_The_Five/FOXNEWSW_20130501_060000_The_Five.thumbs/FOXNEWSW_20130501_060000_The_Five_002445.jpg,"constitution admits that climate change to transactional sex for survival. congresswoman says food insecure woman makes them vulnerable for sex work. people become desperate. i'm not talking about sex"
https://archive.org/details/FOXNEWSW_20130502_010000_Hannity#start/3378/end/3413,5/2/2013 1:56:33,FOXNEWS,Hannity,FOXNEWSW_20130502_010000_Hannity,https://archive.org/download/FOXNEWSW_20130502_010000_Hannity/FOXNEWSW_20130502_010000_Hannity.thumbs/FOXNEWSW_20130502_010000_Hannity_003375.jpg,"some liberal lawmakers are pushing a resolution to warn women that climate change could make them more vulnerable to, quote, sex transactional risk, putting them at risk for hiv and"
https://archive.org/details/FOXNEWSW_20130506_190000_Studio_B_With_Shepard_Smith#start/3635/end/3670,5/6/2013 20:00:50,FOXNEWS,Studio B With Shepard Smith,FOXNEWSW_20130506_190000_Studio_B_With_Shepard_Smith,https://archive.org/download/FOXNEWSW_20130506_190000_Studio_B_With_Shepard_Smith/FOXNEWSW_20130506_190000_Studio_B_With_Shepard_Smith.thumbs/FOXNEWSW_20130506_190000_Studio_B_With_Shepard_Smith_003615.jpg,"confront the threat of climate change before it's too late. that requires the idealism and the initiative of citizens. neil: and apparently requires the wallets of those citizens because theown, ang"
https://archive.org/details/FOXNEWSW_20130522_030000_The_OReilly_Factor#start/485/end/520,5/22/2013 3:08:20,FOXNEWS,The OReilly Factor,FOXNEWSW_20130522_030000_The_OReilly_Factor,https://archive.org/download/FOXNEWSW_20130522_030000_The_OReilly_Factor/FOXNEWSW_20130522_030000_The_OReilly_Factor.thumbs/FOXNEWSW_20130522_030000_The_OReilly_Factor_000465.jpg,"actually saved one of the kids in the elementary school that john was talking about. that will be a bit later on. next on the run down it took just hours before the global warming people ran out screaming about the tornado. we have a report on that. charles krauthammer and i"
https://archive.org/details/FOXNEWSW_20130522_080000_The_OReilly_Factor#start/485/end/520,5/22/2013 8:08:20,FOXNEWS,The OReilly Factor,FOXNEWSW_20130522_080000_The_OReilly_Factor,https://archive.org/download/FOXNEWSW_20130522_080000_The_OReilly_Factor/FOXNEWSW_20130522_080000_The_OReilly_Factor.thumbs/FOXNEWSW_20130522_080000_The_OReilly_Factor_000465.jpg,"actually saved one of the kids in the elementary school that john was talking about. that will be a bit later on. next on the run down it took just hours before the global warming people ran out screaming about the tornado. we have a report on that. charles krauthammer and i"
https://archive.org/details/FOXNEWSW_20130522_000000_The_OReilly_Factor#start/485/end/520,5/22/2013 0:08:20,FOXNEWS,The OReilly Factor,FOXNEWSW_20130522_000000_The_OReilly_Factor,https://archive.org/download/FOXNEWSW_20130522_000000_The_OReilly_Factor/FOXNEWSW_20130522_000000_The_OReilly_Factor.thumbs/FOXNEWSW_20130522_000000_The_OReilly_Factor_000465.jpg,"actually saved one of the kids in the elementary school that john was talking about. that will be a bit later on. next on the run down it took just hours before the global warming people ran out screaming about the tornado. we have a report on that. charles krauthammer and i"
https://archive.org/details/FOXNEWSW_20130501_060000_The_Five#start/2542/end/2577,5/1/2013 6:42:37,FOXNEWS,The Five,FOXNEWSW_20130501_060000_The_Five,https://archive.org/download/FOXNEWSW_20130501_060000_The_Five/FOXNEWSW_20130501_060000_The_Five.thumbs/FOXNEWSW_20130501_060000_The_Five_002535.jpg,"they care about. greg: the fact is, andrea, climate change scientists admit there hasn't been worldwide temperature has flat lined. when will they argue that the coming ice age will lead to"
https://archive.org/details/FOXNEWSW_20130522_030000_The_OReilly_Factor#start/900/end/935,5/22/2013 3:15:15,FOXNEWS,The OReilly Factor,FOXNEWSW_20130522_030000_The_OReilly_Factor,https://archive.org/download/FOXNEWSW_20130522_030000_The_OReilly_Factor/FOXNEWSW_20130522_030000_The_OReilly_Factor.thumbs/FOXNEWSW_20130522_030000_The_OReilly_Factor_000885.jpg,"isn't a solution because nature is nature. whether there is global warming or isn't. you are going to have bad storms and that's that. you have got to build those shelters if you are in the middle of the country. you have got to have those underground escape facilities, correct? there is no question about that or the other"
https://archive.org/details/FOXNEWSW_20130522_080000_The_OReilly_Factor#start/896/end/931,5/22/2013 8:15:11,FOXNEWS,The OReilly Factor,FOXNEWSW_20130522_080000_The_OReilly_Factor,https://archive.org/download/FOXNEWSW_20130522_080000_The_OReilly_Factor/FOXNEWSW_20130522_080000_The_OReilly_Factor.thumbs/FOXNEWSW_20130522_080000_The_OReilly_Factor_000885.jpg,"this is all throughout the midwest. the only solution there it isn't a solution because nature is nature. whether there is global warming or isn't. you are going to have bad storms and that's that. you have got to build those shelters if you are in the middle of the country. you have got to have those"
https://archive.org/details/FOXNEWSW_20130506_200000_Your_World_With_Neil_Cavuto#start/35/end/70,5/6/2013 20:00:50,FOXNEWS,Your World With Neil Cavuto,FOXNEWSW_20130506_200000_Your_World_With_Neil_Cavuto,https://archive.org/download/FOXNEWSW_20130506_200000_Your_World_With_Neil_Cavuto/FOXNEWSW_20130506_200000_Your_World_With_Neil_Cavuto.thumbs/FOXNEWSW_20130506_200000_Your_World_With_Neil_Cavuto_000045.jpg,"fortitude of citizens to confront the threat of climate change before it's too late. that requires the idealism and the initiative of citizens. neil: and apparently requires the wallets of those citizens because theown, ang"
https://archive.org/details/FOXNEWSW_20130501_060000_The_Five#start/2463/end/2498,5/1/2013 6:41:18,FOXNEWS,The Five,FOXNEWSW_20130501_060000_The_Five,https://archive.org/download/FOXNEWSW_20130501_060000_The_Five/FOXNEWSW_20130501_060000_The_Five.thumbs/FOXNEWSW_20130501_060000_The_Five_002445.jpg,"workers but climate change scam artists like lee. now, the increases in 16 years, the pan sick full steam. so when one fear fails, they have to find another. it's sad that women would use"
https://archive.org/details/FOXNEWSW_20130504_200000_Cavuto_on_Business#start/1008/end/1043,5/4/2013 20:17:03,FOXNEWS,Cavuto on Business,FOXNEWSW_20130504_200000_Cavuto_on_Business,https://archive.org/download/FOXNEWSW_20130504_200000_Cavuto_on_Business/FOXNEWSW_20130504_200000_Cavuto_on_Business.thumbs/FOXNEWSW_20130504_200000_Cavuto_on_Business_001005.jpg,"warming then they say climate change. whatever suits you. i would like to calories better than fat. but you can call it anything you want but maybe they just won't. it is in fact warming."
https://archive.org/details/FOXNEWSW_20130502_040000_Hannity#start/3376/end/3411,5/2/2013 4:56:31,FOXNEWS,Hannity,FOXNEWSW_20130502_040000_Hannity,https://archive.org/download/FOXNEWSW_20130502_040000_Hannity/FOXNEWSW_20130502_040000_Hannity.thumbs/FOXNEWSW_20130502_040000_Hannity_003375.jpg,"sean: democrats are proving yet again just out of touch with reality they are. here's why. some liberal lawmakers are pushing a resolution to warn women that climate change could make them more vulnerable to, quote, sex transactional risk,"
https://archive.org/details/FOXNEWSW_20130504_200000_Cavuto_on_Business#start/1056/end/1091,5/4/2013 20:17:51,FOXNEWS,Cavuto on Business,FOXNEWSW_20130504_200000_Cavuto_on_Business,https://archive.org/download/FOXNEWSW_20130504_200000_Cavuto_on_Business/FOXNEWSW_20130504_200000_Cavuto_on_Business.thumbs/FOXNEWSW_20130504_200000_Cavuto_on_Business_001035.jpg,"are hundreds of imminent scientists that say climate change, 'a' not as bad as the other guys say, 'b' not caused by man's activities. so the white house simply has ideological position. it's not a scientific position."
https://archive.org/details/FOXNEWSW_20130526_160000_Americas_News_Headquarters#start/1301/end/1336,5/26/2013 16:21:56,FOXNEWS,Americas News Headquarters,FOXNEWSW_20130526_160000_Americas_News_Headquarters,https://archive.org/download/FOXNEWSW_20130526_160000_Americas_News_Headquarters/FOXNEWSW_20130526_160000_Americas_News_Headquarters.thumbs/FOXNEWSW_20130526_160000_Americas_News_Headquarters_001275.jpg,"it appears that the obama administration, even if you look at the statements from the top officials at the fish & wildlife service they are saying climate change and co 2 is such a threat that we can effectively ignore the statutes."
https://archive.org/details/FOXNEWSW_20130501_060000_The_Five#start/2574/end/2609,5/1/2013 6:43:09,FOXNEWS,The Five,FOXNEWSW_20130501_060000_The_Five,https://archive.org/download/FOXNEWSW_20130501_060000_The_Five/FOXNEWSW_20130501_060000_The_Five.thumbs/FOXNEWSW_20130501_060000_The_Five_002565.jpg,"climate change causes violence, it incites violence in cities like chicago when it is warmer out they kill people. also that causes economic downturn and men out of work, beat their wives. greg: i remember that. andrea: everything in book."
https://archive.org/details/FOXNEWSW_20130528_130000_Americas_Newsroom#start/129/end/164,5/28/2013 13:02:24,FOXNEWS,Americas Newsroom,FOXNEWSW_20130528_130000_Americas_Newsroom,https://archive.org/download/FOXNEWSW_20130528_130000_Americas_Newsroom/FOXNEWSW_20130528_130000_Americas_Newsroom.thumbs/FOXNEWSW_20130528_130000_Americas_Newsroom_000105.jpg,"dodd-frank which is the financial regulation bill. they are worried. we heard a lot of talk about president obama wants to pursue an environmental agenda in a climate change agenda in his second term. he couldn't get cap-and-trade in congress even when he had democratic"
https://archive.org/details/FOXNEWSW_20130510_070000_Red_Eye#start/1504/end/1539,5/10/2013 7:25:19,FOXNEWS,Red Eye,FOXNEWSW_20130510_070000_Red_Eye,https://archive.org/download/FOXNEWSW_20130510_070000_Red_Eye/FOXNEWSW_20130510_070000_Red_Eye.thumbs/FOXNEWSW_20130510_070000_Red_Eye_001485.jpg,"happy stories. i think it does have to do with people's reaction to media coverage. it is like climate change. that was a farce for 20 years until people caught up with it and the facts caught up with the lie. interesting. and incidentally, the second half of local news is"
