﻿URL,MatchDateTime,Station,Show,IAShowID,IAPreviewThumb,Snippet
https://archive.org/details/FOXNEWSW_20130816_130000_Americas_Newsroom#start/4037/end/4072,8/16/2013 14:07:32,FOXNEWS,Americas Newsroom,FOXNEWSW_20130816_130000_Americas_Newsroom,https://archive.org/download/FOXNEWSW_20130816_130000_Americas_Newsroom/FOXNEWSW_20130816_130000_Americas_Newsroom.thumbs/FOXNEWSW_20130816_130000_Americas_Newsroom_004035.jpg,"take matters into its own hands. doug mckelway's on that story live out of washington. has there been much change on climate change, doug? reporter: you know, bill, the science is really interesting on this. it shows for unexplained reasons that global warming has"
https://archive.org/details/FOXNEWSW_20130826_080000_Stossel#start/1026/end/1061,8/26/2013 8:17:21,FOXNEWS,Stossel,FOXNEWSW_20130826_080000_Stossel,https://archive.org/download/FOXNEWSW_20130826_080000_Stossel/FOXNEWSW_20130826_080000_Stossel.thumbs/FOXNEWSW_20130826_080000_Stossel_001005.jpg,"and cheaper natural gas. this means families pay less to heat their homes. soon america may be self-sufficient in energy. also, if you are worried about global warming, burning natural"
https://archive.org/details/FOXNEWSW_20130817_080000_The_OReilly_Factor#start/2091/end/2126,8/17/2013 8:35:06,FOXNEWS,The OReilly Factor,FOXNEWSW_20130817_080000_The_OReilly_Factor,https://archive.org/download/FOXNEWSW_20130817_080000_The_OReilly_Factor/FOXNEWSW_20130817_080000_The_OReilly_Factor.thumbs/FOXNEWSW_20130817_080000_The_OReilly_Factor_002085.jpg,"jersey and a lot of issues he still is conservative. pretty good on taxes. you know, he palled -- palled around with clinton. tea party really supported him. how about major things like global warming?"
https://archive.org/details/FOXNEWSW_20130805_050000_Stossel#start/368/end/403,8/5/2013 5:06:23,FOXNEWS,Stossel,FOXNEWSW_20130805_050000_Stossel,https://archive.org/download/FOXNEWSW_20130805_050000_Stossel/FOXNEWSW_20130805_050000_Stossel.thumbs/FOXNEWSW_20130805_050000_Stossel_000345.jpg,"john englander also climatologist pat michaels from the cato institute. should i be so scared as the president suggests? it is so twentieth century. in the last tenures forecast of global warming has begun"
https://archive.org/details/FOXNEWSW_20130817_160000_Americas_News_Headquarters#start/1950/end/1985,8/17/2013 16:32:45,FOXNEWS,Americas News Headquarters,FOXNEWSW_20130817_160000_Americas_News_Headquarters,https://archive.org/download/FOXNEWSW_20130817_160000_Americas_News_Headquarters/FOXNEWSW_20130817_160000_Americas_News_Headquarters.thumbs/FOXNEWSW_20130817_160000_Americas_News_Headquarters_001935.jpg,"scenes. they are going to achieve everything that the u.n. treaty, cap and trade and carbon taxes could have achieved through the invisibility of the federal regulations. epa regulatory battle against global warming encountered a"
https://archive.org/details/FOXNEWSW_20130805_070000_Stossel#start/368/end/403,8/5/2013 7:06:23,FOXNEWS,Stossel,FOXNEWSW_20130805_070000_Stossel,https://archive.org/download/FOXNEWSW_20130805_070000_Stossel/FOXNEWSW_20130805_070000_Stossel.thumbs/FOXNEWSW_20130805_070000_Stossel_000345.jpg,"john englander also climatologist pat michaels from the cato institute. should i be so scared as the president suggests? it is so twentieth century. in the last tenures forecast of global warming has begun"
https://archive.org/details/FOXNEWSW_20130817_160000_Americas_News_Headquarters#start/1996/end/2031,8/17/2013 16:33:31,FOXNEWS,Americas News Headquarters,FOXNEWSW_20130817_160000_Americas_News_Headquarters,https://archive.org/download/FOXNEWSW_20130817_160000_Americas_News_Headquarters/FOXNEWSW_20130817_160000_Americas_News_Headquarters.thumbs/FOXNEWSW_20130817_160000_Americas_News_Headquarters_001995.jpg,"viter wrote her relating to the duties and they were concern it was a deliberate attempt to circumvent congressional oversight. this comes with what some believe is administration intolerance for any dissent in the global warming debate."
https://archive.org/details/FOXNEWSW_20130822_100000_FOX_and_Friends#start/8649/end/8684,8/22/2013 12:24:24,FOXNEWS,FOX and Friends,FOXNEWSW_20130822_100000_FOX_and_Friends,https://archive.org/download/FOXNEWSW_20130822_100000_FOX_and_Friends/FOXNEWSW_20130822_100000_FOX_and_Friends.thumbs/FOXNEWSW_20130822_100000_FOX_and_Friends_008565.jpg,"well, that went exactly i as planned. really?. steve: right to the headlines. al gore comparing critics of global warming to racists. in an interview, al gore said it will eventually be socially unacceptable to question global"
https://archive.org/details/FOXNEWSW_20130826_050000_Stossel#start/1039/end/1074,8/26/2013 5:17:34,FOXNEWS,Stossel,FOXNEWSW_20130826_050000_Stossel,https://archive.org/download/FOXNEWSW_20130826_050000_Stossel/FOXNEWSW_20130826_050000_Stossel.thumbs/FOXNEWSW_20130826_050000_Stossel_001035.jpg,"global warming, burning natural gas releases less greenhouse gas than oil or coal. flack go feels wrong. it feels like you are pumping stuff into mother earth. john: a liberal european"
https://archive.org/details/FOXNEWSW_20130816_220000_Special_Report_With_Bret_Baier#start/1034/end/1069,8/16/2013 22:17:29,FOXNEWS,Special Report With Bret Baier,FOXNEWSW_20130816_220000_Special_Report_With_Bret_Baier,https://archive.org/download/FOXNEWSW_20130816_220000_Special_Report_With_Bret_Baier/FOXNEWSW_20130816_220000_Special_Report_With_Bret_Baier.thumbs/FOXNEWSW_20130816_220000_Special_Report_With_Bret_Baier_001035.jpg,"were an attempt to circumvent federal transparency laws and congressional oversight. there's in tolerance for any dissent in the global warming debate, as evidenced from these comments by sally jewel. hope there are no climate"
https://archive.org/details/FOXNEWSW_20130805_040000_Greta_Van_Susteren#start/491/end/526,8/5/2013 4:08:26,FOXNEWS,Greta Van Susteren,FOXNEWSW_20130805_040000_Greta_Van_Susteren,https://archive.org/download/FOXNEWSW_20130805_040000_Greta_Van_Susteren/FOXNEWSW_20130805_040000_Greta_Van_Susteren.thumbs/FOXNEWSW_20130805_040000_Greta_Van_Susteren_000465.jpg,"him advance it. i've got to the point where what he says is irrelevant. so he's out there. i can give you quotes of what he said in 2002, 2005, 2007 about health care. i can give you quotes about what he said about global warming and"
https://archive.org/details/FOXNEWSW_20130826_020000_Stossel#start/1036/end/1071,8/26/2013 2:17:31,FOXNEWS,Stossel,FOXNEWSW_20130826_020000_Stossel,https://archive.org/download/FOXNEWSW_20130826_020000_Stossel/FOXNEWSW_20130826_020000_Stossel.thumbs/FOXNEWSW_20130826_020000_Stossel_001035.jpg,"sufficient in energy. also, if you're worried about global warming, burning natural gas releases less greenhouse gas than oil or coal. fracking feels wrong. it feels like you're pumping stuff into mother earth."
https://archive.org/details/FOXNEWSW_20130803_080000_The_OReilly_Factor#start/2666/end/2701,8/3/2013 8:44:41,FOXNEWS,The OReilly Factor,FOXNEWSW_20130803_080000_The_OReilly_Factor,https://archive.org/download/FOXNEWSW_20130803_080000_The_OReilly_Factor/FOXNEWSW_20130803_080000_The_OReilly_Factor.thumbs/FOXNEWSW_20130803_080000_The_OReilly_Factor_002655.jpg,"off the light, shut off the water when you're brushing your teeth. it's good for us to be conditioned to better behavior and i think it's a good idea. it's a good program, that will actually benefit us. you know you will be nudged to combat things like global warming."
https://archive.org/details/FOXNEWSW_20130803_000000_The_OReilly_Factor#start/2667/end/2702,8/3/2013 0:44:42,FOXNEWS,The OReilly Factor,FOXNEWSW_20130803_000000_The_OReilly_Factor,https://archive.org/download/FOXNEWSW_20130803_000000_The_OReilly_Factor/FOXNEWSW_20130803_000000_The_OReilly_Factor.thumbs/FOXNEWSW_20130803_000000_The_OReilly_Factor_002655.jpg,"off the light, shut off the water when you're brushing your teeth. it's good for us to be conditioned to better behavior and i think it's a good idea. it's a good program, that will actually benefit us. you know you will be nudged to combat things like global warming."
https://archive.org/details/FOXNEWSW_20130821_060000_The_Five#start/2589/end/2624,8/21/2013 6:43:24,FOXNEWS,The Five,FOXNEWSW_20130821_060000_The_Five,https://archive.org/download/FOXNEWSW_20130821_060000_The_Five/FOXNEWSW_20130821_060000_The_Five.thumbs/FOXNEWSW_20130821_060000_The_Five_002565.jpg,"game, get invited by a guy, you go to the game, and you have this bag. first of all, one, that's embarrassing, it is not attractive. maybe the fashion designers will figure it out, you'll have cute bags. what if you don't want to go home. this is a global warming"
https://archive.org/details/FOXNEWSW_20130811_100000_FOX_and_Friends_Sunday#start/5040/end/5075,8/11/2013 11:24:15,FOXNEWS,FOX and Friends Sunday,FOXNEWSW_20130811_100000_FOX_and_Friends_Sunday,https://archive.org/download/FOXNEWSW_20130811_100000_FOX_and_Friends_Sunday/FOXNEWSW_20130811_100000_FOX_and_Friends_Sunday.thumbs/FOXNEWSW_20130811_100000_FOX_and_Friends_Sunday_005025.jpg,"do you think they all look different, clayton? you need photos of 20 different types of water. all clear and liquid. l.a. water. thanks, ainsley. could hotter temperatures from climate change boost violence?"
https://archive.org/details/FOXNEWSW_20130817_020000_Greta_Van_Susteren#start/554/end/589,8/17/2013 2:09:29,FOXNEWS,Greta Van Susteren,FOXNEWSW_20130817_020000_Greta_Van_Susteren,https://archive.org/download/FOXNEWSW_20130817_020000_Greta_Van_Susteren/FOXNEWSW_20130817_020000_Greta_Van_Susteren.thumbs/FOXNEWSW_20130817_020000_Greta_Van_Susteren_000555.jpg,"that. he said that he wasn't going to wait for congress but that he had administrative authorities and it was time to start utilizing those more effectively in a more concerted way. it's not just climate change."
https://archive.org/details/FOXNEWSW_20130822_100000_FOX_and_Friends#start/2215/end/2250,8/22/2013 10:37:10,FOXNEWS,FOX and Friends,FOXNEWSW_20130822_100000_FOX_and_Friends,https://archive.org/download/FOXNEWSW_20130822_100000_FOX_and_Friends/FOXNEWSW_20130822_100000_FOX_and_Friends.thumbs/FOXNEWSW_20130822_100000_FOX_and_Friends_002205.jpg,"why he's optimistic his claims will be accepted as fact. and new aggressive climate change policies will be enacted. he says eventually it will be socially unacceptable to question global warming. saying, quote, the most"
https://archive.org/details/FOXNEWSW_20130817_160000_Americas_News_Headquarters#start/2014/end/2049,8/17/2013 16:33:49,FOXNEWS,Americas News Headquarters,FOXNEWSW_20130817_160000_Americas_News_Headquarters,https://archive.org/download/FOXNEWSW_20130817_160000_Americas_News_Headquarters/FOXNEWSW_20130817_160000_Americas_News_Headquarters.thumbs/FOXNEWSW_20130817_160000_Americas_News_Headquarters_001995.jpg,"evidenced by these comments -- hope there are no climate change deniers in department of interior. they say if you are a global warming skeptic and you work for the obama administration by appointee or career zil service, keep your"
https://archive.org/details/FOXNEWSW_20130822_130000_Americas_Newsroom#start/2275/end/2310,8/22/2013 13:38:10,FOXNEWS,Americas Newsroom,FOXNEWSW_20130822_130000_Americas_Newsroom,https://archive.org/download/FOXNEWSW_20130822_130000_Americas_Newsroom/FOXNEWSW_20130822_130000_Americas_Newsroom.thumbs/FOXNEWSW_20130822_130000_Americas_Newsroom_002265.jpg,"racist homophobes and drunks may strike some people as beyond hyperbole and a non-second wit ture into the category of dumb and demeaning. what do you think? to compare climate change which was previously global warming, i don't know what"
https://archive.org/details/FOXNEWSW_20130801_100000_FOX_and_Friends#start/6829/end/6864,8/1/2013 11:54:04,FOXNEWS,FOX and Friends,FOXNEWSW_20130801_100000_FOX_and_Friends,https://archive.org/download/FOXNEWSW_20130801_100000_FOX_and_Friends/FOXNEWSW_20130801_100000_FOX_and_Friends.thumbs/FOXNEWSW_20130801_100000_FOX_and_Friends_006825.jpg,"has shark nato. and it's popular, but bigger stuff to worry about. steve: how about hurricanes? a lot of people, you watch some channels and they talk about how we got to do something about climate change because global warming is causing more hurricanes. is that true?"
https://archive.org/details/FOXNEWSW_20130819_130000_Americas_Newsroom#start/5315/end/5350,8/19/2013 14:28:50,FOXNEWS,Americas Newsroom,FOXNEWSW_20130819_130000_Americas_Newsroom,https://archive.org/download/FOXNEWSW_20130819_130000_Americas_Newsroom/FOXNEWSW_20130819_130000_Americas_Newsroom.thumbs/FOXNEWSW_20130819_130000_Americas_Newsroom_005295.jpg,"for regulation nation? no question about it. you know, the problem is, congress has blocked a lot of what president obama has wanted to do in terms of, especially with respect to global warming and climate change and he can't get that bill through."
https://archive.org/details/FOXNEWSW_20130822_130000_Americas_Newsroom#start/2505/end/2540,8/22/2013 13:42:00,FOXNEWS,Americas Newsroom,FOXNEWSW_20130822_130000_Americas_Newsroom,https://archive.org/download/FOXNEWSW_20130822_130000_Americas_Newsroom/FOXNEWSW_20130822_130000_Americas_Newsroom.thumbs/FOXNEWSW_20130822_130000_Americas_Newsroom_002505.jpg,"numbers, climate change, global warming, whatever you want to call it ranks, very, very low. in fact at the bottom of the list. gregg: it is constructed to have a respectful discussion. absolutely. gregg: not a debate on ridiculing an demeaning people. and not seeking to change"
https://archive.org/details/FOXNEWSW_20130813_070000_Red_Eye#start/1547/end/1582,8/13/2013 7:26:02,FOXNEWS,Red Eye,FOXNEWSW_20130813_070000_Red_Eye,https://archive.org/download/FOXNEWSW_20130813_070000_Red_Eye/FOXNEWSW_20130813_070000_Red_Eye.thumbs/FOXNEWSW_20130813_070000_Red_Eye_001545.jpg,"climate change and global warming was a big deal. then the government took over. the government does that now. now they do other things. there is one way for all of this, for him to support poor people being able to succeed in america right now and it is right at our fingertips."
https://archive.org/details/FOXNEWSW_20130816_150000_Happening_Now#start/4310/end/4345,8/16/2013 16:12:05,FOXNEWS,Happening Now,FOXNEWSW_20130816_150000_Happening_Now,https://archive.org/download/FOXNEWSW_20130816_150000_Happening_Now/FOXNEWSW_20130816_150000_Happening_Now.thumbs/FOXNEWSW_20130816_150000_Happening_Now_004305.jpg,"about any dissent in the global warming event. listen up to what sally jewel had to say. i hope there are no climate change deniers in the department of the interior. if you don't believe in it, come out into the resources, go on to some blm land, go up to alaska"
https://archive.org/details/FOXNEWSW_20130801_220000_Special_Report_With_Bret_Baier#start/1107/end/1142,8/1/2013 22:18:42,FOXNEWS,Special Report With Bret Baier,FOXNEWSW_20130801_220000_Special_Report_With_Bret_Baier,https://archive.org/download/FOXNEWSW_20130801_220000_Special_Report_With_Bret_Baier/FOXNEWSW_20130801_220000_Special_Report_With_Bret_Baier.thumbs/FOXNEWSW_20130801_220000_Special_Report_With_Bret_Baier_001095.jpg,"hard ball withstandards for greenhouse gases. the committee sent six requests for the data. if the epa has nothing to hide why not provide this"
https://archive.org/details/FOXNEWSW_20130803_150000_Forbes_on_FOX#start/47/end/82,8/3/2013 15:01:02,FOXNEWS,Forbes on FOX,FOXNEWSW_20130803_150000_Forbes_on_FOX,https://archive.org/download/FOXNEWSW_20130803_150000_Forbes_on_FOX/FOXNEWSW_20130803_150000_Forbes_on_FOX.thumbs/FOXNEWSW_20130803_150000_Forbes_on_FOX_000045.jpg,"needs to fight global warming for jobs and the top republican on the works committee disa agrees. saying that the president is pursuing global warming regulationsine though it would"
https://archive.org/details/FOXNEWSW_20130803_143000_Cavuto_on_Business#start/1841/end/1876,8/3/2013 15:00:56,FOXNEWS,Cavuto on Business,FOXNEWSW_20130803_143000_Cavuto_on_Business,https://archive.org/download/FOXNEWSW_20130803_143000_Cavuto_on_Business/FOXNEWSW_20130803_143000_Cavuto_on_Business.thumbs/FOXNEWSW_20130803_143000_Cavuto_on_Business_001845.jpg,"needs to fight global warming for jobs and the top republican on the works committee disa agrees. saying that the president is"
https://archive.org/details/FOXNEWSW_20130813_100000_FOX_and_Friends#start/6147/end/6182,8/13/2013 11:42:42,FOXNEWS,FOX and Friends,FOXNEWSW_20130813_100000_FOX_and_Friends,https://archive.org/download/FOXNEWSW_20130813_100000_FOX_and_Friends/FOXNEWSW_20130813_100000_FOX_and_Friends.thumbs/FOXNEWSW_20130813_100000_FOX_and_Friends_006135.jpg,"and that is climate change. i hope there are no climate change deniers in the department of the interior. gretchen: what does that mean if you are a climate change denier? watch out. it will be a witch hunt. there is a precedent for this"
https://archive.org/details/FOXNEWSW_20130811_160000_Americas_News_Headquarters#start/6244/end/6279,8/11/2013 17:44:19,FOXNEWS,Americas News Headquarters,FOXNEWSW_20130811_160000_Americas_News_Headquarters,https://archive.org/download/FOXNEWSW_20130811_160000_Americas_News_Headquarters/FOXNEWSW_20130811_160000_Americas_News_Headquarters.thumbs/FOXNEWSW_20130811_160000_Americas_News_Headquarters_006225.jpg,"economic activities. now the reason why the polar bear was listed is because of global warming. the speculation that global warming is going to cause ice to melt and therefore less habitat for the polar bear. when you have a listing like that, based upon the issuance of"
https://archive.org/details/FOXNEWSW_20130813_100000_FOX_and_Friends#start/6116/end/6151,8/13/2013 11:42:11,FOXNEWS,FOX and Friends,FOXNEWSW_20130813_100000_FOX_and_Friends,https://archive.org/download/FOXNEWSW_20130813_100000_FOX_and_Friends/FOXNEWSW_20130813_100000_FOX_and_Friends.thumbs/FOXNEWSW_20130813_100000_FOX_and_Friends_006105.jpg,"let's talk about this as it relates to climate change. obama's interior secretary coming out this week saying, i don't want any climate change deniers in my department at all and this isn't some quote. this is sally jewel."
https://archive.org/details/FOXNEWSW_20130822_130000_Americas_Newsroom#start/2197/end/2232,8/22/2013 13:36:52,FOXNEWS,Americas Newsroom,FOXNEWSW_20130822_130000_Americas_Newsroom,https://archive.org/download/FOXNEWSW_20130822_130000_Americas_Newsroom/FOXNEWSW_20130822_130000_Americas_Newsroom.thumbs/FOXNEWSW_20130822_130000_Americas_Newsroom_002175.jpg,"now that the military is back in power in egypt. we'll bring you all of that live gregg: al gore, always up to the task when taking on those opposed to his ideas on climate"
https://archive.org/details/FOXNEWSW_20130805_040000_Greta_Van_Susteren#start/3619/end/3654,8/5/2013 5:00:34,FOXNEWS,Greta Van Susteren,FOXNEWSW_20130805_040000_Greta_Van_Susteren,https://archive.org/download/FOXNEWSW_20130805_040000_Greta_Van_Susteren/FOXNEWSW_20130805_040000_Greta_Van_Susteren.thumbs/FOXNEWSW_20130805_040000_Greta_Van_Susteren_003615.jpg,"if the sharks don't get you the bees will. in global warming will create bigger stores."
https://archive.org/details/FOXNEWSW_20130805_050000_Stossel#start/19/end/54,8/5/2013 5:00:34,FOXNEWS,Stossel,FOXNEWSW_20130805_050000_Stossel,https://archive.org/download/FOXNEWSW_20130805_050000_Stossel/FOXNEWSW_20130805_050000_Stossel.thumbs/FOXNEWSW_20130805_050000_Stossel_000045.jpg,"if the sharks don't get you the bees will. in global warming will create bigger stores."
https://archive.org/details/FOXNEWSW_20130826_080000_Stossel#start/1042/end/1077,8/26/2013 8:17:37,FOXNEWS,Stossel,FOXNEWSW_20130826_080000_Stossel,https://archive.org/download/FOXNEWSW_20130826_080000_Stossel/FOXNEWSW_20130826_080000_Stossel.thumbs/FOXNEWSW_20130826_080000_Stossel_001035.jpg,"gas releases less greenhouse gas than oil or coal. flack go feels wrong. it feels like you are pumping stuff into mother earth. john: a liberal european environmentalist points out that"
https://archive.org/details/FOXNEWSW_20130805_060000_FOX_News_Sunday_With_Chris_Wallace#start/3623/end/3658,8/5/2013 7:00:38,FOXNEWS,FOX News Sunday With Chris Wallace,FOXNEWSW_20130805_060000_FOX_News_Sunday_With_Chris_Wallace,https://archive.org/download/FOXNEWSW_20130805_060000_FOX_News_Sunday_With_Chris_Wallace/FOXNEWSW_20130805_060000_FOX_News_Sunday_With_Chris_Wallace.thumbs/FOXNEWSW_20130805_060000_FOX_News_Sunday_With_Chris_Wallace_003615.jpg,"you the bees will. in global warming will create bigger stores. patriots more whether. what are the risks?"
https://archive.org/details/FOXNEWSW_20130816_170000_America_Live#start/6514/end/6549,8/16/2013 18:48:49,FOXNEWS,America Live,FOXNEWSW_20130816_170000_America_Live,https://archive.org/download/FOXNEWSW_20130816_170000_America_Live/FOXNEWSW_20130816_170000_America_Live.thumbs/FOXNEWSW_20130816_170000_America_Live_006495.jpg,"says 97% of global climate change experts are in agreement that climate change is created by humans and that it has potentially catastrophic effects and we need to act now. that's point one. point two is i would disagree with the setup piece that says"
https://archive.org/details/FOXNEWSW_20130816_220000_Special_Report_With_Bret_Baier#start/2592/end/2627,8/16/2013 22:43:27,FOXNEWS,Special Report With Bret Baier,FOXNEWSW_20130816_220000_Special_Report_With_Bret_Baier,https://archive.org/download/FOXNEWSW_20130816_220000_Special_Report_With_Bret_Baier/FOXNEWSW_20130816_220000_Special_Report_With_Bret_Baier.thumbs/FOXNEWSW_20130816_220000_Special_Report_With_Bret_Baier_002565.jpg,"another example, climate change, that they're going to end run around congress to implement climate change policies. a recent statement by sally jewel, new secretary of the interior, what she said at a recent speech in colorado. let's play a little of that, get some reaction from you."
https://archive.org/details/FOXNEWSW_20130826_050000_Stossel#start/1056/end/1091,8/26/2013 5:17:51,FOXNEWS,Stossel,FOXNEWSW_20130826_050000_Stossel,https://archive.org/download/FOXNEWSW_20130826_050000_Stossel/FOXNEWSW_20130826_050000_Stossel.thumbs/FOXNEWSW_20130826_050000_Stossel_001035.jpg,"environmentalist points out that europe promised to cut greenhouse gas emissions but didn't cut them. we managed to cut half what you accidentally happened to do when you stumbled on fracking. john: so it brings fuel"
https://archive.org/details/FOXNEWSW_20130826_080000_Stossel#start/1058/end/1093,8/26/2013 8:17:53,FOXNEWS,Stossel,FOXNEWSW_20130826_080000_Stossel,https://archive.org/download/FOXNEWSW_20130826_080000_Stossel/FOXNEWSW_20130826_080000_Stossel.thumbs/FOXNEWSW_20130826_080000_Stossel_001035.jpg,"europe promised to cut greenhouse gas emissions but didn't cut them. we managed to cut half what you accidentally happened to do when you stumbled on fracking. john: so it brings fuel cheaper, maybe better for the"
https://archive.org/details/FOXNEWSW_20130826_020000_Stossel#start/1052/end/1087,8/26/2013 2:17:47,FOXNEWS,Stossel,FOXNEWSW_20130826_020000_Stossel,https://archive.org/download/FOXNEWSW_20130826_020000_Stossel/FOXNEWSW_20130826_020000_Stossel.thumbs/FOXNEWSW_20130826_020000_Stossel_001035.jpg,"but it's an amazing story. a liberal european environmentalist points out that europe promised to cut its greenhouse gas i'm missiemissiot didn't cut them much. in europe we only managed to cut half when you guys"
https://archive.org/details/FOXNEWSW_20130805_070000_Stossel#start/32/end/67,8/5/2013 7:00:47,FOXNEWS,Stossel,FOXNEWSW_20130805_070000_Stossel,https://archive.org/download/FOXNEWSW_20130805_070000_Stossel/FOXNEWSW_20130805_070000_Stossel.thumbs/FOXNEWSW_20130805_070000_Stossel_000045.jpg,"in global warming will create bigger stores. patriots more whether. what are the risks? what is the truth? 'summer myths' is our show tonight."
https://archive.org/details/FOXNEWSW_20130811_060000_Red_Eye#start/2288/end/2323,8/11/2013 6:38:23,FOXNEWS,Red Eye,FOXNEWSW_20130811_060000_Red_Eye,https://archive.org/download/FOXNEWSW_20130811_060000_Red_Eye/FOXNEWSW_20130811_060000_Red_Eye.thumbs/FOXNEWSW_20130811_060000_Red_Eye_002265.jpg,"follow them around. maybe he likes to buy a special paper. no more private jets. what about global warming. everybody should focus on his little pecadilos."
https://archive.org/details/FOXNEWSW_20130805_050000_Stossel#start/84/end/119,8/5/2013 5:01:39,FOXNEWS,Stossel,FOXNEWSW_20130805_050000_Stossel,https://archive.org/download/FOXNEWSW_20130805_050000_Stossel/FOXNEWSW_20130805_050000_Stossel.thumbs/FOXNEWSW_20130805_050000_Stossel_000075.jpg,"national hurricane center. fox meteorologist maria molina says in no. i always take the windows. i hear there are more hurricanes with global warming it is worse."
https://archive.org/details/FOXNEWSW_20130805_050000_Stossel#start/52/end/87,8/5/2013 5:01:07,FOXNEWS,Stossel,FOXNEWSW_20130805_050000_Stossel,https://archive.org/download/FOXNEWSW_20130805_050000_Stossel/FOXNEWSW_20130805_050000_Stossel.thumbs/FOXNEWSW_20130805_050000_Stossel_000045.jpg,"john: it is hurricane season and i am told because of global warming there are more hurricanes and they are stronger. of course, we know you are"
https://archive.org/details/FOXNEWSW_20130805_070000_Stossel#start/84/end/119,8/5/2013 7:01:39,FOXNEWS,Stossel,FOXNEWSW_20130805_070000_Stossel,https://archive.org/download/FOXNEWSW_20130805_070000_Stossel/FOXNEWSW_20130805_070000_Stossel.thumbs/FOXNEWSW_20130805_070000_Stossel_000075.jpg,"national hurricane center. fox meteorologist maria molina says in no. i always take the windows. i hear there are more hurricanes with global warming it is worse."
https://archive.org/details/FOXNEWSW_20130816_100000_FOX_and_Friends#start/10118/end/10153,8/16/2013 12:48:53,FOXNEWS,FOX and Friends,FOXNEWSW_20130816_100000_FOX_and_Friends,https://archive.org/download/FOXNEWSW_20130816_100000_FOX_and_Friends/FOXNEWSW_20130816_100000_FOX_and_Friends.thumbs/FOXNEWSW_20130816_100000_FOX_and_Friends_010095.jpg,"under the efa, if a species is listed, all the -- the argument is co 2 emissions from industry is causing global warming. well, industry is basically"
https://archive.org/details/FOXNEWSW_20130811_033000_FOX_News_Watch#start/488/end/523,8/11/2013 3:38:23,FOXNEWS,FOX News Watch,FOXNEWSW_20130811_033000_FOX_News_Watch,https://archive.org/download/FOXNEWSW_20130811_033000_FOX_News_Watch/FOXNEWSW_20130811_033000_FOX_News_Watch.thumbs/FOXNEWSW_20130811_033000_FOX_News_Watch_000465.jpg,"follow them around. maybe he likes to buy a special paper. no more private jets. what about global warming. everybody should focus on his little pecadilos."
https://archive.org/details/FOXNEWSW_20130817_060000_The_Five#start/5201/end/5236,8/17/2013 7:26:56,FOXNEWS,The Five,FOXNEWSW_20130817_060000_The_Five,https://archive.org/download/FOXNEWSW_20130817_060000_The_Five/FOXNEWSW_20130817_060000_The_Five.thumbs/FOXNEWSW_20130817_060000_The_Five_003645.jpg,"yes. since global warming is dead thanks to facts and data, bob, do you feel moving to genetically modified foods and going after monsanto. they're environmental"
https://archive.org/details/FOXNEWSW_20130816_210000_The_Five#start/1869/end/1904,8/16/2013 21:31:24,FOXNEWS,The Five,FOXNEWSW_20130816_210000_The_Five,https://archive.org/download/FOXNEWSW_20130816_210000_The_Five/FOXNEWSW_20130816_210000_The_Five.thumbs/FOXNEWSW_20130816_210000_The_Five_001845.jpg,"yes. since global warming is dead thanks to facts and data, bob, do you feel moving to genetically modified foods and going after monsanto. they're environmental"
https://archive.org/details/FOXNEWSW_20130805_070000_Stossel#start/52/end/87,8/5/2013 7:01:07,FOXNEWS,Stossel,FOXNEWSW_20130805_070000_Stossel,https://archive.org/download/FOXNEWSW_20130805_070000_Stossel/FOXNEWSW_20130805_070000_Stossel.thumbs/FOXNEWSW_20130805_070000_Stossel_000045.jpg,"john: it is hurricane season and i am told because of global warming there are more hurricanes and they are stronger. of course, we know you are"
https://archive.org/details/FOXNEWSW_20130805_010000_Greta_Van_Susteren#start/3320/end/3355,8/5/2013 1:55:35,FOXNEWS,Greta Van Susteren,FOXNEWSW_20130805_010000_Greta_Van_Susteren,https://archive.org/download/FOXNEWSW_20130805_010000_Greta_Van_Susteren/FOXNEWSW_20130805_010000_Greta_Van_Susteren.thumbs/FOXNEWSW_20130805_010000_Greta_Van_Susteren_003315.jpg,"ilimposing freedom on people, if believe and that the united states is destroying the planet with global warming, with our capitalism, with our wants and consumption of resources, and"
https://archive.org/details/FOXNEWSW_20130827_200000_Your_World_With_Neil_Cavuto#start/3163/end/3198,8/27/2013 20:52:58,FOXNEWS,Your World With Neil Cavuto,FOXNEWSW_20130827_200000_Your_World_With_Neil_Cavuto,https://archive.org/download/FOXNEWSW_20130827_200000_Your_World_With_Neil_Cavuto/FOXNEWSW_20130827_200000_Your_World_With_Neil_Cavuto.thumbs/FOXNEWSW_20130827_200000_Your_World_With_Neil_Cavuto_003165.jpg,"you have to read them freddie the frog, give me a book report. right away. there's a quiz at the end on global warming. no. there is not."
https://archive.org/details/FOXNEWSW_20130805_050000_Stossel#start/112/end/147,8/5/2013 5:02:07,FOXNEWS,Stossel,FOXNEWSW_20130805_050000_Stossel,https://archive.org/download/FOXNEWSW_20130805_050000_Stossel/FOXNEWSW_20130805_050000_Stossel.thumbs/FOXNEWSW_20130805_050000_Stossel_000105.jpg,"landfall you can see on the chart right there. logically people try to make sense of you talk about the oceans are warmer, a global warming and a hurricane"
https://archive.org/details/FOXNEWSW_20130805_070000_Stossel#start/112/end/147,8/5/2013 7:02:07,FOXNEWS,Stossel,FOXNEWSW_20130805_070000_Stossel,https://archive.org/download/FOXNEWSW_20130805_070000_Stossel/FOXNEWSW_20130805_070000_Stossel.thumbs/FOXNEWSW_20130805_070000_Stossel_000105.jpg,"landfall you can see on the chart right there. logically people try to make sense of you talk about the oceans are warmer, a global warming and a hurricane"
https://archive.org/details/FOXNEWSW_20130816_170000_America_Live#start/6591/end/6626,8/16/2013 18:50:06,FOXNEWS,America Live,FOXNEWSW_20130816_170000_America_Live,https://archive.org/download/FOXNEWSW_20130816_170000_America_Live/FOXNEWSW_20130816_170000_America_Live.thumbs/FOXNEWSW_20130816_170000_America_Live_006585.jpg,"industry is going but will create jobs. the epa itself says greenhouse gas emissions have risen only 1% since 2005. dan, why don't you weigh in on julian's disagreement with your argument? the point of his argument we really like to disagree with, i"
https://archive.org/details/FOXNEWSW_20130816_220000_Special_Report_With_Bret_Baier#start/1049/end/1084,8/16/2013 22:17:44,FOXNEWS,Special Report With Bret Baier,FOXNEWSW_20130816_220000_Special_Report_With_Bret_Baier,https://archive.org/download/FOXNEWSW_20130816_220000_Special_Report_With_Bret_Baier/FOXNEWSW_20130816_220000_Special_Report_With_Bret_Baier.thumbs/FOXNEWSW_20130816_220000_Special_Report_With_Bret_Baier_001035.jpg,"change deniers in department of interior. if you are a global warming skeptic and work for obama administration, by appointee or career civil service, better keep your mouth shut and not"
https://archive.org/details/FOXNEWSW_20130805_010000_Greta_Van_Susteren#start/3626/end/3661,8/5/2013 2:00:41,FOXNEWS,Greta Van Susteren,FOXNEWSW_20130805_010000_Greta_Van_Susteren,https://archive.org/download/FOXNEWSW_20130805_010000_Greta_Van_Susteren/FOXNEWSW_20130805_010000_Greta_Van_Susteren.thumbs/FOXNEWSW_20130805_010000_Greta_Van_Susteren_003615.jpg,"heading your way. and global warming will create bigger storms. dirty energy creates dirty weather. and the mosquitos will get. you it's itchy and i keep on itching it. what are the risks?"
https://archive.org/details/FOXNEWSW_20130827_200000_Your_World_With_Neil_Cavuto#start/3096/end/3131,8/27/2013 20:51:51,FOXNEWS,Your World With Neil Cavuto,FOXNEWSW_20130827_200000_Your_World_With_Neil_Cavuto,https://archive.org/download/FOXNEWSW_20130827_200000_Your_World_With_Neil_Cavuto/FOXNEWSW_20130827_200000_Your_World_With_Neil_Cavuto.thumbs/FOXNEWSW_20130827_200000_Your_World_With_Neil_Cavuto_003075.jpg,"meteorology, cold front, warm front. dewpoint questions and all of that? no dewpoint in there. oh, my gosh. that whole lecture on global warming, did you need to? there's no thermodynamics and"
https://archive.org/details/FOXNEWSW_20130816_100000_FOX_and_Friends#start/9803/end/9838,8/16/2013 12:43:38,FOXNEWS,FOX and Friends,FOXNEWSW_20130816_100000_FOX_and_Friends,https://archive.org/download/FOXNEWSW_20130816_100000_FOX_and_Friends/FOXNEWSW_20130816_100000_FOX_and_Friends.thumbs/FOXNEWSW_20130816_100000_FOX_and_Friends_009795.jpg,"we've all seen the commercials global warming is killing off the polar bears. despite reports, they are actually thriving. just talk to one. pooches and puppies. we are tired of being fed on!"
https://archive.org/details/FOXNEWSW_20130805_050000_Stossel#start/333/end/368,8/5/2013 5:05:48,FOXNEWS,Stossel,FOXNEWSW_20130805_050000_Stossel,https://archive.org/download/FOXNEWSW_20130805_050000_Stossel/FOXNEWSW_20130805_050000_Stossel.thumbs/FOXNEWSW_20130805_050000_Stossel_000315.jpg,"his eldest in texas and it is heartbreaking. john: now the most controversial whether myth i am told extreme weather is getting worse because of global warming. not just the raging fires"
https://archive.org/details/FOXNEWSW_20130805_020000_Stossel#start/28/end/63,8/5/2013 2:00:43,FOXNEWS,Stossel,FOXNEWSW_20130805_020000_Stossel,https://archive.org/download/FOXNEWSW_20130805_020000_Stossel/FOXNEWSW_20130805_020000_Stossel.thumbs/FOXNEWSW_20130805_020000_Stossel_000045.jpg,"and global warming will create bigger storms. dirty energy creates dirty weather. and the mosquitos will get. you it's itchy and i keep on itching it. what are the risks? what's the truth?"
https://archive.org/details/FOXNEWSW_20130817_200000_Americas_News_Headquarters#start/5456/end/5491,8/17/2013 21:31:11,FOXNEWS,Americas News Headquarters,FOXNEWSW_20130817_200000_Americas_News_Headquarters,https://archive.org/download/FOXNEWSW_20130817_200000_Americas_News_Headquarters/FOXNEWSW_20130817_200000_Americas_News_Headquarters.thumbs/FOXNEWSW_20130817_200000_Americas_News_Headquarters_005445.jpg,"did somebody answer my question about clean air and clean water? the one that richard nixon passed? the one that was amended to be improved. since global warming is essentially dead thanks to"
https://archive.org/details/FOXNEWSW_20130805_070000_Stossel#start/333/end/368,8/5/2013 7:05:48,FOXNEWS,Stossel,FOXNEWSW_20130805_070000_Stossel,https://archive.org/download/FOXNEWSW_20130805_070000_Stossel/FOXNEWSW_20130805_070000_Stossel.thumbs/FOXNEWSW_20130805_070000_Stossel_000315.jpg,"his eldest in texas and it is heartbreaking. john: now the most controversial whether myth i am told extreme weather is getting worse because of global warming. not just the raging fires"
https://archive.org/details/FOXNEWSW_20130817_150000_Forbes_on_FOX#start/820/end/855,8/17/2013 15:13:55,FOXNEWS,Forbes on FOX,FOXNEWSW_20130817_150000_Forbes_on_FOX,https://archive.org/download/FOXNEWSW_20130817_150000_Forbes_on_FOX/FOXNEWSW_20130817_150000_Forbes_on_FOX.thumbs/FOXNEWSW_20130817_150000_Forbes_on_FOX_000795.jpg,"david: did we find out that the keystone pipeline is not a solution problem. there is a new record revealing that the proposal to expand it will not impact greenhouse gas emissions. steve york you say it makes it impossible for the president to justify delaying the project any longer."
https://archive.org/details/FOXNEWSW_20130803_020000_Greta_Van_Susteren#start/3329/end/3364,8/3/2013 2:55:44,FOXNEWS,Greta Van Susteren,FOXNEWSW_20130803_020000_Greta_Van_Susteren,https://archive.org/download/FOXNEWSW_20130803_020000_Greta_Van_Susteren/FOXNEWSW_20130803_020000_Greta_Van_Susteren.thumbs/FOXNEWSW_20130803_020000_Greta_Van_Susteren_003315.jpg,"destroying the planet with global warming, capitalism, power, consumption of resources and they're about cutting the country down to size. people like me think the united states is the solution to problems around the world."
https://archive.org/details/FOXNEWSW_20130805_040000_Greta_Van_Susteren#start/3329/end/3364,8/5/2013 4:55:44,FOXNEWS,Greta Van Susteren,FOXNEWSW_20130805_040000_Greta_Van_Susteren,https://archive.org/download/FOXNEWSW_20130805_040000_Greta_Van_Susteren/FOXNEWSW_20130805_040000_Greta_Van_Susteren.thumbs/FOXNEWSW_20130805_040000_Greta_Van_Susteren_003315.jpg,"destroying the planet with global warming, capitalism, power, consumption of resources and they're about cutting the country down to size. people like me think the united states is the solution to problems around the world."
https://archive.org/details/FOXNEWSW_20130805_080000_Greta_Van_Susteren#start/3328/end/3363,8/5/2013 8:55:43,FOXNEWS,Greta Van Susteren,FOXNEWSW_20130805_080000_Greta_Van_Susteren,https://archive.org/download/FOXNEWSW_20130805_080000_Greta_Van_Susteren/FOXNEWSW_20130805_080000_Greta_Van_Susteren.thumbs/FOXNEWSW_20130805_080000_Greta_Van_Susteren_003315.jpg,"destroying the planet with global warming, capitalism, power, consumption of resources and they're about cutting the country down to size. people like me think the united states is the solution to problems around the world."
https://archive.org/details/FOXNEWSW_20130803_050000_Greta_Van_Susteren#start/3327/end/3362,8/3/2013 5:55:42,FOXNEWS,Greta Van Susteren,FOXNEWSW_20130803_050000_Greta_Van_Susteren,https://archive.org/download/FOXNEWSW_20130803_050000_Greta_Van_Susteren/FOXNEWSW_20130803_050000_Greta_Van_Susteren.thumbs/FOXNEWSW_20130803_050000_Greta_Van_Susteren_003315.jpg,"and that united states is destroying the planet with global warming with our capitalism, with our wanton consumption of resources. they're about cutting this country down to size. people like me think the united"
https://archive.org/details/FOXNEWSW_20130817_000000_The_OReilly_Factor#start/2092/end/2127,8/17/2013 0:35:07,FOXNEWS,The OReilly Factor,FOXNEWSW_20130817_000000_The_OReilly_Factor,https://archive.org/download/FOXNEWSW_20130817_000000_The_OReilly_Factor/FOXNEWSW_20130817_000000_The_OReilly_Factor.thumbs/FOXNEWSW_20130817_000000_The_OReilly_Factor_002085.jpg,"he still is conservative. pretty good on taxes. you know, he palled -- palled around with clinton. tea party really supported him. how about major things like global warming? i'm not so sure is he as"
https://archive.org/details/FOXNEWSW_20130816_150000_Happening_Now#start/4295/end/4330,8/16/2013 16:11:50,FOXNEWS,Happening Now,FOXNEWSW_20130816_150000_Happening_Now,https://archive.org/download/FOXNEWSW_20130816_150000_Happening_Now/FOXNEWSW_20130816_150000_Happening_Now.thumbs/FOXNEWSW_20130816_150000_Happening_Now_004275.jpg,"prevent being overwhelmed we mails from the public, john. jon: and the interior secretary has had remarkable things to say about global warming of late. reporter: yeah. it's reflective of what critics say is administration arrogance"
https://archive.org/details/FOXNEWSW_20130805_050000_Stossel#start/653/end/688,8/5/2013 5:11:08,FOXNEWS,Stossel,FOXNEWSW_20130805_050000_Stossel,https://archive.org/download/FOXNEWSW_20130805_050000_Stossel/FOXNEWSW_20130805_050000_Stossel.thumbs/FOXNEWSW_20130805_050000_Stossel_000645.jpg,"but to either of you not drive a car or say we can do anything about this in terms of not causing global warming? i have lived through nine and of the world environmental apocalypse beginning with the silent"
https://archive.org/details/FOXNEWSW_20130805_020000_Stossel#start/651/end/686,8/5/2013 2:11:06,FOXNEWS,Stossel,FOXNEWSW_20130805_020000_Stossel,https://archive.org/download/FOXNEWSW_20130805_020000_Stossel/FOXNEWSW_20130805_020000_Stossel.thumbs/FOXNEWSW_20130805_020000_Stossel_000645.jpg,"but do either of you not drive a car or say we can do anything about this in terms of not causing global warming? i could short on apocalyptic futures. i've lived through nine end of the world environmental"
https://archive.org/details/FOXNEWSW_20130805_070000_Stossel#start/653/end/688,8/5/2013 7:11:08,FOXNEWS,Stossel,FOXNEWSW_20130805_070000_Stossel,https://archive.org/download/FOXNEWSW_20130805_070000_Stossel/FOXNEWSW_20130805_070000_Stossel.thumbs/FOXNEWSW_20130805_070000_Stossel_000645.jpg,"but to either of you not drive a car or say we can do anything about this in terms of not causing global warming? i have lived through nine and of the world environmental apocalypse beginning with the silent"
https://archive.org/details/FOXNEWSW_20130805_020000_Stossel#start/341/end/376,8/5/2013 2:05:56,FOXNEWS,Stossel,FOXNEWSW_20130805_020000_Stossel,https://archive.org/download/FOXNEWSW_20130805_020000_Stossel/FOXNEWSW_20130805_020000_Stossel.thumbs/FOXNEWSW_20130805_020000_Stossel_000315.jpg,"now the most controversial weather myth. i'm told extreme weather is getting worse because of global warming. none can avoid the devastating impact of raging fires and crippling drought and more powerful storms. raging fires, drought, more powerful storms."
https://archive.org/details/FOXNEWSW_20130822_070000_Red_Eye#start/2735/end/2770,8/22/2013 7:45:50,FOXNEWS,Red Eye,FOXNEWSW_20130822_070000_Red_Eye,https://archive.org/download/FOXNEWSW_20130822_070000_Red_Eye/FOXNEWSW_20130822_070000_Red_Eye.thumbs/FOXNEWSW_20130822_070000_Red_Eye_002715.jpg,"you do learn a lot about clouds. it is a great>> and do you blamr global warming in the book? how much time do we have? very well done. thank you. thanks for adding to my work."
https://archive.org/details/FOXNEWSW_20130805_080000_Greta_Van_Susteren#start/1397/end/1432,8/5/2013 8:23:32,FOXNEWS,Greta Van Susteren,FOXNEWSW_20130805_080000_Greta_Van_Susteren,https://archive.org/download/FOXNEWSW_20130805_080000_Greta_Van_Susteren/FOXNEWSW_20130805_080000_Greta_Van_Susteren.thumbs/FOXNEWSW_20130805_080000_Greta_Van_Susteren_001395.jpg,"the global warming debate has been about it, but we've got to stop importing so much oil. every party, republicans, democrats, it's been a mantra. there's an oil boom going on in one of the dakotas. i always get confused which one."
https://archive.org/details/FOXNEWSW_20130803_020000_Greta_Van_Susteren#start/1391/end/1426,8/3/2013 2:23:26,FOXNEWS,Greta Van Susteren,FOXNEWSW_20130803_020000_Greta_Van_Susteren,https://archive.org/download/FOXNEWSW_20130803_020000_Greta_Van_Susteren/FOXNEWSW_20130803_020000_Greta_Van_Susteren.thumbs/FOXNEWSW_20130803_020000_Greta_Van_Susteren_001365.jpg,"the late '60s, early '70s. we've been hearing we've got to stop our dependence on foreign oil. right? we've got to stop this. the global warming debate has been about it, but we've got to stop importing so much oil. every party, republicans,"
https://archive.org/details/FOXNEWSW_20130805_040000_Greta_Van_Susteren#start/1393/end/1428,8/5/2013 4:23:28,FOXNEWS,Greta Van Susteren,FOXNEWSW_20130805_040000_Greta_Van_Susteren,https://archive.org/download/FOXNEWSW_20130805_040000_Greta_Van_Susteren/FOXNEWSW_20130805_040000_Greta_Van_Susteren.thumbs/FOXNEWSW_20130805_040000_Greta_Van_Susteren_001365.jpg,"we've been hearing we've got to stop our dependence on foreign oil. right? we've got to stop this. the global warming debate has been about it, but we've got to stop importing so much oil. every party, republicans, democrats, it's been a mantra."
https://archive.org/details/FOXNEWSW_20130817_030000_The_OReilly_Factor#start/2093/end/2128,8/17/2013 3:35:08,FOXNEWS,The OReilly Factor,FOXNEWSW_20130817_030000_The_OReilly_Factor,https://archive.org/download/FOXNEWSW_20130817_030000_The_OReilly_Factor/FOXNEWSW_20130817_030000_The_OReilly_Factor.thumbs/FOXNEWSW_20130817_030000_The_OReilly_Factor_002085.jpg,"he still is conservative. pretty good on taxes. you know, he palled -- palled around with clinton. tea party really supported him. how about major things like global warming? i'm not so sure is he as strong as you think he is"
https://archive.org/details/FOXNEWSW_20130817_060000_The_Five#start/5186/end/5221,8/17/2013 7:26:41,FOXNEWS,The Five,FOXNEWSW_20130817_060000_The_Five,https://archive.org/download/FOXNEWSW_20130817_060000_The_Five/FOXNEWSW_20130817_060000_The_Five.thumbs/FOXNEWSW_20130817_060000_The_Five_003645.jpg,"global warming, they would be oh, we're for that. somebody answer the question about clean air and clean water the republicans try to take down. you mean the one richard nixon passed? yes. was amended to be improved under the republicans? hey, eric."
https://archive.org/details/FOXNEWSW_20130816_170000_America_Live#start/6357/end/6392,8/16/2013 18:46:12,FOXNEWS,America Live,FOXNEWSW_20130816_170000_America_Live,https://archive.org/download/FOXNEWSW_20130816_170000_America_Live/FOXNEWSW_20130816_170000_America_Live.thumbs/FOXNEWSW_20130816_170000_America_Live_006345.jpg,"and the administrator said they will toll rate no dissents about climb change. i hope there are no deniers in the department of the interior. they're saying if you are a global warming skeptic and work for the obama administration"
https://archive.org/details/FOXNEWSW_20130805_020000_Stossel#start/371/end/406,8/5/2013 2:06:26,FOXNEWS,Stossel,FOXNEWSW_20130805_020000_Stossel,https://archive.org/download/FOXNEWSW_20130805_020000_Stossel/FOXNEWSW_20130805_020000_Stossel.thumbs/FOXNEWSW_20130805_020000_Stossel_000345.jpg,"the cato institute. pat, should i be so scared as the president suggests? that's so 20th century. what's happened in the last ten years is global warming, particularly in the last two years, have begun to come down."
https://archive.org/details/FOXNEWSW_20130816_210000_The_Five#start/1854/end/1889,8/16/2013 21:31:09,FOXNEWS,The Five,FOXNEWSW_20130816_210000_The_Five,https://archive.org/download/FOXNEWSW_20130816_210000_The_Five/FOXNEWSW_20130816_210000_The_Five.thumbs/FOXNEWSW_20130816_210000_The_Five_001845.jpg,"global warming, they would be oh, we're for that. somebody answer the question about clean air and clean water the republicans try to take down. you mean the one richard nixon passed? yes. was amended to be improved under the republicans? hey, eric."
https://archive.org/details/FOXNEWSW_20130805_020000_Stossel#start/122/end/157,8/5/2013 2:02:17,FOXNEWS,Stossel,FOXNEWSW_20130805_020000_Stossel,https://archive.org/download/FOXNEWSW_20130805_020000_Stossel/FOXNEWSW_20130805_020000_Stossel.thumbs/FOXNEWSW_20130805_020000_Stossel_000105.jpg,"mention global warming, the oceans are warmer, hurricanes need warm ocean waters to fuel themselves with. i would think they would be worse. to get stronger, to form. there are counterveiling forces when water gets warmer that even the experts don't"
https://archive.org/details/FOXNEWSW_20130822_100000_FOX_and_Friends#start/2201/end/2236,8/22/2013 10:36:56,FOXNEWS,FOX and Friends,FOXNEWSW_20130822_100000_FOX_and_Friends,https://archive.org/download/FOXNEWSW_20130822_100000_FOX_and_Friends/FOXNEWSW_20130822_100000_FOX_and_Friends.thumbs/FOXNEWSW_20130822_100000_FOX_and_Friends_002175.jpg,"now syria has crossed it. it happened at the same time that a team was there to investigate a previous attack site. al gore comparing critics of global warming to racists. the sit down interview with 'the washington post,' gore was asked"
https://archive.org/details/FOXNEWSW_20130822_100000_FOX_and_Friends#start/2247/end/2282,8/22/2013 10:37:42,FOXNEWS,FOX and Friends,FOXNEWSW_20130822_100000_FOX_and_Friends,https://archive.org/download/FOXNEWSW_20130822_100000_FOX_and_Friends/FOXNEWSW_20130822_100000_FOX_and_Friends.thumbs/FOXNEWSW_20130822_100000_FOX_and_Friends_002235.jpg,"reports contradicting al gore's claims on global warming. the science is not settled. we made a ton of money off it. he has. well, if you ever got stuck on a plane with crying children, it's probably one of the worst"
https://archive.org/details/FOXNEWSW_20130805_010000_Greta_Van_Susteren#start/497/end/532,8/5/2013 1:08:32,FOXNEWS,Greta Van Susteren,FOXNEWSW_20130805_010000_Greta_Van_Susteren,https://archive.org/download/FOXNEWSW_20130805_010000_Greta_Van_Susteren/FOXNEWSW_20130805_010000_Greta_Van_Susteren.thumbs/FOXNEWSW_20130805_010000_Greta_Van_Susteren_000495.jpg,"quotes of what he said in 2002, 2005, twfn about health care, give you quotes about what he said about global warming and all these things that they are irrelevant. what you have to do is watch what he does. he's always going to tell you"
https://archive.org/details/FOXNEWSW_20130805_010000_Greta_Van_Susteren#start/1385/end/1420,8/5/2013 1:23:20,FOXNEWS,Greta Van Susteren,FOXNEWSW_20130805_010000_Greta_Van_Susteren,https://archive.org/download/FOXNEWSW_20130805_010000_Greta_Van_Susteren/FOXNEWSW_20130805_010000_Greta_Van_Susteren.thumbs/FOXNEWSW_20130805_010000_Greta_Van_Susteren_001365.jpg,"for all of our lives ever since the late '60s to early '70s we've been hearing we've got to stop our dependence on foreign oil, right? we've got to stop this. we've got to -- the global warming debate has been about it, but we've got to stop"
https://archive.org/details/FOXNEWSW_20130827_200000_Your_World_With_Neil_Cavuto#start/3114/end/3149,8/27/2013 20:52:09,FOXNEWS,Your World With Neil Cavuto,FOXNEWSW_20130827_200000_Your_World_With_Neil_Cavuto,https://archive.org/download/FOXNEWSW_20130827_200000_Your_World_With_Neil_Cavuto/FOXNEWSW_20130827_200000_Your_World_With_Neil_Cavuto.thumbs/FOXNEWSW_20130827_200000_Your_World_With_Neil_Cavuto_003105.jpg,"global warming in there. however, if kids want to go a step further, they can, they can see the definitions. i made them simple enough for parents to understand and for kids to be able to understand what's happening outside. parents don't have a grasp on"
https://archive.org/details/FOXNEWSW_20130817_060000_The_Five#start/5171/end/5206,8/17/2013 7:26:26,FOXNEWS,The Five,FOXNEWSW_20130817_060000_The_Five,https://archive.org/download/FOXNEWSW_20130817_060000_The_Five/FOXNEWSW_20130817_060000_The_Five.thumbs/FOXNEWSW_20130817_060000_The_Five_003645.jpg,"eat the rice. how many would die without the clean air and clean water act? you want to know how to get the green activists to be for genetically modified food? tell them it will save global warming. if it would do something for"
https://archive.org/details/FOXNEWSW_20130817_150000_Forbes_on_FOX#start/904/end/939,8/17/2013 15:15:19,FOXNEWS,Forbes on FOX,FOXNEWSW_20130817_150000_Forbes_on_FOX,https://archive.org/download/FOXNEWSW_20130817_150000_Forbes_on_FOX/FOXNEWSW_20130817_150000_Forbes_on_FOX.thumbs/FOXNEWSW_20130817_150000_Forbes_on_FOX_000885.jpg,"environmentalists worry about global warming calling it a massive human delusion. it's an arrogant solution also. in this case, if you want to fix the environment the best way is grow to economy. if the private sector wants this, it will lead to a healthier economy, healthy"
https://archive.org/details/FOXNEWSW_20130811_100000_FOX_and_Friends_Sunday#start/5055/end/5090,8/11/2013 11:24:30,FOXNEWS,FOX and Friends Sunday,FOXNEWSW_20130811_100000_FOX_and_Friends_Sunday,https://archive.org/download/FOXNEWSW_20130811_100000_FOX_and_Friends_Sunday/FOXNEWSW_20130811_100000_FOX_and_Friends_Sunday.thumbs/FOXNEWSW_20130811_100000_FOX_and_Friends_Sunday_005055.jpg,"a new study claims increased temperatures caused by global warming could lead to 50% increase in violent conflict in wars by the year 2050. so does this study have any legs to stand on or is it hot air? joining us fair and balanced"
https://archive.org/details/FOXNEWSW_20130816_210000_The_Five#start/1839/end/1874,8/16/2013 21:30:54,FOXNEWS,The Five,FOXNEWSW_20130816_210000_The_Five,https://archive.org/download/FOXNEWSW_20130816_210000_The_Five/FOXNEWSW_20130816_210000_The_Five.thumbs/FOXNEWSW_20130816_210000_The_Five_001815.jpg,"eat the rice. how many would die without the clean air and clean water act? you want to know how to get the green activists to be for genetically modified food? tell them it will save global warming. if it would do something for"
https://archive.org/details/FOXNEWSW_20130816_220000_Special_Report_With_Bret_Baier#start/986/end/1021,8/16/2013 22:16:41,FOXNEWS,Special Report With Bret Baier,FOXNEWSW_20130816_220000_Special_Report_With_Bret_Baier,https://archive.org/download/FOXNEWSW_20130816_220000_Special_Report_With_Bret_Baier/FOXNEWSW_20130816_220000_Special_Report_With_Bret_Baier.thumbs/FOXNEWSW_20130816_220000_Special_Report_With_Bret_Baier_000975.jpg,"everything that u.n. treaties and cap and trade could achieve through the in visibility of regulation. reporter: but the battle against global warming encountered a head wind, in a suit brought by the landmark legal foundation, a federal judge ruled the epa response to"
https://archive.org/details/FOXNEWSW_20130816_220000_Special_Report_With_Bret_Baier#start/2738/end/2773,8/16/2013 22:45:53,FOXNEWS,Special Report With Bret Baier,FOXNEWSW_20130816_220000_Special_Report_With_Bret_Baier,https://archive.org/download/FOXNEWSW_20130816_220000_Special_Report_With_Bret_Baier/FOXNEWSW_20130816_220000_Special_Report_With_Bret_Baier.thumbs/FOXNEWSW_20130816_220000_Special_Report_With_Bret_Baier_002715.jpg,"we haven't had global warming in a significant way in 15 years. some predict a mini ice age. by the way, reflecting back, kirsten, a lot of people idea with your idea on bing pulse that there have you been investigation of nsa and a lot"
https://archive.org/details/FOXNEWSW_20130826_100000_FOX_and_Friends#start/10786/end/10821,8/26/2013 13:00:01,FOXNEWS,FOX and Friends,FOXNEWSW_20130826_100000_FOX_and_Friends,https://archive.org/download/FOXNEWSW_20130826_100000_FOX_and_Friends/FOXNEWSW_20130826_100000_FOX_and_Friends.thumbs/FOXNEWSW_20130826_100000_FOX_and_Friends_010785.jpg,"it will. that's what they're saying. below average. we know it's supposed to be cold during the winter months, but below the normal levels. anna: basically proving global warming? right. brian: all right. tomorrow michael reagan will be here. laura ingraham will be here and"
https://archive.org/details/FOXNEWSW_20130805_080000_Greta_Van_Susteren#start/505/end/540,8/5/2013 8:08:40,FOXNEWS,Greta Van Susteren,FOXNEWSW_20130805_080000_Greta_Van_Susteren,https://archive.org/download/FOXNEWSW_20130805_080000_Greta_Van_Susteren/FOXNEWSW_20130805_080000_Greta_Van_Susteren.thumbs/FOXNEWSW_20130805_080000_Greta_Van_Susteren_000495.jpg,"he said about global warming and all these things that they're irrelevant. what you have to do is watch what he does. he's always going to tell you he's not doing what he's doing. he's always going to position himself as having nothing to do with what's happening: he's"
https://archive.org/details/FOXNEWSW_20130816_150000_Happening_Now#start/4326/end/4361,8/16/2013 16:12:21,FOXNEWS,Happening Now,FOXNEWSW_20130816_150000_Happening_Now,https://archive.org/download/FOXNEWSW_20130816_150000_Happening_Now/FOXNEWSW_20130816_150000_Happening_Now.thumbs/FOXNEWSW_20130816_150000_Happening_Now_004305.jpg,"where the perm ma frost is melting, go into the sierra which used to retain a lot more water in its frozen form. reporter: but dissent is growing. it is prompted in part by new measurements that show global warming has basically stalled for the last 15 years, and"
https://archive.org/details/FOXNEWSW_20130803_050000_Greta_Van_Susteren#start/1397/end/1432,8/3/2013 5:23:32,FOXNEWS,Greta Van Susteren,FOXNEWSW_20130803_050000_Greta_Van_Susteren,https://archive.org/download/FOXNEWSW_20130803_050000_Greta_Van_Susteren/FOXNEWSW_20130803_050000_Greta_Van_Susteren.thumbs/FOXNEWSW_20130803_050000_Greta_Van_Susteren_001395.jpg,"we've got to stop this. we've got -- the global warming debate has been about it. but we've got to stop importing so much oil. every party, republicans, democrats, it's been a mantra. well, there's an oil boom going on in one of the dakotas. i always get confused which one."
https://archive.org/details/FOXNEWSW_20130803_030000_The_OReilly_Factor#start/2669/end/2704,8/3/2013 3:44:44,FOXNEWS,The OReilly Factor,FOXNEWSW_20130803_030000_The_OReilly_Factor,https://archive.org/download/FOXNEWSW_20130803_030000_The_OReilly_Factor/FOXNEWSW_20130803_030000_The_OReilly_Factor.thumbs/FOXNEWSW_20130803_030000_The_OReilly_Factor_002655.jpg,"conditioned to better behavior. yes. you know funny thing is that you know you will be nudged to combat things like global warming but there will be no nothing to start a business or perhaps not to have children when you aren't married because they'll never make value judgments only"
https://archive.org/details/FOXNEWSW_20130805_020000_Stossel#start/59/end/94,8/5/2013 2:01:14,FOXNEWS,Stossel,FOXNEWSW_20130805_020000_Stossel,https://archive.org/download/FOXNEWSW_20130805_020000_Stossel/FOXNEWSW_20130805_020000_Stossel.thumbs/FOXNEWSW_20130805_020000_Stossel_000045.jpg,"i'm told that because of global warming there are more hurricanes, and that hurricanes are stronger, and, of course, we know you're supposed to put masking tape on your windows in the shape of an 'x' or an asterix to reinforce the glass. so most of us understand that"
https://archive.org/details/FOXNEWSW_20130816_150000_Happening_Now#start/5079/end/5114,8/16/2013 16:24:54,FOXNEWS,Happening Now,FOXNEWSW_20130816_150000_Happening_Now,https://archive.org/download/FOXNEWSW_20130816_150000_Happening_Now/FOXNEWSW_20130816_150000_Happening_Now.thumbs/FOXNEWSW_20130816_150000_Happening_Now_005055.jpg,"jobs, but there is a risk. dan springer is live in seattle. tell us about the stakes here. reporter: well, of course, whenever you talk about oil, there's a lot at stake. you've got tax revenue, jobs, gas prices, and green groups say global warming, and that's why"
https://archive.org/details/FOXNEWSW_20130820_210000_The_Five#start/2595/end/2630,8/20/2013 21:43:30,FOXNEWS,The Five,FOXNEWSW_20130820_210000_The_Five,https://archive.org/download/FOXNEWSW_20130820_210000_The_Five/FOXNEWSW_20130820_210000_The_Five.thumbs/FOXNEWSW_20130820_210000_The_Five_002595.jpg,"embarrassing, it is not attractive. maybe the fashion designers will figure it out, you'll have cute bags. what if you don't want to go home. this is a global warming problem. they'll cause more transportation. you have to go home, get your bag, go to the hamptons, for"
https://archive.org/details/FOXNEWSW_20130817_020000_Greta_Van_Susteren#start/540/end/575,8/17/2013 2:09:15,FOXNEWS,Greta Van Susteren,FOXNEWSW_20130817_020000_Greta_Van_Susteren,https://archive.org/download/FOXNEWSW_20130817_020000_Greta_Van_Susteren/FOXNEWSW_20130817_020000_Greta_Van_Susteren.thumbs/FOXNEWSW_20130817_020000_Greta_Van_Susteren_000525.jpg,"done. they do think that this climate change issue and its impacts are fundamentally an economic challenge. they are fundamentally an economic challenge and i think that the president recognizes"
https://archive.org/details/FOXNEWSW_20130803_020000_Greta_Van_Susteren#start/503/end/538,8/3/2013 2:08:38,FOXNEWS,Greta Van Susteren,FOXNEWSW_20130803_020000_Greta_Van_Susteren,https://archive.org/download/FOXNEWSW_20130803_020000_Greta_Van_Susteren/FOXNEWSW_20130803_020000_Greta_Van_Susteren.thumbs/FOXNEWSW_20130803_020000_Greta_Van_Susteren_000495.jpg,"health care. i can give you quotes about what he said about global warming and all these things that they're irrelevant. what you have to do is watch what he does. he's always going to tell you he's not doing what he's doing. he's always going to position himself as having nothing to do"
https://archive.org/details/FOXNEWSW_20130803_050000_Greta_Van_Susteren#start/497/end/532,8/3/2013 5:08:32,FOXNEWS,Greta Van Susteren,FOXNEWSW_20130803_050000_Greta_Van_Susteren,https://archive.org/download/FOXNEWSW_20130803_050000_Greta_Van_Susteren/FOXNEWSW_20130803_050000_Greta_Van_Susteren.thumbs/FOXNEWSW_20130803_050000_Greta_Van_Susteren_000495.jpg,"so he's out there -- i could give you quotes of what he said in 2002, 2005, 2007 about health care. i could give you quotes of what he said about global warming and all these things that they're irrelevant. what you have to do is watch what he does. he's always going to tell you"
https://archive.org/details/FOXNEWSW_20130817_050000_Greta_Van_Susteren#start/518/end/553,8/17/2013 5:08:53,FOXNEWS,Greta Van Susteren,FOXNEWSW_20130817_050000_Greta_Van_Susteren,https://archive.org/download/FOXNEWSW_20130817_050000_Greta_Van_Susteren/FOXNEWSW_20130817_050000_Greta_Van_Susteren.thumbs/FOXNEWSW_20130817_050000_Greta_Van_Susteren_000495.jpg,"it's becoming a habit. president obama trying to make an end run around congress. yet again. in june, president obama vowed to make climate change a priority of his second term and"
https://archive.org/details/FOXNEWSW_20130810_070000_Red_Eye#start/1895/end/1930,8/10/2013 7:31:50,FOXNEWS,Red Eye,FOXNEWSW_20130810_070000_Red_Eye,https://archive.org/download/FOXNEWSW_20130810_070000_Red_Eye/FOXNEWSW_20130810_070000_Red_Eye.thumbs/FOXNEWSW_20130810_070000_Red_Eye_001875.jpg,"the burgers i am scared of pea -- peta. i'm sure it is a fabulous idea and sort out climate change and world hunger. the fact they are crunchy i won't say a word. they frighten me."
https://archive.org/details/FOXNEWSW_20130816_220000_Special_Report_With_Bret_Baier#start/2608/end/2643,8/16/2013 22:43:43,FOXNEWS,Special Report With Bret Baier,FOXNEWSW_20130816_220000_Special_Report_With_Bret_Baier,https://archive.org/download/FOXNEWSW_20130816_220000_Special_Report_With_Bret_Baier/FOXNEWSW_20130816_220000_Special_Report_With_Bret_Baier.thumbs/FOXNEWSW_20130816_220000_Special_Report_With_Bret_Baier_002595.jpg,"i hope there are no climate change deniers in department of interior. if you don't believe in it, come out into the resources, go on to some land, go to alaska where the permafrost is, go to the"
https://archive.org/details/FOXNEWSW_20130816_170000_America_Live#start/6251/end/6286,8/16/2013 18:44:26,FOXNEWS,America Live,FOXNEWSW_20130816_170000_America_Live,https://archive.org/download/FOXNEWSW_20130816_170000_America_Live/FOXNEWSW_20130816_170000_America_Live.thumbs/FOXNEWSW_20130816_170000_America_Live_006225.jpg,"end run around congress. the agency moving to fulfill president obama's pledge to push his climate change agenda with or without the consent of lawmakers. doug, live in washington. good afternoon, greg. president obama said earlier"
https://archive.org/details/FOXNEWSW_20130816_130000_Americas_Newsroom#start/4021/end/4056,8/16/2013 14:07:16,FOXNEWS,Americas Newsroom,FOXNEWSW_20130816_130000_Americas_Newsroom,https://archive.org/download/FOXNEWSW_20130816_130000_Americas_Newsroom/FOXNEWSW_20130816_130000_Americas_Newsroom.thumbs/FOXNEWSW_20130816_130000_Americas_Newsroom_004005.jpg,"town of park city now 25% contained. fourteen houses have been lost this that area already. bill: so the head of the epa saying the obama administration will bypass congress on climate change legislation as it vows to"
https://archive.org/details/FOXNEWSW_20130806_070000_Red_Eye#start/1896/end/1931,8/6/2013 7:31:51,FOXNEWS,Red Eye,FOXNEWSW_20130806_070000_Red_Eye,https://archive.org/download/FOXNEWSW_20130806_070000_Red_Eye/FOXNEWSW_20130806_070000_Red_Eye.thumbs/FOXNEWSW_20130806_070000_Red_Eye_001875.jpg,"the burgers i am scared of pea -- peta. i'm sure it is a fabulous idea and sort out climate change and world hunger. the fact they are crunchy i won't say a word. they frighten me."
https://archive.org/details/FOXNEWSW_20130811_100000_FOX_and_Friends_Sunday#start/4769/end/4804,8/11/2013 11:19:44,FOXNEWS,FOX and Friends Sunday,FOXNEWSW_20130811_100000_FOX_and_Friends_Sunday,https://archive.org/download/FOXNEWSW_20130811_100000_FOX_and_Friends_Sunday/FOXNEWSW_20130811_100000_FOX_and_Friends_Sunday.thumbs/FOXNEWSW_20130811_100000_FOX_and_Friends_Sunday_004755.jpg,"thanks for joining us. thanks, tucker. could climate change make us violent. a new study warmer temperatures might lead to war ultimately. is that bogus? a fair and balanced debate coming up. would you sign up to go to"
https://archive.org/details/FOXNEWSW_20130816_170000_America_Live#start/6045/end/6080,8/16/2013 18:41:00,FOXNEWS,America Live,FOXNEWSW_20130816_170000_America_Live,https://archive.org/download/FOXNEWSW_20130816_170000_America_Live/FOXNEWSW_20130816_170000_America_Live.thumbs/FOXNEWSW_20130816_170000_America_Live_006045.jpg,"another executive order as the epa doubles down on the president's plan to crack down on climate change rules with an end run around congress. what this means for americans, jobs and more across our country."
https://archive.org/details/FOXNEWSW_20130816_170000_America_Live#start/6481/end/6516,8/16/2013 18:48:16,FOXNEWS,America Live,FOXNEWSW_20130816_170000_America_Live,https://archive.org/download/FOXNEWSW_20130816_170000_America_Live/FOXNEWSW_20130816_170000_America_Live.thumbs/FOXNEWSW_20130816_170000_America_Live_006465.jpg,"emissions are increasing. he recently said in the last ten years it's increased to levels where action is necessary. some argue, critics argue, it's a weather anomaly, it's not climate change and actually the numbers have remained fairly"
https://archive.org/details/FOXNEWSW_20130817_160000_Americas_News_Headquarters#start/2259/end/2294,8/17/2013 16:37:54,FOXNEWS,Americas News Headquarters,FOXNEWSW_20130817_160000_Americas_News_Headquarters,https://archive.org/download/FOXNEWSW_20130817_160000_Americas_News_Headquarters/FOXNEWSW_20130817_160000_Americas_News_Headquarters.thumbs/FOXNEWSW_20130817_160000_Americas_News_Headquarters_002235.jpg,"great scientists,ca they turned accepted wisdom on its head. yet, the obama administration seems to demonize people who are skeptical of the climate change. why do they do that? why do they reject the process"
https://archive.org/details/FOXNEWSW_20130805_020000_Stossel#start/90/end/125,8/5/2013 2:01:45,FOXNEWS,Stossel,FOXNEWSW_20130805_020000_Stossel,https://archive.org/download/FOXNEWSW_20130805_020000_Stossel/FOXNEWSW_20130805_020000_Stossel.thumbs/FOXNEWSW_20130805_020000_Stossel_000075.jpg,"what do you mean? i've always taped the windows, but let's start with the first one. i hear there are more hurricanes and that it makes sense, global warming, the water is warmer. it's worse. so a lot of people think that there are more hurricanes now than in the past, and that is absolutely false. there is no data to support"
https://archive.org/details/FOXNEWSW_20130816_150000_Happening_Now#start/2752/end/2787,8/16/2013 15:46:07,FOXNEWS,Happening Now,FOXNEWSW_20130816_150000_Happening_Now,https://archive.org/download/FOXNEWSW_20130816_150000_Happening_Now/FOXNEWSW_20130816_150000_Happening_Now.thumbs/FOXNEWSW_20130816_150000_Happening_Now_002745.jpg,"congress and move ahead with the president's climate change agenda. this despite fierce opposition from the gop. we'll tell you what is up there. heavy rain prompts a flash flood warning in parts of the midwest where the storm could be headed next?"
https://archive.org/details/FOXNEWSW_20130817_050000_Greta_Van_Susteren#start/536/end/571,8/17/2013 5:09:11,FOXNEWS,Greta Van Susteren,FOXNEWSW_20130817_050000_Greta_Van_Susteren,https://archive.org/download/FOXNEWSW_20130817_050000_Greta_Van_Susteren/FOXNEWSW_20130817_050000_Greta_Van_Susteren.thumbs/FOXNEWSW_20130817_050000_Greta_Van_Susteren_000525.jpg,"this week epa chief mccarthy saying that the president plans to bypass congress to get that done. they do think that this climate change issue and its impacts are fundamentally an economic challenge. they are fundamentally an economic challenge and i think"
https://archive.org/details/FOXNEWSW_20130816_170000_America_Live#start/6266/end/6301,8/16/2013 18:44:41,FOXNEWS,America Live,FOXNEWSW_20130816_170000_America_Live,https://archive.org/download/FOXNEWSW_20130816_170000_America_Live/FOXNEWSW_20130816_170000_America_Live.thumbs/FOXNEWSW_20130816_170000_America_Live_006255.jpg,"this summer he would not wait for congress to act on climate change. if there was any doubt he really meant it, epa administrator mccarthy said it this week. he said he wasn't going to wait for congress and he had"
https://archive.org/details/FOXNEWSW_20130823_220000_Special_Report_With_Bret_Baier#start/1877/end/1912,8/23/2013 22:31:32,FOXNEWS,Special Report With Bret Baier,FOXNEWSW_20130823_220000_Special_Report_With_Bret_Baier,https://archive.org/download/FOXNEWSW_20130823_220000_Special_Report_With_Bret_Baier/FOXNEWSW_20130823_220000_Special_Report_With_Bret_Baier.thumbs/FOXNEWSW_20130823_220000_Special_Report_With_Bret_Baier_001875.jpg,"al gore made a claim about climate change last week that had scientists and other experts scratching their heads. 'the washington post' says it's responsible for stronger storms saying the extreme events are more extreme. the hurricane scale used to be"
https://archive.org/details/FOXNEWSW_20130822_130000_Americas_Newsroom#start/2353/end/2388,8/22/2013 13:39:28,FOXNEWS,Americas Newsroom,FOXNEWSW_20130822_130000_Americas_Newsroom,https://archive.org/download/FOXNEWSW_20130822_130000_Americas_Newsroom/FOXNEWSW_20130822_130000_Americas_Newsroom.thumbs/FOXNEWSW_20130822_130000_Americas_Newsroom_002325.jpg,"monica and you are certainly right. the science is not settled. we're not clear on precise impact, but to me, nuclear, energy, nuclear power, nuclear weapons, climate change, these are issues for debate and rationale judgment. they're not like racial issues"
https://archive.org/details/FOXNEWSW_20130816_150000_Happening_Now#start/4187/end/4222,8/16/2013 16:10:02,FOXNEWS,Happening Now,FOXNEWSW_20130816_150000_Happening_Now,https://archive.org/download/FOXNEWSW_20130816_150000_Happening_Now/FOXNEWSW_20130816_150000_Happening_Now.thumbs/FOXNEWSW_20130816_150000_Happening_Now_004185.jpg,"medium, we just haven't don't found it yet. peter brooks, thanks so much more your expertise. jon: the head of the epa announcing new plans to move ahead with the president's climate change agenda, the obama administration will bypass be"
https://archive.org/details/FOXNEWSW_20130816_220000_Special_Report_With_Bret_Baier#start/2642/end/2677,8/16/2013 22:44:17,FOXNEWS,Special Report With Bret Baier,FOXNEWSW_20130816_220000_Special_Report_With_Bret_Baier,https://archive.org/download/FOXNEWSW_20130816_220000_Special_Report_With_Bret_Baier/FOXNEWSW_20130816_220000_Special_Report_With_Bret_Baier.thumbs/FOXNEWSW_20130816_220000_Special_Report_With_Bret_Baier_002625.jpg,"the direction of all sorts of issues in terms of climate change, i think that she was being very straightforward, that they probably aren't going to entertain alternative viewpoints and i don't know anybody would be surprised by that frankly."
https://archive.org/details/FOXNEWSW_20130817_020000_Greta_Van_Susteren#start/525/end/560,8/17/2013 2:09:00,FOXNEWS,Greta Van Susteren,FOXNEWSW_20130817_020000_Greta_Van_Susteren,https://archive.org/download/FOXNEWSW_20130817_020000_Greta_Van_Susteren/FOXNEWSW_20130817_020000_Greta_Van_Susteren.thumbs/FOXNEWSW_20130817_020000_Greta_Van_Susteren_000525.jpg,"president obama trying to make an end run around congress. yet again. in june, president obama vowed to make climate change a priority of his second term and this week epa chief mccarthy saying that the president plans to bypass congress to get that"
https://archive.org/details/FOXNEWSW_20130808_150000_Happening_Now#start/3269/end/3304,8/8/2013 15:54:44,FOXNEWS,Happening Now,FOXNEWSW_20130808_150000_Happening_Now,https://archive.org/download/FOXNEWSW_20130808_150000_Happening_Now/FOXNEWSW_20130808_150000_Happening_Now.thumbs/FOXNEWSW_20130808_150000_Happening_Now_003255.jpg,"planet. this only happens when the sun is particularly active. gregg: which is now. which is now. this kind of flip happens every 22 years. gregg: will we see more climate change here? normore clouds, auroras? what about auroras? this is time of solar"
https://archive.org/details/FOXNEWSW_20130816_130000_Americas_Newsroom#start/4067/end/4102,8/16/2013 14:08:02,FOXNEWS,Americas Newsroom,FOXNEWSW_20130816_130000_Americas_Newsroom,https://archive.org/download/FOXNEWSW_20130816_130000_Americas_Newsroom/FOXNEWSW_20130816_130000_Americas_Newsroom.thumbs/FOXNEWSW_20130816_130000_Americas_Newsroom_004065.jpg,"say this week, administrator mccarthy of the epa has announced her plan to circumvent congress and carry out the president's regulatory climate change agenda. he said that he wasn't going to wait for congress, but that he had administrative authorities, and it was time to"
https://archive.org/details/FOXNEWSW_20130822_130000_Americas_Newsroom#start/2306/end/2341,8/22/2013 13:38:41,FOXNEWS,Americas Newsroom,FOXNEWSW_20130822_130000_Americas_Newsroom,https://archive.org/download/FOXNEWSW_20130822_130000_Americas_Newsroom/FOXNEWSW_20130822_130000_Americas_Newsroom.thumbs/FOXNEWSW_20130822_130000_Americas_Newsroom_002295.jpg,"hyperbole especially when he is realizes not only is he losing the argument on climate change but losing the science because the science is not settled. nowhere near settled. gregg: it is not settled, doug to that point, it is obvious man and industry emit carbons, but"
https://archive.org/details/FOXNEWSW_20130822_130000_Americas_Newsroom#start/2336/end/2371,8/22/2013 13:39:11,FOXNEWS,Americas Newsroom,FOXNEWSW_20130822_130000_Americas_Newsroom,https://archive.org/download/FOXNEWSW_20130822_130000_Americas_Newsroom/FOXNEWSW_20130822_130000_Americas_Newsroom.thumbs/FOXNEWSW_20130822_130000_Americas_Newsroom_002325.jpg,"no, i don't think it is constructive. on the other hand there will be a new u.n. report coming out next month or so that shows the balance of the evidence is suggesting that climate change, that man-made efforts are in fact degrading our environment."
https://archive.org/details/FOXNEWSW_20130816_170000_America_Live#start/6466/end/6501,8/16/2013 18:48:01,FOXNEWS,America Live,FOXNEWSW_20130816_170000_America_Live,https://archive.org/download/FOXNEWSW_20130816_170000_America_Live/FOXNEWSW_20130816_170000_America_Live.thumbs/FOXNEWSW_20130816_170000_America_Live_006465.jpg,"this war on coal. julian, before you answer that question or see that impact, do you have to really take a closer look whether or not climate change exists. the president is insisting as the epa director, the time to act is now because these"
https://archive.org/details/FOXNEWSW_20130810_160000_Americas_News_Headquarters#start/2771/end/2806,8/10/2013 16:46:26,FOXNEWS,Americas News Headquarters,FOXNEWSW_20130810_160000_Americas_News_Headquarters,https://archive.org/download/FOXNEWSW_20130810_160000_Americas_News_Headquarters/FOXNEWSW_20130810_160000_Americas_News_Headquarters.thumbs/FOXNEWSW_20130810_160000_Americas_News_Headquarters_002745.jpg,"and all the water on the surface? that is what we'll find, i believe when we go to the mountain. the mountain will tell us that it has pages in a history book what happened geologically. and what kind of climate change occurred that made mars"
https://archive.org/details/FOXNEWSW_20130822_130000_Americas_Newsroom#start/2459/end/2494,8/22/2013 13:41:14,FOXNEWS,Americas Newsroom,FOXNEWSW_20130822_130000_Americas_Newsroom,https://archive.org/download/FOXNEWSW_20130822_130000_Americas_Newsroom/FOXNEWSW_20130822_130000_Americas_Newsroom.thumbs/FOXNEWSW_20130822_130000_Americas_Newsroom_002445.jpg,"on jewel 18th held a big senate hearing on climate change. they had a bunch of experts there, all of them were asked do you any of you agree with president obama's claim that climate is accelerating, temperatures are accelerating over the last 10 years."
https://archive.org/details/FOXNEWSW_20130816_220000_Special_Report_With_Bret_Baier#start/1879/end/1914,8/16/2013 22:31:34,FOXNEWS,Special Report With Bret Baier,FOXNEWSW_20130816_220000_Special_Report_With_Bret_Baier,https://archive.org/download/FOXNEWSW_20130816_220000_Special_Report_With_Bret_Baier/FOXNEWSW_20130816_220000_Special_Report_With_Bret_Baier.thumbs/FOXNEWSW_20130816_220000_Special_Report_With_Bret_Baier_001875.jpg,"the second term obama administration will make climate change a priority, he said. jimmy carter had solar panels installed, they came down during the reagan years, and george w. bush put them back up. this will be the first time solar has been used for a president's living quarters."
https://archive.org/details/FOXNEWSW_20130816_170000_America_Live#start/5325/end/5360,8/16/2013 18:29:00,FOXNEWS,America Live,FOXNEWSW_20130816_170000_America_Live,https://archive.org/download/FOXNEWSW_20130816_170000_America_Live/FOXNEWSW_20130816_170000_America_Live.thumbs/FOXNEWSW_20130816_170000_America_Live_005325.jpg,"jamie. on another note, growing worries about the environmental protection agency's new plans to get this, bypass congress, and go ahead with the president's new climate change rules. we will look at the effect this could have on americans from coast-to-coast. that's coming up."
https://archive.org/details/FOXNEWSW_20130822_130000_Americas_Newsroom#start/2414/end/2449,8/22/2013 13:40:29,FOXNEWS,Americas Newsroom,FOXNEWSW_20130822_130000_Americas_Newsroom,https://archive.org/download/FOXNEWSW_20130822_130000_Americas_Newsroom/FOXNEWSW_20130822_130000_Americas_Newsroom.thumbs/FOXNEWSW_20130822_130000_Americas_Newsroom_002415.jpg,"he has a long record. doug mentioned u.n. intergovernmental panel of climate change, for years they have been exaggerating the science. a lot of this corruption in how they're looking at the science and what they have been reporting, that has come to light over the last couple of"
https://archive.org/details/FOXNEWSW_20130822_130000_Americas_Newsroom#start/2429/end/2464,8/22/2013 13:40:44,FOXNEWS,Americas Newsroom,FOXNEWSW_20130822_130000_Americas_Newsroom,https://archive.org/download/FOXNEWSW_20130822_130000_Americas_Newsroom/FOXNEWSW_20130822_130000_Americas_Newsroom.thumbs/FOXNEWSW_20130822_130000_Americas_Newsroom_002415.jpg,"years. so look, to me, when i look at this, this is not even about climate change. this is not about man made or not. the left has been pushing this a couple decades. not because they care about the earth per se because they're interesting in global wealth"
https://archive.org/details/FOXNEWSW_20130822_130000_Americas_Newsroom#start/1678/end/1713,8/22/2013 13:28:13,FOXNEWS,Americas Newsroom,FOXNEWSW_20130822_130000_Americas_Newsroom,https://archive.org/download/FOXNEWSW_20130822_130000_Americas_Newsroom/FOXNEWSW_20130822_130000_Americas_Newsroom.thumbs/FOXNEWSW_20130822_130000_Americas_Newsroom_001665.jpg,"very much. appreciate it. martha: lots more coming up on that on 'america's newsroom.' meantime al gore is once again taking on his opponents of climate change but his description of the opponents gotten at love attention. we'll tell you what he had to say. see what you think about it."
https://archive.org/details/FOXNEWSW_20130801_220000_Special_Report_With_Bret_Baier#start/3327/end/3362,8/1/2013 22:55:42,FOXNEWS,Special Report With Bret Baier,FOXNEWSW_20130801_220000_Special_Report_With_Bret_Baier,https://archive.org/download/FOXNEWSW_20130801_220000_Special_Report_With_Bret_Baier/FOXNEWSW_20130801_220000_Special_Report_With_Bret_Baier.thumbs/FOXNEWSW_20130801_220000_Special_Report_With_Bret_Baier_003315.jpg,"obama's own reasoning which is this concern about climate change, his argument doesn't hold up, because the oil is going to flow. if it doesn't flow to us as charles has argued, it's going to flow somewhere else. so, there is no reason not to do this. and it, indeed, can help us"
https://archive.org/details/FOXNEWSW_20130818_100000_FOX_and_Friends_Sunday#start/8313/end/8348,8/18/2013 12:18:48,FOXNEWS,FOX and Friends Sunday,FOXNEWSW_20130818_100000_FOX_and_Friends_Sunday,https://archive.org/download/FOXNEWSW_20130818_100000_FOX_and_Friends_Sunday/FOXNEWSW_20130818_100000_FOX_and_Friends_Sunday.thumbs/FOXNEWSW_20130818_100000_FOX_and_Friends_Sunday_008295.jpg,"climate change without going to congress. he'll get a lot of blow back on that in the next few weeks when congress returns. some of that seems to be coming from democrats. this is more bipartisan than it's been in the past. what is fascinating to me is a few days ago president obama"
https://archive.org/details/FOXNEWSW_20130817_050000_Greta_Van_Susteren#start/557/end/592,8/17/2013 5:09:32,FOXNEWS,Greta Van Susteren,FOXNEWSW_20130817_050000_Greta_Van_Susteren,https://archive.org/download/FOXNEWSW_20130817_050000_Greta_Van_Susteren/FOXNEWSW_20130817_050000_Greta_Van_Susteren.thumbs/FOXNEWSW_20130817_050000_Greta_Van_Susteren_000555.jpg,"that the president recognizes that. he said that he wasn't going to wait for congress but that he had administrative authorities and it was time to start utilizing those more effectively in a more concerted way. it's not just climate change. president obama making his own plans to finance high-speed internet in schools telling the"
https://archive.org/details/FOXNEWSW_20130816_130000_Americas_Newsroom#start/3376/end/3411,8/16/2013 13:56:31,FOXNEWS,Americas Newsroom,FOXNEWSW_20130816_130000_Americas_Newsroom,https://archive.org/download/FOXNEWSW_20130816_130000_Americas_Newsroom/FOXNEWSW_20130816_130000_Americas_Newsroom.thumbs/FOXNEWSW_20130816_130000_Americas_Newsroom_003375.jpg,"$125 million. martha: would you. reporter: all of those issues will be gone within 30 days. martha: phil, thank you. bill: he is after all robin leech. martha: life-styles of the rich and famous. bill: new suggestions that the president will go around congress to enact his controversial climate change agenda. what he intends to do and how"
