﻿URL,MatchDateTime,Station,Show,IAShowID,IAPreviewThumb,Snippet
https://archive.org/details/FOXNEWSW_20160816_000000_The_OReilly_Factor#start/2972/end/3007,8/16/2016 0:49:47,FOXNEWS,The OReilly Factor,FOXNEWSW_20160816_000000_The_OReilly_Factor,https://archive.org/download/FOXNEWSW_20160816_000000_The_OReilly_Factor/FOXNEWSW_20160816_000000_The_OReilly_Factor.thumbs/FOXNEWSW_20160816_000000_The_OReilly_Factor_002967.jpg,"congress not helping him out at all. everybody needs a vacation. all i need is just a quick 10 minutes. fighting climate change is very hard work, too. climate change is real. i like global warming,"
https://archive.org/details/FOXNEWSW_20160816_030000_The_OReilly_Factor#start/2971/end/3006,8/16/2016 3:49:46,FOXNEWS,The OReilly Factor,FOXNEWSW_20160816_030000_The_OReilly_Factor,https://archive.org/download/FOXNEWSW_20160816_030000_The_OReilly_Factor/FOXNEWSW_20160816_030000_The_OReilly_Factor.thumbs/FOXNEWSW_20160816_030000_The_OReilly_Factor_002967.jpg,"congress not helping him out at all. everybody needs a vacation. all i need is just a quick 10 minutes. don't forget fighting climate change is very hard work, too. climate change is real. i like global warming,"
https://archive.org/details/FOXNEWSW_20160820_100000_Fox_and_Friends_Saturday#start/9567/end/9602,8/20/2016 12:39:42,FOXNEWS,Fox and Friends Saturday,FOXNEWSW_20160820_100000_Fox_and_Friends_Saturday,https://archive.org/download/FOXNEWSW_20160820_100000_Fox_and_Friends_Saturday/FOXNEWSW_20160820_100000_Fox_and_Friends_Saturday.thumbs/FOXNEWSW_20160820_100000_Fox_and_Friends_Saturday_009567.jpg,"are loving this one. a cleaning professor on 'national public radio' moms are selfish for having kids in the age of climate change. government shouldn't give parents a tax break for kids should instead a carbon tax"
https://archive.org/details/FOXNEWSW_20160820_210000_Americas_Election_HQ#start/3897/end/3932,8/20/2016 22:05:12,FOXNEWS,Americas Election HQ,FOXNEWSW_20160820_210000_Americas_Election_HQ,https://archive.org/download/FOXNEWSW_20160820_210000_Americas_Election_HQ/FOXNEWSW_20160820_210000_Americas_Election_HQ.thumbs/FOXNEWSW_20160820_210000_Americas_Election_HQ_003897.jpg,"president obama has said that he thinks the greatest threat we face is global warming."
https://archive.org/details/FOXNEWSW_20160820_215400_Americas_Election_HQ#start/642/end/677,8/20/2016 22:04:57,FOXNEWS,Americas Election HQ,FOXNEWSW_20160820_215400_Americas_Election_HQ,https://archive.org/download/FOXNEWSW_20160820_215400_Americas_Election_HQ/FOXNEWSW_20160820_215400_Americas_Election_HQ.thumbs/FOXNEWSW_20160820_215400_Americas_Election_HQ_000627.jpg,"going to be good, that i can tell you. president obama has said that he thinks the greatest threat we face is global warming."
https://archive.org/details/FOXNEWSW_20160813_143000_Cavuto_on_Business#start/1425/end/1460,8/13/2016 14:54:00,FOXNEWS,Cavuto on Business,FOXNEWSW_20160813_143000_Cavuto_on_Business,https://archive.org/download/FOXNEWSW_20160813_143000_Cavuto_on_Business/FOXNEWSW_20160813_143000_Cavuto_on_Business.thumbs/FOXNEWSW_20160813_143000_Cavuto_on_Business_001407.jpg,"over phone and on line. a combination of both. it seems like another form of a shakedown that's wildly unpopular. let's be clear. states pass laws, right, dealing with climate -- climate change.            _"
https://archive.org/details/FOXNEWSW_20160806_100000_Fox_and_Friends_Saturday#start/704/end/739,8/6/2016 10:11:59,FOXNEWS,Fox and Friends Saturday,FOXNEWSW_20160806_100000_Fox_and_Friends_Saturday,https://archive.org/download/FOXNEWSW_20160806_100000_Fox_and_Friends_Saturday/FOXNEWSW_20160806_100000_Fox_and_Friends_Saturday.thumbs/FOXNEWSW_20160806_100000_Fox_and_Friends_Saturday_000687.jpg,"tape. the games have begun. the olympic opening ceremony kicked off in rio de janeiro celebrating all things brazle including supermodel gisele bundchen and came with a lecture on climate change, a video"
https://archive.org/details/FOXNEWSW_20160811_210000_The_Five#start/160/end/195,8/11/2016 21:02:55,FOXNEWS,The Five,FOXNEWSW_20160811_210000_The_Five,https://archive.org/download/FOXNEWSW_20160811_210000_The_Five/FOXNEWSW_20160811_210000_The_Five.thumbs/FOXNEWSW_20160811_210000_The_Five_000147.jpg,"statue of liberty or planned parenthood midtown office. don't forget the ice coffee. underestimating a threat has they have led to victory. this administration is thrilled to overestimate certain threats. for example, climate change."
https://archive.org/details/FOXNEWSW_20160806_100000_Fox_and_Friends_Saturday#start/4359/end/4394,8/6/2016 11:12:54,FOXNEWS,Fox and Friends Saturday,FOXNEWSW_20160806_100000_Fox_and_Friends_Saturday,https://archive.org/download/FOXNEWSW_20160806_100000_Fox_and_Friends_Saturday/FOXNEWSW_20160806_100000_Fox_and_Friends_Saturday.thumbs/FOXNEWSW_20160806_100000_Fox_and_Friends_Saturday_004347.jpg,"brazil including gisele bundchen, but also with a lecture on climate change. a video talking about global warming taking the spotlight away from tathletes."
https://archive.org/details/FOXNEWSW_20160806_150000_Forbes_on_Fox#start/1362/end/1397,8/6/2016 15:22:57,FOXNEWS,Forbes on Fox,FOXNEWSW_20160806_150000_Forbes_on_Fox,https://archive.org/download/FOXNEWSW_20160806_150000_Forbes_on_Fox/FOXNEWSW_20160806_150000_Forbes_on_Fox.thumbs/FOXNEWSW_20160806_150000_Forbes_on_Fox_001287.jpg,"projects. when push comes to shove, will this cost you, the taxpayer? we're back in 60 seconds. go green or get lost. the white house wants all government agencies to krt impact of climate change on all"
https://archive.org/details/FOXNEWSW_20160806_100000_Fox_and_Friends_Saturday#start/11502/end/11537,8/6/2016 13:11:57,FOXNEWS,Fox and Friends Saturday,FOXNEWSW_20160806_100000_Fox_and_Friends_Saturday,https://archive.org/download/FOXNEWSW_20160806_100000_Fox_and_Friends_Saturday/FOXNEWSW_20160806_100000_Fox_and_Friends_Saturday.thumbs/FOXNEWSW_20160806_100000_Fox_and_Friends_Saturday_011487.jpg,"celebrating all things brazil including supermodel gisele bundchen, decide her in that sparkly dress. came with a lecture on climate change talking about global warming making it like a classroom. the team usa getting a warm welcome from the crowd as u.s."
https://archive.org/details/FOXNEWSW_20160822_040000_Justice_With_Judge_Jeanine#start/2689/end/2724,8/22/2016 4:45:04,FOXNEWS,Justice With Judge Jeanine,FOXNEWSW_20160822_040000_Justice_With_Judge_Jeanine,https://archive.org/download/FOXNEWSW_20160822_040000_Justice_With_Judge_Jeanine/FOXNEWSW_20160822_040000_Justice_With_Judge_Jeanine.thumbs/FOXNEWSW_20160822_040000_Justice_With_Judge_Jeanine_002667.jpg,"so the reason that the left wants to shut down our fossil fuel production is because they're talking about global warming and climate change. even if you think it's one of the greatest, you know, catastrophe of man kind -- the pope thinks it is. the pope does."
https://archive.org/details/FOXNEWSW_20160810_210000_The_Five#start/2996/end/3031,8/10/2016 21:50:11,FOXNEWS,The Five,FOXNEWSW_20160810_210000_The_Five,https://archive.org/download/FOXNEWSW_20160810_210000_The_Five/FOXNEWSW_20160810_210000_The_Five.thumbs/FOXNEWSW_20160810_210000_The_Five_002997.jpg,"gear. maybe this could be another alternative form of transportation. don't emit any greenhouse gases. nypd spokesman says the plan"
https://archive.org/details/FOXNEWSW_20160810_210000_The_Five#start/2934/end/2969,8/10/2016 21:49:09,FOXNEWS,The Five,FOXNEWSW_20160810_210000_The_Five,https://archive.org/download/FOXNEWSW_20160810_210000_The_Five/FOXNEWSW_20160810_210000_The_Five.thumbs/FOXNEWSW_20160810_210000_The_Five_002937.jpg,"lot of time and money. think of all the greenhouse gases he emitted. he's climbing trump tower for a reason. lisa on twitter writes, she's"
https://archive.org/details/FOXNEWSW_20160801_020000_The_Greg_Gutfeld_Show#start/560/end/595,8/1/2016 2:09:35,FOXNEWS,The Greg Gutfeld Show,FOXNEWSW_20160801_020000_The_Greg_Gutfeld_Show,https://archive.org/download/FOXNEWSW_20160801_020000_The_Greg_Gutfeld_Show/FOXNEWSW_20160801_020000_The_Greg_Gutfeld_Show.thumbs/FOXNEWSW_20160801_020000_The_Greg_Gutfeld_Show_000537.jpg,"threat, climate change or illegal immigration? illegal climate change. do you think climate change or illegal immigration is a bigger threat? climate change. why do you say that? because if we can't eat money."
https://archive.org/details/FOXNEWSW_20160821_140000_Sunday_Morning_Futures_With_Maria_Bartiromo#start/2756/end/2791,8/21/2016 14:46:11,FOXNEWS,Sunday Morning Futures With Maria Bartiromo,FOXNEWSW_20160821_140000_Sunday_Morning_Futures_With_Maria_Bartiromo,https://archive.org/download/FOXNEWSW_20160821_140000_Sunday_Morning_Futures_With_Maria_Bartiromo/FOXNEWSW_20160821_140000_Sunday_Morning_Futures_With_Maria_Bartiromo.thumbs/FOXNEWSW_20160821_140000_Sunday_Morning_Futures_With_Maria_Bartiromo_002757.jpg,"we are calling for bail out of a generation that's basically been held hos achltage. we need to solve this climate"
https://archive.org/details/FOXNEWSW_20160820_100000_Fox_and_Friends_Saturday#start/9359/end/9394,8/20/2016 12:36:14,FOXNEWS,Fox and Friends Saturday,FOXNEWSW_20160820_100000_Fox_and_Friends_Saturday,https://archive.org/download/FOXNEWSW_20160820_100000_Fox_and_Friends_Saturday/FOXNEWSW_20160820_100000_Fox_and_Friends_Saturday.thumbs/FOXNEWSW_20160820_100000_Fox_and_Friends_Saturday_009357.jpg,"climate change. the climate change i'm talking about is socioeconomic climate change. the greenhouse effect has caused more damage in the black community from lack of good jobs, solid education, and things of that nature. and high incarceration"
https://archive.org/details/FOXNEWSW_20160802_170000_Happening_Now#start/3382/end/3417,8/2/2016 17:56:37,FOXNEWS,Happening Now,FOXNEWSW_20160802_170000_Happening_Now,https://archive.org/download/FOXNEWSW_20160802_170000_Happening_Now/FOXNEWSW_20160802_170000_Happening_Now.thumbs/FOXNEWSW_20160802_170000_Happening_Now_003357.jpg,"market-based incentives that will drive people to reduce greenhouse gas emissions. reporter: critics say this rift exposes hypocrisy and the deter little secret that green"
https://archive.org/details/FOXNEWSW_20160813_143000_Cavuto_on_Business#start/1223/end/1258,8/13/2016 14:50:38,FOXNEWS,Cavuto on Business,FOXNEWSW_20160813_143000_Cavuto_on_Business,https://archive.org/download/FOXNEWSW_20160813_143000_Cavuto_on_Business/FOXNEWSW_20160813_143000_Cavuto_on_Business.thumbs/FOXNEWSW_20160813_143000_Cavuto_on_Business_001137.jpg,"so-called climate change deniers to court. the majority of americans may be telling them to cool it. coming up, the green push pushing back. several targeting companies in a climate change crackdown. now a majority of voters telling"
https://archive.org/details/FOXNEWSW_20160822_010000_Justice_With_Judge_Jeanine#start/2680/end/2715,8/22/2016 1:44:55,FOXNEWS,Justice With Judge Jeanine,FOXNEWSW_20160822_010000_Justice_With_Judge_Jeanine,https://archive.org/download/FOXNEWSW_20160822_010000_Justice_With_Judge_Jeanine/FOXNEWSW_20160822_010000_Justice_With_Judge_Jeanine.thumbs/FOXNEWSW_20160822_010000_Justice_With_Judge_Jeanine_002667.jpg,"it wasn't safe? it was dirty. it was bad for the environment. i mean, very quickly, i i don't want to spend a lot of time on -- why? okay. so the reason that the left wants to shut down our fossil fuel production is because they're talking about global"
https://archive.org/details/FOXNEWSW_20160803_080000_The_Kelly_File#start/1929/end/1964,8/3/2016 8:32:24,FOXNEWS,The Kelly File,FOXNEWSW_20160803_080000_The_Kelly_File,https://archive.org/download/FOXNEWSW_20160803_080000_The_Kelly_File/FOXNEWSW_20160803_080000_The_Kelly_File.thumbs/FOXNEWSW_20160803_080000_The_Kelly_File_001917.jpg,"greenhouse gas emissions? reporter: the rift exposes hypocrisy and a dirty little secret. they're afraid of more tax cuts and only want a government solution. they're willing to destroy an effort that would actually reduce carbon emissions, make us"
https://archive.org/details/FOXNEWSW_20160802_220000_Special_Report_With_Bret_Baier#start/1925/end/1960,8/2/2016 22:32:20,FOXNEWS,Special Report With Bret Baier,FOXNEWSW_20160802_220000_Special_Report_With_Bret_Baier,https://archive.org/download/FOXNEWSW_20160802_220000_Special_Report_With_Bret_Baier/FOXNEWSW_20160802_220000_Special_Report_With_Bret_Baier.thumbs/FOXNEWSW_20160802_220000_Special_Report_With_Bret_Baier_001917.jpg,"it really is about what are those market-based incentives that will drive people to reduce greenhouse gas emissions? reporter: the rift exposes hypocrisy and a dirty little secret. they're afraid of more tax cuts and only want a government"
https://archive.org/details/FOXNEWSW_20160802_210000_The_Five#start/2641/end/2676,8/2/2016 21:44:16,FOXNEWS,The Five,FOXNEWSW_20160802_210000_The_Five,https://archive.org/download/FOXNEWSW_20160802_210000_The_Five/FOXNEWSW_20160802_210000_The_Five.thumbs/FOXNEWSW_20160802_210000_The_Five_002637.jpg,"or think tank. they're telling us, they hate us and they list the reasons. do they list climate change and lack of an isis job fair? please check. page 32. no, they don't list climate change. can you believe it? i can't believe it."
https://archive.org/details/FOXNEWSW_20160813_143000_Cavuto_on_Business#start/1361/end/1396,8/13/2016 14:52:56,FOXNEWS,Cavuto on Business,FOXNEWSW_20160813_143000_Cavuto_on_Business,https://archive.org/download/FOXNEWSW_20160813_143000_Cavuto_on_Business/FOXNEWSW_20160813_143000_Cavuto_on_Business.thumbs/FOXNEWSW_20160813_143000_Cavuto_on_Business_001227.jpg,"them to let up. plus the. are americans telling global warming alarmists to cool it? 59% of voters disagree with a dozen state attorney generals vowing to prosecute companies they say are misleading the"
https://archive.org/details/FOXNEWSW_20160820_100000_Fox_and_Friends_Saturday#start/9551/end/9586,8/20/2016 12:39:26,FOXNEWS,Fox and Friends Saturday,FOXNEWSW_20160820_100000_Fox_and_Friends_Saturday,https://archive.org/download/FOXNEWSW_20160820_100000_Fox_and_Friends_Saturday/FOXNEWSW_20160820_100000_Fox_and_Friends_Saturday.thumbs/FOXNEWSW_20160820_100000_Fox_and_Friends_Saturday_009537.jpg,"this is giving me chills. dan whitney using all of his might to free that man, it was too late for the driver but the passenger did survivor. cars and air conditioners could having kids make global warming worth -- you       _"
https://archive.org/details/FOXNEWSW_20160805_050000_Hannity#start/254/end/289,8/5/2016 5:04:29,FOXNEWS,Hannity,FOXNEWSW_20160805_050000_Hannity,https://archive.org/download/FOXNEWSW_20160805_050000_Hannity/FOXNEWSW_20160805_050000_Hannity.thumbs/FOXNEWSW_20160805_050000_Hannity_000237.jpg,"by the way, we need jobs for jihadis and john kerry equates global warming as big a danger in the world as isis. i guess the thing that stands out to me is imagine a republican president -- imagine       _"
https://archive.org/details/FOXNEWSW_20160806_100000_Fox_and_Friends_Saturday#start/4388/end/4423,8/6/2016 11:13:23,FOXNEWS,Fox and Friends Saturday,FOXNEWSW_20160806_100000_Fox_and_Friends_Saturday,https://archive.org/download/FOXNEWSW_20160806_100000_Fox_and_Friends_Saturday/FOXNEWSW_20160806_100000_Fox_and_Friends_Saturday.thumbs/FOXNEWSW_20160806_100000_Fox_and_Friends_Saturday_004377.jpg,"around his weight and a whole lot of oil on his chest. tucker, i've seen you like that before. i've got a solution for global warming. give up servants and fly commercial. if you're lee nar tonardo dicap"
https://archive.org/details/FOXNEWSW_20160831_220000_Special_Report_With_Bret_Baier#start/1916/end/1951,8/31/2016 22:32:11,FOXNEWS,Special Report With Bret Baier,FOXNEWSW_20160831_220000_Special_Report_With_Bret_Baier,https://archive.org/download/FOXNEWSW_20160831_220000_Special_Report_With_Bret_Baier/FOXNEWSW_20160831_220000_Special_Report_With_Bret_Baier.thumbs/FOXNEWSW_20160831_220000_Special_Report_With_Bret_Baier_001917.jpg,"president has five months left to finish what he started eight years ago, which is to slow global warming. and to put in place the policies that will carry out that legacy. today, he helped do that, by"
https://archive.org/details/FOXNEWSW_20160806_150000_Forbes_on_Fox#start/1409/end/1444,8/6/2016 15:23:44,FOXNEWS,Forbes on Fox,FOXNEWSW_20160806_150000_Forbes_on_Fox,https://archive.org/download/FOXNEWSW_20160806_150000_Forbes_on_Fox/FOXNEWSW_20160806_150000_Forbes_on_Fox.thumbs/FOXNEWSW_20160806_150000_Forbes_on_Fox_001407.jpg,"gas, goal, and everything, this could end up costing us some cash. well, i'm all in favor of environmental aquarness. but i don't want to bury us in environmental impact statements. we have a simpler solution. let's just have a carbon tax. well, steve forbes that's in"
https://archive.org/details/FOXNEWSW_20160806_100000_Fox_and_Friends_Saturday#start/720/end/755,8/6/2016 10:12:15,FOXNEWS,Fox and Friends Saturday,FOXNEWSW_20160806_100000_Fox_and_Friends_Saturday,https://archive.org/download/FOXNEWSW_20160806_100000_Fox_and_Friends_Saturday/FOXNEWSW_20160806_100000_Fox_and_Friends_Saturday.thumbs/FOXNEWSW_20160806_100000_Fox_and_Friends_Saturday_000717.jpg,"talking about global warming making it a classroom than a celebration. team usa getting a warm welcome from the flag as the u.s. flag bearer michael phelps led them into the arena. the competitors -- the competitions will be kicking off this morning."
https://archive.org/details/FOXNEWSW_20160805_020000_Hannity#start/250/end/285,8/5/2016 2:04:25,FOXNEWS,Hannity,FOXNEWSW_20160805_020000_Hannity,https://archive.org/download/FOXNEWSW_20160805_020000_Hannity/FOXNEWSW_20160805_020000_Hannity.thumbs/FOXNEWSW_20160805_020000_Hannity_000237.jpg,"development with north korea really isn't what it is. it's looney. by the way, we need jobs for jihadis and john kerry equates global warming as big a danger in the world as isis. i guess the thing that stands"
https://archive.org/details/FOXNEWSW_20160803_050000_Hannity#start/3029/end/3064,8/3/2016 5:50:44,FOXNEWS,Hannity,FOXNEWSW_20160803_050000_Hannity,https://archive.org/download/FOXNEWSW_20160803_050000_Hannity/FOXNEWSW_20160803_050000_Hannity.thumbs/FOXNEWSW_20160803_050000_Hannity_003027.jpg,"his breath until he gets to watch cartoons. listen to the things there they want climate change address. and they want deportation of illegal immigrants."
https://archive.org/details/FOXNEWSW_20160801_050000_The_Greg_Gutfeld_Show#start/560/end/595,8/1/2016 5:09:35,FOXNEWS,The Greg Gutfeld Show,FOXNEWSW_20160801_050000_The_Greg_Gutfeld_Show,https://archive.org/download/FOXNEWSW_20160801_050000_The_Greg_Gutfeld_Show/FOXNEWSW_20160801_050000_The_Greg_Gutfeld_Show.thumbs/FOXNEWSW_20160801_050000_The_Greg_Gutfeld_Show_000537.jpg,"threat. climer change or illegal imgragdz. that is a bigger threat. climate change. we can't eat money you know? you can't eat money, my friendlieds."
https://archive.org/details/FOXNEWSW_20160806_100000_Fox_and_Friends_Saturday#start/9454/end/9489,8/6/2016 12:37:49,FOXNEWS,Fox and Friends Saturday,FOXNEWSW_20160806_100000_Fox_and_Friends_Saturday,https://archive.org/download/FOXNEWSW_20160806_100000_Fox_and_Friends_Saturday/FOXNEWSW_20160806_100000_Fox_and_Friends_Saturday.thumbs/FOXNEWSW_20160806_100000_Fox_and_Friends_Saturday_009447.jpg,"the video which made the ceremony seem more like something al gore did than a celebration. a little we're coming from one of the dirtiest places in the world. it's a lot easier to lecture the developed world about global warming than to actually clean"
https://archive.org/details/FOXNEWSW_20160806_150000_Forbes_on_Fox#start/1283/end/1318,8/6/2016 15:21:38,FOXNEWS,Forbes on Fox,FOXNEWSW_20160806_150000_Forbes_on_Fox,https://archive.org/download/FOXNEWSW_20160806_150000_Forbes_on_Fox/FOXNEWSW_20160806_150000_Forbes_on_Fox.thumbs/FOXNEWSW_20160806_150000_Forbes_on_Fox_001257.jpg,"take the roar out of snore. yet another innovation only at a sleep number store. the federal government pushing agencies to consider climate change for all future"
https://archive.org/details/FOXNEWSW_20160803_020000_Hannity#start/3037/end/3072,8/3/2016 2:50:52,FOXNEWS,Hannity,FOXNEWSW_20160803_020000_Hannity,https://archive.org/download/FOXNEWSW_20160803_020000_Hannity/FOXNEWSW_20160803_020000_Hannity.thumbs/FOXNEWSW_20160803_020000_Hannity_003027.jpg,"want climate change address. and they want deportation of illegal immigrants. they want a reparation for slavery and end to capitalism. this has george soros written"
https://archive.org/details/FOXNEWSW_20160831_070000_Red_Eye_With_Tom_Shillue#start/1338/end/1373,8/31/2016 7:22:33,FOXNEWS,Red Eye With Tom Shillue,FOXNEWSW_20160831_070000_Red_Eye_With_Tom_Shillue,https://archive.org/download/FOXNEWSW_20160831_070000_Red_Eye_With_Tom_Shillue/FOXNEWSW_20160831_070000_Red_Eye_With_Tom_Shillue.thumbs/FOXNEWSW_20160831_070000_Red_Eye_With_Tom_Shillue_001317.jpg,"the issue of climate change. i guess those things are an issue if you are not dead. let's see. who should we start with? you seem to agree."
https://archive.org/details/FOXNEWSW_20160813_143000_Cavuto_on_Business#start/1137/end/1172,8/13/2016 14:49:12,FOXNEWS,Cavuto on Business,FOXNEWSW_20160813_143000_Cavuto_on_Business,https://archive.org/download/FOXNEWSW_20160813_143000_Cavuto_on_Business/FOXNEWSW_20160813_143000_Cavuto_on_Business.thumbs/FOXNEWSW_20160813_143000_Cavuto_on_Business_001137.jpg,"times. good luck. good luck with 'the new york times.' again nothing is fair, i get it. let's leave it there, guys. thanks a lot. by the way, the global warming debate, that also just got a little this as democrats push to take"
https://archive.org/details/FOXNEWSW_20160806_100000_Fox_and_Friends_Saturday#start/8008/end/8043,8/6/2016 12:13:43,FOXNEWS,Fox and Friends Saturday,FOXNEWSW_20160806_100000_Fox_and_Friends_Saturday,https://archive.org/download/FOXNEWSW_20160806_100000_Fox_and_Friends_Saturday/FOXNEWSW_20160806_100000_Fox_and_Friends_Saturday.thumbs/FOXNEWSW_20160806_100000_Fox_and_Friends_Saturday_008007.jpg,"about climate change from rich people. the only country in the world where the air is deadlier than the water. brazil calls us dirty. more on that ahead. see me."
https://archive.org/details/FOXNEWSW_20160831_220000_Special_Report_With_Bret_Baier#start/1901/end/1936,8/31/2016 22:31:56,FOXNEWS,Special Report With Bret Baier,FOXNEWSW_20160831_220000_Special_Report_With_Bret_Baier,https://archive.org/download/FOXNEWSW_20160831_220000_Special_Report_With_Bret_Baier/FOXNEWSW_20160831_220000_Special_Report_With_Bret_Baier.thumbs/FOXNEWSW_20160831_220000_Special_Report_With_Bret_Baier_001887.jpg,"conservation and climate change ahead of one of his last major international events. the president was in reno, nevada this afternoon on his way to hawaii. hello, william. reporter: chris, the"
https://archive.org/details/FOXNEWSW_20160831_070000_Red_Eye_With_Tom_Shillue#start/1275/end/1310,8/31/2016 7:21:30,FOXNEWS,Red Eye With Tom Shillue,FOXNEWSW_20160831_070000_Red_Eye_With_Tom_Shillue,https://archive.org/download/FOXNEWSW_20160831_070000_Red_Eye_With_Tom_Shillue/FOXNEWSW_20160831_070000_Red_Eye_With_Tom_Shillue.thumbs/FOXNEWSW_20160831_070000_Red_Eye_With_Tom_Shillue_001257.jpg,"just keep saying everything is okay. and when evidence of the contrary arrives in the form of a terror attack just look the other way and say something about global warming or gun control. well, now john kerry has taken it a step further. he would like the media to join in on the charade."
https://archive.org/details/FOXNEWSW_20160806_150000_Forbes_on_Fox#start/1472/end/1507,8/6/2016 15:24:47,FOXNEWS,Forbes on Fox,FOXNEWSW_20160806_150000_Forbes_on_Fox,https://archive.org/download/FOXNEWSW_20160806_150000_Forbes_on_Fox/FOXNEWSW_20160806_150000_Forbes_on_Fox.thumbs/FOXNEWSW_20160806_150000_Forbes_on_Fox_001467.jpg,"becausest rules. i think coal jobs are going away no matter what. with the rules, it's like an environmental impact study f you're not considering climate change as part of the environment and getting hundred"
https://archive.org/details/FOXNEWSW_20160803_000000_The_OReilly_Factor#start/2580/end/2615,8/3/2016 0:43:15,FOXNEWS,The OReilly Factor,FOXNEWSW_20160803_000000_The_OReilly_Factor,https://archive.org/download/FOXNEWSW_20160803_000000_The_OReilly_Factor/FOXNEWSW_20160803_000000_The_OReilly_Factor.thumbs/FOXNEWSW_20160803_000000_The_OReilly_Factor_002577.jpg,"left cliches and black nationalists cliches strung together with a couple of bones thrown to limousine liberals for things like climate change. and when you look at it, you have got to say this is"
https://archive.org/details/FOXNEWSW_20160813_143000_Cavuto_on_Business#start/1376/end/1411,8/13/2016 14:53:11,FOXNEWS,Cavuto on Business,FOXNEWSW_20160813_143000_Cavuto_on_Business,https://archive.org/download/FOXNEWSW_20160813_143000_Cavuto_on_Business/FOXNEWSW_20160813_143000_Cavuto_on_Business.thumbs/FOXNEWSW_20160813_143000_Cavuto_on_Business_001377.jpg,"public on climate change. something the democratic platform actually supports. charlie says the majority of americans have it right. charlie? i think if the democrats really want to do this efficiently -- these are mostly democratic a.g.s who want to"
https://archive.org/details/FOXNEWSW_20160813_143000_Cavuto_on_Business#start/1550/end/1585,8/13/2016 14:56:05,FOXNEWS,Cavuto on Business,FOXNEWSW_20160813_143000_Cavuto_on_Business,https://archive.org/download/FOXNEWSW_20160813_143000_Cavuto_on_Business/FOXNEWSW_20160813_143000_Cavuto_on_Business.thumbs/FOXNEWSW_20160813_143000_Cavuto_on_Business_001527.jpg,"farfetched -- somebody out there saying you should be prosecuted because you crazily don't believe in manmade global climate change, that's inside. bill nye. bill nye, the science guy. that's not what they're doing -- that's a healthy debate."
https://archive.org/details/FOXNEWSW_20160806_100000_Fox_and_Friends_Saturday#start/7313/end/7348,8/6/2016 12:02:08,FOXNEWS,Fox and Friends Saturday,FOXNEWSW_20160806_100000_Fox_and_Friends_Saturday,https://archive.org/download/FOXNEWSW_20160806_100000_Fox_and_Friends_Saturday/FOXNEWSW_20160806_100000_Fox_and_Friends_Saturday.thumbs/FOXNEWSW_20160806_100000_Fox_and_Friends_Saturday_007287.jpg,"double slip and slide two days ago. any broken arms? a one man war against climate change. good for you. in case you missed it, there has been a lot of drof drama betwee donald trump and paul ryan."
https://archive.org/details/FOXNEWSW_20160803_030000_The_OReilly_Factor#start/2587/end/2622,8/3/2016 3:43:22,FOXNEWS,The OReilly Factor,FOXNEWSW_20160803_030000_The_OReilly_Factor,https://archive.org/download/FOXNEWSW_20160803_030000_The_OReilly_Factor/FOXNEWSW_20160803_030000_The_OReilly_Factor.thumbs/FOXNEWSW_20160803_030000_The_OReilly_Factor_002577.jpg,"bones thrown to limousine liberals for things like climate change. and when you look at it, you have got to say this is about as unoriginal as you can get. this idea of empowering the community, giving them"
https://archive.org/details/FOXNEWSW_20160822_050000_Watters_World#start/70/end/105,8/22/2016 5:01:25,FOXNEWS,Watters World,FOXNEWSW_20160822_050000_Watters_World,https://archive.org/download/FOXNEWSW_20160822_050000_Watters_World/FOXNEWSW_20160822_050000_Watters_World.thumbs/FOXNEWSW_20160822_050000_Watters_World_000057.jpg,"fighting climate change is very hard work. so the president needs a rest. he's holed up in the vineyard playing golf. so i found a great way to get out on an expense account and visit the vineyard to assess the president's legacy."
https://archive.org/details/FOXNEWSW_20160812_050000_Hannity#start/741/end/776,8/12/2016 5:12:36,FOXNEWS,Hannity,FOXNEWSW_20160812_050000_Hannity,https://archive.org/download/FOXNEWSW_20160812_050000_Hannity/FOXNEWSW_20160812_050000_Hannity.thumbs/FOXNEWSW_20160812_050000_Hannity_000717.jpg,"the supreme court to validate all sorts of climate change legislation and to wipe away any good reforms or good issues, helpful issues that someone like paul ryan is in favor of? do they understand that once they have the court, it's over?"
https://archive.org/details/FOXNEWSW_20160815_210000_The_Five#start/358/end/393,8/15/2016 21:06:13,FOXNEWS,The Five,FOXNEWSW_20160815_210000_The_Five,https://archive.org/download/FOXNEWSW_20160815_210000_The_Five/FOXNEWSW_20160815_210000_The_Five.thumbs/FOXNEWSW_20160815_210000_The_Five_000357.jpg,"country? is it white privilege or is it isis? you know, is it climate change or is islamism? if you compare what he said today to what hillary said today, she said she was taking ground troops off the table."
https://archive.org/details/FOXNEWSW_20160813_143000_Cavuto_on_Business#start/1503/end/1538,8/13/2016 14:55:18,FOXNEWS,Cavuto on Business,FOXNEWSW_20160813_143000_Cavuto_on_Business,https://archive.org/download/FOXNEWSW_20160813_143000_Cavuto_on_Business/FOXNEWSW_20160813_143000_Cavuto_on_Business.thumbs/FOXNEWSW_20160813_143000_Cavuto_on_Business_001497.jpg,"frightening things that's come out of the democratic party ever. larry, i see it as a pattern of being a part of a shakedown. you demonize something and start shaking them down -- this isn't about climate change. this is about government"
https://archive.org/details/FOXNEWSW_20160803_080000_The_Kelly_File#start/1835/end/1870,8/3/2016 8:30:50,FOXNEWS,The Kelly File,FOXNEWSW_20160803_080000_The_Kelly_File,https://archive.org/download/FOXNEWSW_20160803_080000_The_Kelly_File/FOXNEWSW_20160803_080000_The_Kelly_File.thumbs/FOXNEWSW_20160803_080000_The_Kelly_File_001827.jpg,"plan to ntalists would be lower pollutants they think are behind climate change. as dan springer reports from seattle, in this particular case, the enthusiasm is a lot different than you would expect. reporter: environmental groups have been at work with"
https://archive.org/details/FOXNEWSW_20160812_020000_Hannity#start/741/end/776,8/12/2016 2:12:36,FOXNEWS,Hannity,FOXNEWSW_20160812_020000_Hannity,https://archive.org/download/FOXNEWSW_20160812_020000_Hannity/FOXNEWSW_20160812_020000_Hannity.thumbs/FOXNEWSW_20160812_020000_Hannity_000717.jpg,"the supreme court to validate all sorts of climate change legislation and to wipe away any good reforms or good issues, helpful issues that someone like paul ryan is in favor of? do they understand that once they have the court, it's over?"
https://archive.org/details/FOXNEWSW_20160806_100000_Fox_and_Friends_Saturday#start/3667/end/3702,8/6/2016 11:01:22,FOXNEWS,Fox and Friends Saturday,FOXNEWSW_20160806_100000_Fox_and_Friends_Saturday,https://archive.org/download/FOXNEWSW_20160806_100000_Fox_and_Friends_Saturday/FOXNEWSW_20160806_100000_Fox_and_Friends_Saturday.thumbs/FOXNEWSW_20160806_100000_Fox_and_Friends_Saturday_003657.jpg,"excuse me, my brain is short-circuiting. and so it hers. in and l and let the games begin. but this year it's not the athlete front and center. it's something called climate change. where the air is deadlier than"
https://archive.org/details/FOXNEWSW_20160806_100000_Fox_and_Friends_Saturday#start/9436/end/9471,8/6/2016 12:37:31,FOXNEWS,Fox and Friends Saturday,FOXNEWSW_20160806_100000_Fox_and_Friends_Saturday,https://archive.org/download/FOXNEWSW_20160806_100000_Fox_and_Friends_Saturday/FOXNEWSW_20160806_100000_Fox_and_Friends_Saturday.thumbs/FOXNEWSW_20160806_100000_Fox_and_Friends_Saturday_009417.jpg,"and we'll have many more. you're a lucky man. he has three of those. three little monkeys. well, now your headlines. brazil using the opening ceremony at this year's olympics to of course lecture us about climate change. many spectators complained about"
https://archive.org/details/FOXNEWSW_20160802_220000_Special_Report_With_Bret_Baier#start/1831/end/1866,8/2/2016 22:30:46,FOXNEWS,Special Report With Bret Baier,FOXNEWSW_20160802_220000_Special_Report_With_Bret_Baier,https://archive.org/download/FOXNEWSW_20160802_220000_Special_Report_With_Bret_Baier/FOXNEWSW_20160802_220000_Special_Report_With_Bret_Baier.thumbs/FOXNEWSW_20160802_220000_Special_Report_With_Bret_Baier_001827.jpg,"as the liolympics start this we as well. you would think that environmentalists would be enthusiastic over a plan to lower pollutants they think are behind climate change. as dan springer reports from seattle, in this particular case, the enthusiasm is a lot"
https://archive.org/details/FOXNEWSW_20160831_220000_Special_Report_With_Bret_Baier#start/2043/end/2078,8/31/2016 22:34:18,FOXNEWS,Special Report With Bret Baier,FOXNEWSW_20160831_220000_Special_Report_With_Bret_Baier,https://archive.org/download/FOXNEWSW_20160831_220000_Special_Report_With_Bret_Baier/FOXNEWSW_20160831_220000_Special_Report_With_Bret_Baier.thumbs/FOXNEWSW_20160831_220000_Special_Report_With_Bret_Baier_002037.jpg,"critics obviously believe that he does. but that is, of course, why many people he's abused his executive authority on these climate change issues but to the president, that is a threat, of course, to the planet's future. back to you."
https://archive.org/details/FOXNEWSW_20160820_170000_Americas_Election_HQ#start/638/end/673,8/20/2016 17:10:53,FOXNEWS,Americas Election HQ,FOXNEWSW_20160820_170000_Americas_Election_HQ,https://archive.org/download/FOXNEWSW_20160820_170000_Americas_Election_HQ/FOXNEWSW_20160820_170000_Americas_Election_HQ.thumbs/FOXNEWSW_20160820_170000_Americas_Election_HQ_000627.jpg,"treatment, seed money for sustainable economic growth in africa, and fighting climate change. obviously a lot of folk on the other side saying the clinton foundation is about so much more. they also fund efforts here at home to end childhood obesity, an issue close to michelle"
https://archive.org/details/FOXNEWSW_20160822_010000_Justice_With_Judge_Jeanine#start/2694/end/2729,8/22/2016 1:45:09,FOXNEWS,Justice With Judge Jeanine,FOXNEWSW_20160822_010000_Justice_With_Judge_Jeanine,https://archive.org/download/FOXNEWSW_20160822_010000_Justice_With_Judge_Jeanine/FOXNEWSW_20160822_010000_Justice_With_Judge_Jeanine.thumbs/FOXNEWSW_20160822_010000_Justice_With_Judge_Jeanine_002667.jpg,"warming and climate change. even if you think it's one of the greatest, you know, catastrophe of man kind -- the pope thinks it is. the pope does. but he's not exactly a cli ma toll gist. let's say this. even if you believe that to be"
https://archive.org/details/FOXNEWSW_20160822_010000_Justice_With_Judge_Jeanine#start/2709/end/2744,8/22/2016 1:45:24,FOXNEWS,Justice With Judge Jeanine,FOXNEWSW_20160822_010000_Justice_With_Judge_Jeanine,https://archive.org/download/FOXNEWSW_20160822_010000_Justice_With_Judge_Jeanine/FOXNEWSW_20160822_010000_Justice_With_Judge_Jeanine.thumbs/FOXNEWSW_20160822_010000_Justice_With_Judge_Jeanine_002697.jpg,"true, we're not going to stop climate change by shutting down american energy. i'll give you a statistic, judge. i bet you didn't know. as we shut down our coal plants, thank you so much more mentioning when's happening, coal towns around america, it is"
https://archive.org/details/FOXNEWSW_20160822_010000_Justice_With_Judge_Jeanine#start/2738/end/2773,8/22/2016 1:45:53,FOXNEWS,Justice With Judge Jeanine,FOXNEWSW_20160822_010000_Justice_With_Judge_Jeanine,https://archive.org/download/FOXNEWSW_20160822_010000_Justice_With_Judge_Jeanine/FOXNEWSW_20160822_010000_Justice_With_Judge_Jeanine.thumbs/FOXNEWSW_20160822_010000_Justice_With_Judge_Jeanine_002727.jpg,"up one. how does that bring down climate change? you have hillary clinton against the pipeline. the keystone pipeline. donald trump is in favor of it. i know you're one of his advisers. if you peel back the onion, it turns out that the burlington"
https://archive.org/details/FOXNEWSW_20160822_040000_Justice_With_Judge_Jeanine#start/2735/end/2770,8/22/2016 4:45:50,FOXNEWS,Justice With Judge Jeanine,FOXNEWSW_20160822_040000_Justice_With_Judge_Jeanine,https://archive.org/download/FOXNEWSW_20160822_040000_Justice_With_Judge_Jeanine/FOXNEWSW_20160822_040000_Justice_With_Judge_Jeanine.thumbs/FOXNEWSW_20160822_040000_Justice_With_Judge_Jeanine_002727.jpg,"shut down a coal plant in the united states, they're opening up one. how does that bring down climate change? you have hillary clinton against the pipeline. the keystone pipeline. donald trump is in favor of it. i know you're one of his advisers."
https://archive.org/details/FOXNEWSW_20160808_100000_FOX__Friends#start/6608/end/6643,8/8/2016 11:50:23,FOXNEWS,FOX  Friends,FOXNEWSW_20160808_100000_FOX__Friends,https://archive.org/download/FOXNEWSW_20160808_100000_FOX__Friends/FOXNEWSW_20160808_100000_FOX__Friends.thumbs/FOXNEWSW_20160808_100000_FOX__Friends_006597.jpg,"history of america. and obamacare, high taxes, massive regulations, climate change regulations and lawsuits are driving every business man out of business. wayne allyn root, thank you so much and congratulations on your book. if you at home want to pick it up, 'the power of relentless.'"
https://archive.org/details/FOXNEWSW_20160811_200000_Your_World_With_Neil_Cavuto#start/2476/end/2511,8/11/2016 20:41:31,FOXNEWS,Your World With Neil Cavuto,FOXNEWSW_20160811_200000_Your_World_With_Neil_Cavuto,https://archive.org/download/FOXNEWSW_20160811_200000_Your_World_With_Neil_Cavuto/FOXNEWSW_20160811_200000_Your_World_With_Neil_Cavuto.thumbs/FOXNEWSW_20160811_200000_Your_World_With_Neil_Cavuto_002457.jpg,"trust her to fight for making college affordable to deal with the issue of climate change to raise people's incomes, raise the minimum wage -- the things that matter. the has a record of doing that. from her early days before she was in public service, working"
https://archive.org/details/FOXNEWSW_20160803_080000_The_Kelly_File#start/1945/end/1980,8/3/2016 8:32:40,FOXNEWS,The Kelly File,FOXNEWSW_20160803_080000_The_Kelly_File,https://archive.org/download/FOXNEWSW_20160803_080000_The_Kelly_File/FOXNEWSW_20160803_080000_The_Kelly_File.thumbs/FOXNEWSW_20160803_080000_The_Kelly_File_001947.jpg,"more energy efficient because they care more about government than climate change. reporter: we reached out to all the green groups opposing the tax and not a single one would agree to an interview. higher taxes, more red tape and jobs where they choose, not the"
https://archive.org/details/FOXNEWSW_20160806_100000_Fox_and_Friends_Saturday#start/3729/end/3764,8/6/2016 11:02:24,FOXNEWS,Fox and Friends Saturday,FOXNEWSW_20160806_100000_Fox_and_Friends_Saturday,https://archive.org/download/FOXNEWSW_20160806_100000_Fox_and_Friends_Saturday/FOXNEWSW_20160806_100000_Fox_and_Friends_Saturday.thumbs/FOXNEWSW_20160806_100000_Fox_and_Friends_Saturday_003717.jpg,"we're really creating the five acre farm in minnesota on the plaza today. it shows the difference between us and the global elite. they look at climate change and say you can't have an air conditioner and we say you need a water slide. exactly."
https://archive.org/details/FOXNEWSW_20160806_160000_Americas_Election_HQ#start/992/end/1027,8/6/2016 16:16:47,FOXNEWS,Americas Election HQ,FOXNEWSW_20160806_160000_Americas_Election_HQ,https://archive.org/download/FOXNEWSW_20160806_160000_Americas_Election_HQ/FOXNEWSW_20160806_160000_Americas_Election_HQ.thumbs/FOXNEWSW_20160806_160000_Americas_Election_HQ_000987.jpg,"you were probably watching last night, a dazzling display in brazil to open the olympics, first ever held in south america. the ceremony included fireworks and music along with messages about climate change. nbc's decision on show the opening ceremony on a tape delay"
https://archive.org/details/FOXNEWSW_20160802_220000_Special_Report_With_Bret_Baier#start/1940/end/1975,8/2/2016 22:32:35,FOXNEWS,Special Report With Bret Baier,FOXNEWSW_20160802_220000_Special_Report_With_Bret_Baier,https://archive.org/download/FOXNEWSW_20160802_220000_Special_Report_With_Bret_Baier/FOXNEWSW_20160802_220000_Special_Report_With_Bret_Baier.thumbs/FOXNEWSW_20160802_220000_Special_Report_With_Bret_Baier_001917.jpg,"solution. they're willing to destroy an effort that would actually reduce carbon emissions, make us more energy efficient because they care more about government than climate change. reporter: we reached out to all the green groups opposing the tax and not a single one"
https://archive.org/details/FOXNEWSW_20160802_170000_Happening_Now#start/3321/end/3356,8/2/2016 17:55:36,FOXNEWS,Happening Now,FOXNEWSW_20160802_170000_Happening_Now,https://archive.org/download/FOXNEWSW_20160802_170000_Happening_Now/FOXNEWSW_20160802_170000_Happening_Now.thumbs/FOXNEWSW_20160802_170000_Happening_Now_003297.jpg,"putting a price on carbon is the single most important thing that we can do to tackle climate change. reporter: the $25 a ton tax would add 25 cents to every gallon of gas, increase airfares and raise utility bills, costing $2 billion a year."
https://archive.org/details/FOXNEWSW_20160822_040000_Justice_With_Judge_Jeanine#start/2703/end/2738,8/22/2016 4:45:18,FOXNEWS,Justice With Judge Jeanine,FOXNEWSW_20160822_040000_Justice_With_Judge_Jeanine,https://archive.org/download/FOXNEWSW_20160822_040000_Justice_With_Judge_Jeanine/FOXNEWSW_20160822_040000_Justice_With_Judge_Jeanine.thumbs/FOXNEWSW_20160822_040000_Justice_With_Judge_Jeanine_002697.jpg,"but he's not exactly a cli ma toll gist. let's say this. even if you believe that to be true, we're not going to stop climate change by shutting down american energy. i'll give you a statistic, judge. i bet you didn't know. as we shut down our coal plants,"
https://archive.org/details/FOXNEWSW_20160806_150000_Forbes_on_Fox#start/1442/end/1477,8/6/2016 15:24:17,FOXNEWS,Forbes on Fox,FOXNEWSW_20160806_150000_Forbes_on_Fox,https://archive.org/download/FOXNEWSW_20160806_150000_Forbes_on_Fox/FOXNEWSW_20160806_150000_Forbes_on_Fox.thumbs/FOXNEWSW_20160806_150000_Forbes_on_Fox_001437.jpg,"tax is not part of any vocabulary but it's in theirs. this will pose a huge burden on the economy. if they're serious about climate change, why wouldn't they go for natural gas or nuclear power? all they're doing is slowing the economy down, clogging the arteries, making businesses more"
https://archive.org/details/FOXNEWSW_20160806_150000_Forbes_on_Fox#start/1519/end/1554,8/6/2016 15:25:34,FOXNEWS,Forbes on Fox,FOXNEWSW_20160806_150000_Forbes_on_Fox,https://archive.org/download/FOXNEWSW_20160806_150000_Forbes_on_Fox/FOXNEWSW_20160806_150000_Forbes_on_Fox.thumbs/FOXNEWSW_20160806_150000_Forbes_on_Fox_001497.jpg,"again around the world. develop nations tend to clean up their environment. that's a fact. steve, isn't this all just part of president obama wanting to have another legacy for his presidency? and his legacy wants -- he cares a lot about the climate change issue no matter how muchist cost"
https://archive.org/details/FOXNEWSW_20160815_210000_The_Five#start/174/end/209,8/15/2016 21:03:09,FOXNEWS,The Five,FOXNEWSW_20160815_210000_The_Five,https://archive.org/download/FOXNEWSW_20160815_210000_The_Five/FOXNEWSW_20160815_210000_The_Five.thumbs/FOXNEWSW_20160815_210000_The_Five_000147.jpg,"syrian rebels. i'm not going to fight isis with love like obama. i'm not going to try to give isis jobs. i'm not going to say climate change is more of a threat than isis. i'm not going to draw a fake red line and then have let the enemy come right through it."
https://archive.org/details/FOXNEWSW_20160831_070000_Red_Eye_With_Tom_Shillue#start/1387/end/1422,8/31/2016 7:23:22,FOXNEWS,Red Eye With Tom Shillue,FOXNEWSW_20160831_070000_Red_Eye_With_Tom_Shillue,https://archive.org/download/FOXNEWSW_20160831_070000_Red_Eye_With_Tom_Shillue/FOXNEWSW_20160831_070000_Red_Eye_With_Tom_Shillue.thumbs/FOXNEWSW_20160831_070000_Red_Eye_With_Tom_Shillue_001377.jpg,"how about just creating the perception that you know what you are doing. the country does president believe we know what we are doing. when he got to the point of yeah, their top priorities are climate change. if you are speaking to isis they say no they are not worried about you."
https://archive.org/details/FOXNEWSW_20160826_220000_Special_Report_With_Bret_Baier#start/1735/end/1770,8/26/2016 22:29:10,FOXNEWS,Special Report With Bret Baier,FOXNEWSW_20160826_220000_Special_Report_With_Bret_Baier,https://archive.org/download/FOXNEWSW_20160826_220000_Special_Report_With_Bret_Baier/FOXNEWSW_20160826_220000_Special_Report_With_Bret_Baier.thumbs/FOXNEWSW_20160826_220000_Special_Report_With_Bret_Baier_001707.jpg,"climate change. reporter: kevin wagner says the biggest challenge for these democrats versus rubio is name recognition. the good news for murphy and even grayson is they're not really that well known in the states. they still have a chance to sort of build up, you know, how they want to be seen and what they want to be seen like."
https://archive.org/details/FOXNEWSW_20160827_080000_The_Kelly_File#start/1735/end/1770,8/27/2016 8:29:10,FOXNEWS,The Kelly File,FOXNEWSW_20160827_080000_The_Kelly_File,https://archive.org/download/FOXNEWSW_20160827_080000_The_Kelly_File/FOXNEWSW_20160827_080000_The_Kelly_File.thumbs/FOXNEWSW_20160827_080000_The_Kelly_File_001707.jpg,"climate change. reporter: kevin wagner says the biggest challenge for these democrats versus rubio is name recognition. the good news for murphy and even grayson is they're not really that well known in the states. they still have a chance to sort of build up, you know, how they want to be seen and what they want to be seen like."
