﻿URL,MatchDateTime,Station,Show,IAShowID,IAPreviewThumb,Snippet
https://archive.org/details/FOXNEWSW_20171028_050000_Fox_News_Tonight#start/1201/end/1236,10/28/2017 5:20:16,FOXNEWS,Fox News Tonight,FOXNEWSW_20171028_050000_Fox_News_Tonight,https://archive.org/download/FOXNEWSW_20171028_050000_Fox_News_Tonight/FOXNEWSW_20171028_050000_Fox_News_Tonight.thumbs/FOXNEWSW_20171028_050000_Fox_News_Tonight_001197.jpg,"right back in. you would have to applaud him for that. you're not a global warming guy, i would assume. one of his best accomplishments is keeping hillary out of the white house. i do think the globe is warming, i don't know if that makes meal a global warming guy."
https://archive.org/details/FOXNEWSW_20171009_130000_Americas_Newsroom_With_Bill_Hemmer_and_Sandra_Smith#start/3636/end/3671,10/9/2017 14:00:51,FOXNEWS,Americas Newsroom With Bill Hemmer and Sandra Smith,FOXNEWSW_20171009_130000_Americas_Newsroom_With_Bill_Hemmer_and_Sandra_Smith,https://archive.org/download/FOXNEWSW_20171009_130000_Americas_Newsroom_With_Bill_Hemmer_and_Sandra_Smith/FOXNEWSW_20171009_130000_Americas_Newsroom_With_Bill_Hemmer_and_Sandra_Smith.thumbs/FOXNEWSW_20171009_130000_Americas_Newsroom_With_Bill_Hemmer_and_Sandra_Smith_003628.jpg,"controversial clean power plan which is currently suspended by court order. the move would ease restrictions on greenhouse gas emissions from coal-fired power plants. sandra: epa administrator"
https://archive.org/details/FOXNEWSW_20171009_100000_FOX__Friends#start/9336/end/9371,10/9/2017 12:35:51,FOXNEWS,FOX  Friends,FOXNEWSW_20171009_100000_FOX__Friends,https://archive.org/download/FOXNEWSW_20171009_100000_FOX__Friends/FOXNEWSW_20171009_100000_FOX__Friends.thumbs/FOXNEWSW_20171009_100000_FOX__Friends_009327.jpg,"greenhouse gas emissions. chelsea manning claiming she didn't spill any government secrets, only history. claiming quote these aren't intelligence documents. it's historical data. there's nothing sensitive in there. there's no troop movements."
https://archive.org/details/FOXNEWSW_20171010_100000_FOX__Friends#start/706/end/741,10/10/2017 10:12:01,FOXNEWS,FOX  Friends,FOXNEWSW_20171010_100000_FOX__Friends,https://archive.org/download/FOXNEWSW_20171010_100000_FOX__Friends/FOXNEWSW_20171010_100000_FOX__Friends.thumbs/FOXNEWSW_20171010_100000_FOX__Friends_000687.jpg,"withdraw the plan which aimed to restrict greenhouse gas emissions from the coal fired plant. the agency will declare the rule law by setting unreasonable standards. a baseball ends with two teams close tort world series and two others"
https://archive.org/details/FOXNEWSW_20171009_100000_FOX__Friends#start/2526/end/2561,10/9/2017 10:42:21,FOXNEWS,FOX  Friends,FOXNEWSW_20171009_100000_FOX__Friends,https://archive.org/download/FOXNEWSW_20171009_100000_FOX__Friends/FOXNEWSW_20171009_100000_FOX__Friends.thumbs/FOXNEWSW_20171009_100000_FOX__Friends_002517.jpg,"the rule meant to curb greenhouse gas emissions exceeds federal law by setting standards that power plants could not reason my meet. convicted leaker chelsea manning claims she didn't spill any government desperates, only history -- secrets, only            _"
https://archive.org/details/FOXNEWSW_20171028_050000_Fox_News_Tonight#start/1771/end/1806,10/28/2017 5:29:46,FOXNEWS,Fox News Tonight,FOXNEWSW_20171028_050000_Fox_News_Tonight,https://archive.org/download/FOXNEWSW_20171028_050000_Fox_News_Tonight/FOXNEWSW_20171028_050000_Fox_News_Tonight.thumbs/FOXNEWSW_20171028_050000_Fox_News_Tonight_001767.jpg,"jesse: perhaps. but al gore also won more votes than george w. bush, and they had the bitter receipt count. what do you do? for the good of the country, he stepped back and was quiet for many years and then it got on the green deal. then he gave us global"
https://archive.org/details/FOXNEWSW_20171010_010000_Hannity#start/931/end/966,10/10/2017 1:15:46,FOXNEWS,Hannity,FOXNEWSW_20171010_010000_Hannity,https://archive.org/download/FOXNEWSW_20171010_010000_Hannity/FOXNEWSW_20171010_010000_Hannity.thumbs/FOXNEWSW_20171010_010000_Hannity_000927.jpg,"afloat and depriving the deplorables to run their own lives. they don't trust the voters. to make decisions for their own lives. they think washington should make those decisions. if you believe in the climate"
https://archive.org/details/FOXNEWSW_20171017_200000_Your_World_With_Neil_Cavuto#start/2240/end/2275,10/17/2017 20:37:35,FOXNEWS,Your World With Neil Cavuto,FOXNEWSW_20171017_200000_Your_World_With_Neil_Cavuto,https://archive.org/download/FOXNEWSW_20171017_200000_Your_World_With_Neil_Cavuto/FOXNEWSW_20171017_200000_Your_World_With_Neil_Cavuto.thumbs/FOXNEWSW_20171017_200000_Your_World_With_Neil_Cavuto_002218.jpg,"day trying to peg you on climate change, sir. i know you tried to address it in the past. i want to know for the record, you said that you believe in climate change. you believe it in a large part could be contributing to it. but you don't take the leap"
https://archive.org/details/FOXNEWSW_20171015_100000_Fox_and_Friends_Sunday#start/4827/end/4862,10/15/2017 11:20:42,FOXNEWS,Fox and Friends Sunday,FOXNEWSW_20171015_100000_Fox_and_Friends_Sunday,https://archive.org/download/FOXNEWSW_20171015_100000_Fox_and_Friends_Sunday/FOXNEWSW_20171015_100000_Fox_and_Friends_Sunday.thumbs/FOXNEWSW_20171015_100000_Fox_and_Friends_Sunday_004827.jpg,"and climate change. you're not going to want to miss this."
https://archive.org/details/FOXNEWSW_20171028_020000_Fox_News_Tonight#start/1210/end/1245,10/28/2017 2:20:25,FOXNEWS,Fox News Tonight,FOXNEWSW_20171028_020000_Fox_News_Tonight,https://archive.org/download/FOXNEWSW_20171028_020000_Fox_News_Tonight/FOXNEWSW_20171028_020000_Fox_News_Tonight.thumbs/FOXNEWSW_20171028_020000_Fox_News_Tonight_001198.jpg,"out of the white house. i think the globe is warming. i don't know if that makes me a global warming guy. jesse: you look pretty tan. i was in california. jesse: i am sorry to hear"
https://archive.org/details/FOXNEWSW_20171028_080000_Fox_and_Friends_First#start/1209/end/1244,10/28/2017 8:20:24,FOXNEWS,Fox and Friends First,FOXNEWSW_20171028_080000_Fox_and_Friends_First,https://archive.org/download/FOXNEWSW_20171028_080000_Fox_and_Friends_First/FOXNEWSW_20171028_080000_Fox_and_Friends_First.thumbs/FOXNEWSW_20171028_080000_Fox_and_Friends_First_001198.jpg,"out of the white house. i think the globe is warming. i don't know if that makes me a global warming guy. jesse: you look pretty tan. i was in california. jesse: i am sorry to hear"
https://archive.org/details/FOXNEWSW_20171028_020000_Fox_News_Tonight#start/1784/end/1819,10/28/2017 2:29:59,FOXNEWS,Fox News Tonight,FOXNEWSW_20171028_020000_Fox_News_Tonight,https://archive.org/download/FOXNEWSW_20171028_020000_Fox_News_Tonight/FOXNEWSW_20171028_020000_Fox_News_Tonight.thumbs/FOXNEWSW_20171028_020000_Fox_News_Tonight_001768.jpg,"many years and then he got on the green deal. then he got onto the global warming. he resurfaced after years of spending it out of the spotlight. many people would like to see hillary go off as kind of the elder states will mend and ride"
https://archive.org/details/FOXNEWSW_20171028_080000_Fox_and_Friends_First#start/1776/end/1811,10/28/2017 8:29:51,FOXNEWS,Fox and Friends First,FOXNEWSW_20171028_080000_Fox_and_Friends_First,https://archive.org/download/FOXNEWSW_20171028_080000_Fox_and_Friends_First/FOXNEWSW_20171028_080000_Fox_and_Friends_First.thumbs/FOXNEWSW_20171028_080000_Fox_and_Friends_First_001768.jpg,"jesse: george w. bush, they had the bitter recount. what do you do? for the good of the country, he stepped back and was quiet for many years and then he got on the green deal. then he got onto the global warming. he resurfaced after years of spending it out of the"
https://archive.org/details/FOXNEWSW_20171024_030000_Tucker_Carlson_Tonight#start/2543/end/2578,10/24/2017 3:42:38,FOXNEWS,Tucker Carlson Tonight,FOXNEWSW_20171024_030000_Tucker_Carlson_Tonight,https://archive.org/download/FOXNEWSW_20171024_030000_Tucker_Carlson_Tonight/FOXNEWSW_20171024_030000_Tucker_Carlson_Tonight.thumbs/FOXNEWSW_20171024_030000_Tucker_Carlson_Tonight_002517.jpg,"all the issues i plunged into. climate change, poverty programs, and guns, i really learned a lot from people, from experts i wouldn't ordinarily talk to. i talked to john lott about"
https://archive.org/details/FOXNEWSW_20171009_080000_Fox_and_Friends_First#start/3077/end/3112,10/9/2017 8:51:32,FOXNEWS,Fox and Friends First,FOXNEWSW_20171009_080000_Fox_and_Friends_First,https://archive.org/download/FOXNEWSW_20171009_080000_Fox_and_Friends_First/FOXNEWSW_20171009_080000_Fox_and_Friends_First.thumbs/FOXNEWSW_20171009_080000_Fox_and_Friends_First_003057.jpg,"from the climate change community. the implementation of cpp because 27 states sued the administration, the obama administration at the time saying it violated the standards, the standards violated federal law and"
https://archive.org/details/FOXNEWSW_20171026_190000_Shepard_Smith_Reporting#start/1831/end/1866,10/26/2017 19:30:46,FOXNEWS,Shepard Smith Reporting,FOXNEWSW_20171026_190000_Shepard_Smith_Reporting,https://archive.org/download/FOXNEWSW_20171026_190000_Shepard_Smith_Reporting/FOXNEWSW_20171026_190000_Shepard_Smith_Reporting.thumbs/FOXNEWSW_20171026_190000_Shepard_Smith_Reporting_001827.jpg,"when girls go to school we're going to maximize their talents. we could have a solution for climate change in that girl. that girl could be the next nobel peace prize winner."
https://archive.org/details/FOXNEWSW_20171018_050000_Fox_News_Tonight#start/2538/end/2573,10/18/2017 5:42:33,FOXNEWS,Fox News Tonight,FOXNEWSW_20171018_050000_Fox_News_Tonight,https://archive.org/download/FOXNEWSW_20171018_050000_Fox_News_Tonight/FOXNEWSW_20171018_050000_Fox_News_Tonight.thumbs/FOXNEWSW_20171018_050000_Fox_News_Tonight_002518.jpg,"congress. steve: i don't want to talk about the iran deal specifics, but changing policy is the same as withdrawal, that's not fair. another example. paris climate change. that's another one saying, that's america retreating."
https://archive.org/details/FOXNEWSW_20171009_130000_Americas_Newsroom_With_Bill_Hemmer_and_Sandra_Smith#start/3781/end/3816,10/9/2017 14:03:16,FOXNEWS,Americas Newsroom With Bill Hemmer and Sandra Smith,FOXNEWSW_20171009_130000_Americas_Newsroom_With_Bill_Hemmer_and_Sandra_Smith,https://archive.org/download/FOXNEWSW_20171009_130000_Americas_Newsroom_With_Bill_Hemmer_and_Sandra_Smith/FOXNEWSW_20171009_130000_Americas_Newsroom_With_Bill_Hemmer_and_Sandra_Smith.thumbs/FOXNEWSW_20171009_130000_Americas_Newsroom_With_Bill_Hemmer_and_Sandra_Smith_003778.jpg,"without a timeline or commitment to reduce carbon pollution is a wholesale retreat from epa's legal, scientific and moral obligation to address climate change. i can tell you when it comes to that obligation, whether be it"
https://archive.org/details/FOXNEWSW_20171001_100000_Fox_and_Friends_Sunday#start/10165/end/10200,10/1/2017 12:49:40,FOXNEWS,Fox and Friends Sunday,FOXNEWSW_20171001_100000_Fox_and_Friends_Sunday,https://archive.org/download/FOXNEWSW_20171001_100000_Fox_and_Friends_Sunday/FOXNEWSW_20171001_100000_Fox_and_Friends_Sunday.thumbs/FOXNEWSW_20171001_100000_Fox_and_Friends_Sunday_010168.jpg,"talk about climate change, talk about sanctuary cities, talk about a $30 million golf course. building an obama library when the former president doesn't even live here and doesn't want to live here. he avoids everything except the"
https://archive.org/details/FOXNEWSW_20171018_020000_Fox_News_Tonight#start/2542/end/2577,10/18/2017 2:42:37,FOXNEWS,Fox News Tonight,FOXNEWSW_20171018_020000_Fox_News_Tonight,https://archive.org/download/FOXNEWSW_20171018_020000_Fox_News_Tonight/FOXNEWSW_20171018_020000_Fox_News_Tonight.thumbs/FOXNEWSW_20171018_020000_Fox_News_Tonight_002518.jpg,"about the specifics of it but just changing policy is the same as withdrawal -- it's just not fair. let's take another example. the paris climate change. to say america retreating. actually, isn't it just a different kind of leadership?"
https://archive.org/details/FOXNEWSW_20171017_200000_Your_World_With_Neil_Cavuto#start/2303/end/2338,10/17/2017 20:38:38,FOXNEWS,Your World With Neil Cavuto,FOXNEWSW_20171017_200000_Your_World_With_Neil_Cavuto,https://archive.org/download/FOXNEWSW_20171017_200000_Your_World_With_Neil_Cavuto/FOXNEWSW_20171017_200000_Your_World_With_Neil_Cavuto.thumbs/FOXNEWSW_20171017_200000_Your_World_With_Neil_Cavuto_002278.jpg,"we have reduced our c 02 footprint almost 20%. so we're leading with action. neil: so your issue wasn't denying the fact that man might have a role in climate change. just the degree to which we"
https://archive.org/details/FOXNEWSW_20171024_000000_Tucker_Carlson_Tonight#start/2539/end/2574,10/24/2017 0:42:34,FOXNEWS,Tucker Carlson Tonight,FOXNEWSW_20171024_000000_Tucker_Carlson_Tonight,https://archive.org/download/FOXNEWSW_20171024_000000_Tucker_Carlson_Tonight/FOXNEWSW_20171024_000000_Tucker_Carlson_Tonight.thumbs/FOXNEWSW_20171024_000000_Tucker_Carlson_Tonight_002517.jpg,"tucker: by law abiding people in this country until i read it from you. it's interesting thing. all the issues i plunged into. climate change, poverty programs, and guns, i really learned a lot from people, from experts i wouldn't overruledly talk to."
https://archive.org/details/FOXNEWSW_20171024_060000_Tucker_Carlson_Tonight#start/2533/end/2568,10/24/2017 6:42:28,FOXNEWS,Tucker Carlson Tonight,FOXNEWSW_20171024_060000_Tucker_Carlson_Tonight,https://archive.org/download/FOXNEWSW_20171024_060000_Tucker_Carlson_Tonight/FOXNEWSW_20171024_060000_Tucker_Carlson_Tonight.thumbs/FOXNEWSW_20171024_060000_Tucker_Carlson_Tonight_002518.jpg,"guns. i didn't know how often guns were used defensively. yeah. tucker: by law abiding people in this country until i read it from you. it's interesting thing. all the issues i plunged into. climate change, poverty programs, and guns, i really"
https://archive.org/details/FOXNEWSW_20171013_210000_The_Five#start/174/end/209,10/13/2017 21:03:09,FOXNEWS,The Five,FOXNEWSW_20171013_210000_The_Five,https://archive.org/download/FOXNEWSW_20171013_210000_The_Five/FOXNEWSW_20171013_210000_The_Five.thumbs/FOXNEWSW_20171013_210000_The_Five_000148.jpg,"from these holier than thou celebrities who are telling us about climate change, who lecture us about sexism in the workplace or racism when they have been living with this secret. we've talked about this before. there's no such thing as an open"
https://archive.org/details/FOXNEWSW_20171018_170000_Outnumbered_Overtime_With_Harris_Faulkner#start/1257/end/1292,10/18/2017 17:21:12,FOXNEWS,Outnumbered Overtime With Harris Faulkner,FOXNEWSW_20171018_170000_Outnumbered_Overtime_With_Harris_Faulkner,https://archive.org/download/FOXNEWSW_20171018_170000_Outnumbered_Overtime_With_Harris_Faulkner/FOXNEWSW_20171018_170000_Outnumbered_Overtime_With_Harris_Faulkner.thumbs/FOXNEWSW_20171018_170000_Outnumbered_Overtime_With_Harris_Faulkner_000837.jpg,"that we're working with and expand with great confidence. when girls go to school we're going to maximize their talents. we could have a solution for climate change in that girl. that girl could be the next nobel peace prize winner."
https://archive.org/details/FOXNEWSW_20171009_230000_The_Story_With_Martha_MacCallum#start/1383/end/1418,10/9/2017 23:23:18,FOXNEWS,The Story With Martha MacCallum,FOXNEWSW_20171009_230000_The_Story_With_Martha_MacCallum,https://archive.org/download/FOXNEWSW_20171009_230000_The_Story_With_Martha_MacCallum/FOXNEWSW_20171009_230000_The_Story_With_Martha_MacCallum.thumbs/FOXNEWSW_20171009_230000_The_Story_With_Martha_MacCallum_001377.jpg,"white house making huge moves on immigration, health care and a huge climate change roll back from obama administration. karl rove looks at what's going on behind all of the bluster at the actual policy moves and where this means we're going,"
https://archive.org/details/FOXNEWSW_20171011_210000_The_Five#start/618/end/653,10/11/2017 21:10:33,FOXNEWS,The Five,FOXNEWSW_20171011_210000_The_Five,https://archive.org/download/FOXNEWSW_20171011_210000_The_Five/FOXNEWSW_20171011_210000_The_Five.thumbs/FOXNEWSW_20171011_210000_The_Five_000598.jpg,"kinds of morality, whether it's about gender, climate change, sexuality. in this case, they are accepting some of that is immoral because it's part of doing business. juan: it is not just them now. i think it has been them"
https://archive.org/details/FOXNEWSW_20171023_010000_The_Next_Revolution_With_Steve_Hilton#start/393/end/428,10/23/2017 1:06:48,FOXNEWS,The Next Revolution With Steve Hilton,FOXNEWSW_20171023_010000_The_Next_Revolution_With_Steve_Hilton,https://archive.org/download/FOXNEWSW_20171023_010000_The_Next_Revolution_With_Steve_Hilton/FOXNEWSW_20171023_010000_The_Next_Revolution_With_Steve_Hilton.thumbs/FOXNEWSW_20171023_010000_The_Next_Revolution_With_Steve_Hilton_000388.jpg,"running for president. you know, they hit each other. but you're going compare that to 8 years in your being blamed for everything? i just can't remember it was like, oh, of course, bush did it. poor climate change, bush's fault, the swar bush's fault."
https://archive.org/details/FOXNEWSW_20171023_040000_The_Next_Revolution_With_Steve_Hilton#start/394/end/429,10/23/2017 4:06:49,FOXNEWS,The Next Revolution With Steve Hilton,FOXNEWSW_20171023_040000_The_Next_Revolution_With_Steve_Hilton,https://archive.org/download/FOXNEWSW_20171023_040000_The_Next_Revolution_With_Steve_Hilton/FOXNEWSW_20171023_040000_The_Next_Revolution_With_Steve_Hilton.thumbs/FOXNEWSW_20171023_040000_The_Next_Revolution_With_Steve_Hilton_000387.jpg,"running for president. you know, they hit each other. but you're going compare that to 8 years in your being blamed for everything? i just can't remember it was like, oh, of course, bush did it. poor climate change, bush's fault, the swar bush's fault."
https://archive.org/details/FOXNEWSW_20171013_220000_Special_Report_With_Bret_Baier#start/2233/end/2268,10/13/2017 22:37:28,FOXNEWS,Special Report With Bret Baier,FOXNEWSW_20171013_220000_Special_Report_With_Bret_Baier,https://archive.org/download/FOXNEWSW_20171013_220000_Special_Report_With_Bret_Baier/FOXNEWSW_20171013_220000_Special_Report_With_Bret_Baier.thumbs/FOXNEWSW_20171013_220000_Special_Report_With_Bret_Baier_002218.jpg,"health care in history. one by one, it's going to come down and we are going to have great health care in this country. there is such a thing as being too late when it comes to climate change. we will put our miners back"
https://archive.org/details/FOXNEWSW_20171009_230000_The_Story_With_Martha_MacCallum#start/1882/end/1917,10/9/2017 23:31:37,FOXNEWS,The Story With Martha MacCallum,FOXNEWSW_20171009_230000_The_Story_With_Martha_MacCallum,https://archive.org/download/FOXNEWSW_20171009_230000_The_Story_With_Martha_MacCallum/FOXNEWSW_20171009_230000_The_Story_With_Martha_MacCallum.thumbs/FOXNEWSW_20171009_230000_The_Story_With_Martha_MacCallum_001857.jpg,"the trump white house making significant moves on three big policy priorities. earlier the epa announcing the repeal of president obama's signature climate change regulation, the clean power plan, cole is back is the way they put it. i was earlier they laid out"
https://archive.org/details/FOXNEWSW_20171028_210000_Americas_News_HQ#start/5220/end/5255,10/28/2017 22:27:15,FOXNEWS,Americas News HQ,FOXNEWSW_20171028_210000_Americas_News_HQ,https://archive.org/download/FOXNEWSW_20171028_210000_Americas_News_HQ/FOXNEWSW_20171028_210000_Americas_News_HQ.thumbs/FOXNEWSW_20171028_210000_Americas_News_HQ_005007.jpg,"when girls go to school we're going to maximize their talents. we could have a solution for climate change in that girl. that girl could be the next nobel peace prize winner. acts special counsel robert. mueller probe into the 2016 election interference is not the only russian investigation"
https://archive.org/details/FOXNEWSW_20171024_210000_The_Five#start/1192/end/1227,10/24/2017 21:20:07,FOXNEWS,The Five,FOXNEWSW_20171024_210000_The_Five,https://archive.org/download/FOXNEWSW_20171024_210000_The_Five/FOXNEWSW_20171024_210000_The_Five.thumbs/FOXNEWSW_20171024_210000_The_Five_001168.jpg,"when he said that we have children and grandchildren to answer for, that straight out of the climate change b.s. that we hear from the left. like, if you don't act now you're gonna be answering to future generations. basically what he's saying is that if you don't do what he's"
https://archive.org/details/FOXNEWSW_20171011_000000_Tucker_Carlson_Tonight#start/1203/end/1238,10/11/2017 0:20:18,FOXNEWS,Tucker Carlson Tonight,FOXNEWSW_20171011_000000_Tucker_Carlson_Tonight,https://archive.org/download/FOXNEWSW_20171011_000000_Tucker_Carlson_Tonight/FOXNEWSW_20171011_000000_Tucker_Carlson_Tonight.thumbs/FOXNEWSW_20171011_000000_Tucker_Carlson_Tonight_001198.jpg,"coming out too soon. now she's being accused of being too late. there are life-and-death issues which hillary clinton talks about, which includes puerto rico, it includes climate change, gun safety, little things like nuclear war. the fact that she didn't come out exactly when you would have"
https://archive.org/details/FOXNEWSW_20171029_090000_Fox_Report_Saturday#start/1285/end/1320,10/29/2017 9:21:40,FOXNEWS,Fox Report Saturday,FOXNEWSW_20171029_090000_Fox_Report_Saturday,https://archive.org/download/FOXNEWSW_20171029_090000_Fox_Report_Saturday/FOXNEWSW_20171029_090000_Fox_Report_Saturday.thumbs/FOXNEWSW_20171029_090000_Fox_Report_Saturday_001258.jpg,"the fact that citi is in countries where girls are vulnerable ensures that we are able to get funds to the people that we're working with and expand with great confidence. when girls go to school we're going to maximize their talents. we could have a solution for climate change in that girl."
https://archive.org/details/FOXNEWSW_20171001_100000_Fox_and_Friends_Sunday#start/10152/end/10187,10/1/2017 12:49:27,FOXNEWS,Fox and Friends Sunday,FOXNEWSW_20171001_100000_Fox_and_Friends_Sunday,https://archive.org/download/FOXNEWSW_20171001_100000_Fox_and_Friends_Sunday/FOXNEWSW_20171001_100000_Fox_and_Friends_Sunday.thumbs/FOXNEWSW_20171001_100000_Fox_and_Friends_Sunday_010138.jpg,"saying 'our people are dying.' this is not rahm emanuel saying our people are dying, drugs and gangs have infected our communities, we need more cops, we need more help? why is he focused early say on issues like climate change but not on his own streets? it's like sleight of hand."
https://archive.org/details/FOXNEWSW_20171003_100000_FOX__Friends#start/7509/end/7544,10/3/2017 12:05:24,FOXNEWS,FOX  Friends,FOXNEWSW_20171003_100000_FOX__Friends,https://archive.org/download/FOXNEWSW_20171003_100000_FOX__Friends/FOXNEWSW_20171003_100000_FOX__Friends.thumbs/FOXNEWSW_20171003_100000_FOX__Friends_007497.jpg,"to kick christianity, god to the occur be in our society and the way we treat each other and some government policy in our schools. we can talk a lot about climate change and all of these wonderful things in school. but we can't say a simple prayer, even have a moment of"
https://archive.org/details/FOXNEWSW_20171015_100000_Fox_and_Friends_Sunday#start/12595/end/12630,10/15/2017 13:30:10,FOXNEWS,Fox and Friends Sunday,FOXNEWSW_20171015_100000_Fox_and_Friends_Sunday,https://archive.org/download/FOXNEWSW_20171015_100000_Fox_and_Friends_Sunday/FOXNEWSW_20171015_100000_Fox_and_Friends_Sunday.thumbs/FOXNEWSW_20171015_100000_Fox_and_Friends_Sunday_012567.jpg,"know he desserted his post in afghanistan. the man who led the search is going to tell us what to expect. plus, tomorrow as the train, you know him and you love him but he's getting a major overhaul in the name of gender equality and climate change. your e-mails are pulling in"
https://archive.org/details/FOXNEWSW_20171011_060000_Tucker_Carlson_Tonight#start/1198/end/1233,10/11/2017 6:20:13,FOXNEWS,Tucker Carlson Tonight,FOXNEWSW_20171011_060000_Tucker_Carlson_Tonight,https://archive.org/download/FOXNEWSW_20171011_060000_Tucker_Carlson_Tonight/FOXNEWSW_20171011_060000_Tucker_Carlson_Tonight.thumbs/FOXNEWSW_20171011_060000_Tucker_Carlson_Tonight_001198.jpg,"against guns in las vegas she was accused on this network -- i was on a segment about it, coming out too soon. now she's being accused of being too late. there are life-and-death issues which hillary clinton talks about, which includes puerto rico, it includes climate change, gun safety, little"
https://archive.org/details/FOXNEWSW_20171017_100000_FOX__Friends#start/4440/end/4475,10/17/2017 11:14:15,FOXNEWS,FOX  Friends,FOXNEWSW_20171017_100000_FOX__Friends,https://archive.org/download/FOXNEWSW_20171017_100000_FOX__Friends/FOXNEWSW_20171017_100000_FOX__Friends.thumbs/FOXNEWSW_20171017_100000_FOX__Friends_004438.jpg,"ensures that we are able to get funds to the people that we're working with and expand with great confidence. when girls go to school we're going to maximize their talents. we could have a solution for climate change in that girl. that girl could be the next nobel peace prize winner."
https://archive.org/details/FOXNEWSW_20171011_030000_Tucker_Carlson_Tonight#start/1201/end/1236,10/11/2017 3:20:16,FOXNEWS,Tucker Carlson Tonight,FOXNEWSW_20171011_030000_Tucker_Carlson_Tonight,https://archive.org/download/FOXNEWSW_20171011_030000_Tucker_Carlson_Tonight/FOXNEWSW_20171011_030000_Tucker_Carlson_Tonight.thumbs/FOXNEWSW_20171011_030000_Tucker_Carlson_Tonight_001198.jpg,"now she's being accused of being too late. theremi are life-and-death issus which hillary clinton talks about, which includesf puerto rico, it includes climate change, gun safety, little things like nuclear war. the fact that she didn't come out exactly when you would have wanted her to is hardly a crimes"
https://archive.org/details/FOXNEWSW_20171015_100000_Fox_and_Friends_Sunday#start/10214/end/10249,10/15/2017 12:50:29,FOXNEWS,Fox and Friends Sunday,FOXNEWSW_20171015_100000_Fox_and_Friends_Sunday,https://archive.org/download/FOXNEWSW_20171015_100000_Fox_and_Friends_Sunday/FOXNEWSW_20171015_100000_Fox_and_Friends_Sunday.thumbs/FOXNEWSW_20171015_100000_Fox_and_Friends_Sunday_010197.jpg,"pointed at someone else to blame for the loss. ed henry at the top of the hour. and thomas the tank engine getting what some might call an overhaul all in the name of gender equality and climate change. you're not going to believe this this. you're not gonna want to miss this and your emails have been pouring in on how you feel about"
