﻿URL,MatchDateTime,Station,Show,IAShowID,IAPreviewThumb,Snippet
https://archive.org/details/FOXNEWSW_20130423_060000_The_Five#start/2992/end/3027,4/23/2013 6:50:07,FOXNEWS,The Five,FOXNEWSW_20130423_060000_The_Five,https://archive.org/download/FOXNEWSW_20130423_060000_The_Five/FOXNEWSW_20130423_060000_The_Five.thumbs/FOXNEWSW_20130423_060000_The_Five_002985.jpg,"that's when i list the facts about the environment. for example, if you want to talk about global warming there has been a pause in global warming over 15 years. that's why they changed it to measuring global warming in countries which is a contridiction. it is no longer global warming"
https://archive.org/details/FOXNEWSW_20130430_210000_The_Five#start/2655/end/2690,4/30/2013 21:44:30,FOXNEWS,The Five,FOXNEWSW_20130430_210000_The_Five,https://archive.org/download/FOXNEWSW_20130430_210000_The_Five/FOXNEWSW_20130430_210000_The_Five.thumbs/FOXNEWSW_20130430_210000_The_Five_002655.jpg,"the caribbean coral and eskimos fleeing their village. it weakens the argument but in response to my best friend, 90% of scientists say there is global warming."
https://archive.org/details/FOXNEWSW_20130409_220000_Special_Report_With_Bret_Baier#start/2107/end/2142,4/9/2013 22:35:22,FOXNEWS,Special Report With Bret Baier,FOXNEWSW_20130409_220000_Special_Report_With_Bret_Baier,https://archive.org/download/FOXNEWSW_20130409_220000_Special_Report_With_Bret_Baier/FOXNEWSW_20130409_220000_Special_Report_With_Bret_Baier.thumbs/FOXNEWSW_20130409_220000_Special_Report_With_Bret_Baier_002085.jpg,"james hanson also acknowledges the lull. they see this change as a breech in the wall of climate science. chief scientists one of the chief scientists kevin trebreath global warming"
https://archive.org/details/FOXNEWSW_20130405_100000_FOX_and_Friends#start/6089/end/6124,4/5/2013 11:41:44,FOXNEWS,FOX and Friends,FOXNEWSW_20130405_100000_FOX_and_Friends,https://archive.org/download/FOXNEWSW_20130405_100000_FOX_and_Friends/FOXNEWSW_20130405_100000_FOX_and_Friends.thumbs/FOXNEWSW_20130405_100000_FOX_and_Friends_006075.jpg,"friends. gretchen: barbecue fans, brace yourself. steve: then the inconvenient truth is, the planet has not warmed in a decade and a half. the polar bear population is actually growing. why are liberals, those on the left, still pushing their global warming agenda?"
https://archive.org/details/FOXNEWSW_20130414_160000_Americas_News_Headquarters#start/3484/end/3519,4/14/2013 16:58:19,FOXNEWS,Americas News Headquarters,FOXNEWSW_20130414_160000_Americas_News_Headquarters,https://archive.org/download/FOXNEWSW_20130414_160000_Americas_News_Headquarters/FOXNEWSW_20130414_160000_Americas_News_Headquarters.thumbs/FOXNEWSW_20130414_160000_Americas_News_Headquarters_003465.jpg,"the temperature lull casts doubt on how the atmosphere mae be responding. they had a study blaming chinese coal use for the lack of global warming. in an ironic twist proponents are claiming that coal use is save us from dangerous global"
https://archive.org/details/FOXNEWSW_20130403_020000_Greta_Van_Susteren#start/219/end/254,4/3/2013 2:03:54,FOXNEWS,Greta Van Susteren,FOXNEWSW_20130403_020000_Greta_Van_Susteren,https://archive.org/download/FOXNEWSW_20130403_020000_Greta_Van_Susteren/FOXNEWSW_20130403_020000_Greta_Van_Susteren.thumbs/FOXNEWSW_20130403_020000_Greta_Van_Susteren_000195.jpg,"sequestration, just about a 3% cut on the actual growth of government. but janet napolitano and jay carney should listen to this. climate change musical expenditure"
https://archive.org/details/FOXNEWSW_20130403_050000_Greta_Van_Susteren#start/214/end/249,4/3/2013 5:03:49,FOXNEWS,Greta Van Susteren,FOXNEWSW_20130403_050000_Greta_Van_Susteren,https://archive.org/download/FOXNEWSW_20130403_050000_Greta_Van_Susteren/FOXNEWSW_20130403_050000_Greta_Van_Susteren.thumbs/FOXNEWSW_20130403_050000_Greta_Van_Susteren_000195.jpg,"and intimidation when we know that the whole thing about sequestration, just about a 3% cut on the actual growth of government. but janet napolitano and jay carney should listen to this. climate change musical"
https://archive.org/details/FOXNEWSW_20130422_210000_The_Five#start/3051/end/3086,4/22/2013 21:51:06,FOXNEWS,The Five,FOXNEWSW_20130422_210000_The_Five,https://archive.org/download/FOXNEWSW_20130422_210000_The_Five/FOXNEWSW_20130422_210000_The_Five.thumbs/FOXNEWSW_20130422_210000_The_Five_003045.jpg,"i like the plan feet earth. i -- i like the planet earth. i would rather be here than mars for example. you are a marsist. i will not hate on planet earth or earth day. but i disagree with the hysteria with the climate change."
https://archive.org/details/FOXNEWSW_20130405_100000_FOX_and_Friends#start/6325/end/6360,4/5/2013 11:45:40,FOXNEWS,FOX and Friends,FOXNEWSW_20130405_100000_FOX_and_Friends,https://archive.org/download/FOXNEWSW_20130405_100000_FOX_and_Friends/FOXNEWSW_20130405_100000_FOX_and_Friends.thumbs/FOXNEWSW_20130405_100000_FOX_and_Friends_006315.jpg,"getting a new name now. the pork and beef industry is renaming more than 300 cuts of meat in hopes that they're going to sell more advertising and boost the sales for them. go back upstairs to steve. steve: liberals love to talk about climate change to please"
https://archive.org/details/FOXNEWSW_20130430_200000_Your_World_With_Neil_Cavuto#start/1357/end/1392,4/30/2013 20:22:52,FOXNEWS,Your World With Neil Cavuto,FOXNEWSW_20130430_200000_Your_World_With_Neil_Cavuto,https://archive.org/download/FOXNEWSW_20130430_200000_Your_World_With_Neil_Cavuto/FOXNEWSW_20130430_200000_Your_World_With_Neil_Cavuto.thumbs/FOXNEWSW_20130430_200000_Your_World_With_Neil_Cavuto_001335.jpg,"neil: climate change have anything to do with any of the above? you know, last year the united states had one of the warmest springs on record. the year before the tornadoes. all we heard about was global warming, and yet you look at the entire global picture it was"
https://archive.org/details/FOXNEWSW_20130409_220000_Special_Report_With_Bret_Baier#start/2152/end/2187,4/9/2013 22:36:07,FOXNEWS,Special Report With Bret Baier,FOXNEWSW_20130409_220000_Special_Report_With_Bret_Baier,https://archive.org/download/FOXNEWSW_20130409_220000_Special_Report_With_Bret_Baier/FOXNEWSW_20130409_220000_Special_Report_With_Bret_Baier.thumbs/FOXNEWSW_20130409_220000_Special_Report_With_Bret_Baier_002145.jpg,"national academy of science a year or two ago they had a study blaming chinese coal use for the lack of global warming. twist global warming proponents are now claiming that coal use is saving us from dangerous global warming. all of this has not"
https://archive.org/details/FOXNEWSW_20130422_210000_The_Five#start/2991/end/3026,4/22/2013 21:50:06,FOXNEWS,The Five,FOXNEWSW_20130422_210000_The_Five,https://archive.org/download/FOXNEWSW_20130422_210000_The_Five/FOXNEWSW_20130422_210000_The_Five.thumbs/FOXNEWSW_20130422_210000_The_Five_002985.jpg,"that's when i list the facts about the environment. for example, if you want to talk about global warming there has been a pause in global warming over 15 years. that's why they changed it to measuring global warming in countries which is a contridiction."
https://archive.org/details/FOXNEWSW_20130424_130000_Americas_Newsroom#start/1680/end/1715,4/24/2013 13:28:15,FOXNEWS,Americas Newsroom,FOXNEWSW_20130424_130000_Americas_Newsroom,https://archive.org/download/FOXNEWSW_20130424_130000_Americas_Newsroom/FOXNEWSW_20130424_130000_Americas_Newsroom.thumbs/FOXNEWSW_20130424_130000_Americas_Newsroom_001665.jpg,"information. the letter states that greenhouse gas emissions from oil sands are actually much, much higher than greenhouse gas emissions from regular crude oil that would be processed in this country. to quote, the additional co2 from oil sands crude"
https://archive.org/details/FOXNEWSW_20130430_210000_The_Five#start/2682/end/2717,4/30/2013 21:44:57,FOXNEWS,The Five,FOXNEWSW_20130430_210000_The_Five,https://archive.org/download/FOXNEWSW_20130430_210000_The_Five/FOXNEWSW_20130430_210000_The_Five.thumbs/FOXNEWSW_20130430_210000_The_Five_002685.jpg,"do you want a list. case closed. i remember it was global warming and global warming and flat lining and it became"
https://archive.org/details/FOXNEWSW_20130430_210000_The_Five#start/2429/end/2464,4/30/2013 21:40:44,FOXNEWS,The Five,FOXNEWSW_20130430_210000_The_Five,https://archive.org/download/FOXNEWSW_20130430_210000_The_Five/FOXNEWSW_20130430_210000_The_Five.thumbs/FOXNEWSW_20130430_210000_The_Five_002415.jpg,"global warming including global cooling, global warming leads to global cooling and then warming and then until we realize it's all b.s. -- the latest thing blamed on warming is"
https://archive.org/details/FOXNEWSW_20130424_130000_Americas_Newsroom#start/1648/end/1683,4/24/2013 13:27:43,FOXNEWS,Americas Newsroom,FOXNEWSW_20130424_130000_Americas_Newsroom,https://archive.org/download/FOXNEWSW_20130424_130000_Americas_Newsroom/FOXNEWSW_20130424_130000_Americas_Newsroom.thumbs/FOXNEWSW_20130424_130000_Americas_Newsroom_001635.jpg,"imported oil. only 30% think reducing greenhouse gases is more important. public sentiment appears to be shifting very strongly in favor of the keystone xl pipeline. martha: when that happens, things seem to follow as"
https://archive.org/details/FOXNEWSW_20130430_210000_The_Five#start/2638/end/2673,4/30/2013 21:44:13,FOXNEWS,The Five,FOXNEWSW_20130430_210000_The_Five,https://archive.org/download/FOXNEWSW_20130430_210000_The_Five/FOXNEWSW_20130430_210000_The_Five.thumbs/FOXNEWSW_20130430_210000_The_Five_002625.jpg,"for you to stay out all night, just warm up the bed with global warming. we have list of things that is blamed on global warming, the death of the ash tree and end of"
https://archive.org/details/FOXNEWSW_20130424_130000_Americas_Newsroom#start/1633/end/1668,4/24/2013 13:27:28,FOXNEWS,Americas Newsroom,FOXNEWSW_20130424_130000_Americas_Newsroom,https://archive.org/download/FOXNEWSW_20130424_130000_Americas_Newsroom/FOXNEWSW_20130424_130000_Americas_Newsroom.thumbs/FOXNEWSW_20130424_130000_Americas_Newsroom_001605.jpg,"pressure, when asked in a new poll by the woodrow wilson center, what is more important to you, reducing greenhouse gases or having north america free from importing oil outside of north america? 6% of americans said they want to be free from"
https://archive.org/details/FOXNEWSW_20130405_100000_FOX_and_Friends#start/6511/end/6546,4/5/2013 11:48:46,FOXNEWS,FOX and Friends,FOXNEWSW_20130405_100000_FOX_and_Friends,https://archive.org/download/FOXNEWSW_20130405_100000_FOX_and_Friends/FOXNEWSW_20130405_100000_FOX_and_Friends.thumbs/FOXNEWSW_20130405_100000_FOX_and_Friends_006495.jpg,"now he's writing a piece that says the reason we haven't had so much global warming recently is because of coal, fire power plants, they put these particlates in the air which is counteracting the global warming, which just goes to show"
https://archive.org/details/FOXNEWSW_20130430_210000_The_Five#start/2622/end/2657,4/30/2013 21:43:57,FOXNEWS,The Five,FOXNEWSW_20130430_210000_The_Five,https://archive.org/download/FOXNEWSW_20130430_210000_The_Five/FOXNEWSW_20130430_210000_The_Five.thumbs/FOXNEWSW_20130430_210000_The_Five_002595.jpg,"about global warming which could take the eye off the buafl terror. couldn't you say global warming leads to more terror. i will say this whole segment is so convoluted. i have been trying to follow it. if your wife thinks it's okay"
https://archive.org/details/FOXNEWSW_20130422_210000_The_Five#start/3006/end/3041,4/22/2013 21:50:21,FOXNEWS,The Five,FOXNEWSW_20130422_210000_The_Five,https://archive.org/download/FOXNEWSW_20130422_210000_The_Five/FOXNEWSW_20130422_210000_The_Five.thumbs/FOXNEWSW_20130422_210000_The_Five_002985.jpg,"it is no longer global warming if you are just measuring the warming in the united states. oddly enough, carbon measurements have gone down and the temperature went up. there is no link between man made global warming or the measurements are flawed."
https://archive.org/details/FOXNEWSW_20130423_060000_The_Five#start/2975/end/3010,4/23/2013 6:49:50,FOXNEWS,The Five,FOXNEWSW_20130423_060000_The_Five,https://archive.org/download/FOXNEWSW_20130423_060000_The_Five/FOXNEWSW_20130423_060000_The_Five.thumbs/FOXNEWSW_20130423_060000_The_Five_002955.jpg,"so basically i celebrated earth day by putting a lot more greenhouse gases into the air on the airplane. it was great. you should send hate mail to the republicans who keep it tied down. i celebrated by changing the name to fact day."
https://archive.org/details/FOXNEWSW_20130422_210000_The_Five#start/2975/end/3010,4/22/2013 21:49:50,FOXNEWS,The Five,FOXNEWSW_20130422_210000_The_Five,https://archive.org/download/FOXNEWSW_20130422_210000_The_Five/FOXNEWSW_20130422_210000_The_Five.thumbs/FOXNEWSW_20130422_210000_The_Five_002955.jpg,"so basically i celebrated earth day by putting a lot more greenhouse gases into the air on the airplane. it was great. you should send hate mail to the republicans who keep it tied down. i celebrated by changing the name to fact day."
https://archive.org/details/FOXNEWSW_20130414_160000_Americas_News_Headquarters#start/3408/end/3443,4/14/2013 16:57:03,FOXNEWS,Americas News Headquarters,FOXNEWSW_20130414_160000_Americas_News_Headquarters,https://archive.org/download/FOXNEWSW_20130414_160000_Americas_News_Headquarters/FOXNEWSW_20130414_160000_Americas_News_Headquarters.thumbs/FOXNEWSW_20130414_160000_Americas_News_Headquarters_003345.jpg,"much as at the turn of the century. i took a look at why some climate change enthusiasts are worried about climate change data. some may still deny the overwhelming seances but none"
https://archive.org/details/FOXNEWSW_20130409_220000_Special_Report_With_Bret_Baier#start/2091/end/2126,4/9/2013 22:35:06,FOXNEWS,Special Report With Bret Baier,FOXNEWSW_20130409_220000_Special_Report_With_Bret_Baier,https://archive.org/download/FOXNEWSW_20130409_220000_Special_Report_With_Bret_Baier/FOXNEWSW_20130409_220000_Special_Report_With_Bret_Baier.thumbs/FOXNEWSW_20130409_220000_Special_Report_With_Bret_Baier_002085.jpg,"crippling drought and stores. since he emphasized combating climate change some mainstream publications have considered climate change heresy reporting that global temperature surfaces have remained flat over the last 10 years. scientist turned activist"
https://archive.org/details/FOXNEWSW_20130409_220000_Special_Report_With_Bret_Baier#start/2073/end/2108,4/9/2013 22:34:48,FOXNEWS,Special Report With Bret Baier,FOXNEWSW_20130409_220000_Special_Report_With_Bret_Baier,https://archive.org/download/FOXNEWSW_20130409_220000_Special_Report_With_Bret_Baier/FOXNEWSW_20130409_220000_Special_Report_With_Bret_Baier.thumbs/FOXNEWSW_20130409_220000_Special_Report_With_Bret_Baier_002055.jpg,"tonight, correspondent doug mckelway reports some climate change enthusiasts are worried about new climate change data. some may still deny the overwhelming judgment of science nothing none can avoid the devastating impact of raging fires and"
https://archive.org/details/FOXNEWSW_20130422_050000_Justice_With_Judge_Jeanine#start/2503/end/2538,4/22/2013 5:41:58,FOXNEWS,Justice With Judge Jeanine,FOXNEWSW_20130422_050000_Justice_With_Judge_Jeanine,https://archive.org/download/FOXNEWSW_20130422_050000_Justice_With_Judge_Jeanine/FOXNEWSW_20130422_050000_Justice_With_Judge_Jeanine.thumbs/FOXNEWSW_20130422_050000_Justice_With_Judge_Jeanine_002476.jpg,"strengthening federal environmental energy transportation management. you know, this is exciting reading in school. the head of each agency shall improve energy efficiency, reduce greenhouse gas emissions. it sounds like marching."
https://archive.org/details/FOXNEWSW_20130421_190000_Americas_News_Headquarters#start/2504/end/2539,4/21/2013 19:41:59,FOXNEWS,Americas News Headquarters,FOXNEWSW_20130421_190000_Americas_News_Headquarters,https://archive.org/download/FOXNEWSW_20130421_190000_Americas_News_Headquarters/FOXNEWSW_20130421_190000_Americas_News_Headquarters.thumbs/FOXNEWSW_20130421_190000_Americas_News_Headquarters_002505.jpg,"strengthening federal environmental energy transportation management. you know, this is exciting reading in school. the head of each agency shall improve energy efficiency, reduce greenhouse gas emissions. it sounds like marching."
https://archive.org/details/FOXNEWSW_20130414_160000_Americas_News_Headquarters#start/4845/end/4880,4/14/2013 17:21:00,FOXNEWS,Americas News Headquarters,FOXNEWSW_20130414_160000_Americas_News_Headquarters,https://archive.org/download/FOXNEWSW_20130414_160000_Americas_News_Headquarters/FOXNEWSW_20130414_160000_Americas_News_Headquarters.thumbs/FOXNEWSW_20130414_160000_Americas_News_Headquarters_004845.jpg,"less to global warming than other refrigerants out the there. why has this not been report north dakota."
https://archive.org/details/FOXNEWSW_20130414_160000_Americas_News_Headquarters#start/3173/end/3208,4/14/2013 16:53:08,FOXNEWS,Americas News Headquarters,FOXNEWSW_20130414_160000_Americas_News_Headquarters,https://archive.org/download/FOXNEWSW_20130414_160000_Americas_News_Headquarters/FOXNEWSW_20130414_160000_Americas_News_Headquarters.thumbs/FOXNEWSW_20130414_160000_Americas_News_Headquarters_003165.jpg,"americans feel about global warming. and why background checks for guns are necessary, according to chuck manchin. protein is an impt"
https://archive.org/details/FOXNEWSW_20130412_210000_The_Five#start/416/end/451,4/12/2013 21:07:11,FOXNEWS,The Five,FOXNEWSW_20130412_210000_The_Five,https://archive.org/download/FOXNEWSW_20130412_210000_The_Five/FOXNEWSW_20130412_210000_The_Five.thumbs/FOXNEWSW_20130412_210000_The_Five_000405.jpg,"really has potential t and say, a lot of this stuff is bad. the one that drives me crazy there is a morality that needs to be addressed. the first lady and first president prefers to inject morality obesity and climate"
https://archive.org/details/FOXNEWSW_20130424_220000_Special_Report_With_Bret_Baier#start/1436/end/1471,4/24/2013 22:24:11,FOXNEWS,Special Report With Bret Baier,FOXNEWSW_20130424_220000_Special_Report_With_Bret_Baier,https://archive.org/download/FOXNEWSW_20130424_220000_Special_Report_With_Bret_Baier/FOXNEWSW_20130424_220000_Special_Report_With_Bret_Baier.thumbs/FOXNEWSW_20130424_220000_Special_Report_With_Bret_Baier_001425.jpg,"contained insufficient information about the environmental impact. the epa said it was concerned that transporting crude oil via pipeline could lead to spills like one in arkansas last month and concern about the social cost of higher greenhouse gas emissions, not only from burning"
https://archive.org/details/FOXNEWSW_20130423_060000_The_Five#start/3022/end/3057,4/23/2013 6:50:37,FOXNEWS,The Five,FOXNEWSW_20130423_060000_The_Five,https://archive.org/download/FOXNEWSW_20130423_060000_The_Five/FOXNEWSW_20130423_060000_The_Five.thumbs/FOXNEWSW_20130423_060000_The_Five_003015.jpg,"thing global warming is an idle curiosity of the rich. there are millions of people all over the world who have no access to coal and die from burning impure fuels like dung."
https://archive.org/details/FOXNEWSW_20130414_100000_FOX_and_Friends_Sunday#start/9433/end/9468,4/14/2013 12:37:28,FOXNEWS,FOX and Friends Sunday,FOXNEWSW_20130414_100000_FOX_and_Friends_Sunday,https://archive.org/download/FOXNEWSW_20130414_100000_FOX_and_Friends_Sunday/FOXNEWSW_20130414_100000_FOX_and_Friends_Sunday.thumbs/FOXNEWSW_20130414_100000_FOX_and_Friends_Sunday_009435.jpg,"the global warming. tucker: this is supposed to be spring, instead of picking up the ballpark they're sweeping up snow. crews shovelling after a baseball game at target field in minneapolis, minnesota,"
https://archive.org/details/FOXNEWSW_20130403_100000_FOX_and_Friends#start/2806/end/2841,4/3/2013 10:47:01,FOXNEWS,FOX and Friends,FOXNEWSW_20130403_100000_FOX_and_Friends,https://archive.org/download/FOXNEWSW_20130403_100000_FOX_and_Friends/FOXNEWSW_20130403_100000_FOX_and_Friends.thumbs/FOXNEWSW_20130403_100000_FOX_and_Friends_002805.jpg,"that could help the state's economy. is he really trying to play politics with the green lobbyists? let's talk to myron ebe hr*e, director of global warming policy at the competitive enterprise institute."
https://archive.org/details/FOXNEWSW_20130407_060000_Red_Eye#start/1113/end/1148,4/7/2013 6:18:48,FOXNEWS,Red Eye,FOXNEWSW_20130407_060000_Red_Eye,https://archive.org/download/FOXNEWSW_20130407_060000_Red_Eye/FOXNEWSW_20130407_060000_Red_Eye.thumbs/FOXNEWSW_20130407_060000_Red_Eye_001095.jpg,"like stories that are often ending with, greg, get out of my bedroom. but, anyway, the stories are their teachers talk about global warming as if it's fact and talk about barack obama and they talk"
https://archive.org/details/FOXNEWSW_20130407_030000_The_Journal_Editorial_Report#start/1115/end/1150,4/7/2013 3:18:50,FOXNEWS,The Journal Editorial Report,FOXNEWSW_20130407_030000_The_Journal_Editorial_Report,https://archive.org/download/FOXNEWSW_20130407_030000_The_Journal_Editorial_Report/FOXNEWSW_20130407_030000_The_Journal_Editorial_Report.thumbs/FOXNEWSW_20130407_030000_The_Journal_Editorial_Report_001095.jpg,"ending with, greg, get out of my bedroom. but, anyway, the stories are their teachers talk about global warming as if it's fact and talk about barack obama and they talk about how mitt romney is a joke"
https://archive.org/details/FOXNEWSW_20130409_220000_Special_Report_With_Bret_Baier#start/1042/end/1077,4/9/2013 22:17:37,FOXNEWS,Special Report With Bret Baier,FOXNEWSW_20130409_220000_Special_Report_With_Bret_Baier,https://archive.org/download/FOXNEWSW_20130409_220000_Special_Report_With_Bret_Baier/FOXNEWSW_20130409_220000_Special_Report_With_Bret_Baier.thumbs/FOXNEWSW_20130409_220000_Special_Report_With_Bret_Baier_001035.jpg,"members of congress including senator marco rubleio want the administration to clarify its policy since tourism to cuba is illegal. still ahead, whatever happened to global warming? first, karl rove and joe trippi break down the long"
https://archive.org/details/FOXNEWSW_20130430_210000_The_Five#start/2523/end/2558,4/30/2013 21:42:18,FOXNEWS,The Five,FOXNEWSW_20130430_210000_The_Five,https://archive.org/download/FOXNEWSW_20130430_210000_The_Five/FOXNEWSW_20130430_210000_The_Five.thumbs/FOXNEWSW_20130430_210000_The_Five_002505.jpg,"free markets and capitalism, introducing some kind of freedom no these countries, but not taking american tax money and throwing at global warming? i call it the law of diminishing communications return. they have become so crazy they"
https://archive.org/details/FOXNEWSW_20130422_210000_The_Five#start/3021/end/3056,4/22/2013 21:50:36,FOXNEWS,The Five,FOXNEWSW_20130422_210000_The_Five,https://archive.org/download/FOXNEWSW_20130422_210000_The_Five/FOXNEWSW_20130422_210000_The_Five.thumbs/FOXNEWSW_20130422_210000_The_Five_003015.jpg,"lastly and the most important thing global warming is an idle curiosity of the rich. there are millions of people all over the world who have no access to coal and die from burning impure fuels like"
https://archive.org/details/FOXNEWSW_20130423_060000_The_Five#start/3007/end/3042,4/23/2013 6:50:22,FOXNEWS,The Five,FOXNEWSW_20130423_060000_The_Five,https://archive.org/download/FOXNEWSW_20130423_060000_The_Five/FOXNEWSW_20130423_060000_The_Five.thumbs/FOXNEWSW_20130423_060000_The_Five_002985.jpg,"if you are just measuring the warming in the united states. oddly enough, carbon measurements have gone down and the temperature went up. there is no link between man made global warming or the measurements are flawed. lastly and the most important"
https://archive.org/details/FOXNEWSW_20130430_210000_The_Five#start/2111/end/2146,4/30/2013 21:35:26,FOXNEWS,The Five,FOXNEWSW_20130430_210000_The_Five,https://archive.org/download/FOXNEWSW_20130430_210000_The_Five/FOXNEWSW_20130430_210000_The_Five.thumbs/FOXNEWSW_20130430_210000_The_Five_002085.jpg,"culture, the more money they can take from you. eric: stop giving them citizenship. democrats will do just about anything to try and say global warming exists but you can't believe what could happen to women if congress doesn't take"
https://archive.org/details/FOXNEWSW_20130430_200000_Your_World_With_Neil_Cavuto#start/1387/end/1422,4/30/2013 20:23:22,FOXNEWS,Your World With Neil Cavuto,FOXNEWSW_20130430_200000_Your_World_With_Neil_Cavuto,https://archive.org/download/FOXNEWSW_20130430_200000_Your_World_With_Neil_Cavuto/FOXNEWSW_20130430_200000_Your_World_With_Neil_Cavuto.thumbs/FOXNEWSW_20130430_200000_Your_World_With_Neil_Cavuto_001365.jpg,"find because of the design of the system. that is a natural design, has nothing to do with global warming. neil: thank you very much. thanks for having me. always a pressure. neil: the longer the cold, the higher the heating bill and"
https://archive.org/details/FOXNEWSW_20130402_100000_FOX_and_Friends#start/5548/end/5583,4/2/2013 11:32:43,FOXNEWS,FOX and Friends,FOXNEWSW_20130402_100000_FOX_and_Friends,https://archive.org/download/FOXNEWSW_20130402_100000_FOX_and_Friends/FOXNEWSW_20130402_100000_FOX_and_Friends.thumbs/FOXNEWSW_20130402_100000_FOX_and_Friends_005535.jpg,"happy birthday to form vice president al gore. 65 years old today. but sadly, sadly he could not enjoy his party 'cause he was so obsessed with how fast the ice cream was melting. [ laughter ] gretchen: that whole global warming thing, i questions."
https://archive.org/details/FOXNEWSW_20130414_160000_Americas_News_Headquarters#start/3392/end/3427,4/14/2013 16:56:47,FOXNEWS,Americas News Headquarters,FOXNEWSW_20130414_160000_Americas_News_Headquarters,https://archive.org/download/FOXNEWSW_20130414_160000_Americas_News_Headquarters/FOXNEWSW_20130414_160000_Americas_News_Headquarters.thumbs/FOXNEWSW_20130414_160000_Americas_News_Headquarters_003195.jpg,"but instead she gives him capri sun super-v. witone combined serving of fruits and vegetables. capri sun super-v. according to a new poll americans are more worried now about global warming than in recent years but not nearly as"
https://archive.org/details/FOXNEWSW_20130414_160000_Americas_News_Headquarters#start/3454/end/3489,4/14/2013 16:57:49,FOXNEWS,Americas News Headquarters,FOXNEWSW_20130414_160000_Americas_News_Headquarters,https://archive.org/download/FOXNEWSW_20130414_160000_Americas_News_Headquarters/FOXNEWSW_20130414_160000_Americas_News_Headquarters.thumbs/FOXNEWSW_20130414_160000_Americas_News_Headquarters_003435.jpg,"global warming doesn't mean rising temperatures. in other words, warming doesn't equal warming. this is a highly complex calculation to make in the first place. but the short period of time only ten years in which the increasing temperature has"
https://archive.org/details/FOXNEWSW_20130417_100000_FOX_and_Friends#start/3229/end/3264,4/17/2013 10:54:04,FOXNEWS,FOX and Friends,FOXNEWSW_20130417_100000_FOX_and_Friends,https://archive.org/download/FOXNEWSW_20130417_100000_FOX_and_Friends/FOXNEWSW_20130417_100000_FOX_and_Friends.thumbs/FOXNEWSW_20130417_100000_FOX_and_Friends_003225.jpg,"healthy right now. it didn't feel like global warming to me, that's all i know. i'm telling you, it was cold. steve: of all the reality shows, i think yours scares me the most. documentary. steve: okay. it is a documentary show."
https://archive.org/details/FOXNEWSW_20130430_210000_The_Five#start/2443/end/2478,4/30/2013 21:40:58,FOXNEWS,The Five,FOXNEWSW_20130430_210000_The_Five,https://archive.org/download/FOXNEWSW_20130430_210000_The_Five/FOXNEWSW_20130430_210000_The_Five.thumbs/FOXNEWSW_20130430_210000_The_Five_002445.jpg,"prostitution. democrats are demanding constitution admits that climate change to transactional sex for survival. congresswoman says food insecure woman makes them vulnerable for"
https://archive.org/details/FOXNEWSW_20130414_160000_Americas_News_Headquarters#start/3424/end/3459,4/14/2013 16:57:19,FOXNEWS,Americas News Headquarters,FOXNEWSW_20130414_160000_Americas_News_Headquarters,https://archive.org/download/FOXNEWSW_20130414_160000_Americas_News_Headquarters/FOXNEWSW_20130414_160000_Americas_News_Headquarters.thumbs/FOXNEWSW_20130414_160000_Americas_News_Headquarters_003405.jpg,"can ignore the crippling droughts and storms. several mainstream publications committed what some consider climate change heracy reporting that temperatures have remained flat"
https://archive.org/details/FOXNEWSW_20130409_220000_Special_Report_With_Bret_Baier#start/2057/end/2092,4/9/2013 22:34:32,FOXNEWS,Special Report With Bret Baier,FOXNEWSW_20130409_220000_Special_Report_With_Bret_Baier,https://archive.org/download/FOXNEWSW_20130409_220000_Special_Report_With_Bret_Baier/FOXNEWSW_20130409_220000_Special_Report_With_Bret_Baier.thumbs/FOXNEWSW_20130409_220000_Special_Report_With_Bret_Baier_002055.jpg,"500 flights at the denver airport and caused major delays. despite the weather, americans are more worried now about global warming than in recent years. but not nearly as much as at the turn of the century. that's according to a new gallup poll."
https://archive.org/details/FOXNEWSW_20130405_100000_FOX_and_Friends#start/6403/end/6438,4/5/2013 11:46:58,FOXNEWS,FOX and Friends,FOXNEWSW_20130405_100000_FOX_and_Friends,https://archive.org/download/FOXNEWSW_20130405_100000_FOX_and_Friends/FOXNEWSW_20130405_100000_FOX_and_Friends.thumbs/FOXNEWSW_20130405_100000_FOX_and_Friends_006375.jpg,"but we haven't had warming in about a decade or 15 years. you still are people like the president, people like al gore out there talking about how we need to embrace the science and fight this challenge of global warming before it's too late, without ever mentioning this key"
https://archive.org/details/FOXNEWSW_20130423_060000_The_Five#start/2941/end/2976,4/23/2013 6:49:16,FOXNEWS,The Five,FOXNEWSW_20130423_060000_The_Five,https://archive.org/download/FOXNEWSW_20130423_060000_The_Five/FOXNEWSW_20130423_060000_The_Five.thumbs/FOXNEWSW_20130423_060000_The_Five_002925.jpg,"i happen to think global warming , next to the chinese, the single biggest threat to the united states and to the world and i think something needs to be done. the mass number of scientists disagree. what are you doing to celebrate earth day, day pho? this morning i flew from"
https://archive.org/details/FOXNEWSW_20130422_210000_The_Five#start/2941/end/2976,4/22/2013 21:49:16,FOXNEWS,The Five,FOXNEWSW_20130422_210000_The_Five,https://archive.org/download/FOXNEWSW_20130422_210000_The_Five/FOXNEWSW_20130422_210000_The_Five.thumbs/FOXNEWSW_20130422_210000_The_Five_002925.jpg,"i happen to think global warming , next to the chinese, the single biggest threat to the united states and to the world and i think something needs to be done. the mass number of scientists disagree. what are you doing to celebrate earth day, day pho? this morning i flew from"
https://archive.org/details/FOXNEWSW_20130430_210000_The_Five#start/2539/end/2574,4/30/2013 21:42:34,FOXNEWS,The Five,FOXNEWSW_20130430_210000_The_Five,https://archive.org/download/FOXNEWSW_20130430_210000_The_Five/FOXNEWSW_20130430_210000_The_Five.thumbs/FOXNEWSW_20130430_210000_The_Five_002535.jpg,"are actually hurting the cause they care about. greg: the fact is, andrea, climate change scientists admit there hasn't been worldwide temperature has flat lined. when will they argue that the"
https://archive.org/details/FOXNEWSW_20130413_060000_The_Five#start/418/end/453,4/13/2013 6:07:13,FOXNEWS,The Five,FOXNEWSW_20130413_060000_The_Five,https://archive.org/download/FOXNEWSW_20130413_060000_The_Five/FOXNEWSW_20130413_060000_The_Five.thumbs/FOXNEWSW_20130413_060000_The_Five_000405.jpg,"the one that drives me crazy there is a morality that needs to be addressed. the first lady and first president prefers to inject morality obesity and climate change when this is legitimate"
https://archive.org/details/FOXNEWSW_20130430_210000_The_Five#start/2489/end/2524,4/30/2013 21:41:44,FOXNEWS,The Five,FOXNEWSW_20130430_210000_The_Five,https://archive.org/download/FOXNEWSW_20130430_210000_The_Five/FOXNEWSW_20130430_210000_The_Five.thumbs/FOXNEWSW_20130430_210000_The_Five_002475.jpg,"hard working women with horrible policies that stop them of their income. forget climate change causing transactional sex, it's congress out to screw you but with real hookers they don't pretend they"
https://archive.org/details/FOXNEWSW_20130430_210000_The_Five#start/2459/end/2494,4/30/2013 21:41:14,FOXNEWS,The Five,FOXNEWSW_20130430_210000_The_Five,https://archive.org/download/FOXNEWSW_20130430_210000_The_Five/FOXNEWSW_20130430_210000_The_Five.thumbs/FOXNEWSW_20130430_210000_The_Five_002445.jpg,"sex work. people become desperate. i'm not talking about sex workers but climate change scam artists like lee. now, the increases in 16 years, the pan sick full steam. so when one fear fails, they"
https://archive.org/details/FOXNEWSW_20130414_160000_Americas_News_Headquarters#start/3439/end/3474,4/14/2013 16:57:34,FOXNEWS,Americas News Headquarters,FOXNEWSW_20130414_160000_Americas_News_Headquarters,https://archive.org/download/FOXNEWSW_20130414_160000_Americas_News_Headquarters/FOXNEWSW_20130414_160000_Americas_News_Headquarters.thumbs/FOXNEWSW_20130414_160000_Americas_News_Headquarters_003435.jpg,"over the last ten years. james hansen acknowledges the lull. climate change skeptics see the change as a breach in the wall of climate science. immediately came out this week and is announceing that"
https://archive.org/details/FOXNEWSW_20130410_150000_Happening_Now#start/168/end/203,4/10/2013 15:03:03,FOXNEWS,Happening Now,FOXNEWSW_20130410_150000_Happening_Now,https://archive.org/download/FOXNEWSW_20130410_150000_Happening_Now/FOXNEWSW_20130410_150000_Happening_Now.thumbs/FOXNEWSW_20130410_150000_Happening_Now_000165.jpg,"the initiative i announced to map the human brain and cure disease. we'll continue our march towards energy independence and address the threat of climate change and our rebuild america partnership will attract private investment to put"
https://archive.org/details/FOXNEWSW_20130430_210000_The_Five#start/2571/end/2606,4/30/2013 21:43:06,FOXNEWS,The Five,FOXNEWSW_20130430_210000_The_Five,https://archive.org/download/FOXNEWSW_20130430_210000_The_Five/FOXNEWSW_20130430_210000_The_Five.thumbs/FOXNEWSW_20130430_210000_The_Five_002565.jpg,"that. i have heard the left argue climate change causes violence, it incites violence in cities like chicago when it is warmer out they kill people. also that causes economic downturn and men out of work, beat their wives."
https://archive.org/details/FOXNEWSW_20130414_160000_Americas_News_Headquarters#start/3157/end/3192,4/14/2013 16:52:52,FOXNEWS,Americas News Headquarters,FOXNEWSW_20130414_160000_Americas_News_Headquarters,https://archive.org/download/FOXNEWSW_20130414_160000_Americas_News_Headquarters/FOXNEWSW_20130414_160000_Americas_News_Headquarters.thumbs/FOXNEWSW_20130414_160000_Americas_News_Headquarters_003135.jpg,"laser is 12-12 in the testing phase, destroying the target each time. the next test will be on the high seas. after the break, the politics of climate change. what a new poll says about how"
https://archive.org/details/FOXNEWSW_20130409_170000_America_Live#start/121/end/156,4/9/2013 17:02:16,FOXNEWS,America Live,FOXNEWSW_20130409_170000_America_Live,https://archive.org/download/FOXNEWSW_20130409_170000_America_Live/FOXNEWSW_20130409_170000_America_Live.thumbs/FOXNEWSW_20130409_170000_America_Live_000105.jpg,"votes at the 2012 convention. and preparing to take on judd's position suggesting she's anti-coal, her position on climate change and favoring cap and trade. they also play a recording of judd saying san francisco is her american city home."
https://archive.org/details/FOXNEWSW_20130417_100000_FOX_and_Friends#start/3213/end/3248,4/17/2013 10:53:48,FOXNEWS,FOX and Friends,FOXNEWSW_20130417_100000_FOX_and_Friends,https://archive.org/download/FOXNEWSW_20130417_100000_FOX_and_Friends/FOXNEWSW_20130417_100000_FOX_and_Friends.thumbs/FOXNEWSW_20130417_100000_FOX_and_Friends_003195.jpg,"flatout, climate change is an issue and it's impacted all the fisheries, all the seas, everything. incrementally a little at a time. you throw things out of whack a little bit and the whole marine ecosystem starts to shift. but our fisheries are"
https://archive.org/details/FOXNEWSW_20130423_060000_The_Five#start/3052/end/3087,4/23/2013 6:51:07,FOXNEWS,The Five,FOXNEWSW_20130423_060000_The_Five,https://archive.org/download/FOXNEWSW_20130423_060000_The_Five/FOXNEWSW_20130423_060000_The_Five.thumbs/FOXNEWSW_20130423_060000_The_Five_003045.jpg,"i -- i like the planet earth. i would rather be here than mars for example. you are a marsist. i will not hate on planet earth or earth day. but i disagree with the hysteria with the climate change. in 1970 one of the"
https://archive.org/details/FOXNEWSW_20130422_200000_Your_World_With_Neil_Cavuto#start/3511/end/3546,4/22/2013 20:58:46,FOXNEWS,Your World With Neil Cavuto,FOXNEWSW_20130422_200000_Your_World_With_Neil_Cavuto,https://archive.org/download/FOXNEWSW_20130422_200000_Your_World_With_Neil_Cavuto/FOXNEWSW_20130422_200000_Your_World_With_Neil_Cavuto.thumbs/FOXNEWSW_20130422_200000_Your_World_With_Neil_Cavuto_003495.jpg,"but i do find it a little odd we have no such trouble painting the well to do with the whole fat cat brush or those who question climate change with the whole ignorant fringe brush. that's another brush. that's another issue. here is my issue, when you"
