﻿URL,MatchDateTime,Station,Show,IAShowID,IAPreviewThumb,Snippet
https://archive.org/details/FOXNEWSW_20150803_180000_The_Real_Story_With_Gretchen_Carlson#start/971/end/1006,8/3/2015 18:16:26,FOXNEWS,The Real Story With Gretchen Carlson,FOXNEWSW_20150803_180000_The_Real_Story_With_Gretchen_Carlson,https://archive.org/download/FOXNEWSW_20150803_180000_The_Real_Story_With_Gretchen_Carlson/FOXNEWSW_20150803_180000_The_Real_Story_With_Gretchen_Carlson.thumbs/FOXNEWSW_20150803_180000_The_Real_Story_With_Gretchen_Carlson_000945.jpg,"restricting greenhouse gas emissions from the power plants affecting coal plants specifically. the president is calling for cuts far steeper than previously expected. new regulations, part of his mission to fight global warming,"
https://archive.org/details/FOXNEWSW_20150820_030000_The_OReilly_Factor#start/914/end/949,8/20/2015 3:15:29,FOXNEWS,The OReilly Factor,FOXNEWSW_20150820_030000_The_OReilly_Factor,https://archive.org/download/FOXNEWSW_20150820_030000_The_OReilly_Factor/FOXNEWSW_20150820_030000_The_OReilly_Factor.thumbs/FOXNEWSW_20150820_030000_The_OReilly_Factor_000915.jpg,"but is it anymore hypocritical than being the world's leading money socialist and being that moneyed socialist because of capitalism? i'll tell you why it's more hypocritical. he says, global warming, global"
https://archive.org/details/FOXNEWSW_20150809_000000_Republican_Presedential_Candidates_Debate#start/1295/end/1330,8/9/2015 0:21:50,FOXNEWS,Republican Presedential Candidates Debate,FOXNEWSW_20150809_000000_Republican_Presedential_Candidates_Debate,https://archive.org/download/FOXNEWSW_20150809_000000_Republican_Presedential_Candidates_Debate/FOXNEWSW_20150809_000000_Republican_Presedential_Candidates_Debate.thumbs/FOXNEWSW_20150809_000000_Republican_Presedential_Candidates_Debate_001275.jpg,"a million people die from dysentery. absolutely. hoarble things that are killing people now. that would be cheap to fix, by the way. that's where we worry about global warming."
https://archive.org/details/FOXNEWSW_20150818_220000_Special_Report_With_Bret_Baier#start/2234/end/2269,8/18/2015 22:37:29,FOXNEWS,Special Report With Bret Baier,FOXNEWSW_20150818_220000_Special_Report_With_Bret_Baier,https://archive.org/download/FOXNEWSW_20150818_220000_Special_Report_With_Bret_Baier/FOXNEWSW_20150818_220000_Special_Report_With_Bret_Baier.thumbs/FOXNEWSW_20150818_220000_Special_Report_With_Bret_Baier_002235.jpg,"help and female sexual hope. having the fda approve addyi will be a game changer. reporter: audie is expected to hit pharmacy shelves this october. doug, thank you. the obama administration's war on global warming is now"
https://archive.org/details/FOXNEWSW_20150820_210000_The_Five#start/92/end/127,8/20/2015 21:01:47,FOXNEWS,The Five,FOXNEWSW_20150820_210000_The_Five,https://archive.org/download/FOXNEWSW_20150820_210000_The_Five/FOXNEWSW_20150820_210000_The_Five.thumbs/FOXNEWSW_20150820_210000_The_Five_000075.jpg,"heaven awaits such tools. but trump should take his own advice, too, and put all focus on those who wish to destroy us. just for fun let's ponder these headlines from the past. clinton sees crisis from global warming."
https://archive.org/details/FOXNEWSW_20150820_210000_The_Five#start/106/end/141,8/20/2015 21:02:01,FOXNEWS,The Five,FOXNEWSW_20150820_210000_The_Five,https://archive.org/download/FOXNEWSW_20150820_210000_The_Five/FOXNEWSW_20150820_210000_The_Five.thumbs/FOXNEWSW_20150820_210000_The_Five_000105.jpg,"it's time to fix america's broken immigration system. both of those headlines were from september 10th, 2001, the day before 9/11. there were no headlines on islamic terror but lots on immigration and global warming."
https://archive.org/details/FOXNEWSW_20150819_080000_The_Kelly_File#start/2233/end/2268,8/19/2015 8:37:28,FOXNEWS,The Kelly File,FOXNEWSW_20150819_080000_The_Kelly_File,https://archive.org/download/FOXNEWSW_20150819_080000_The_Kelly_File/FOXNEWSW_20150819_080000_The_Kelly_File.thumbs/FOXNEWSW_20150819_080000_The_Kelly_File_002205.jpg,"help and female sexual hope. having the fda approve addyi will be a game changer. reporter: audie is expected to hit pharmacy shelves this october. doug, thank you. the obama administration's war on global warming is now"
https://archive.org/details/FOXNEWSW_20150809_000000_Republican_Presedential_Candidates_Debate#start/2960/end/2995,8/9/2015 0:49:35,FOXNEWS,Republican Presedential Candidates Debate,FOXNEWSW_20150809_000000_Republican_Presedential_Candidates_Debate,https://archive.org/download/FOXNEWSW_20150809_000000_Republican_Presedential_Candidates_Debate/FOXNEWSW_20150809_000000_Republican_Presedential_Candidates_Debate.thumbs/FOXNEWSW_20150809_000000_Republican_Presedential_Candidates_Debate_002955.jpg,"climate change causes so many problems. cnn asked was this astroid caused by global warming? what's coming our way? is this an effect of perhaps global warming? oo there's a blurring between fiction and reality because they have a political agenda."
https://archive.org/details/FOXNEWSW_20150803_180000_The_Real_Story_With_Gretchen_Carlson#start/1165/end/1200,8/3/2015 18:19:40,FOXNEWS,The Real Story With Gretchen Carlson,FOXNEWSW_20150803_180000_The_Real_Story_With_Gretchen_Carlson,https://archive.org/download/FOXNEWSW_20150803_180000_The_Real_Story_With_Gretchen_Carlson/FOXNEWSW_20150803_180000_The_Real_Story_With_Gretchen_Carlson.thumbs/FOXNEWSW_20150803_180000_The_Real_Story_With_Gretchen_Carlson_001155.jpg,"able to reverse and we may not be able to adapt sufficiently. there is such a thing as being too late when it comes to climate change."
https://archive.org/details/FOXNEWSW_20150803_130000_Americas_Newsroom_With_Bill_Hemmer_and_Martha_MacCallum#start/3962/end/3997,8/3/2015 14:06:17,FOXNEWS,Americas Newsroom With Bill Hemmer and Martha MacCallum,FOXNEWSW_20150803_130000_Americas_Newsroom_With_Bill_Hemmer_and_Martha_MacCallum,https://archive.org/download/FOXNEWSW_20150803_130000_Americas_Newsroom_With_Bill_Hemmer_and_Martha_MacCallum/FOXNEWSW_20150803_130000_Americas_Newsroom_With_Bill_Hemmer_and_Martha_MacCallum.thumbs/FOXNEWSW_20150803_130000_Americas_Newsroom_With_Bill_Hemmer_and_Martha_MacCallum_003945.jpg,"emissions by as much as 25% by the year 2020 30% by the year 2030 but critics say it will do little to reduce the affects of climate change globeally speaking"
https://archive.org/details/FOXNEWSW_20150829_150000_Forbes_on_Fox#start/892/end/927,8/29/2015 15:15:07,FOXNEWS,Forbes on Fox,FOXNEWSW_20150829_150000_Forbes_on_Fox,https://archive.org/download/FOXNEWSW_20150829_150000_Forbes_on_Fox/FOXNEWSW_20150829_150000_Forbes_on_Fox.thumbs/FOXNEWSW_20150829_150000_Forbes_on_Fox_000885.jpg,"it misled and lied on their applications for federal loans. that was a big deal. they could be sewing machines. under hillary clinton, her statement said the keystone pipeline would not worsen climate change."
https://archive.org/details/FOXNEWSW_20150810_190000_Shepard_Smith_Reporting#start/3148/end/3183,8/10/2015 19:52:43,FOXNEWS,Shepard Smith Reporting,FOXNEWSW_20150810_190000_Shepard_Smith_Reporting,https://archive.org/download/FOXNEWSW_20150810_190000_Shepard_Smith_Reporting/FOXNEWSW_20150810_190000_Shepard_Smith_Reporting.thumbs/FOXNEWSW_20150810_190000_Shepard_Smith_Reporting_003135.jpg,"marketing strategy. reminds me of two things the article in the 'new york times' reminds you of exactly what the tobacco industry did back in day, and more recently, also reminds you of what the climate deniers -- climate change            _"
https://archive.org/details/FOXNEWSW_20150830_040000_Justice_With_Judge_Jeanine#start/2744/end/2779,8/30/2015 4:45:59,FOXNEWS,Justice With Judge Jeanine,FOXNEWSW_20150830_040000_Justice_With_Judge_Jeanine,https://archive.org/download/FOXNEWSW_20150830_040000_Justice_With_Judge_Jeanine/FOXNEWSW_20150830_040000_Justice_With_Judge_Jeanine.thumbs/FOXNEWSW_20150830_040000_Justice_With_Judge_Jeanine_002745.jpg,"what i said was true. listen, had they actually happened, this would have been the scam of the century. we would have gotten money from countries that are kind of corrupt, to go towards the clinton foundation, which is dealing with climate change and childhood"
https://archive.org/details/FOXNEWSW_20150803_190000_Shepard_Smith_Reporting#start/449/end/484,8/3/2015 19:07:44,FOXNEWS,Shepard Smith Reporting,FOXNEWSW_20150803_190000_Shepard_Smith_Reporting,https://archive.org/download/FOXNEWSW_20150803_190000_Shepard_Smith_Reporting/FOXNEWSW_20150803_190000_Shepard_Smith_Reporting.thumbs/FOXNEWSW_20150803_190000_Shepard_Smith_Reporting_000435.jpg,"the president says now that the white house is taking the biggest step ever to fight climate change. the president has just announced a plan to force u.s. power plants to make additional cuts to greenhouse gas emissions. the president says if we do not"
https://archive.org/details/FOXNEWSW_20150807_170000_Happening_Now#start/1514/end/1549,8/7/2015 17:25:29,FOXNEWS,Happening Now,FOXNEWSW_20150807_170000_Happening_Now,https://archive.org/download/FOXNEWSW_20150807_170000_Happening_Now/FOXNEWSW_20150807_170000_Happening_Now.thumbs/FOXNEWSW_20150807_170000_Happening_Now_001515.jpg,"governor brown saying greenhouse gases a issue. he is seeking to have policies outside of the state, john. five people injured in southeast alabama after a tornado hit a gas station and"
https://archive.org/details/FOXNEWSW_20150820_000000_The_OReilly_Factor#start/920/end/955,8/20/2015 0:15:35,FOXNEWS,The OReilly Factor,FOXNEWSW_20150820_000000_The_OReilly_Factor,https://archive.org/download/FOXNEWSW_20150820_000000_The_OReilly_Factor/FOXNEWSW_20150820_000000_The_OReilly_Factor.thumbs/FOXNEWSW_20150820_000000_The_OReilly_Factor_000915.jpg,"capitalism? i'll tell you why it's more hypocritical. he says, global warming, global warming, i'll like some of that coal mining, stock, please. that means he wants them to sell"
https://archive.org/details/FOXNEWSW_20150803_010000_Hannity#start/2004/end/2039,8/3/2015 1:33:39,FOXNEWS,Hannity,FOXNEWSW_20150803_010000_Hannity,https://archive.org/download/FOXNEWSW_20150803_010000_Hannity/FOXNEWSW_20150803_010000_Hannity.thumbs/FOXNEWSW_20150803_010000_Hannity_001995.jpg,"greenhouse gases tomorrow. the dpoel is to reduce carbon emissions 32% by the year 2030. that's more than what was expected. now, some presidential candidates are lashing out. meanwhile, democrat hillary clinton is voicing her support."
https://archive.org/details/FOXNEWSW_20150809_000000_Republican_Presedential_Candidates_Debate#start/1248/end/1283,8/9/2015 0:21:03,FOXNEWS,Republican Presedential Candidates Debate,FOXNEWSW_20150809_000000_Republican_Presedential_Candidates_Debate,https://archive.org/download/FOXNEWSW_20150809_000000_Republican_Presedential_Candidates_Debate/FOXNEWSW_20150809_000000_Republican_Presedential_Candidates_Debate.thumbs/FOXNEWSW_20150809_000000_Republican_Presedential_Candidates_Debate_001245.jpg,"and our planet began to heal. admit it, it's a religion. the head of the united nations climate said it was his religion. when you admit greenhouse gases you feel like you are committing a sin? i suppose if i was a preacher"
https://archive.org/details/FOXNEWSW_20150804_130000_Americas_Newsroom_With_Bill_Hemmer_and_Martha_MacCallum#start/2755/end/2790,8/4/2015 13:46:10,FOXNEWS,Americas Newsroom With Bill Hemmer and Martha MacCallum,FOXNEWSW_20150804_130000_Americas_Newsroom_With_Bill_Hemmer_and_Martha_MacCallum,https://archive.org/download/FOXNEWSW_20150804_130000_Americas_Newsroom_With_Bill_Hemmer_and_Martha_MacCallum/FOXNEWSW_20150804_130000_Americas_Newsroom_With_Bill_Hemmer_and_Martha_MacCallum.thumbs/FOXNEWSW_20150804_130000_Americas_Newsroom_With_Bill_Hemmer_and_Martha_MacCallum_002745.jpg,"and til now. we are trying to slow global warming and every bit of evidence indicates this will be a minimal effect on global warming. we are only one part of the world. every week there is a new coal"
https://archive.org/details/FOXNEWSW_20150809_000000_Republican_Presedential_Candidates_Debate#start/1136/end/1171,8/9/2015 0:19:11,FOXNEWS,Republican Presedential Candidates Debate,FOXNEWSW_20150809_000000_Republican_Presedential_Candidates_Debate,https://archive.org/download/FOXNEWSW_20150809_000000_Republican_Presedential_Candidates_Debate/FOXNEWSW_20150809_000000_Republican_Presedential_Candidates_Debate.thumbs/FOXNEWSW_20150809_000000_Republican_Presedential_Candidates_Debate_001125.jpg,"global warming but the global warming scare has longer legs because it has more money. that gives climate alarmists the reason to squash. there is still a debate over the science. there is not. i bought what they were saying. judith curie is a climate"
https://archive.org/details/FOXNEWSW_20150809_000000_Republican_Presedential_Candidates_Debate#start/947/end/982,8/9/2015 0:16:02,FOXNEWS,Republican Presedential Candidates Debate,FOXNEWSW_20150809_000000_Republican_Presedential_Candidates_Debate,https://archive.org/download/FOXNEWSW_20150809_000000_Republican_Presedential_Candidates_Debate/FOXNEWSW_20150809_000000_Republican_Presedential_Candidates_Debate.thumbs/FOXNEWSW_20150809_000000_Republican_Presedential_Candidates_Debate_000945.jpg,"piece of the world? how shallow is that. what does it mean when we hear. the debate is settled. 9 # 7 percent. 97 percent. 9 # 7 percent of scientists agree. of course i believe in global"
https://archive.org/details/FOXNEWSW_20150830_100000_Fox_and_Friends_Sunday#start/8701/end/8736,8/30/2015 12:25:16,FOXNEWS,Fox and Friends Sunday,FOXNEWSW_20150830_100000_Fox_and_Friends_Sunday,https://archive.org/download/FOXNEWSW_20150830_100000_Fox_and_Friends_Sunday/FOXNEWSW_20150830_100000_Fox_and_Friends_Sunday.thumbs/FOXNEWSW_20150830_100000_Fox_and_Friends_Sunday_008685.jpg,"would do everything in our our power to prengt ourselves. climate change poses the same threat right now. more climate change theology from the president. he cites alaska and says four"
https://archive.org/details/FOXNEWSW_20150803_170000_Happening_Now#start/779/end/814,8/3/2015 17:13:14,FOXNEWS,Happening Now,FOXNEWSW_20150803_170000_Happening_Now,https://archive.org/download/FOXNEWSW_20150803_170000_Happening_Now/FOXNEWSW_20150803_170000_Happening_Now.thumbs/FOXNEWSW_20150803_170000_Happening_Now_000765.jpg,"200 nations will participate and fall in line for climate change. climate change that skeptics say has been on hiatus for 15 years now. we'll see what the president has to say."
https://archive.org/details/FOXNEWSW_20150803_160000_Outnumbered#start/1209/end/1244,8/3/2015 16:20:24,FOXNEWS,Outnumbered,FOXNEWSW_20150803_160000_Outnumbered,https://archive.org/download/FOXNEWSW_20150803_160000_Outnumbered/FOXNEWSW_20150803_160000_Outnumbered.thumbs/FOXNEWSW_20150803_160000_Outnumbered_001185.jpg,"around. if you cut the greenhouse gas emission in 2030 by 6% that could transform our electricity industry. when you look at the states balking at this they have more"
https://archive.org/details/FOXNEWSW_20150803_130000_Americas_Newsroom_With_Bill_Hemmer_and_Martha_MacCallum#start/301/end/336,8/3/2015 13:05:16,FOXNEWS,Americas Newsroom With Bill Hemmer and Martha MacCallum,FOXNEWSW_20150803_130000_Americas_Newsroom_With_Bill_Hemmer_and_Martha_MacCallum,https://archive.org/download/FOXNEWSW_20150803_130000_Americas_Newsroom_With_Bill_Hemmer_and_Martha_MacCallum/FOXNEWSW_20150803_130000_Americas_Newsroom_With_Bill_Hemmer_and_Martha_MacCallum.thumbs/FOXNEWSW_20150803_130000_Americas_Newsroom_With_Bill_Hemmer_and_Martha_MacCallum_000285.jpg,"step the united states has taken to affect climate change. we want to work the industry to make sure we are fighting the causes of climate change in a way that protects the health of"
https://archive.org/details/FOXNEWSW_20150803_220000_Special_Report_With_Bret_Baier#start/427/end/462,8/3/2015 22:07:22,FOXNEWS,Special Report With Bret Baier,FOXNEWSW_20150803_220000_Special_Report_With_Bret_Baier,https://archive.org/download/FOXNEWSW_20150803_220000_Special_Report_With_Bret_Baier/FOXNEWSW_20150803_220000_Special_Report_With_Bret_Baier.thumbs/FOXNEWSW_20150803_220000_Special_Report_With_Bret_Baier_000405.jpg,"obama's clean power plan to cut greenhouse gas emissions from the nation's power plants and fundamentally transform the way americans get their electricity. the dpa is setting the first ever nationwide standards to"
https://archive.org/details/FOXNEWSW_20150804_080000_The_Kelly_File#start/427/end/462,8/4/2015 8:07:22,FOXNEWS,The Kelly File,FOXNEWSW_20150804_080000_The_Kelly_File,https://archive.org/download/FOXNEWSW_20150804_080000_The_Kelly_File/FOXNEWSW_20150804_080000_The_Kelly_File.thumbs/FOXNEWSW_20150804_080000_The_Kelly_File_000405.jpg,"obama's clean power plan, to cut greenhouse gas emissions from the nation's power plants and fundamentally transform the way americans get their electricity. the dpa is setting the first ever nationwide standards to"
https://archive.org/details/FOXNEWSW_20150802_030000_Red_Eye#start/1729/end/1764,8/2/2015 3:29:04,FOXNEWS,Red Eye,FOXNEWSW_20150802_030000_Red_Eye,https://archive.org/download/FOXNEWSW_20150802_030000_Red_Eye/FOXNEWSW_20150802_030000_Red_Eye.thumbs/FOXNEWSW_20150802_030000_Red_Eye_001725.jpg,"on this day in the year 2 109, global warming lead to rising sea levels, but no disastrous conditions. shore lipe property and time"
https://archive.org/details/FOXNEWSW_20150827_000000_The_OReilly_Factor#start/3431/end/3466,8/27/2015 0:57:26,FOXNEWS,The OReilly Factor,FOXNEWSW_20150827_000000_The_OReilly_Factor,https://archive.org/download/FOXNEWSW_20150827_000000_The_OReilly_Factor/FOXNEWSW_20150827_000000_The_OReilly_Factor.thumbs/FOXNEWSW_20150827_000000_The_OReilly_Factor_003405.jpg,"francis address the planned parenthood situation during his visit to the usa. interesting thought linking global warming to abortion doctor which is what the pope"
https://archive.org/details/FOXNEWSW_20150805_070000_Red_Eye#start/269/end/304,8/5/2015 7:04:44,FOXNEWS,Red Eye,FOXNEWSW_20150805_070000_Red_Eye,https://archive.org/download/FOXNEWSW_20150805_070000_Red_Eye/FOXNEWSW_20150805_070000_Red_Eye.thumbs/FOXNEWSW_20150805_070000_Red_Eye_000255.jpg,"thermal discomfort because easing up on the ac can help combat global warming. wow. does this study confirm your suspicions about air con ition didding?"
https://archive.org/details/FOXNEWSW_20150818_220000_Special_Report_With_Bret_Baier#start/2249/end/2284,8/18/2015 22:37:44,FOXNEWS,Special Report With Bret Baier,FOXNEWSW_20150818_220000_Special_Report_With_Bret_Baier,https://archive.org/download/FOXNEWSW_20150818_220000_Special_Report_With_Bret_Baier/FOXNEWSW_20150818_220000_Special_Report_With_Bret_Baier.thumbs/FOXNEWSW_20150818_220000_Special_Report_With_Bret_Baier_002235.jpg,"targeting methane emissions from oil and gas production. the epa has announced a plan to cut emissions of the greenhouse gas by nearly half over the next decade. an oil industry spokeswoman says methane emissions from fracking are already declining because of"
https://archive.org/details/FOXNEWSW_20150803_160000_Outnumbered#start/1081/end/1116,8/3/2015 16:18:16,FOXNEWS,Outnumbered,FOXNEWSW_20150803_160000_Outnumbered,https://archive.org/download/FOXNEWSW_20150803_160000_Outnumbered/FOXNEWSW_20150803_160000_Outnumbered.thumbs/FOXNEWSW_20150803_160000_Outnumbered_001065.jpg,"cutting greenhouse gas emissions from the nation's power plants. but an estimated 25 safeguards expected to join a lawsuit against the rules already in a case that could end up in the supreme court. critics say the plan will cost"
https://archive.org/details/FOXNEWSW_20150819_080000_The_Kelly_File#start/2248/end/2283,8/19/2015 8:37:43,FOXNEWS,The Kelly File,FOXNEWSW_20150819_080000_The_Kelly_File,https://archive.org/download/FOXNEWSW_20150819_080000_The_Kelly_File/FOXNEWSW_20150819_080000_The_Kelly_File.thumbs/FOXNEWSW_20150819_080000_The_Kelly_File_002235.jpg,"targeting methane emissions from oil and gas production. the epa has announced a plan to cut emissions of the greenhouse gas by nearly half over the next decade. an oil industry spokeswoman says methane emissions from fracking are already declining because of"
https://archive.org/details/FOXNEWSW_20150804_080000_The_Kelly_File#start/3177/end/3212,8/4/2015 8:53:12,FOXNEWS,The Kelly File,FOXNEWSW_20150804_080000_The_Kelly_File,https://archive.org/download/FOXNEWSW_20150804_080000_The_Kelly_File/FOXNEWSW_20150804_080000_The_Kelly_File.thumbs/FOXNEWSW_20150804_080000_The_Kelly_File_003165.jpg,"in on twitter scott walker wisconsin governor tweeting obama's plan should be called the costly power plan it will cost hard working americans jobs and raise energy rates. hillary clinton tweeting out president is right. we can't wait for another generation to tackle climate"
https://archive.org/details/FOXNEWSW_20150820_030000_The_OReilly_Factor#start/864/end/899,8/20/2015 3:14:39,FOXNEWS,The OReilly Factor,FOXNEWSW_20150820_030000_The_OReilly_Factor,https://archive.org/download/FOXNEWSW_20150820_030000_The_OReilly_Factor/FOXNEWSW_20150820_030000_The_OReilly_Factor.thumbs/FOXNEWSW_20150820_030000_The_OReilly_Factor_000855.jpg,"they were like a buck a share. $1.12. down from $90 in 2006. but soros is a global warming -- these are coal people. these are the enemy, and"
https://archive.org/details/FOXNEWSW_20150802_060000_Red_Eye#start/2069/end/2104,8/2/2015 6:34:44,FOXNEWS,Red Eye,FOXNEWSW_20150802_060000_Red_Eye,https://archive.org/download/FOXNEWSW_20150802_060000_Red_Eye/FOXNEWSW_20150802_060000_Red_Eye.thumbs/FOXNEWSW_20150802_060000_Red_Eye_001725.jpg,"109, global warming lead to rising sea levels, but no disastrous conditions. shore lipe property and time shares lead to a boom in. welcome back. time to find out what we got"
https://archive.org/details/FOXNEWSW_20150802_200000_Americas_News_HQ#start/2983/end/3018,8/2/2015 20:49:58,FOXNEWS,Americas News HQ,FOXNEWSW_20150802_200000_Americas_News_HQ,https://archive.org/download/FOXNEWSW_20150802_200000_Americas_News_HQ/FOXNEWSW_20150802_200000_Americas_News_HQ.thumbs/FOXNEWSW_20150802_200000_Americas_News_HQ_002805.jpg,"make the call and ask your doctor if jublia is right for you. new larger size now available. here are the headlines we are watching, president obama expected to finalize the proposal to cut greenhouse gas emissions tomorrow. he will ask power maps to cut emissions by 32 percent the next"
https://archive.org/details/FOXNEWSW_20150825_100000_FOX__Friends#start/7404/end/7439,8/25/2015 12:03:39,FOXNEWS,FOX  Friends,FOXNEWSW_20150825_100000_FOX__Friends,https://archive.org/download/FOXNEWSW_20150825_100000_FOX__Friends/FOXNEWSW_20150825_100000_FOX__Friends.thumbs/FOXNEWSW_20150825_100000_FOX__Friends_007395.jpg,"dead. yep, you heard it there. despite being told in the past that global warming has no effect on bear populations, he made that claim a third time. about 30% of moose are gone."
https://archive.org/details/FOXNEWSW_20150820_030000_The_OReilly_Factor#start/830/end/865,8/20/2015 3:14:05,FOXNEWS,The OReilly Factor,FOXNEWSW_20150820_030000_The_OReilly_Factor,https://archive.org/download/FOXNEWSW_20150820_030000_The_OReilly_Factor/FOXNEWSW_20150820_030000_The_OReilly_Factor.thumbs/FOXNEWSW_20150820_030000_The_OReilly_Factor_000825.jpg,"troying to convince the world that global warming is a real threat. now guess who's investing more than $2 million in coal mining companies? that would be one george soros. with us now, lou dobbs."
https://archive.org/details/FOXNEWSW_20150820_000000_The_OReilly_Factor#start/823/end/858,8/20/2015 0:13:58,FOXNEWS,The OReilly Factor,FOXNEWSW_20150820_000000_The_OReilly_Factor,https://archive.org/download/FOXNEWSW_20150820_000000_The_OReilly_Factor/FOXNEWSW_20150820_000000_The_OReilly_Factor.thumbs/FOXNEWSW_20150820_000000_The_OReilly_Factor_000825.jpg,"an amazing situation tonight. george soros, very far left guy, has spent tens of millions troying to convince the world that global warming is a real threat. now guess who's investing more than $2 million in coal mining"
https://archive.org/details/FOXNEWSW_20150809_000000_Republican_Presedential_Candidates_Debate#start/2842/end/2877,8/9/2015 0:47:37,FOXNEWS,Republican Presedential Candidates Debate,FOXNEWSW_20150809_000000_Republican_Presedential_Candidates_Debate,https://archive.org/download/FOXNEWSW_20150809_000000_Republican_Presedential_Candidates_Debate/FOXNEWSW_20150809_000000_Republican_Presedential_Candidates_Debate.thumbs/FOXNEWSW_20150809_000000_Republican_Presedential_Candidates_Debate_002835.jpg,"leonardo dicaprio said i will fly all over the world in order to flight global warming. he didn't quite get the disconnect. what you got. the most successful movie ever is this one. av car's villain is a mining"
https://archive.org/details/FOXNEWSW_20150809_000000_Republican_Presedential_Candidates_Debate#start/2991/end/3026,8/9/2015 0:50:06,FOXNEWS,Republican Presedential Candidates Debate,FOXNEWSW_20150809_000000_Republican_Presedential_Candidates_Debate,https://archive.org/download/FOXNEWSW_20150809_000000_Republican_Presedential_Candidates_Debate/FOXNEWSW_20150809_000000_Republican_Presedential_Candidates_Debate.thumbs/FOXNEWSW_20150809_000000_Republican_Presedential_Candidates_Debate_002985.jpg,"times in four different classes. global warming or none like it hot. the kids also watch the story of stuff. the it explains how radio is made. the metal was probably mined in south africa. the petroleum was probably"
https://archive.org/details/FOXNEWSW_20150808_150000_Forbes_on_Fox#start/1302/end/1337,8/8/2015 15:21:57,FOXNEWS,Forbes on Fox,FOXNEWSW_20150808_150000_Forbes_on_Fox,https://archive.org/download/FOXNEWSW_20150808_150000_Forbes_on_Fox/FOXNEWSW_20150808_150000_Forbes_on_Fox.thumbs/FOXNEWSW_20150808_150000_Forbes_on_Fox_001185.jpg,"get an auto insurance quote and see why 92% of our members plan to stay for life. the epa's wherein rules to fight global warming. will they heat your cooling bills? the slowest pace since 33."
https://archive.org/details/FOXNEWSW_20150809_000000_Republican_Presedential_Candidates_Debate#start/1702/end/1737,8/9/2015 0:28:37,FOXNEWS,Republican Presedential Candidates Debate,FOXNEWSW_20150809_000000_Republican_Presedential_Candidates_Debate,https://archive.org/download/FOXNEWSW_20150809_000000_Republican_Presedential_Candidates_Debate/FOXNEWSW_20150809_000000_Republican_Presedential_Candidates_Debate.thumbs/FOXNEWSW_20150809_000000_Republican_Presedential_Candidates_Debate_001695.jpg,"with fossil fuel irrigation pumps. still global warming may become a big problem. the worst predictions if they never materialized what will be the harm that is done from having made the decision to respond to it?"
https://archive.org/details/FOXNEWSW_20150829_230000_Fox_Report_Saturday#start/1800/end/1835,8/29/2015 23:30:15,FOXNEWS,Fox Report Saturday,FOXNEWSW_20150829_230000_Fox_Report_Saturday,https://archive.org/download/FOXNEWSW_20150829_230000_Fox_Report_Saturday/FOXNEWSW_20150829_230000_Fox_Report_Saturday.thumbs/FOXNEWSW_20150829_230000_Fox_Report_Saturday_001785.jpg,"iran, north korea and global warming. china's president meantime will make a state visit to the white house next month. fox news of course is america's election headquarters. we are getting some eye-opening new polling out there out of"
https://archive.org/details/FOXNEWSW_20150817_030000_The_OReilly_Factor#start/1568/end/1603,8/17/2015 3:26:23,FOXNEWS,The OReilly Factor,FOXNEWSW_20150817_030000_The_OReilly_Factor,https://archive.org/download/FOXNEWSW_20150817_030000_The_OReilly_Factor/FOXNEWSW_20150817_030000_The_OReilly_Factor.thumbs/FOXNEWSW_20150817_030000_The_OReilly_Factor_001545.jpg,"up the sanctions and make a deal from strength. look, the biggest problem that the world has rights now is nuclear weapons. global warming is not our big problem. our big problem is the maniacs controlling weaponry that has never been like it"
https://archive.org/details/FOXNEWSW_20150820_000000_The_OReilly_Factor#start/873/end/908,8/20/2015 0:14:48,FOXNEWS,The OReilly Factor,FOXNEWSW_20150820_000000_The_OReilly_Factor,https://archive.org/download/FOXNEWSW_20150820_000000_The_OReilly_Factor/FOXNEWSW_20150820_000000_The_OReilly_Factor.thumbs/FOXNEWSW_20150820_000000_The_OReilly_Factor_000855.jpg,"but soros is a global warming -- these are coal people. these are the enemy, and soros has decided to throw in a little of his money, $2 million is nothing to him, but he bought those stocks, as best we can"
https://archive.org/details/FOXNEWSW_20150809_000000_Republican_Presedential_Candidates_Debate#start/2778/end/2813,8/9/2015 0:46:33,FOXNEWS,Republican Presedential Candidates Debate,FOXNEWSW_20150809_000000_Republican_Presedential_Candidates_Debate,https://archive.org/download/FOXNEWSW_20150809_000000_Republican_Presedential_Candidates_Debate/FOXNEWSW_20150809_000000_Republican_Presedential_Candidates_Debate.thumbs/FOXNEWSW_20150809_000000_Republican_Presedential_Candidates_Debate_002775.jpg,"you guy to the movies these days you will hear lolthsts of scary things. we have never been hit by a storm quite like this. global warming is an unprecedented event. they have gone hand in hand. murk mir ran no a journalist"
https://archive.org/details/FOXNEWSW_20150810_180000_The_Real_Story_With_Gretchen_Carlson#start/470/end/505,8/10/2015 18:08:05,FOXNEWS,The Real Story With Gretchen Carlson,FOXNEWSW_20150810_180000_The_Real_Story_With_Gretchen_Carlson,https://archive.org/download/FOXNEWSW_20150810_180000_The_Real_Story_With_Gretchen_Carlson/FOXNEWSW_20150810_180000_The_Real_Story_With_Gretchen_Carlson.thumbs/FOXNEWSW_20150810_180000_The_Real_Story_With_Gretchen_Carlson_000465.jpg,"specific policy points, he comes out with a global warming plan, she comes out with one a little different but looking to do the same thing. now she has done the same today with respect to free college, a cornerstone belief that college"
https://archive.org/details/FOXNEWSW_20150809_000000_Republican_Presedential_Candidates_Debate#start/963/end/998,8/9/2015 0:16:18,FOXNEWS,Republican Presedential Candidates Debate,FOXNEWSW_20150809_000000_Republican_Presedential_Candidates_Debate,https://archive.org/download/FOXNEWSW_20150809_000000_Republican_Presedential_Candidates_Debate/FOXNEWSW_20150809_000000_Republican_Presedential_Candidates_Debate.thumbs/FOXNEWSW_20150809_000000_Republican_Presedential_Candidates_Debate_000945.jpg,"warming. he agrees the globe is warm. 97 percent of scientists that global warming is real and people have something to do with it. climate changes. climate changes. it is up 4 degrees. it is what is called a little"
https://archive.org/details/FOXNEWSW_20150830_090000_Fox_Report_Saturday#start/1793/end/1828,8/30/2015 9:30:08,FOXNEWS,Fox Report Saturday,FOXNEWSW_20150830_090000_Fox_Report_Saturday,https://archive.org/download/FOXNEWSW_20150830_090000_Fox_Report_Saturday/FOXNEWSW_20150830_090000_Fox_Report_Saturday.thumbs/FOXNEWSW_20150830_090000_Fox_Report_Saturday_001785.jpg,"susan rice meeting with top chinese officials in beijing. the white house says they talked about expanding cooperation on iran, north korea and global warming. china's president meantime will make a state visit to the white house next month. fox news of course is"
https://archive.org/details/FOXNEWSW_20150808_143000_Cavuto_on_Business#start/656/end/691,8/8/2015 14:41:11,FOXNEWS,Cavuto on Business,FOXNEWSW_20150808_143000_Cavuto_on_Business,https://archive.org/download/FOXNEWSW_20150808_143000_Cavuto_on_Business/FOXNEWSW_20150808_143000_Cavuto_on_Business.thumbs/FOXNEWSW_20150808_143000_Cavuto_on_Business_000645.jpg,"defunding planned parenthood. most gop presidential candidates vowing to do it this week as hillary clinton accuses them of waging a war on women over it. we debate it. the epa has brand-new rules to fight global warming. will they heat up your energy bills?"
https://archive.org/details/FOXNEWSW_20150809_000000_Republican_Presedential_Candidates_Debate#start/3058/end/3093,8/9/2015 0:51:13,FOXNEWS,Republican Presedential Candidates Debate,FOXNEWSW_20150809_000000_Republican_Presedential_Candidates_Debate,https://archive.org/download/FOXNEWSW_20150809_000000_Republican_Presedential_Candidates_Debate/FOXNEWSW_20150809_000000_Republican_Presedential_Candidates_Debate.thumbs/FOXNEWSW_20150809_000000_Republican_Presedential_Candidates_Debate_003045.jpg,"but to cancel christmas. and no one better tell kids don't be scared. no dissent allowed when you teach your g kids about global warming. they're going to be told there is one view and the view is that we face ad climate danger and"
https://archive.org/details/FOXNEWSW_20150811_210000_The_Five#start/1851/end/1886,8/11/2015 21:31:06,FOXNEWS,The Five,FOXNEWSW_20150811_210000_The_Five,https://archive.org/download/FOXNEWSW_20150811_210000_The_Five/FOXNEWSW_20150811_210000_The_Five.thumbs/FOXNEWSW_20150811_210000_The_Five_001845.jpg,"side. on this issue. the favorite thing of liberals to say about conservatives or people who would say, before we rush head long into a global warming pact can we actually look at the science. you're immediately called a know nothing. a flat earther, a science"
https://archive.org/details/FOXNEWSW_20150803_130000_Americas_Newsroom_With_Bill_Hemmer_and_Martha_MacCallum#start/333/end/368,8/3/2015 13:05:48,FOXNEWS,Americas Newsroom With Bill Hemmer and Martha MacCallum,FOXNEWSW_20150803_130000_Americas_Newsroom_With_Bill_Hemmer_and_Martha_MacCallum,https://archive.org/download/FOXNEWSW_20150803_130000_Americas_Newsroom_With_Bill_Hemmer_and_Martha_MacCallum/FOXNEWSW_20150803_130000_Americas_Newsroom_With_Bill_Hemmer_and_Martha_MacCallum.thumbs/FOXNEWSW_20150803_130000_Americas_Newsroom_With_Bill_Hemmer_and_Martha_MacCallum_000315.jpg,"confronting directly the most significant causes of carbon pollution and climate change. the critics argue there will be a lot of jobs. they argue the effect is against"
https://archive.org/details/FOXNEWSW_20150820_210000_The_Five#start/1079/end/1114,8/20/2015 21:18:14,FOXNEWS,The Five,FOXNEWSW_20150820_210000_The_Five,https://archive.org/download/FOXNEWSW_20150820_210000_The_Five/FOXNEWSW_20150820_210000_The_Five.thumbs/FOXNEWSW_20150820_210000_The_Five_001065.jpg,"it was quinnipiac. i told them i was a disillusioned democrat who left the party because i don't believe it global warming. i had so much fun with them. none of that is true of course. wow. who is even answering -- i admit it on television, now they know. they got me on the phone, i was"
https://archive.org/details/FOXNEWSW_20150804_130000_Americas_Newsroom_With_Bill_Hemmer_and_Martha_MacCallum#start/1602/end/1637,8/4/2015 13:26:57,FOXNEWS,Americas Newsroom With Bill Hemmer and Martha MacCallum,FOXNEWSW_20150804_130000_Americas_Newsroom_With_Bill_Hemmer_and_Martha_MacCallum,https://archive.org/download/FOXNEWSW_20150804_130000_Americas_Newsroom_With_Bill_Hemmer_and_Martha_MacCallum/FOXNEWSW_20150804_130000_Americas_Newsroom_With_Bill_Hemmer_and_Martha_MacCallum.thumbs/FOXNEWSW_20150804_130000_Americas_Newsroom_With_Bill_Hemmer_and_Martha_MacCallum_001575.jpg,"heather: new white house regulations to combat climate change. is it an overreach for the administration. reporter: the president is going to destroy people in this country economically if he"
https://archive.org/details/FOXNEWSW_20150802_100000_Fox_and_Friends_Sunday#start/7774/end/7809,8/2/2015 12:09:49,FOXNEWS,Fox and Friends Sunday,FOXNEWSW_20150802_100000_Fox_and_Friends_Sunday,https://archive.org/download/FOXNEWSW_20150802_100000_Fox_and_Friends_Sunday/FOXNEWSW_20150802_100000_Fox_and_Friends_Sunday.thumbs/FOXNEWSW_20150802_100000_Fox_and_Friends_Sunday_007755.jpg,"morning. president obama calling it the biggest step yet to combat climate change. tomorrow he unveils tough new rules for coal-powered power plants. the goal is to gcut 32% of"
https://archive.org/details/FOXNEWSW_20150803_180000_The_Real_Story_With_Gretchen_Carlson#start/1048/end/1083,8/3/2015 18:17:43,FOXNEWS,The Real Story With Gretchen Carlson,FOXNEWSW_20150803_180000_The_Real_Story_With_Gretchen_Carlson,https://archive.org/download/FOXNEWSW_20150803_180000_The_Real_Story_With_Gretchen_Carlson/FOXNEWSW_20150803_180000_The_Real_Story_With_Gretchen_Carlson.thumbs/FOXNEWSW_20150803_180000_The_Real_Story_With_Gretchen_Carlson_001035.jpg,"while we can't say any single weather event is entirely caused by climate change we've seen stronger storms and deeper droughts and longer wildfire seasons. charleston and miami now flood"
https://archive.org/details/FOXNEWSW_20150815_100000_Fox_and_Friends_Saturday#start/533/end/568,8/15/2015 10:09:08,FOXNEWS,Fox and Friends Saturday,FOXNEWSW_20150815_100000_Fox_and_Friends_Saturday,https://archive.org/download/FOXNEWSW_20150815_100000_Fox_and_Friends_Saturday/FOXNEWSW_20150815_100000_Fox_and_Friends_Saturday.thumbs/FOXNEWSW_20150815_100000_Fox_and_Friends_Saturday_000525.jpg,"he is laser focused on solving the climate crisis right now. there is no chance that al gore probably would be brought back into the 2016 race. that was from his spokesperson. and then what about john kerry? msnbc andrea mitchell interviewed him and she asked him about this."
https://archive.org/details/FOXNEWSW_20150803_180000_The_Real_Story_With_Gretchen_Carlson#start/1015/end/1050,8/3/2015 18:17:10,FOXNEWS,The Real Story With Gretchen Carlson,FOXNEWSW_20150803_180000_The_Real_Story_With_Gretchen_Carlson,https://archive.org/download/FOXNEWSW_20150803_180000_The_Real_Story_With_Gretchen_Carlson/FOXNEWSW_20150803_180000_The_Real_Story_With_Gretchen_Carlson.thumbs/FOXNEWSW_20150803_180000_The_Real_Story_With_Gretchen_Carlson_001005.jpg,"decade. one year doesn't make a trend but 14 of the 15 warmest years on record have fallen within the first 15 years of this century. climate change is no longer just"
https://archive.org/details/FOXNEWSW_20150804_080000_The_Kelly_File#start/506/end/541,8/4/2015 8:08:41,FOXNEWS,The Kelly File,FOXNEWSW_20150804_080000_The_Kelly_File,https://archive.org/download/FOXNEWSW_20150804_080000_The_Kelly_File/FOXNEWSW_20150804_080000_The_Kelly_File.thumbs/FOXNEWSW_20150804_080000_The_Kelly_File_000495.jpg,"illegal. second of all, it's very, very expensi expensive. third, it does not prevent climate change. i have no doubt that special interests and the politicians in their pockets will fight tooth"
https://archive.org/details/FOXNEWSW_20150820_080000_The_Kelly_File#start/3488/end/3523,8/20/2015 8:58:23,FOXNEWS,The Kelly File,FOXNEWSW_20150820_080000_The_Kelly_File,https://archive.org/download/FOXNEWSW_20150820_080000_The_Kelly_File/FOXNEWSW_20150820_080000_The_Kelly_File.thumbs/FOXNEWSW_20150820_080000_The_Kelly_File_003465.jpg,"it will snow in hell before the obama doj goes after hillary. i'm willing to entertain a belief in climate change. i'm going to tweet that out right now. see, that's what the online show"
https://archive.org/details/FOXNEWSW_20150803_180000_The_Real_Story_With_Gretchen_Carlson#start/1095/end/1130,8/3/2015 18:18:30,FOXNEWS,The Real Story With Gretchen Carlson,FOXNEWSW_20150803_180000_The_Real_Story_With_Gretchen_Carlson,https://archive.org/download/FOXNEWSW_20150803_180000_The_Real_Story_With_Gretchen_Carlson/FOXNEWSW_20150803_180000_The_Real_Story_With_Gretchen_Carlson.thumbs/FOXNEWSW_20150803_180000_The_Real_Story_With_Gretchen_Carlson_001095.jpg,"climate change and the last generation about it. and that's why i committed the united states to leading the world on this challenge because i believe there is such a thing as being too late."
https://archive.org/details/FOXNEWSW_20150807_180000_The_Real_Story_With_Gretchen_Carlson#start/2905/end/2940,8/7/2015 18:48:40,FOXNEWS,The Real Story With Gretchen Carlson,FOXNEWSW_20150807_180000_The_Real_Story_With_Gretchen_Carlson,https://archive.org/download/FOXNEWSW_20150807_180000_The_Real_Story_With_Gretchen_Carlson/FOXNEWSW_20150807_180000_The_Real_Story_With_Gretchen_Carlson.thumbs/FOXNEWSW_20150807_180000_The_Real_Story_With_Gretchen_Carlson_002895.jpg,"not one word about economic inequality climate change or citizens united or student debt. that's why the rs are out of view. he has a big rally in oregon. they've moved the venue. they think they're going to get"
https://archive.org/details/FOXNEWSW_20150809_000000_Republican_Presedential_Candidates_Debate#start/1089/end/1124,8/9/2015 0:18:24,FOXNEWS,Republican Presedential Candidates Debate,FOXNEWSW_20150809_000000_Republican_Presedential_Candidates_Debate,https://archive.org/download/FOXNEWSW_20150809_000000_Republican_Presedential_Candidates_Debate/FOXNEWSW_20150809_000000_Republican_Presedential_Candidates_Debate.thumbs/FOXNEWSW_20150809_000000_Republican_Presedential_Candidates_Debate_001065.jpg,"cdc says heat kills 600 americans a year. cold kills more than twice that many. this budget requests 1.1 to address climate change. agency doesn't get money going in front of the congressional committee and say"
https://archive.org/details/FOXNEWSW_20150803_160000_Outnumbered#start/1066/end/1101,8/3/2015 16:18:01,FOXNEWS,Outnumbered,FOXNEWSW_20150803_160000_Outnumbered,https://archive.org/download/FOXNEWSW_20150803_160000_Outnumbered/FOXNEWSW_20150803_160000_Outnumbered.thumbs/FOXNEWSW_20150803_160000_Outnumbered_001065.jpg,"announce his clean power plant. 'the new york times' calls it the strongest action every taken in the u.s. to combat climate change. president obama planning to unveil a set of environmental regulations aimed at sharply"
https://archive.org/details/FOXNEWSW_20150803_180000_The_Real_Story_With_Gretchen_Carlson#start/1031/end/1066,8/3/2015 18:17:26,FOXNEWS,The Real Story With Gretchen Carlson,FOXNEWSW_20150803_180000_The_Real_Story_With_Gretchen_Carlson,https://archive.org/download/FOXNEWSW_20150803_180000_The_Real_Story_With_Gretchen_Carlson/FOXNEWSW_20150803_180000_The_Real_Story_With_Gretchen_Carlson.thumbs/FOXNEWSW_20150803_180000_The_Real_Story_With_Gretchen_Carlson_001005.jpg,"about the future that we're predicting for our children or grandchildren. it's about the reality that we're living with every day, right now. the pentagon says the climate change posed immediate risks to our national security."
https://archive.org/details/FOXNEWSW_20150803_180000_The_Real_Story_With_Gretchen_Carlson#start/1079/end/1114,8/3/2015 18:18:14,FOXNEWS,The Real Story With Gretchen Carlson,FOXNEWSW_20150803_180000_The_Real_Story_With_Gretchen_Carlson,https://archive.org/download/FOXNEWSW_20150803_180000_The_Real_Story_With_Gretchen_Carlson/FOXNEWSW_20150803_180000_The_Real_Story_With_Gretchen_Carlson.thumbs/FOXNEWSW_20150803_180000_The_Real_Story_With_Gretchen_Carlson_001065.jpg,"nationwide asthma rates have more than doubled and climate change puts those americans at greater risk of landing in the hospital. as one of america's governors have said we're the first generation to feel the impact of"
https://archive.org/details/FOXNEWSW_20150804_070000_Red_Eye#start/96/end/131,8/4/2015 7:01:51,FOXNEWS,Red Eye,FOXNEWSW_20150804_070000_Red_Eye,https://archive.org/download/FOXNEWSW_20150804_070000_Red_Eye/FOXNEWSW_20150804_070000_Red_Eye.thumbs/FOXNEWSW_20150804_070000_Red_Eye_000075.jpg,"but mr. obama says if nothing is done about climate change future generations will be at risk. the kinds of criticisms you are gonna hear are simply excuses for an action. they are not even good"
https://archive.org/details/FOXNEWSW_20150803_220000_Special_Report_With_Bret_Baier#start/513/end/548,8/3/2015 22:08:48,FOXNEWS,Special Report With Bret Baier,FOXNEWSW_20150803_220000_Special_Report_With_Bret_Baier,https://archive.org/download/FOXNEWSW_20150803_220000_Special_Report_With_Bret_Baier/FOXNEWSW_20150803_220000_Special_Report_With_Bret_Baier.thumbs/FOXNEWSW_20150803_220000_Special_Report_With_Bret_Baier_000495.jpg,"expensive expensive. third, it does not prevent climate change. i have no doubt that special interests and the politicians in their pockets will fight tooth and nail against this specific rule but the fact is this is a"
https://archive.org/details/FOXNEWSW_20150804_160000_Outnumbered#start/1824/end/1859,8/4/2015 16:30:39,FOXNEWS,Outnumbered,FOXNEWSW_20150804_160000_Outnumbered,https://archive.org/download/FOXNEWSW_20150804_160000_Outnumbered/FOXNEWSW_20150804_160000_Outnumbered.thumbs/FOXNEWSW_20150804_160000_Outnumbered_001816.jpg,"this is major cities. i think they're taking it seriously. saw the president in last 48 hours get visibly emotional talking about climate change. how many people did you say just died? 45? where is the emotion? okay?"
https://archive.org/details/FOXNEWSW_20150815_100000_Fox_and_Friends_Saturday#start/4806/end/4841,8/15/2015 11:20:21,FOXNEWS,Fox and Friends Saturday,FOXNEWSW_20150815_100000_Fox_and_Friends_Saturday,https://archive.org/download/FOXNEWSW_20150815_100000_Fox_and_Friends_Saturday/FOXNEWSW_20150815_100000_Fox_and_Friends_Saturday.thumbs/FOXNEWSW_20150815_100000_Fox_and_Friends_Saturday_004785.jpg,"joe biden has it to seriously be looking at this race. quickly the potential candidates that peter mentioned, al gore, spokeswoman says that he is too focused on climate change and not interested at all. john kerry telling andrea mitchell according to a"
https://archive.org/details/FOXNEWSW_20150809_000000_Republican_Presedential_Candidates_Debate#start/931/end/966,8/9/2015 0:15:46,FOXNEWS,Republican Presedential Candidates Debate,FOXNEWSW_20150809_000000_Republican_Presedential_Candidates_Debate,https://archive.org/download/FOXNEWSW_20150809_000000_Republican_Presedential_Candidates_Debate/FOXNEWSW_20150809_000000_Republican_Presedential_Candidates_Debate.thumbs/FOXNEWSW_20150809_000000_Republican_Presedential_Candidates_Debate_000885.jpg,"take the free home energy checkup. honey, we need a new refrigerator. visit pge.com/checkup and get started today. climate change is getting worse. it can cost us the planet. just look out the window. it is a hot day in your tiny"
https://archive.org/details/FOXNEWSW_20150809_000000_Republican_Presedential_Candidates_Debate#start/1280/end/1315,8/9/2015 0:21:35,FOXNEWS,Republican Presedential Candidates Debate,FOXNEWSW_20150809_000000_Republican_Presedential_Candidates_Debate,https://archive.org/download/FOXNEWSW_20150809_000000_Republican_Presedential_Candidates_Debate/FOXNEWSW_20150809_000000_Republican_Presedential_Candidates_Debate.thumbs/FOXNEWSW_20150809_000000_Republican_Presedential_Candidates_Debate_001275.jpg,"taxpayers subsidize you and me. i did it, too. what's fair about that? it just hurts the poor. i ask all of these nobel prize winners what do we do to help the world? addressing climate change was way down on the list."
https://archive.org/details/FOXNEWSW_20150807_170000_Happening_Now#start/1482/end/1517,8/7/2015 17:24:57,FOXNEWS,Happening Now,FOXNEWSW_20150807_170000_Happening_Now,https://archive.org/download/FOXNEWSW_20150807_170000_Happening_Now/FOXNEWSW_20150807_170000_Happening_Now.thumbs/FOXNEWSW_20150807_170000_Happening_Now_001455.jpg,"a case for climate change. the message is clear. california is burning, what the hell are you going to do about it? it is not just california but extreme weather events in the world. it is not a game of politics."
https://archive.org/details/FOXNEWSW_20150803_160000_Outnumbered#start/1257/end/1292,8/3/2015 16:21:12,FOXNEWS,Outnumbered,FOXNEWSW_20150803_160000_Outnumbered,https://archive.org/download/FOXNEWSW_20150803_160000_Outnumbered/FOXNEWSW_20150803_160000_Outnumbered.thumbs/FOXNEWSW_20150803_160000_Outnumbered_001245.jpg,"wanted. john kerry says the biggest threat facing us today is climate change. not isis or terrorism. i would mention it is not even just members of his own party that didn't like the cap-and-trade bill when they"
https://archive.org/details/FOXNEWSW_20150803_220000_Special_Report_With_Bret_Baier#start/394/end/429,8/3/2015 22:06:49,FOXNEWS,Special Report With Bret Baier,FOXNEWSW_20150803_220000_Special_Report_With_Bret_Baier,https://archive.org/download/FOXNEWSW_20150803_220000_Special_Report_With_Bret_Baier/FOXNEWSW_20150803_220000_Special_Report_With_Bret_Baier.thumbs/FOXNEWSW_20150803_220000_Special_Report_With_Bret_Baier_000375.jpg,"she'll be doing a lot of fund raising behind closed doors. the white house calls it the starting gun for an all-out push against climate change. critics say president obama's new regulatory effort will lead to higher energy prices and lower supplies."
https://archive.org/details/FOXNEWSW_20150819_220000_Special_Report_With_Bret_Baier#start/3587/end/3622,8/19/2015 23:00:02,FOXNEWS,Special Report With Bret Baier,FOXNEWSW_20150819_220000_Special_Report_With_Bret_Baier,https://archive.org/download/FOXNEWSW_20150819_220000_Special_Report_With_Bret_Baier/FOXNEWSW_20150819_220000_Special_Report_With_Bret_Baier.thumbs/FOXNEWSW_20150819_220000_Special_Report_With_Bret_Baier_003585.jpg,"belief in climate change. i'm going to tweet that out right now. see, that's what the online show is for. clean up on aisle three. we cover a lot in the online show. tonight we're also going to cover donald trump, who is"
https://archive.org/details/FOXNEWSW_20150803_220000_Special_Report_With_Bret_Baier#start/3343/end/3378,8/3/2015 22:55:58,FOXNEWS,Special Report With Bret Baier,FOXNEWSW_20150803_220000_Special_Report_With_Bret_Baier,https://archive.org/download/FOXNEWSW_20150803_220000_Special_Report_With_Bret_Baier/FOXNEWSW_20150803_220000_Special_Report_With_Bret_Baier.thumbs/FOXNEWSW_20150803_220000_Special_Report_With_Bret_Baier_003315.jpg,"will support for action on climate change shrink if the economy is in trouble. she has to embrace this because the environmentalists in her party who are frustrated she won't get an opinion on keystone pipeline are willing make happy so she is"
https://archive.org/details/FOXNEWSW_20150804_080000_The_Kelly_File#start/394/end/429,8/4/2015 8:06:49,FOXNEWS,The Kelly File,FOXNEWSW_20150804_080000_The_Kelly_File,https://archive.org/download/FOXNEWSW_20150804_080000_The_Kelly_File/FOXNEWSW_20150804_080000_The_Kelly_File.thumbs/FOXNEWSW_20150804_080000_The_Kelly_File_000375.jpg,"she'll be doing a lot of fund raising behind closed doors. the white house calls it the starting gun for an all-out push against climate change. critics say president obama's new regulatory effort will lead to higher energy prices and lower supplies."
https://archive.org/details/FOXNEWSW_20150830_080000_Justice_With_Judge_Jeanine#start/2750/end/2785,8/30/2015 8:46:05,FOXNEWS,Justice With Judge Jeanine,FOXNEWSW_20150830_080000_Justice_With_Judge_Jeanine,https://archive.org/download/FOXNEWSW_20150830_080000_Justice_With_Judge_Jeanine/FOXNEWSW_20150830_080000_Justice_With_Judge_Jeanine.thumbs/FOXNEWSW_20150830_080000_Justice_With_Judge_Jeanine_002745.jpg,"century. we would have gotten money from countries that are kind of corrupt, to go towards the clinton foundation, which is dealing with climate change and childhood obesity. cut can the crap about the clinton foundation. 85% of it goes for expenses for the clintons."
https://archive.org/details/FOXNEWSW_20150810_190000_Shepard_Smith_Reporting#start/3164/end/3199,8/10/2015 19:52:59,FOXNEWS,Shepard Smith Reporting,FOXNEWSW_20150810_190000_Shepard_Smith_Reporting,https://archive.org/download/FOXNEWSW_20150810_190000_Shepard_Smith_Reporting/FOXNEWSW_20150810_190000_Shepard_Smith_Reporting.thumbs/FOXNEWSW_20150810_190000_Shepard_Smith_Reporting_003165.jpg,"deniers. there's so much adulterated science out there that people are no longer going trust the scientific method at all when it comes to disseminating information, and when you have a topic like climate change, which is so highly politicized, it's hard to figure out what the"
https://archive.org/details/FOXNEWSW_20150808_080000_The_Kelly_File#start/1116/end/1151,8/8/2015 8:18:51,FOXNEWS,The Kelly File,FOXNEWSW_20150808_080000_The_Kelly_File,https://archive.org/download/FOXNEWSW_20150808_080000_The_Kelly_File/FOXNEWSW_20150808_080000_The_Kelly_File.thumbs/FOXNEWSW_20150808_080000_The_Kelly_File_001096.jpg,"any of the gop candidates, either. democratic socialist senator bernie sanders, a thorn in clinton's side, had the most retweeted post as he declared 'it's over. not one word about economic inequality, climate change, citizens united or student debt. that's why the r's are so out of"
https://archive.org/details/FOXNEWSW_20150824_160000_Outnumbered#start/642/end/677,8/24/2015 16:10:57,FOXNEWS,Outnumbered,FOXNEWSW_20150824_160000_Outnumbered,https://archive.org/download/FOXNEWSW_20150824_160000_Outnumbered/FOXNEWSW_20150824_160000_Outnumbered.thumbs/FOXNEWSW_20150824_160000_Outnumbered_000645.jpg,"go and campaign and talk about whatever the issues you want to talk about, income inequality, global climate change, whatever you want to talk about that's going to engender your base to get excited about you. take questions from the press and go out there and campaign."
https://archive.org/details/FOXNEWSW_20150805_080000_The_Kelly_File#start/1332/end/1367,8/5/2015 8:22:27,FOXNEWS,The Kelly File,FOXNEWSW_20150805_080000_The_Kelly_File,https://archive.org/download/FOXNEWSW_20150805_080000_The_Kelly_File/FOXNEWSW_20150805_080000_The_Kelly_File.thumbs/FOXNEWSW_20150805_080000_The_Kelly_File_001245.jpg,"little more support for his legacy iran nuclear deal. correspondent kevin corke has details from the white house tonight. reporter: the president spent part of his 54th birthday welcoming u.n. secretary general ban ki-moon to the oval office. climate change syria even isis"
https://archive.org/details/FOXNEWSW_20150802_100000_Fox_and_Friends_Sunday#start/13400/end/13435,8/2/2015 13:43:35,FOXNEWS,Fox and Friends Sunday,FOXNEWSW_20150802_100000_Fox_and_Friends_Sunday,https://archive.org/download/FOXNEWSW_20150802_100000_Fox_and_Friends_Sunday/FOXNEWSW_20150802_100000_Fox_and_Friends_Sunday.thumbs/FOXNEWSW_20150802_100000_Fox_and_Friends_Sunday_013395.jpg,"biggest source in carbon collusion that contribute to climate change. until now, no federal limits on the pollution they can dump into the air. think about that. for the sake of our kids, for the health and safety of all americans, that's about to"
https://archive.org/details/FOXNEWSW_20150803_180000_The_Real_Story_With_Gretchen_Carlson#start/3548/end/3583,8/3/2015 18:59:23,FOXNEWS,The Real Story With Gretchen Carlson,FOXNEWSW_20150803_180000_The_Real_Story_With_Gretchen_Carlson,https://archive.org/download/FOXNEWSW_20150803_180000_The_Real_Story_With_Gretchen_Carlson/FOXNEWSW_20150803_180000_The_Real_Story_With_Gretchen_Carlson.thumbs/FOXNEWSW_20150803_180000_The_Real_Story_With_Gretchen_Carlson_003525.jpg,"his first appearance, they liked his message on the fact he cut taxes as a governor and ending the u.s. oil ban. for senator ted cruz they got a big applause on the climate change angle. carly fiorina was also there walker rubio rand paul"
https://archive.org/details/FOXNEWSW_20150803_220000_Special_Report_With_Bret_Baier#start/3188/end/3223,8/3/2015 22:53:23,FOXNEWS,Special Report With Bret Baier,FOXNEWSW_20150803_220000_Special_Report_With_Bret_Baier,https://archive.org/download/FOXNEWSW_20150803_220000_Special_Report_With_Bret_Baier/FOXNEWSW_20150803_220000_Special_Report_With_Bret_Baier.thumbs/FOXNEWSW_20150803_220000_Special_Report_With_Bret_Baier_003165.jpg,"we can't wait for another generation to tackle climate change. our future depends on what we do today and in the next decade. charles? look, we all know it's going to kill jobs. we know it's going to kill coal. we know it's going to raise"
https://archive.org/details/FOXNEWSW_20150803_220000_Special_Report_With_Bret_Baier#start/3203/end/3238,8/3/2015 22:53:38,FOXNEWS,Special Report With Bret Baier,FOXNEWSW_20150803_220000_Special_Report_With_Bret_Baier,https://archive.org/download/FOXNEWSW_20150803_220000_Special_Report_With_Bret_Baier/FOXNEWSW_20150803_220000_Special_Report_With_Bret_Baier.thumbs/FOXNEWSW_20150803_220000_Special_Report_With_Bret_Baier_003195.jpg,"the rates for everybody. the only reason you would support this is if it actually is going to do something about climate change. if you too the math on, this our power plants emit 5 % of the world's carbon. it's going to reduce it by a"
https://archive.org/details/FOXNEWSW_20150804_160000_Outnumbered#start/2929/end/2964,8/4/2015 16:49:04,FOXNEWS,Outnumbered,FOXNEWSW_20150804_160000_Outnumbered,https://archive.org/download/FOXNEWSW_20150804_160000_Outnumbered/FOXNEWSW_20150804_160000_Outnumbered.thumbs/FOXNEWSW_20150804_160000_Outnumbered_002926.jpg,"candidate threw his hat in the ring and rising in the polls. wee bring you live at that event and latest there. president meeting with the u.n. secretary at white house. he is urging other countries to take on the climate change as big topic."
https://archive.org/details/FOXNEWSW_20150804_220000_Special_Report_With_Bret_Baier#start/1331/end/1366,8/4/2015 22:22:26,FOXNEWS,Special Report With Bret Baier,FOXNEWSW_20150804_220000_Special_Report_With_Bret_Baier,https://archive.org/download/FOXNEWSW_20150804_220000_Special_Report_With_Bret_Baier/FOXNEWSW_20150804_220000_Special_Report_With_Bret_Baier.thumbs/FOXNEWSW_20150804_220000_Special_Report_With_Bret_Baier_001305.jpg,"little more support for his legacy iran nuclear deal. correspondent kevin corke has details from the white house tonight. reporter: the president spent part of his 54th birthday welcoming u.n. secretary general ban ki-moon to the oval office. climate change syria even isis"
https://archive.org/details/FOXNEWSW_20150804_080000_The_Kelly_File#start/3207/end/3242,8/4/2015 8:53:42,FOXNEWS,The Kelly File,FOXNEWSW_20150804_080000_The_Kelly_File,https://archive.org/download/FOXNEWSW_20150804_080000_The_Kelly_File/FOXNEWSW_20150804_080000_The_Kelly_File.thumbs/FOXNEWSW_20150804_080000_The_Kelly_File_003195.jpg,"support this is if it actually is going to do something about climate change. if you too the math on, this our power plants emit 5 % of the world's carbon. it's going to reduce it by a third. we are talking about 1.5% reduction in the world'sq"
https://archive.org/details/FOXNEWSW_20150830_010000_Justice_With_Judge_Jeanine#start/2751/end/2786,8/30/2015 1:46:06,FOXNEWS,Justice With Judge Jeanine,FOXNEWSW_20150830_010000_Justice_With_Judge_Jeanine,https://archive.org/download/FOXNEWSW_20150830_010000_Justice_With_Judge_Jeanine/FOXNEWSW_20150830_010000_Justice_With_Judge_Jeanine.thumbs/FOXNEWSW_20150830_010000_Justice_With_Judge_Jeanine_002745.jpg,"century. we would have gotten money from countries that are kind of corrupt, to go towards the clinton foundation, which is dealing with climate change and childhood obesity. cut can the crap about the clinton foundation. 85% of it goes for expenses for the clintons. for all their people that"
https://archive.org/details/FOXNEWSW_20150807_220000_Special_Report_With_Bret_Baier#start/1126/end/1161,8/7/2015 22:19:01,FOXNEWS,Special Report With Bret Baier,FOXNEWSW_20150807_220000_Special_Report_With_Bret_Baier,https://archive.org/download/FOXNEWSW_20150807_220000_Special_Report_With_Bret_Baier/FOXNEWSW_20150807_220000_Special_Report_With_Bret_Baier.thumbs/FOXNEWSW_20150807_220000_Special_Report_With_Bret_Baier_001125.jpg,"not one word about economic inequality, climate change, citizens united or student debt. that's why the r's are so out of touch. in fact, sanders is planning a major rally this sunday in oregon. there's so much interest he's now moved it to a venue that holds at least 20000 people."
https://archive.org/details/FOXNEWSW_20150815_100000_Fox_and_Friends_Saturday#start/7681/end/7716,8/15/2015 12:08:16,FOXNEWS,Fox and Friends Saturday,FOXNEWSW_20150815_100000_Fox_and_Friends_Saturday,https://archive.org/download/FOXNEWSW_20150815_100000_Fox_and_Friends_Saturday/FOXNEWSW_20150815_100000_Fox_and_Friends_Saturday.thumbs/FOXNEWSW_20150815_100000_Fox_and_Friends_Saturday_007665.jpg,"president joe biden. is he apparently vacationing with his family and he is going to make a decision some time next month on that. also, some talk about al gore. a spokeswoman came forward and said no, he is he more interested in climate change. is he not interested in"
https://archive.org/details/FOXNEWSW_20150826_030000_The_OReilly_Factor#start/1147/end/1182,8/26/2015 3:19:22,FOXNEWS,The OReilly Factor,FOXNEWSW_20150826_030000_The_OReilly_Factor,https://archive.org/download/FOXNEWSW_20150826_030000_The_OReilly_Factor/FOXNEWSW_20150826_030000_The_OReilly_Factor.thumbs/FOXNEWSW_20150826_030000_The_OReilly_Factor_001125.jpg,"just on base -- babies that are born. i would like to see pope francis speak out on this as well. is he talking about climate change. it would be nice. call pope francis up. i will get him on the line. he should get into that absolutely. all right, ladies, directly"
https://archive.org/details/FOXNEWSW_20150818_210000_The_Five#start/1954/end/1989,8/18/2015 21:32:49,FOXNEWS,The Five,FOXNEWSW_20150818_210000_The_Five,https://archive.org/download/FOXNEWSW_20150818_210000_The_Five/FOXNEWSW_20150818_210000_The_Five.thumbs/FOXNEWSW_20150818_210000_The_Five_001935.jpg,"instead of talking about something they think is much more important. this whole story really is about threat. for the past seven years, president obama has told us the number one threat to existence is climate change. donald trump believes the biggest threat to the united states is security through"
https://archive.org/details/FOXNEWSW_20150826_060000_On_the_Record_With_Greta_Van_Susteren#start/1153/end/1188,8/26/2015 6:19:28,FOXNEWS,On the Record With Greta Van Susteren,FOXNEWSW_20150826_060000_On_the_Record_With_Greta_Van_Susteren,https://archive.org/download/FOXNEWSW_20150826_060000_On_the_Record_With_Greta_Van_Susteren/FOXNEWSW_20150826_060000_On_the_Record_With_Greta_Van_Susteren.thumbs/FOXNEWSW_20150826_060000_On_the_Record_With_Greta_Van_Susteren_001125.jpg,"slippery i slope. he did them invitro not' just on base -- babies that are born. i would like to see pope francis speak out on this as well. is he talking about climate change. it would be nice. call pope francis up. i will get him on the"
https://archive.org/details/FOXNEWSW_20150802_100000_Fox_and_Friends_Sunday#start/181/end/216,8/2/2015 10:03:16,FOXNEWS,Fox and Friends Sunday,FOXNEWSW_20150802_100000_Fox_and_Friends_Sunday,https://archive.org/download/FOXNEWSW_20150802_100000_Fox_and_Friends_Sunday/FOXNEWSW_20150802_100000_Fox_and_Friends_Sunday.thumbs/FOXNEWSW_20150802_100000_Fox_and_Friends_Sunday_000165.jpg,"found a plane seat back in may but thought it was a bus seat and burned it in a trash pile. he also said he found luggage but burn had the as well. president obama calling it the biggest step to fight climate change. tomorrow he's going to reveal"
https://archive.org/details/FOXNEWSW_20150803_180000_The_Real_Story_With_Gretchen_Carlson#start/1253/end/1288,8/3/2015 18:21:08,FOXNEWS,The Real Story With Gretchen Carlson,FOXNEWSW_20150803_180000_The_Real_Story_With_Gretchen_Carlson,https://archive.org/download/FOXNEWSW_20150803_180000_The_Real_Story_With_Gretchen_Carlson/FOXNEWSW_20150803_180000_The_Real_Story_With_Gretchen_Carlson.thumbs/FOXNEWSW_20150803_180000_The_Real_Story_With_Gretchen_Carlson_001245.jpg,"will be controversial with regard to climate change. if you would like to learn more about this watch it live. it will be streaming right now on foxnews.com. we want to tell you now about another close call in the sky, what a pilot reported seeing again and the warning"
https://archive.org/details/FOXNEWSW_20150803_220000_Special_Report_With_Bret_Baier#start/412/end/447,8/3/2015 22:07:07,FOXNEWS,Special Report With Bret Baier,FOXNEWSW_20150803_220000_Special_Report_With_Bret_Baier,https://archive.org/download/FOXNEWSW_20150803_220000_Special_Report_With_Bret_Baier/FOXNEWSW_20150803_220000_Special_Report_With_Bret_Baier.thumbs/FOXNEWSW_20150803_220000_Special_Report_With_Bret_Baier_000405.jpg,"correspondent kevin cork takes a look at the president's strategy. we're the first generation to feel the impact of climate change and the last generation that can do something about it. reporter: and that something is cleaning the air, one state at a time. that's the idea behind president"
https://archive.org/details/FOXNEWSW_20150804_080000_The_Kelly_File#start/412/end/447,8/4/2015 8:07:07,FOXNEWS,The Kelly File,FOXNEWSW_20150804_080000_The_Kelly_File,https://archive.org/download/FOXNEWSW_20150804_080000_The_Kelly_File/FOXNEWSW_20150804_080000_The_Kelly_File.thumbs/FOXNEWSW_20150804_080000_The_Kelly_File_000405.jpg,"correspondent kevin cork takes a look at the president's strategy. we're the first generation to feel the impact of climate change and the last generation that can do something about it. reporter: and that something is cleaning the air, one state at a time. that's the idea behind president"
https://archive.org/details/FOXNEWSW_20150808_163000_The_Journal_Editorial_Report#start/1762/end/1797,8/8/2015 16:59:37,FOXNEWS,The Journal Editorial Report,FOXNEWSW_20150808_163000_The_Journal_Editorial_Report,https://archive.org/download/FOXNEWSW_20150808_163000_The_Journal_Editorial_Report/FOXNEWSW_20150808_163000_The_Journal_Editorial_Report.thumbs/FOXNEWSW_20150808_163000_The_Journal_Editorial_Report_001755.jpg,"opposition to the deal. kim, you've been in washington too long. joe? you never know with schumer. true. in a normal week we'd probably demote a segment to this myth but president obama's plan to reorganize the economy in the name of climate change is really something else. he wants to cut carbon emissions"
https://archive.org/details/FOXNEWSW_20150808_210000_The_Five#start/447/end/482,8/8/2015 21:07:42,FOXNEWS,The Five,FOXNEWSW_20150808_210000_The_Five,https://archive.org/download/FOXNEWSW_20150808_210000_The_Five/FOXNEWSW_20150808_210000_The_Five.thumbs/FOXNEWSW_20150808_210000_The_Five_000435.jpg,"a bad deal with iran. we're not standing with israel. i think the american people are look for real leadership. that's what i've done in louisiana. that's what i'll do in america. senator lindsey graham, you worked with democrats and president obama when it came to climate change. something you know is extremely"
https://archive.org/details/FOXNEWSW_20150804_080000_The_Kelly_File#start/3334/end/3369,8/4/2015 8:55:49,FOXNEWS,The Kelly File,FOXNEWSW_20150804_080000_The_Kelly_File,https://archive.org/download/FOXNEWSW_20150804_080000_The_Kelly_File/FOXNEWSW_20150804_080000_The_Kelly_File.thumbs/FOXNEWSW_20150804_080000_The_Kelly_File_003315.jpg,"we don't know where the premiums are going to be if and when she is a general election nominee in the fall of 2016. we don't know where the economy is going to be which will support for action on climate change shrink if the economy is in trouble. she has to embrace this"
