﻿URL,MatchDateTime,Station,Show,IAShowID,IAPreviewThumb,Snippet
https://archive.org/details/FOXNEWSW_20180526_080000_Hannity#start/3595/end/3630,5/26/2018 9:00:10,FOXNEWS,Hannity,FOXNEWSW_20180526_080000_Hannity,https://archive.org/download/FOXNEWSW_20180526_080000_Hannity/FOXNEWSW_20180526_080000_Hannity.thumbs/FOXNEWSW_20180526_080000_Hannity_003567.jpg,"the issues. politics is so dominant suddenly ripping this country apart when students attack free speech in the name of tolerance. they have abandoned their the old causes to attack issues like global warming."
https://archive.org/details/FOXNEWSW_20180525_230000_The_Story_With_Martha_MacCallum#start/3626/end/3661,5/26/2018 0:00:41,FOXNEWS,The Story With Martha MacCallum,FOXNEWSW_20180525_230000_The_Story_With_Martha_MacCallum,https://archive.org/download/FOXNEWSW_20180525_230000_The_Story_With_Martha_MacCallum/FOXNEWSW_20180525_230000_The_Story_With_Martha_MacCallum.thumbs/FOXNEWSW_20180525_230000_The_Story_With_Martha_MacCallum_003627.jpg,"the issues. politics is so dominant suddenly ripping this country apart when students attack free speech in the name of tolerance. they have abandoned their the old causes to attack issues like global warming."
https://archive.org/details/FOXNEWSW_20180531_040000_Tucker_Carlson_Tonight#start/58/end/93,5/31/2018 4:01:13,FOXNEWS,Tucker Carlson Tonight,FOXNEWSW_20180531_040000_Tucker_Carlson_Tonight,https://archive.org/download/FOXNEWSW_20180531_040000_Tucker_Carlson_Tonight/FOXNEWSW_20180531_040000_Tucker_Carlson_Tonight.thumbs/FOXNEWSW_20180531_040000_Tucker_Carlson_Tonight_000058.jpg,"it's not happening yetet though. for now, american liberals are still living in that strange irony-free world where it's possible to denounce racism even as you commit it. that's the same world al gore occupies when he flies private jets to global warming"
https://archive.org/details/FOXNEWSW_20180526_090000_Tucker_Carlson_Tonight#start/2779/end/2814,5/26/2018 9:46:34,FOXNEWS,Tucker Carlson Tonight,FOXNEWSW_20180526_090000_Tucker_Carlson_Tonight,https://archive.org/download/FOXNEWSW_20180526_090000_Tucker_Carlson_Tonight/FOXNEWSW_20180526_090000_Tucker_Carlson_Tonight.thumbs/FOXNEWSW_20180526_090000_Tucker_Carlson_Tonight_002727.jpg,"tucker: welcome back to tonight special, inside the issues. the american civil rights organizations use to care about, well, civil rights, no surprise. but recently the naacp has said it regards climate change's"
https://archive.org/details/FOXNEWSW_20180515_000000_Tucker_Carlson_Tonight#start/2541/end/2576,5/15/2018 0:42:36,FOXNEWS,Tucker Carlson Tonight,FOXNEWSW_20180515_000000_Tucker_Carlson_Tonight,https://archive.org/download/FOXNEWSW_20180515_000000_Tucker_Carlson_Tonight/FOXNEWSW_20180515_000000_Tucker_Carlson_Tonight.thumbs/FOXNEWSW_20180515_000000_Tucker_Carlson_Tonight_002517.jpg,"carbon tax for example. all the ways we are responding to global warming are based on these models, so shouldn't our policymakers paying close attention to whether they are right or wrong? yes. the conclusions that have been drawn from these models have"
https://archive.org/details/FOXNEWSW_20180515_040000_Tucker_Carlson_Tonight#start/2529/end/2564,5/15/2018 4:42:24,FOXNEWS,Tucker Carlson Tonight,FOXNEWSW_20180515_040000_Tucker_Carlson_Tonight,https://archive.org/download/FOXNEWSW_20180515_040000_Tucker_Carlson_Tonight/FOXNEWSW_20180515_040000_Tucker_Carlson_Tonight.thumbs/FOXNEWSW_20180515_040000_Tucker_Carlson_Tonight_002517.jpg,"this is so very significant to ordinary people is, huge public policies are based on these models, the amount of proposed carbon tax for example. all the ways we are responding to global warming are based on these models, so shouldn't our policymakers paying close"
https://archive.org/details/FOXNEWSW_20180525_210000_The_Five#start/1258/end/1293,5/25/2018 21:21:13,FOXNEWS,The Five,FOXNEWSW_20180525_210000_The_Five,https://archive.org/download/FOXNEWSW_20180525_210000_The_Five/FOXNEWSW_20180525_210000_The_Five.thumbs/FOXNEWSW_20180525_210000_The_Five_001257.jpg,"posed to him. that's how it works. again, he is mind reading what the owners are thinking. what the owners are trying to do is guest pas get past thim so you don't have people kneeling over abortion or gun rights or climate change."
https://archive.org/details/FOXNEWSW_20180528_010000_The_Next_Revolution_With_Steve_Hilton#start/3091/end/3126,5/28/2018 1:51:46,FOXNEWS,The Next Revolution With Steve Hilton,FOXNEWSW_20180528_010000_The_Next_Revolution_With_Steve_Hilton,https://archive.org/download/FOXNEWSW_20180528_010000_The_Next_Revolution_With_Steve_Hilton/FOXNEWSW_20180528_010000_The_Next_Revolution_With_Steve_Hilton.thumbs/FOXNEWSW_20180528_010000_The_Next_Revolution_With_Steve_Hilton_003087.jpg,"too long the agenda has been driven by the left and people are frightened it will be big government and high taxes will ruin the economy. there is a new idea emerging. this brings a populous take to the issue of climate change that"
https://archive.org/details/FOXNEWSW_20180507_130000_Americas_Newsroom_With_Bill_Hemmer_and_Sandra_Smith#start/1185/end/1220,5/7/2018 13:20:00,FOXNEWS,Americas Newsroom With Bill Hemmer and Sandra Smith,FOXNEWSW_20180507_130000_Americas_Newsroom_With_Bill_Hemmer_and_Sandra_Smith,https://archive.org/download/FOXNEWSW_20180507_130000_Americas_Newsroom_With_Bill_Hemmer_and_Sandra_Smith/FOXNEWSW_20180507_130000_Americas_Newsroom_With_Bill_Hemmer_and_Sandra_Smith.thumbs/FOXNEWSW_20180507_130000_Americas_Newsroom_With_Bill_Hemmer_and_Sandra_Smith_001167.jpg,"keep this story out there, snl goes along with it. she shows up in person. how did that strike you? i thought it was funny but i also think that it shows stormy daniels in the light of -- she talked about the president not believing climate change and"
https://archive.org/details/FOXNEWSW_20180510_000000_Tucker_Carlson_Tonight#start/1239/end/1274,5/10/2018 0:20:54,FOXNEWS,Tucker Carlson Tonight,FOXNEWSW_20180510_000000_Tucker_Carlson_Tonight,https://archive.org/download/FOXNEWSW_20180510_000000_Tucker_Carlson_Tonight/FOXNEWSW_20180510_000000_Tucker_Carlson_Tonight.thumbs/FOXNEWSW_20180510_000000_Tucker_Carlson_Tonight_001228.jpg,"tucker: kind of funny. meanwhile, this guy is suing everybody about global warming. global warming or coming up with ways to have part in proof indictments of trump associates or suing the vitamin industry."
https://archive.org/details/FOXNEWSW_20180506_050000_The_Greg_Gutfeld_Show#start/1927/end/1962,5/6/2018 5:32:22,FOXNEWS,The Greg Gutfeld Show,FOXNEWSW_20180506_050000_The_Greg_Gutfeld_Show,https://archive.org/download/FOXNEWSW_20180506_050000_The_Greg_Gutfeld_Show/FOXNEWSW_20180506_050000_The_Greg_Gutfeld_Show.thumbs/FOXNEWSW_20180506_050000_The_Greg_Gutfeld_Show_001917.jpg,"guys . what else is she going to do. it would be fabulous. i think our colleague counted up the number of excuses she's used. it was like 42. is this 43? i think next it will be global"
https://archive.org/details/FOXNEWSW_20180506_020000_The_Greg_Gutfeld_Show#start/1927/end/1962,5/6/2018 2:32:22,FOXNEWS,The Greg Gutfeld Show,FOXNEWSW_20180506_020000_The_Greg_Gutfeld_Show,https://archive.org/download/FOXNEWSW_20180506_020000_The_Greg_Gutfeld_Show/FOXNEWSW_20180506_020000_The_Greg_Gutfeld_Show.thumbs/FOXNEWSW_20180506_020000_The_Greg_Gutfeld_Show_001917.jpg,"guys . what else is she going to do. it would be fabulous. i think our colleague counted up the number of excuses she's used. it was like 42. is this 43? i think next it will be global"
https://archive.org/details/FOXNEWSW_20180506_080000_The_Greg_Gutfeld_Show#start/1926/end/1961,5/6/2018 8:32:21,FOXNEWS,The Greg Gutfeld Show,FOXNEWSW_20180506_080000_The_Greg_Gutfeld_Show,https://archive.org/download/FOXNEWSW_20180506_080000_The_Greg_Gutfeld_Show/FOXNEWSW_20180506_080000_The_Greg_Gutfeld_Show.thumbs/FOXNEWSW_20180506_080000_The_Greg_Gutfeld_Show_001918.jpg,"greg: do you think she will, guys . what else is she going to do. it would be fabulous. i think our colleague counted up the number of excuses she's used. it was like 42. is this 43? i think next it will be global"
https://archive.org/details/FOXNEWSW_20180526_030000_Fox_News__Night_With_Shannon_Bream#start/3636/end/3671,5/26/2018 4:00:51,FOXNEWS,Fox News  Night With Shannon Bream,FOXNEWSW_20180526_030000_Fox_News__Night_With_Shannon_Bream,https://archive.org/download/FOXNEWSW_20180526_030000_Fox_News__Night_With_Shannon_Bream/FOXNEWSW_20180526_030000_Fox_News__Night_With_Shannon_Bream.thumbs/FOXNEWSW_20180526_030000_Fox_News__Night_With_Shannon_Bream_003507.jpg,"apart. there is abtractions like global warming. leaders are demanding we bomb and endanger the christian"
https://archive.org/details/FOXNEWSW_20180526_040000_Tucker_Carlson_Tonight#start/36/end/71,5/26/2018 4:00:51,FOXNEWS,Tucker Carlson Tonight,FOXNEWSW_20180526_040000_Tucker_Carlson_Tonight,https://archive.org/download/FOXNEWSW_20180526_040000_Tucker_Carlson_Tonight/FOXNEWSW_20180526_040000_Tucker_Carlson_Tonight.thumbs/FOXNEWSW_20180526_040000_Tucker_Carlson_Tonight_000057.jpg,"apart. there is abtractions like global warming. leaders are demanding we bomb and endanger the christian"
https://archive.org/details/FOXNEWSW_20180528_010000_The_Next_Revolution_With_Steve_Hilton#start/3294/end/3329,5/28/2018 1:55:09,FOXNEWS,The Next Revolution With Steve Hilton,FOXNEWSW_20180528_010000_The_Next_Revolution_With_Steve_Hilton,https://archive.org/download/FOXNEWSW_20180528_010000_The_Next_Revolution_With_Steve_Hilton/FOXNEWSW_20180528_010000_The_Next_Revolution_With_Steve_Hilton.thumbs/FOXNEWSW_20180528_010000_The_Next_Revolution_With_Steve_Hilton_003267.jpg,"cold. it's a line on the final sheet. it's minimally invasive. it's an elegant and beautiful plan. steve: okay, very interesting. if you can get people over the hump and see action on climate"
https://archive.org/details/FOXNEWSW_20180528_040000_The_Next_Revolution_With_Steve_Hilton#start/3294/end/3329,5/28/2018 4:55:09,FOXNEWS,The Next Revolution With Steve Hilton,FOXNEWSW_20180528_040000_The_Next_Revolution_With_Steve_Hilton,https://archive.org/download/FOXNEWSW_20180528_040000_The_Next_Revolution_With_Steve_Hilton/FOXNEWSW_20180528_040000_The_Next_Revolution_With_Steve_Hilton.thumbs/FOXNEWSW_20180528_040000_The_Next_Revolution_With_Steve_Hilton_003267.jpg,"cold. it's a line on the final sheet. it's minimally invasive. it's an elegant and beautiful plan. steve: okay, very interesting. if you can get people over the hump and see action on climate"
https://archive.org/details/FOXNEWSW_20180509_220000_Special_Report_With_Bret_Baier#start/1039/end/1074,5/9/2018 22:17:34,FOXNEWS,Special Report With Bret Baier,FOXNEWSW_20180509_220000_Special_Report_With_Bret_Baier,https://archive.org/download/FOXNEWSW_20180509_220000_Special_Report_With_Bret_Baier/FOXNEWSW_20180509_220000_Special_Report_With_Bret_Baier.thumbs/FOXNEWSW_20180509_220000_Special_Report_With_Bret_Baier_001017.jpg,"vote to require solar panels on new homes and at low rise apartment buildings built after 2020. it's the first such mandate nationwide and california's latest step to aggressively curb greenhouse gas emissions there. and this is a live look at"
https://archive.org/details/FOXNEWSW_20180515_040000_Tucker_Carlson_Tonight#start/2560/end/2595,5/15/2018 4:42:55,FOXNEWS,Tucker Carlson Tonight,FOXNEWSW_20180515_040000_Tucker_Carlson_Tonight,https://archive.org/download/FOXNEWSW_20180515_040000_Tucker_Carlson_Tonight/FOXNEWSW_20180515_040000_Tucker_Carlson_Tonight.thumbs/FOXNEWSW_20180515_040000_Tucker_Carlson_Tonight_002547.jpg,"running too hot, the 21st century predictions ignore all sorts of things about possible changes to the sun or volcanic eruptions or changes to the ocean circulation. they are just pushing a very simple story line that climate"
https://archive.org/details/FOXNEWSW_20180509_040000_Tucker_Carlson_Tonight#start/228/end/263,5/9/2018 4:04:03,FOXNEWS,Tucker Carlson Tonight,FOXNEWSW_20180509_040000_Tucker_Carlson_Tonight,https://archive.org/download/FOXNEWSW_20180509_040000_Tucker_Carlson_Tonight/FOXNEWSW_20180509_040000_Tucker_Carlson_Tonight.thumbs/FOXNEWSW_20180509_040000_Tucker_Carlson_Tonight_000207.jpg,"and of course you can imagine because once again like the obedient little robots they are, self-described champions ofo women fell into line to protect an abuser of women just as they did with ted kennedy and bill clinton and countless others. hypocritical? of course it is. is it surprising? no. these are the same people that fly their private jets to global"
https://archive.org/details/FOXNEWSW_20180515_000000_Tucker_Carlson_Tonight#start/2427/end/2462,5/15/2018 0:40:42,FOXNEWS,Tucker Carlson Tonight,FOXNEWSW_20180515_000000_Tucker_Carlson_Tonight,https://archive.org/download/FOXNEWSW_20180515_000000_Tucker_Carlson_Tonight/FOXNEWSW_20180515_000000_Tucker_Carlson_Tonight.thumbs/FOXNEWSW_20180515_000000_Tucker_Carlson_Tonight_002427.jpg,"terminix. defenders of home. tucker: that you've seen the many headlines. you've heard the self-described experts, global warming is on the brink of exterminating the human race."
https://archive.org/details/FOXNEWSW_20180526_000000_Tucker_Carlson_Tonight#start/36/end/71,5/26/2018 0:00:51,FOXNEWS,Tucker Carlson Tonight,FOXNEWSW_20180526_000000_Tucker_Carlson_Tonight,https://archive.org/download/FOXNEWSW_20180526_000000_Tucker_Carlson_Tonight/FOXNEWSW_20180526_000000_Tucker_Carlson_Tonight.thumbs/FOXNEWSW_20180526_000000_Tucker_Carlson_Tonight_000057.jpg,"they have abandoned their the old causes to attack issues like global warming. leaders are now demanding we bomb al-assad and we will hit all of those stories tonight."
https://archive.org/details/FOXNEWSW_20180526_090000_Tucker_Carlson_Tonight#start/36/end/71,5/26/2018 9:00:51,FOXNEWS,Tucker Carlson Tonight,FOXNEWSW_20180526_090000_Tucker_Carlson_Tonight,https://archive.org/download/FOXNEWSW_20180526_090000_Tucker_Carlson_Tonight/FOXNEWSW_20180526_090000_Tucker_Carlson_Tonight.thumbs/FOXNEWSW_20180526_090000_Tucker_Carlson_Tonight_000057.jpg,"they have abandoned their the old causes to attack issues like global warming. leaders are now demanding we bomb al-assad and we will hit all of those stories tonight."
https://archive.org/details/FOXNEWSW_20180526_060000_The_Ingraham_Angle#start/2698/end/2733,5/26/2018 6:45:13,FOXNEWS,The Ingraham Angle,FOXNEWSW_20180526_060000_The_Ingraham_Angle,https://archive.org/download/FOXNEWSW_20180526_060000_The_Ingraham_Angle/FOXNEWSW_20180526_060000_The_Ingraham_Angle.thumbs/FOXNEWSW_20180526_060000_The_Ingraham_Angle_002698.jpg,"the country, looking forward to november, they are talking about other issues. they are talking about jobs and the economy and climate change, and other things that are topical to their district. jesse: i don't think i would talk about climate change, that's not the best policy prescription for the midterms. but i understand when people are"
https://archive.org/details/FOXNEWSW_20180515_040000_Tucker_Carlson_Tonight#start/2184/end/2219,5/15/2018 4:36:39,FOXNEWS,Tucker Carlson Tonight,FOXNEWSW_20180515_040000_Tucker_Carlson_Tonight,https://archive.org/download/FOXNEWSW_20180515_040000_Tucker_Carlson_Tonight/FOXNEWSW_20180515_040000_Tucker_Carlson_Tonight.thumbs/FOXNEWSW_20180515_040000_Tucker_Carlson_Tonight_002187.jpg,"global warming as much as 45%. that is science. why haven't you heard about that? we will tell you next.at uch. it's really not very important. i was in the stone ages"
https://archive.org/details/FOXNEWSW_20180526_040000_Tucker_Carlson_Tonight#start/350/end/385,5/26/2018 4:06:05,FOXNEWS,Tucker Carlson Tonight,FOXNEWSW_20180526_040000_Tucker_Carlson_Tonight,https://archive.org/download/FOXNEWSW_20180526_040000_Tucker_Carlson_Tonight/FOXNEWSW_20180526_040000_Tucker_Carlson_Tonight.thumbs/FOXNEWSW_20180526_040000_Tucker_Carlson_Tonight_000327.jpg,"dan, thank you for the clarity on this as always. yes, sir. tucker: democrats are pushing to raise gasoline prices to fight global warming and now with the 2018 midterms, they are"
https://archive.org/details/FOXNEWSW_20180529_000000_Tucker_Carlson_Tonight#start/3104/end/3139,5/29/2018 0:51:59,FOXNEWS,Tucker Carlson Tonight,FOXNEWSW_20180529_000000_Tucker_Carlson_Tonight,https://archive.org/download/FOXNEWSW_20180529_000000_Tucker_Carlson_Tonight/FOXNEWSW_20180529_000000_Tucker_Carlson_Tonight.thumbs/FOXNEWSW_20180529_000000_Tucker_Carlson_Tonight_003087.jpg,"tucker: dude. you just made that up on the fly and got it right. you should be a global warming engineer. no. that's the extent of my intelligence on that. tucker: that's revealing on many levels."
https://archive.org/details/FOXNEWSW_20180526_090000_Tucker_Carlson_Tonight#start/351/end/386,5/26/2018 9:06:06,FOXNEWS,Tucker Carlson Tonight,FOXNEWSW_20180526_090000_Tucker_Carlson_Tonight,https://archive.org/download/FOXNEWSW_20180526_090000_Tucker_Carlson_Tonight/FOXNEWSW_20180526_090000_Tucker_Carlson_Tonight.thumbs/FOXNEWSW_20180526_090000_Tucker_Carlson_Tonight_000327.jpg,"for more than a decade, democrats have been pushing out in the open, they are not hiding it, to raise gasoline prices. they say this will somehow fight global warming. but now with the 2018 midterms"
https://archive.org/details/FOXNEWSW_20180526_040000_Tucker_Carlson_Tonight#start/2886/end/2921,5/26/2018 4:48:21,FOXNEWS,Tucker Carlson Tonight,FOXNEWSW_20180526_040000_Tucker_Carlson_Tonight,https://archive.org/download/FOXNEWSW_20180526_040000_Tucker_Carlson_Tonight/FOXNEWSW_20180526_040000_Tucker_Carlson_Tonight.thumbs/FOXNEWSW_20180526_040000_Tucker_Carlson_Tonight_002877.jpg,"rates and global warming. as it relates to justice and fighting injustice. i am assuming, but i am assuming through the legacy of what dr. king stood for, that is the same message we'll using and in the"
https://archive.org/details/FOXNEWSW_20180525_000000_Tucker_Carlson_Tonight#start/1098/end/1133,5/25/2018 0:18:33,FOXNEWS,Tucker Carlson Tonight,FOXNEWSW_20180525_000000_Tucker_Carlson_Tonight,https://archive.org/download/FOXNEWSW_20180525_000000_Tucker_Carlson_Tonight/FOXNEWSW_20180525_000000_Tucker_Carlson_Tonight.thumbs/FOXNEWSW_20180525_000000_Tucker_Carlson_Tonight_001077.jpg,"worried about. the problem, of course, is the democratic party has spent years vowing to increase gas prices if elected in the name of stopping global warming. 2016 platform literally demanded a higher tax. marc stein is an author and"
https://archive.org/details/FOXNEWSW_20180525_040000_Tucker_Carlson_Tonight#start/1099/end/1134,5/25/2018 4:18:34,FOXNEWS,Tucker Carlson Tonight,FOXNEWSW_20180525_040000_Tucker_Carlson_Tonight,https://archive.org/download/FOXNEWSW_20180525_040000_Tucker_Carlson_Tonight/FOXNEWSW_20180525_040000_Tucker_Carlson_Tonight.thumbs/FOXNEWSW_20180525_040000_Tucker_Carlson_Tonight_001077.jpg,"vowing to increase gas prices if elected in the name of stopping global warming. the 2016 platform literallyy demanded a higher tax. mark steyn is an author and columnist. he was alive in 2016 paying attention. he may remember that plank in"
https://archive.org/details/FOXNEWSW_20180531_040000_Tucker_Carlson_Tonight#start/2275/end/2310,5/31/2018 4:38:10,FOXNEWS,Tucker Carlson Tonight,FOXNEWSW_20180531_040000_Tucker_Carlson_Tonight,https://archive.org/download/FOXNEWSW_20180531_040000_Tucker_Carlson_Tonight/FOXNEWSW_20180531_040000_Tucker_Carlson_Tonight.thumbs/FOXNEWSW_20180531_040000_Tucker_Carlson_Tonight_002248.jpg,"tucker: elites are always telling you tucker: elites are always telling you how progressive they are. they tout commitment to diversity. they fret about global warming. up for any bathroom rule can you think it as long as it sounds modern."
https://archive.org/details/FOXNEWSW_20180502_100000_FOX__Friends#start/6060/end/6095,5/2/2018 11:41:15,FOXNEWS,FOX  Friends,FOXNEWSW_20180502_100000_FOX__Friends,https://archive.org/download/FOXNEWSW_20180502_100000_FOX__Friends/FOXNEWSW_20180502_100000_FOX__Friends.thumbs/FOXNEWSW_20180502_100000_FOX__Friends_006058.jpg,"prove to president trump global warming is true. carve the president's face into artic glacier. they want a live stream video of the 115-foot sculpture to show how quickly it melts. president trump has called global warm ago hoax."
https://archive.org/details/FOXNEWSW_20180506_210000_The_Greg_Gutfeld_Show#start/1938/end/1973,5/6/2018 21:32:33,FOXNEWS,The Greg Gutfeld Show,FOXNEWSW_20180506_210000_The_Greg_Gutfeld_Show,https://archive.org/download/FOXNEWSW_20180506_210000_The_Greg_Gutfeld_Show/FOXNEWSW_20180506_210000_The_Greg_Gutfeld_Show.thumbs/FOXNEWSW_20180506_210000_The_Greg_Gutfeld_Show_001917.jpg,"used. it was like 42. is this 43? i think next it will be global warming made me lose. greg: because people decided to go to the beach instead of voting. it was a nice day. she is a herod, a disaster."
https://archive.org/details/FOXNEWSW_20180529_040000_Tucker_Carlson_Tonight#start/3021/end/3056,5/29/2018 4:50:36,FOXNEWS,Tucker Carlson Tonight,FOXNEWSW_20180529_040000_Tucker_Carlson_Tonight,https://archive.org/download/FOXNEWSW_20180529_040000_Tucker_Carlson_Tonight/FOXNEWSW_20180529_040000_Tucker_Carlson_Tonight.thumbs/FOXNEWSW_20180529_040000_Tucker_Carlson_Tonight_002997.jpg,"you are on the board. tucker: 1-2 going into question a four. the city of los angeles is fighting global warming by taking an unusual approach. want to be surprised to hear that. this approach involves paint. what is the city doing?"
https://archive.org/details/FOXNEWSW_20180529_040000_Tucker_Carlson_Tonight#start/3102/end/3137,5/29/2018 4:51:57,FOXNEWS,Tucker Carlson Tonight,FOXNEWSW_20180529_040000_Tucker_Carlson_Tonight,https://archive.org/download/FOXNEWSW_20180529_040000_Tucker_Carlson_Tonight/FOXNEWSW_20180529_040000_Tucker_Carlson_Tonight.thumbs/FOXNEWSW_20180529_040000_Tucker_Carlson_Tonight_003087.jpg,"tucker: dude. you just made that up on the fly and got it right. you should be a global warming engineer. no. that's the extent of my intelligence on that. tucker: that's revealing on many levels. i'm impressed that you got it."
https://archive.org/details/FOXNEWSW_20180526_000000_Tucker_Carlson_Tonight#start/351/end/386,5/26/2018 0:06:06,FOXNEWS,Tucker Carlson Tonight,FOXNEWSW_20180526_000000_Tucker_Carlson_Tonight,https://archive.org/download/FOXNEWSW_20180526_000000_Tucker_Carlson_Tonight/FOXNEWSW_20180526_000000_Tucker_Carlson_Tonight.thumbs/FOXNEWSW_20180526_000000_Tucker_Carlson_Tonight_000327.jpg,"dan, thank you for the clarity. for more than a decade, democrats have been pushing out in the open, they are not hiding it, to raise gasoline prices. they say this will somehow fight global warming. but now with the 2018 midterms"
https://archive.org/details/FOXNEWSW_20180526_000000_Tucker_Carlson_Tonight#start/2514/end/2549,5/26/2018 0:42:09,FOXNEWS,Tucker Carlson Tonight,FOXNEWSW_20180526_000000_Tucker_Carlson_Tonight,https://archive.org/download/FOXNEWSW_20180526_000000_Tucker_Carlson_Tonight/FOXNEWSW_20180526_000000_Tucker_Carlson_Tonight.thumbs/FOXNEWSW_20180526_000000_Tucker_Carlson_Tonight_002517.jpg,"against climate change. that's up next in our special then you can get comfortable using preparation h."
https://archive.org/details/FOXNEWSW_20180531_000000_Tucker_Carlson_Tonight#start/67/end/102,5/31/2018 0:01:22,FOXNEWS,Tucker Carlson Tonight,FOXNEWSW_20180531_000000_Tucker_Carlson_Tonight,https://archive.org/download/FOXNEWSW_20180531_000000_Tucker_Carlson_Tonight/FOXNEWSW_20180531_000000_Tucker_Carlson_Tonight.thumbs/FOXNEWSW_20180531_000000_Tucker_Carlson_Tonight_000058.jpg,"that's the same world al gore occupies when he flies private success jets to global warming conferences. it's the place where attorneys general can yell at you about domestic violence even as they beat up their girlfriend. it's hypocrisy land. it's where liberals live."
https://archive.org/details/FOXNEWSW_20180529_000000_Tucker_Carlson_Tonight#start/3020/end/3055,5/29/2018 0:50:35,FOXNEWS,Tucker Carlson Tonight,FOXNEWSW_20180529_000000_Tucker_Carlson_Tonight,https://archive.org/download/FOXNEWSW_20180529_000000_Tucker_Carlson_Tonight/FOXNEWSW_20180529_000000_Tucker_Carlson_Tonight.thumbs/FOXNEWSW_20180529_000000_Tucker_Carlson_Tonight_002997.jpg,"katie, all right! you are on the board. tucker: 1-2 going into question four. the city of los angeles is fighting global warming by taking an unusual approach. it wouldn't be to hear that. this approach involves paint. what is the city doing?"
https://archive.org/details/FOXNEWSW_20180515_040000_Tucker_Carlson_Tonight#start/2435/end/2470,5/15/2018 4:40:50,FOXNEWS,Tucker Carlson Tonight,FOXNEWSW_20180515_040000_Tucker_Carlson_Tonight,https://archive.org/download/FOXNEWSW_20180515_040000_Tucker_Carlson_Tonight/FOXNEWSW_20180515_040000_Tucker_Carlson_Tonight.thumbs/FOXNEWSW_20180515_040000_Tucker_Carlson_Tonight_002337.jpg,"tucker: you've seen the many headlines. you've heard the self-described experts, global warming is on the brink of exterminating the human race. for more than 20 years, we've had just one or two years left to take action before it's too late and yet somehow it hasn't come yet."
https://archive.org/details/FOXNEWSW_20180513_100000_Fox_and_Friends_Sunday#start/2128/end/2163,5/13/2018 10:35:43,FOXNEWS,Fox and Friends Sunday,FOXNEWSW_20180513_100000_Fox_and_Friends_Sunday,https://archive.org/download/FOXNEWSW_20180513_100000_Fox_and_Friends_Sunday/FOXNEWSW_20180513_100000_Fox_and_Friends_Sunday.thumbs/FOXNEWSW_20180513_100000_Fox_and_Friends_Sunday_002128.jpg,"celebrating them and all they have taught us. it's a day about love and positivity. well, there is one ad that is out right now that isn't so positive. yeah, tom, who you know him on the global warming site, one of these hard-edge liberals, leading kind of the impeachment"
https://archive.org/details/FOXNEWSW_20180513_100000_Fox_and_Friends_Sunday#start/12965/end/13000,5/13/2018 13:36:20,FOXNEWS,Fox and Friends Sunday,FOXNEWSW_20180513_100000_Fox_and_Friends_Sunday,https://archive.org/download/FOXNEWSW_20180513_100000_Fox_and_Friends_Sunday/FOXNEWSW_20180513_100000_Fox_and_Friends_Sunday.thumbs/FOXNEWSW_20180513_100000_Fox_and_Friends_Sunday_012958.jpg,"it's because of that woman right there that we are who we are. yes, we love her so much. pete: great salute to moms everywhere. ed: so there is this guy tom sty re, he's a liberal you know him for pushing ads about global warming and horrific things are"
https://archive.org/details/FOXNEWSW_20180526_090000_Tucker_Carlson_Tonight#start/2512/end/2547,5/26/2018 9:42:07,FOXNEWS,Tucker Carlson Tonight,FOXNEWSW_20180526_090000_Tucker_Carlson_Tonight,https://archive.org/download/FOXNEWSW_20180526_090000_Tucker_Carlson_Tonight/FOXNEWSW_20180526_090000_Tucker_Carlson_Tonight.thumbs/FOXNEWSW_20180526_090000_Tucker_Carlson_Tonight_002517.jpg,"against climate change. that's up i no longer live with the uncertainties of hep c. wondering, 'what if?' i let go of all those feelings."
https://archive.org/details/FOXNEWSW_20180531_000000_Tucker_Carlson_Tonight#start/2275/end/2310,5/31/2018 0:38:10,FOXNEWS,Tucker Carlson Tonight,FOXNEWSW_20180531_000000_Tucker_Carlson_Tonight,https://archive.org/download/FOXNEWSW_20180531_000000_Tucker_Carlson_Tonight/FOXNEWSW_20180531_000000_Tucker_Carlson_Tonight.thumbs/FOXNEWSW_20180531_000000_Tucker_Carlson_Tonight_002248.jpg,"tucker: elites are always telling you how progressive they are. tout commitment to diversity. they fret about global warming. up for any bathroom rule can you think it as long as it sounds modern. classic cool moms eager to show off liberal minds. liberalism ends at the water's edge. when it comes to china our"
https://archive.org/details/FOXNEWSW_20180509_000000_Tucker_Carlson_Tonight#start/245/end/280,5/9/2018 0:04:20,FOXNEWS,Tucker Carlson Tonight,FOXNEWSW_20180509_000000_Tucker_Carlson_Tonight,https://archive.org/download/FOXNEWSW_20180509_000000_Tucker_Carlson_Tonight/FOXNEWSW_20180509_000000_Tucker_Carlson_Tonight.thumbs/FOXNEWSW_20180509_000000_Tucker_Carlson_Tonight_000238.jpg,"fly their private jets to global warming conferences, the ones who bring armed guards to anti-gun rallies. these are the people you see on television lecturing you about diversity from the safety of their gated neighborhoods that look like 1950s america. are you really shocked that they covered for a violent abuser who"
https://archive.org/details/FOXNEWSW_20180528_040000_The_Next_Revolution_With_Steve_Hilton#start/1531/end/1566,5/28/2018 4:25:46,FOXNEWS,The Next Revolution With Steve Hilton,FOXNEWSW_20180528_040000_The_Next_Revolution_With_Steve_Hilton,https://archive.org/download/FOXNEWSW_20180528_040000_The_Next_Revolution_With_Steve_Hilton/FOXNEWSW_20180528_040000_The_Next_Revolution_With_Steve_Hilton.thumbs/FOXNEWSW_20180528_040000_The_Next_Revolution_With_Steve_Hilton_001497.jpg,"california. plus, one college students quest to put a populous spin on climate change. you won't want to miss that. the first survivor of alzheimer's disease"
https://archive.org/details/FOXNEWSW_20180508_070000_Fox_News__Night_With_Shannon_Bream#start/2599/end/2634,5/8/2018 7:43:34,FOXNEWS,Fox News  Night With Shannon Bream,FOXNEWSW_20180508_070000_Fox_News__Night_With_Shannon_Bream,https://archive.org/download/FOXNEWSW_20180508_070000_Fox_News__Night_With_Shannon_Bream/FOXNEWSW_20180508_070000_Fox_News__Night_With_Shannon_Bream.thumbs/FOXNEWSW_20180508_070000_Fox_News__Night_With_Shannon_Bream_002488.jpg,"north and south korea, why can't i solve us? north and south korea. too late for that. i know you don't believe in climate change but storms are"
https://archive.org/details/FOXNEWSW_20180508_040000_Tucker_Carlson_Tonight#start/1020/end/1055,5/8/2018 4:17:15,FOXNEWS,Tucker Carlson Tonight,FOXNEWSW_20180508_040000_Tucker_Carlson_Tonight,https://archive.org/download/FOXNEWSW_20180508_040000_Tucker_Carlson_Tonight/FOXNEWSW_20180508_040000_Tucker_Carlson_Tonight.thumbs/FOXNEWSW_20180508_040000_Tucker_Carlson_Tonight_001018.jpg,"i know you don't believe in climate change. but a storm is coming. tucker: stormy daniels. she was deeply traumatized by her relationship with the president and 130000."
https://archive.org/details/FOXNEWSW_20180528_010000_The_Next_Revolution_With_Steve_Hilton#start/1513/end/1548,5/28/2018 1:25:28,FOXNEWS,The Next Revolution With Steve Hilton,FOXNEWSW_20180528_010000_The_Next_Revolution_With_Steve_Hilton,https://archive.org/download/FOXNEWSW_20180528_010000_The_Next_Revolution_With_Steve_Hilton/FOXNEWSW_20180528_010000_The_Next_Revolution_With_Steve_Hilton.thumbs/FOXNEWSW_20180528_010000_The_Next_Revolution_With_Steve_Hilton_001497.jpg,"california. plus, one college students quest to put a populous spin on climate change. you won't want to miss that. hey! we didn't have a homeowners claim last year"
https://archive.org/details/FOXNEWSW_20180529_000000_Tucker_Carlson_Tonight#start/3072/end/3107,5/29/2018 0:51:27,FOXNEWS,Tucker Carlson Tonight,FOXNEWSW_20180529_000000_Tucker_Carlson_Tonight,https://archive.org/download/FOXNEWSW_20180529_000000_Tucker_Carlson_Tonight/FOXNEWSW_20180529_000000_Tucker_Carlson_Tonight.thumbs/FOXNEWSW_20180529_000000_Tucker_Carlson_Tonight_003057.jpg,"with the sun? tucker: it's global warming they are trying to fight. can you be more specific? is it something about reflecting the heat from the sun maybe off the paint they are putting on the ground? i have no idea. tucker: does it have to do with reflecting the sun off the streets with the paint they are"
https://archive.org/details/FOXNEWSW_20180530_100000_FOX__Friends#start/10391/end/10426,5/30/2018 12:53:26,FOXNEWS,FOX  Friends,FOXNEWSW_20180530_100000_FOX__Friends,https://archive.org/download/FOXNEWSW_20180530_100000_FOX__Friends/FOXNEWSW_20180530_100000_FOX__Friends.thumbs/FOXNEWSW_20180530_100000_FOX__Friends_010377.jpg,"that you were supporting ethically-sourced coffee, fighting climate change. going into starbucks was political bonding experience. this philadelphia experience comes along and they simply gone nuts because they defended"
https://archive.org/details/FOXNEWSW_20180528_010000_The_Next_Revolution_With_Steve_Hilton#start/2909/end/2944,5/28/2018 1:48:44,FOXNEWS,The Next Revolution With Steve Hilton,FOXNEWSW_20180528_010000_The_Next_Revolution_With_Steve_Hilton,https://archive.org/download/FOXNEWSW_20180528_010000_The_Next_Revolution_With_Steve_Hilton/FOXNEWSW_20180528_010000_The_Next_Revolution_With_Steve_Hilton.thumbs/FOXNEWSW_20180528_010000_The_Next_Revolution_With_Steve_Hilton_002817.jpg,"thanks. steve: one millennial is putting up a proposal for climate change. stay right there. booking a flight at the last minute doesn't have to be expensive. just go to priceline."
https://archive.org/details/FOXNEWSW_20180515_000000_Tucker_Carlson_Tonight#start/2571/end/2606,5/15/2018 0:43:06,FOXNEWS,Tucker Carlson Tonight,FOXNEWSW_20180515_000000_Tucker_Carlson_Tonight,https://archive.org/download/FOXNEWSW_20180515_000000_Tucker_Carlson_Tonight/FOXNEWSW_20180515_000000_Tucker_Carlson_Tonight.thumbs/FOXNEWSW_20180515_000000_Tucker_Carlson_Tonight_002547.jpg,"volcanic eruptions or changes to the ocean circulation. they are just pushing a very simple story line that climate change is driven solely by how much carbon dioxide we emit into the atmosphere."
https://archive.org/details/FOXNEWSW_20180501_210000_The_Five#start/1111/end/1146,5/1/2018 21:18:46,FOXNEWS,The Five,FOXNEWSW_20180501_210000_The_Five,https://archive.org/download/FOXNEWSW_20180501_210000_The_Five/FOXNEWSW_20180501_210000_The_Five.thumbs/FOXNEWSW_20180501_210000_The_Five_001107.jpg,"celebrity is pushing climate change on you. everybody gets that. what's a celebrity says something that's not part of the liberal world, all hell breaks loose. if you saw kanye west today."
https://archive.org/details/FOXNEWSW_20180508_030000_Fox_News__Night_With_Shannon_Bream#start/2606/end/2641,5/8/2018 3:43:41,FOXNEWS,Fox News  Night With Shannon Bream,FOXNEWSW_20180508_030000_Fox_News__Night_With_Shannon_Bream,https://archive.org/download/FOXNEWSW_20180508_030000_Fox_News__Night_With_Shannon_Bream/FOXNEWSW_20180508_030000_Fox_News__Night_With_Shannon_Bream.thumbs/FOXNEWSW_20180508_030000_Fox_News__Night_With_Shannon_Bream_002608.jpg,"sorry, donald. it's too late for that. i know you don't believe in climate change but the storm is coming, baby. shannon: former 'snl' stars like joe piscopo are criticizing saturday night live for"
https://archive.org/details/FOXNEWSW_20180528_040000_The_Next_Revolution_With_Steve_Hilton#start/3073/end/3108,5/28/2018 4:51:28,FOXNEWS,The Next Revolution With Steve Hilton,FOXNEWSW_20180528_040000_The_Next_Revolution_With_Steve_Hilton,https://archive.org/download/FOXNEWSW_20180528_040000_The_Next_Revolution_With_Steve_Hilton/FOXNEWSW_20180528_040000_The_Next_Revolution_With_Steve_Hilton.thumbs/FOXNEWSW_20180528_040000_The_Next_Revolution_With_Steve_Hilton_002967.jpg,"one issue in my experience that puts young people off from supporting republicans and also back in the u.k. where i work conservatives was the issue of climate change. the problem with that issue for"
https://archive.org/details/FOXNEWSW_20180528_040000_The_Next_Revolution_With_Steve_Hilton#start/3105/end/3140,5/28/2018 4:52:00,FOXNEWS,The Next Revolution With Steve Hilton,FOXNEWSW_20180528_040000_The_Next_Revolution_With_Steve_Hilton,https://archive.org/download/FOXNEWSW_20180528_040000_The_Next_Revolution_With_Steve_Hilton/FOXNEWSW_20180528_040000_The_Next_Revolution_With_Steve_Hilton.thumbs/FOXNEWSW_20180528_040000_The_Next_Revolution_With_Steve_Hilton_003087.jpg,"the issue of climate change that could help in persuading some younger people to sign-up to the republican cause. joining me now is the founder for students of that judged. students for carbon dividends."
https://archive.org/details/FOXNEWSW_20180508_000000_Tucker_Carlson_Tonight#start/1019/end/1054,5/8/2018 0:17:14,FOXNEWS,Tucker Carlson Tonight,FOXNEWSW_20180508_000000_Tucker_Carlson_Tonight,https://archive.org/download/FOXNEWSW_20180508_000000_Tucker_Carlson_Tonight/FOXNEWSW_20180508_000000_Tucker_Carlson_Tonight.thumbs/FOXNEWSW_20180508_000000_Tucker_Carlson_Tonight_001018.jpg,"i know you don't believe in climate change but a storm is coming, baby. tucker: stormy channels, climate activist. everything is inevitable. she was deeply traumatized by her alleged relationship with the president and the 130 grand"
https://archive.org/details/FOXNEWSW_20180506_160000_Americas_News_HQ#start/2898/end/2933,5/6/2018 16:48:33,FOXNEWS,Americas News HQ,FOXNEWSW_20180506_160000_Americas_News_HQ,https://archive.org/download/FOXNEWSW_20180506_160000_Americas_News_HQ/FOXNEWSW_20180506_160000_Americas_News_HQ.thumbs/FOXNEWSW_20180506_160000_Americas_News_HQ_002877.jpg,"the history of corporate right. the next great irony maybe progressives welcoming the political support of corporations in support of liberal causes from climate change to gun control. how do we and how to corporations navigate this when"
https://archive.org/details/FOXNEWSW_20180526_000000_Tucker_Carlson_Tonight#start/2781/end/2816,5/26/2018 0:46:36,FOXNEWS,Tucker Carlson Tonight,FOXNEWSW_20180526_000000_Tucker_Carlson_Tonight,https://archive.org/download/FOXNEWSW_20180526_000000_Tucker_Carlson_Tonight/FOXNEWSW_20180526_000000_Tucker_Carlson_Tonight.thumbs/FOXNEWSW_20180526_000000_Tucker_Carlson_Tonight_002667.jpg,"tucker: welcome back to tonight special, inside the issues. the american civil rights organizations use to care about, well, civil rights, no surprise. but recently the naacp has said it regards climate change's civil rights issue and that"
https://archive.org/details/FOXNEWSW_20180526_190000_The_Journal_Editorial_Report#start/2525/end/2560,5/26/2018 19:42:20,FOXNEWS,The Journal Editorial Report,FOXNEWSW_20180526_190000_The_Journal_Editorial_Report,https://archive.org/download/FOXNEWSW_20180526_190000_The_Journal_Editorial_Report/FOXNEWSW_20180526_190000_The_Journal_Editorial_Report.thumbs/FOXNEWSW_20180526_190000_The_Journal_Editorial_Report_002517.jpg,"the wall, that you're not nearly buying coffee, your money is going to support coffee or even to fight climate change. paul: i tell you, dan, i still think it's about coffee, explain why howard schultz can't win"
https://archive.org/details/FOXNEWSW_20180528_010000_The_Next_Revolution_With_Steve_Hilton#start/3073/end/3108,5/28/2018 1:51:28,FOXNEWS,The Next Revolution With Steve Hilton,FOXNEWSW_20180528_010000_The_Next_Revolution_With_Steve_Hilton,https://archive.org/download/FOXNEWSW_20180528_010000_The_Next_Revolution_With_Steve_Hilton/FOXNEWSW_20180528_010000_The_Next_Revolution_With_Steve_Hilton.thumbs/FOXNEWSW_20180528_010000_The_Next_Revolution_With_Steve_Hilton_003057.jpg,"welcome back. one issue in my experience that puts young people off from supporting republicans and also back in the u.k. where i work conservatives was the issue of climate change. the problem with that issue for"
https://archive.org/details/FOXNEWSW_20180528_010000_The_Next_Revolution_With_Steve_Hilton#start/3123/end/3158,5/28/2018 1:52:18,FOXNEWS,The Next Revolution With Steve Hilton,FOXNEWSW_20180528_010000_The_Next_Revolution_With_Steve_Hilton,https://archive.org/download/FOXNEWSW_20180528_010000_The_Next_Revolution_With_Steve_Hilton/FOXNEWSW_20180528_010000_The_Next_Revolution_With_Steve_Hilton.thumbs/FOXNEWSW_20180528_010000_The_Next_Revolution_With_Steve_Hilton_003117.jpg,"us. i would love for you to explain in simple terms the idea you are promoting here. a lot of people are so suspicious when they hear the word climate change they think high tax tas, bad for business"
https://archive.org/details/FOXNEWSW_20180527_190000_The_Journal_Editorial_Report#start/2524/end/2559,5/27/2018 19:42:19,FOXNEWS,The Journal Editorial Report,FOXNEWSW_20180527_190000_The_Journal_Editorial_Report,https://archive.org/download/FOXNEWSW_20180527_190000_The_Journal_Editorial_Report/FOXNEWSW_20180527_190000_The_Journal_Editorial_Report.thumbs/FOXNEWSW_20180527_190000_The_Journal_Editorial_Report_002517.jpg,"the wall, that you're not nearly buying coffee, your money is going to support coffee or even to fight climate change. paul: i tell you, dan, i still think it's about coffee, explain why howard schultz can't win"
https://archive.org/details/FOXNEWSW_20180529_000000_Tucker_Carlson_Tonight#start/3089/end/3124,5/29/2018 0:51:44,FOXNEWS,Tucker Carlson Tonight,FOXNEWSW_20180529_000000_Tucker_Carlson_Tonight,https://archive.org/download/FOXNEWSW_20180529_000000_Tucker_Carlson_Tonight/FOXNEWSW_20180529_000000_Tucker_Carlson_Tonight.thumbs/FOXNEWSW_20180529_000000_Tucker_Carlson_Tonight_003087.jpg,"applying? to the tape we go. the city of los angeles is using taxpayer dollars to combat climate change by painting it streets white. the pricey project is expected to take 20 years to complete costing the city nearly $40000 per mile."
https://archive.org/details/FOXNEWSW_20180525_210000_The_Five#start/1243/end/1278,5/25/2018 21:20:58,FOXNEWS,The Five,FOXNEWSW_20180525_210000_The_Five,https://archive.org/download/FOXNEWSW_20180525_210000_The_Five/FOXNEWSW_20180525_210000_The_Five.thumbs/FOXNEWSW_20180525_210000_The_Five_001227.jpg,"abortion and i kneel, i get penalized. if i want to kneel for climate change i get penalized. it applies to everyone. he reel it really actually insulted the owners. i don't think he brought this up. the question was probably"
https://archive.org/details/FOXNEWSW_20180529_040000_Tucker_Carlson_Tonight#start/3087/end/3122,5/29/2018 4:51:42,FOXNEWS,Tucker Carlson Tonight,FOXNEWSW_20180529_040000_Tucker_Carlson_Tonight,https://archive.org/download/FOXNEWSW_20180529_040000_Tucker_Carlson_Tonight/FOXNEWSW_20180529_040000_Tucker_Carlson_Tonight.thumbs/FOXNEWSW_20180529_040000_Tucker_Carlson_Tonight_003087.jpg,"to the tape we go. the city of los angeles is using taxpayer dollars to combat climate change by painting it streets white. the pricey project is expected to take 20 years to complete costing the city nearly $40000 per mile."
https://archive.org/details/FOXNEWSW_20180514_210000_The_Five#start/1725/end/1760,5/14/2018 21:29:00,FOXNEWS,The Five,FOXNEWSW_20180514_210000_The_Five,https://archive.org/download/FOXNEWSW_20180514_210000_The_Five/FOXNEWSW_20180514_210000_The_Five.thumbs/FOXNEWSW_20180514_210000_The_Five_001707.jpg,"new york city and america was and still is terrorism. not whether trump exaggerates about mexico paying for the wall. for bloomberg to express his own grapes like climate change or smoking or gun control, first he had to keep the city safe so he"
https://archive.org/details/FOXNEWSW_20180526_020000_The_Ingraham_Angle#start/2710/end/2745,5/26/2018 2:45:25,FOXNEWS,The Ingraham Angle,FOXNEWSW_20180526_020000_The_Ingraham_Angle,https://archive.org/download/FOXNEWSW_20180526_020000_The_Ingraham_Angle/FOXNEWSW_20180526_020000_The_Ingraham_Angle.thumbs/FOXNEWSW_20180526_020000_The_Ingraham_Angle_002697.jpg,"topical to their district. jesse: i don't think i would talk about climate change, that's not the best policy prescription for the midterms. but i understand when people are politicking and pressing the flesh of the barbecues, they talk one on one about stuff that"
https://archive.org/details/FOXNEWSW_20180528_040000_The_Next_Revolution_With_Steve_Hilton#start/3122/end/3157,5/28/2018 4:52:17,FOXNEWS,The Next Revolution With Steve Hilton,FOXNEWSW_20180528_040000_The_Next_Revolution_With_Steve_Hilton,https://archive.org/download/FOXNEWSW_20180528_040000_The_Next_Revolution_With_Steve_Hilton/FOXNEWSW_20180528_040000_The_Next_Revolution_With_Steve_Hilton.thumbs/FOXNEWSW_20180528_040000_The_Next_Revolution_With_Steve_Hilton_003117.jpg,"alex, thank you for being with us. i would love for you to explain in simple terms the idea you are promoting here. a lot of people are so suspicious when they hear the word climate change they think high tax tas, bad for business"
https://archive.org/details/FOXNEWSW_20180508_210000_The_Five#start/2600/end/2635,5/8/2018 21:43:35,FOXNEWS,The Five,FOXNEWSW_20180508_210000_The_Five,https://archive.org/download/FOXNEWSW_20180508_210000_The_Five/FOXNEWSW_20180508_210000_The_Five.thumbs/FOXNEWSW_20180508_210000_The_Five_002577.jpg,"immigration. working hard on the border. pulled out of the iran deal, said no to the crazy paris climate change accord. we are winning a national security and against isis. we are having historic talks as it relates to north korea and south korea. he is tough with iran."
https://archive.org/details/FOXNEWSW_20180509_210000_The_Five#start/671/end/706,5/9/2018 21:11:26,FOXNEWS,The Five,FOXNEWSW_20180509_210000_The_Five,https://archive.org/download/FOXNEWSW_20180509_210000_The_Five/FOXNEWSW_20180509_210000_The_Five.thumbs/FOXNEWSW_20180509_210000_The_Five_000658.jpg,"should not stick in a bad deal. that's why he also pulled out of the paris climate change accord because he analyzed it and did numbers and as i said yesterday i do not think that we should, in fact, fund a nuclear iran. especially when they were not you know honest as it related"
https://archive.org/details/FOXNEWSW_20180526_020000_The_Ingraham_Angle#start/2695/end/2730,5/26/2018 2:45:10,FOXNEWS,The Ingraham Angle,FOXNEWSW_20180526_020000_The_Ingraham_Angle,https://archive.org/download/FOXNEWSW_20180526_020000_The_Ingraham_Angle/FOXNEWSW_20180526_020000_The_Ingraham_Angle.thumbs/FOXNEWSW_20180526_020000_The_Ingraham_Angle_002667.jpg,"there are other networks that talk about russia all the time. but i think the candidates that are out on the trail all across the country, looking forward to november, they are talking about other issues. they are talking about jobs and the economy and climate change, and other things that are"
https://archive.org/details/FOXNEWSW_20180522_160000_Outnumbered#start/3065/end/3100,5/22/2018 16:51:20,FOXNEWS,Outnumbered,FOXNEWSW_20180522_160000_Outnumbered,https://archive.org/download/FOXNEWSW_20180522_160000_Outnumbered/FOXNEWSW_20180522_160000_Outnumbered.thumbs/FOXNEWSW_20180522_160000_Outnumbered_003057.jpg,"something that people who do oppose the president have had to contend with all the relationship with french president mccrone for instance where people thought there's no way he's going to like him, he is our climate change guy and ask to have one of the best relationships if not the best relationship that is out there."
