﻿URL,MatchDateTime,Station,Show,IAShowID,IAPreviewThumb,Snippet
https://archive.org/details/FOXNEWSW_20160422_210000_The_Five#start/532/end/567,4/22/2016 21:09:07,FOXNEWS,The Five,FOXNEWSW_20160422_210000_The_Five,https://archive.org/download/FOXNEWSW_20160422_210000_The_Five/FOXNEWSW_20160422_210000_The_Five.thumbs/FOXNEWSW_20160422_210000_The_Five_000507.jpg,"you get a 17-year pause in global warming it suddenly becomes climate change, it's not global warming any more. the rhetoric, the debate has to center around what is really happening. instead of what was originally for a long time, global warming."
https://archive.org/details/FOXNEWSW_20160409_030000_The_OReilly_Factor#start/3053/end/3088,4/9/2016 3:51:08,FOXNEWS,The OReilly Factor,FOXNEWSW_20160409_030000_The_OReilly_Factor,https://archive.org/download/FOXNEWSW_20160409_030000_The_OReilly_Factor/FOXNEWSW_20160409_030000_The_OReilly_Factor.thumbs/FOXNEWSW_20160409_030000_The_OReilly_Factor_003027.jpg,"man? no! stranger danger! stranger danger! what do you think is the bigger threat in the united states, climate change or terrorism? climate change. i would go with climate change."
https://archive.org/details/FOXNEWSW_20160409_000000_The_OReilly_Factor#start/3051/end/3086,4/9/2016 0:51:06,FOXNEWS,The OReilly Factor,FOXNEWSW_20160409_000000_The_OReilly_Factor,https://archive.org/download/FOXNEWSW_20160409_000000_The_OReilly_Factor/FOXNEWSW_20160409_000000_The_OReilly_Factor.thumbs/FOXNEWSW_20160409_000000_The_OReilly_Factor_003027.jpg,"man? no! stranger danger! stranger danger! what do you think is the bigger threat in the united states, climate change or terrorism? climate change. i would go with climate"
https://archive.org/details/FOXNEWSW_20160423_080000_The_Kelly_File#start/1148/end/1183,4/23/2016 8:19:23,FOXNEWS,The Kelly File,FOXNEWSW_20160423_080000_The_Kelly_File,https://archive.org/download/FOXNEWSW_20160423_080000_The_Kelly_File/FOXNEWSW_20160423_080000_The_Kelly_File.thumbs/FOXNEWSW_20160423_080000_The_Kelly_File_001137.jpg,"by far. the goal of the agreement is to lower the rate of global warming by reducing carbon emissions and other greenhouse gases, under the plan, each country sets its own targets, updating them every five years, the agreement also calls for"
https://archive.org/details/FOXNEWSW_20160422_220000_Special_Report_With_Bret_Baier#start/1148/end/1183,4/22/2016 22:19:23,FOXNEWS,Special Report With Bret Baier,FOXNEWSW_20160422_220000_Special_Report_With_Bret_Baier,https://archive.org/download/FOXNEWSW_20160422_220000_Special_Report_With_Bret_Baier/FOXNEWSW_20160422_220000_Special_Report_With_Bret_Baier.thumbs/FOXNEWSW_20160422_220000_Special_Report_With_Bret_Baier_001137.jpg,"the goal of the agreement is to lower the rate of global warming by reducing carbon emissions and other greenhouse gases, under the plan, each country sets its own targets, updating them every five years, the agreement also calls for"
https://archive.org/details/FOXNEWSW_20160417_050000_The_Greg_Gutfeld_Show#start/666/end/701,4/17/2016 5:11:21,FOXNEWS,The Greg Gutfeld Show,FOXNEWSW_20160417_050000_The_Greg_Gutfeld_Show,https://archive.org/download/FOXNEWSW_20160417_050000_The_Greg_Gutfeld_Show/FOXNEWSW_20160417_050000_The_Greg_Gutfeld_Show.thumbs/FOXNEWSW_20160417_050000_The_Greg_Gutfeld_Show_000657.jpg,"finally outed about being a socialist, it was interesting to hear them talk about the war, bringing everything we could to bear to it, then they said it was climate change. it's the climate change that"
https://archive.org/details/FOXNEWSW_20160417_020000_The_Greg_Gutfeld_Show#start/667/end/702,4/17/2016 2:11:22,FOXNEWS,The Greg Gutfeld Show,FOXNEWSW_20160417_020000_The_Greg_Gutfeld_Show,https://archive.org/download/FOXNEWSW_20160417_020000_The_Greg_Gutfeld_Show/FOXNEWSW_20160417_020000_The_Greg_Gutfeld_Show.thumbs/FOXNEWSW_20160417_020000_The_Greg_Gutfeld_Show_000657.jpg,"finally outed about being a socialist, it was interesting to hear them talk about the war, bringing everything we could to bear to it, then they said it was climate change. it's the climate change that"
https://archive.org/details/FOXNEWSW_20160423_000000_The_OReilly_Factor#start/2433/end/2468,4/23/2016 0:40:48,FOXNEWS,The OReilly Factor,FOXNEWSW_20160423_000000_The_OReilly_Factor,https://archive.org/download/FOXNEWSW_20160423_000000_The_OReilly_Factor/FOXNEWSW_20160423_000000_The_OReilly_Factor.thumbs/FOXNEWSW_20160423_000000_The_OReilly_Factor_002427.jpg,"accord talking, what's the most important issue facing the nation? facing the nation? people too serious, man. sounds like somebody's got a case of the mondays. i don't have enough shoes. [ laughter ] global warming?            _"
https://archive.org/details/FOXNEWSW_20160422_210000_The_Five#start/517/end/552,4/22/2016 21:08:52,FOXNEWS,The Five,FOXNEWSW_20160422_210000_The_Five,https://archive.org/download/FOXNEWSW_20160422_210000_The_Five/FOXNEWSW_20160422_210000_The_Five.thumbs/FOXNEWSW_20160422_210000_The_Five_000507.jpg,"thank you so much. well done. let me finish my point. the defense industry, who i don't think is politically vested says, this is a major threat to us. what is? global warming? yes."
https://archive.org/details/FOXNEWSW_20160409_050000_Hannity#start/2528/end/2563,4/9/2016 5:42:23,FOXNEWS,Hannity,FOXNEWSW_20160409_050000_Hannity,https://archive.org/download/FOXNEWSW_20160409_050000_Hannity/FOXNEWSW_20160409_050000_Hannity.thumbs/FOXNEWSW_20160409_050000_Hannity_002517.jpg,"this is not -- this is not -- eight years. 55% of black teenagers can't get a job, eric. not helping the economy. blocking him. i have to run. all right. thank you. he's not blaming global warming."
https://archive.org/details/FOXNEWSW_20160415_210000_The_Five#start/1285/end/1320,4/15/2016 21:21:40,FOXNEWS,The Five,FOXNEWSW_20160415_210000_The_Five,https://archive.org/download/FOXNEWSW_20160415_210000_The_Five/FOXNEWSW_20160415_210000_The_Five.thumbs/FOXNEWSW_20160415_210000_The_Five_001287.jpg,"terror. this bored orders derangement that while this is happening, things happening in brussels and paris, he is talking about climate change."
https://archive.org/details/FOXNEWSW_20160409_100000_Fox_and_Friends_Saturday#start/7879/end/7914,4/9/2016 12:11:34,FOXNEWS,Fox and Friends Saturday,FOXNEWSW_20160409_100000_Fox_and_Friends_Saturday,https://archive.org/download/FOXNEWSW_20160409_100000_Fox_and_Friends_Saturday/FOXNEWSW_20160409_100000_Fox_and_Friends_Saturday.thumbs/FOXNEWSW_20160409_100000_Fox_and_Friends_Saturday_007857.jpg,"problems. but simply to be heard. i think that's wise advice, actually, i think that's really smart. i think that's great he is weighing in on an issue what couples and marriages talk about every single day. politics or global warming."
https://archive.org/details/FOXNEWSW_20160424_050000_The_Greg_Gutfeld_Show#start/2559/end/2594,4/24/2016 5:42:54,FOXNEWS,The Greg Gutfeld Show,FOXNEWSW_20160424_050000_The_Greg_Gutfeld_Show,https://archive.org/download/FOXNEWSW_20160424_050000_The_Greg_Gutfeld_Show/FOXNEWSW_20160424_050000_The_Greg_Gutfeld_Show.thumbs/FOXNEWSW_20160424_050000_The_Greg_Gutfeld_Show_002547.jpg,"think to think -- [ cheers and applause ] i want to go to you, joe, because you're pretty much terrified of everything. are we wrong not to be scared of climate change?"
https://archive.org/details/FOXNEWSW_20160424_020000_The_Greg_Gutfeld_Show#start/2560/end/2595,4/24/2016 2:42:55,FOXNEWS,The Greg Gutfeld Show,FOXNEWSW_20160424_020000_The_Greg_Gutfeld_Show,https://archive.org/download/FOXNEWSW_20160424_020000_The_Greg_Gutfeld_Show/FOXNEWSW_20160424_020000_The_Greg_Gutfeld_Show.thumbs/FOXNEWSW_20160424_020000_The_Greg_Gutfeld_Show_002547.jpg,"think to think -- [ cheers and applause ] i want to go to you, joe, because you're pretty much terrified of everything. are we wrong not to be scared of climate change?"
https://archive.org/details/FOXNEWSW_20160424_150000_MediaBuzz#start/2053/end/2088,4/24/2016 15:34:28,FOXNEWS,MediaBuzz,FOXNEWSW_20160424_150000_MediaBuzz,https://archive.org/download/FOXNEWSW_20160424_150000_MediaBuzz/FOXNEWSW_20160424_150000_MediaBuzz.thumbs/FOXNEWSW_20160424_150000_MediaBuzz_002037.jpg,"a point of congratulating the german chancellor on her role in the migration crisis in europe, he also noted that the politics are difficult here in the united states. they talked about ukraine as well and president obama touched on climate change."
https://archive.org/details/FOXNEWSW_20160422_210000_The_Five#start/2563/end/2598,4/22/2016 21:42:58,FOXNEWS,The Five,FOXNEWSW_20160422_210000_The_Five,https://archive.org/download/FOXNEWSW_20160422_210000_The_Five/FOXNEWSW_20160422_210000_The_Five.thumbs/FOXNEWSW_20160422_210000_The_Five_002547.jpg,"and have all of these things plugged in and i'll sit there for the rest of existence and do nothing. they'll have certain kind of euphoric drugs packed into my brain and i will never do anything. who is paying for this? medicare? climate change."
https://archive.org/details/FOXNEWSW_20160422_200000_Your_World_With_Neil_Cavuto#start/3629/end/3664,4/22/2016 21:00:44,FOXNEWS,Your World With Neil Cavuto,FOXNEWSW_20160422_200000_Your_World_With_Neil_Cavuto,https://archive.org/download/FOXNEWSW_20160422_200000_Your_World_With_Neil_Cavuto/FOXNEWSW_20160422_200000_Your_World_With_Neil_Cavuto.thumbs/FOXNEWSW_20160422_200000_Your_World_With_Neil_Cavuto_003627.jpg,"it's earth day. and if you believe the hysteria from some celebrities and politicians, global warming is going to destroy the planet. climate change is happening faster than even the most pessimistic of scientists warned"
https://archive.org/details/FOXNEWSW_20160422_210000_The_Five#start/31/end/66,4/22/2016 21:00:46,FOXNEWS,The Five,FOXNEWSW_20160422_210000_The_Five,https://archive.org/download/FOXNEWSW_20160422_210000_The_Five/FOXNEWSW_20160422_210000_The_Five.thumbs/FOXNEWSW_20160422_210000_The_Five_000057.jpg,"and if you believe the hysteria from some celebrities and politicians, global warming is going to destroy the planet. climate change is happening faster than even the most pessimistic of scientists warned us decades ago."
https://archive.org/details/FOXNEWSW_20160427_210000_The_Five#start/1413/end/1448,4/27/2016 21:23:48,FOXNEWS,The Five,FOXNEWSW_20160427_210000_The_Five,https://archive.org/download/FOXNEWSW_20160427_210000_The_Five/FOXNEWSW_20160427_210000_The_Five.thumbs/FOXNEWSW_20160427_210000_The_Five_001407.jpg,"the cold war. and that something that we've been talking about for a long time and i think that's really important. to me it is as bad as the cold war. and as communism. and him saying that that's very important, putting that as a priority over climate change, is"
https://archive.org/details/FOXNEWSW_20160407_000000_The_OReilly_Factor#start/1249/end/1284,4/7/2016 0:21:04,FOXNEWS,The OReilly Factor,FOXNEWSW_20160407_000000_The_OReilly_Factor,https://archive.org/download/FOXNEWSW_20160407_000000_The_OReilly_Factor/FOXNEWSW_20160407_000000_The_OReilly_Factor.thumbs/FOXNEWSW_20160407_000000_The_OReilly_Factor_001197.jpg,"man 1: what did they get? man 2: what didn't they get. man 1: i need to call mike. man 2: don't use your phone. it's not just security, it's defense. bae systems. this dude has no business being in the community. we deal with climate change every day."
https://archive.org/details/FOXNEWSW_20160422_210000_The_Five#start/365/end/400,4/22/2016 21:06:20,FOXNEWS,The Five,FOXNEWSW_20160422_210000_The_Five,https://archive.org/download/FOXNEWSW_20160422_210000_The_Five/FOXNEWSW_20160422_210000_The_Five.thumbs/FOXNEWSW_20160422_210000_The_Five_000357.jpg,"that the overwhelming consensus is that there's climate change. i'm glad you used the phrase consensus, the that was done by a faulty questionnaire done by a grad student. just as you cannot prove that man-made global warming is real. you can't not prove it that's"
https://archive.org/details/FOXNEWSW_20160416_153000_Cashin_In#start/919/end/954,4/16/2016 15:45:34,FOXNEWS,Cashin In,FOXNEWSW_20160416_153000_Cashin_In,https://archive.org/download/FOXNEWSW_20160416_153000_Cashin_In/FOXNEWSW_20160416_153000_Cashin_In.thumbs/FOXNEWSW_20160416_153000_Cashin_In_000897.jpg,"religion. so, if you study how they're recruiting, parents are giving their young children, baby boys, a way to isis recruitment camps because they see it as a badge of honor, their son is fight ng this war. it's no amount of money because they put religion before all else. it's not a jobs problem. not a climate change problem and"
https://archive.org/details/FOXNEWSW_20160402_143000_Cavuto_on_Business#start/242/end/277,4/2/2016 14:34:17,FOXNEWS,Cavuto on Business,FOXNEWSW_20160402_143000_Cavuto_on_Business,https://archive.org/download/FOXNEWSW_20160402_143000_Cavuto_on_Business/FOXNEWSW_20160402_143000_Cavuto_on_Business.thumbs/FOXNEWSW_20160402_143000_Cavuto_on_Business_000237.jpg,"we do need to cut down on greenhouse gases. we do need to cut down on fossil fuel, those are sort of facts. now that doesn't mean that the only way to go about doing that is to demonize these companies, but that is what people on the left will do."
https://archive.org/details/FOXNEWSW_20160427_020000_Hannity#start/1666/end/1701,4/27/2016 2:28:01,FOXNEWS,Hannity,FOXNEWSW_20160427_020000_Hannity,https://archive.org/download/FOXNEWSW_20160427_020000_Hannity/FOXNEWSW_20160427_020000_Hannity.thumbs/FOXNEWSW_20160427_020000_Hannity_001647.jpg,"careful. the single big -- it is not global warming. president obama said the biggest threat to our country is global warming. give me a break, okay? the biggest threat to our country is nuclear and we cannot let iran get a nuclear weapon."
https://archive.org/details/FOXNEWSW_20160430_210000_Otr_Townhall_Trump#start/295/end/330,4/30/2016 21:05:10,FOXNEWS,Otr Townhall Trump,FOXNEWSW_20160430_210000_Otr_Townhall_Trump,https://archive.org/download/FOXNEWSW_20160430_210000_Otr_Townhall_Trump/FOXNEWSW_20160430_210000_Otr_Townhall_Trump.thumbs/FOXNEWSW_20160430_210000_Otr_Townhall_Trump_000267.jpg,"country is global warming. [ laughter ] was he serious? was he being serious? we have global warming but of the nuclear variety. that's the biggest threat we have. that is the single biggest threat we have. and frankly, if it weren't"
https://archive.org/details/FOXNEWSW_20160427_220000_Americas_Election_HQ#start/3895/end/3930,4/27/2016 23:05:10,FOXNEWS,Americas Election HQ,FOXNEWSW_20160427_220000_Americas_Election_HQ,https://archive.org/download/FOXNEWSW_20160427_220000_Americas_Election_HQ/FOXNEWSW_20160427_220000_Americas_Election_HQ.thumbs/FOXNEWSW_20160427_220000_Americas_Election_HQ_003867.jpg,"country is global warming. [ laughter ] was he serious? was he being serious? we have global warming but of the nuclear variety. that's the biggest threat we have. that is the single biggest threat we have. and frankly, if it weren't"
https://archive.org/details/FOXNEWSW_20160409_090000_Hannity#start/2525/end/2560,4/9/2016 9:42:20,FOXNEWS,Hannity,FOXNEWSW_20160409_090000_Hannity,https://archive.org/download/FOXNEWSW_20160409_090000_Hannity/FOXNEWSW_20160409_090000_Hannity.thumbs/FOXNEWSW_20160409_090000_Hannity_002517.jpg,"i blame -- when it's due. this is not -- this is not -- eight years. 55% of black teenagers can't get a job, eric. not helping the economy. blocking him. i have to run. all right. thank you. he's not blaming global"
https://archive.org/details/FOXNEWSW_20160425_210000_The_Five#start/1231/end/1266,4/25/2016 21:20:46,FOXNEWS,The Five,FOXNEWSW_20160425_210000_The_Five,https://archive.org/download/FOXNEWSW_20160425_210000_The_Five/FOXNEWSW_20160425_210000_The_Five.thumbs/FOXNEWSW_20160425_210000_The_Five_001227.jpg,"it at me, not disavow them. add not sub tretracsubtract. threw climate change in. it's how climate change and the koch brothers, this is anti-religion to the democrats."
https://archive.org/details/FOXNEWSW_20160424_100000_Fox_and_Friends_Sunday#start/8846/end/8881,4/24/2016 12:27:41,FOXNEWS,Fox and Friends Sunday,FOXNEWSW_20160424_100000_Fox_and_Friends_Sunday,https://archive.org/download/FOXNEWSW_20160424_100000_Fox_and_Friends_Sunday/FOXNEWSW_20160424_100000_Fox_and_Friends_Sunday.thumbs/FOXNEWSW_20160424_100000_Fox_and_Friends_Sunday_008847.jpg,"be it no doubt that unless greenhouse gas emissions reach their peak in about 100 months, just 100 months, it may well be too late to stop temperatures rising. the grim reality is that our"
https://archive.org/details/FOXNEWSW_20160423_080000_The_Kelly_File#start/1181/end/1216,4/23/2016 8:19:56,FOXNEWS,The Kelly File,FOXNEWSW_20160423_080000_The_Kelly_File,https://archive.org/download/FOXNEWSW_20160423_080000_The_Kelly_File/FOXNEWSW_20160423_080000_The_Kelly_File.thumbs/FOXNEWSW_20160423_080000_The_Kelly_File_001167.jpg,"responsible for 55% of greenhouse gas emissions submit their government's approval or rad ratfy indication. china and the u.s. which account for roughly 40% of pollutants are crucial to the agreement's implementation, a potential"
https://archive.org/details/FOXNEWSW_20160424_230000_Fox_Report_Sunday#start/493/end/528,4/24/2016 23:08:28,FOXNEWS,Fox Report Sunday,FOXNEWSW_20160424_230000_Fox_Report_Sunday,https://archive.org/download/FOXNEWSW_20160424_230000_Fox_Report_Sunday/FOXNEWSW_20160424_230000_Fox_Report_Sunday.thumbs/FOXNEWSW_20160424_230000_Fox_Report_Sunday_000477.jpg,"back off clinton on the campaign trail, you'd be wrong. today at a rally in rhode island, he accused her of hustling billionaires of campaign contributions. he also asked her about climate"
https://archive.org/details/FOXNEWSW_20160422_220000_Special_Report_With_Bret_Baier#start/1178/end/1213,4/22/2016 22:19:53,FOXNEWS,Special Report With Bret Baier,FOXNEWSW_20160422_220000_Special_Report_With_Bret_Baier,https://archive.org/download/FOXNEWSW_20160422_220000_Special_Report_With_Bret_Baier/FOXNEWSW_20160422_220000_Special_Report_With_Bret_Baier.thumbs/FOXNEWSW_20160422_220000_Special_Report_With_Bret_Baier_001167.jpg,"only after at least 55 countries responsible for 55% of greenhouse gas emissions submit their government's approval or rad ratfy indication. china and the u.s. which account for roughly 40% of pollutants are crucial to the agreement's"
https://archive.org/details/FOXNEWSW_20160408_050000_Hannity#start/450/end/485,4/8/2016 5:07:45,FOXNEWS,Hannity,FOXNEWSW_20160408_050000_Hannity,https://archive.org/download/FOXNEWSW_20160408_050000_Hannity/FOXNEWSW_20160408_050000_Hannity.thumbs/FOXNEWSW_20160408_050000_Hannity_000447.jpg,"kochi congressional district in the country. to receive this right-wing bigot is an increase to the -- it's an immigrant community. it's an immigrant community. you're not welcome here. we are the forefront of climate"
https://archive.org/details/FOXNEWSW_20160424_020000_The_Greg_Gutfeld_Show#start/2637/end/2672,4/24/2016 2:44:12,FOXNEWS,The Greg Gutfeld Show,FOXNEWSW_20160424_020000_The_Greg_Gutfeld_Show,https://archive.org/download/FOXNEWSW_20160424_020000_The_Greg_Gutfeld_Show/FOXNEWSW_20160424_020000_The_Greg_Gutfeld_Show.thumbs/FOXNEWSW_20160424_020000_The_Greg_Gutfeld_Show_002637.jpg,"him. i told him climate changed historically and england used to be connected to the continent of europe before, and now it's not. it was not my most successful -- i am worried that climate"
https://archive.org/details/FOXNEWSW_20160424_050000_The_Greg_Gutfeld_Show#start/2636/end/2671,4/24/2016 5:44:11,FOXNEWS,The Greg Gutfeld Show,FOXNEWSW_20160424_050000_The_Greg_Gutfeld_Show,https://archive.org/download/FOXNEWSW_20160424_050000_The_Greg_Gutfeld_Show/FOXNEWSW_20160424_050000_The_Greg_Gutfeld_Show.thumbs/FOXNEWSW_20160424_050000_The_Greg_Gutfeld_Show_002637.jpg,"him. i told him climate changed historically and england used to be connected to the continent of europe before, and now it's not. it was not my most successful -- i am worried that climate"
https://archive.org/details/FOXNEWSW_20160408_020000_Hannity#start/457/end/492,4/8/2016 2:07:52,FOXNEWS,Hannity,FOXNEWSW_20160408_020000_Hannity,https://archive.org/download/FOXNEWSW_20160408_020000_Hannity/FOXNEWSW_20160408_020000_Hannity.thumbs/FOXNEWSW_20160408_020000_Hannity_000447.jpg,"is an increase to the -- it's an immigrant community. it's an immigrant community. you're not welcome here. we are the forefront of climate change, ted cruz, we're at the forefront of climate change here. people are dying. people are dying, ted cruz."
https://archive.org/details/FOXNEWSW_20160408_050000_Hannity#start/466/end/501,4/8/2016 5:08:01,FOXNEWS,Hannity,FOXNEWSW_20160408_050000_Hannity,https://archive.org/download/FOXNEWSW_20160408_050000_Hannity/FOXNEWSW_20160408_050000_Hannity.thumbs/FOXNEWSW_20160408_050000_Hannity_000447.jpg,"change, ted cruz, we're at the forefront of climate change here. people are dying. people are dying, ted cruz. people are dying from climate change? well, welcome to new york. i guess that's your -- if you haven't been here in a while."
https://archive.org/details/FOXNEWSW_20160424_150000_MediaBuzz#start/522/end/557,4/24/2016 15:08:57,FOXNEWS,MediaBuzz,FOXNEWSW_20160424_150000_MediaBuzz,https://archive.org/download/FOXNEWSW_20160424_150000_MediaBuzz/FOXNEWSW_20160424_150000_MediaBuzz.thumbs/FOXNEWSW_20160424_150000_MediaBuzz_000507.jpg,"migration or refugees. i should add, by the way, given the urgency of climate change and the economic opportunities of clean energy both of our nations have signed the paris climate change agreement and we agree that it needs to be"
https://archive.org/details/FOXNEWSW_20160422_210000_The_Five#start/63/end/98,4/22/2016 21:01:18,FOXNEWS,The Five,FOXNEWSW_20160422_210000_The_Five,https://archive.org/download/FOXNEWSW_20160422_210000_The_Five/FOXNEWSW_20160422_210000_The_Five.thumbs/FOXNEWSW_20160422_210000_The_Five_000057.jpg,"of unprecedented urgency. we need to talk about this issue. and we should talk about it in terms of the extraordinary threats that climate change pose to our country and our world. climate change is a trend that affects all trends."
https://archive.org/details/FOXNEWSW_20160403_030000_Red_Eye#start/3218/end/3253,4/3/2016 3:53:53,FOXNEWS,Red Eye,FOXNEWSW_20160403_030000_Red_Eye,https://archive.org/download/FOXNEWSW_20160403_030000_Red_Eye/FOXNEWSW_20160403_030000_Red_Eye.thumbs/FOXNEWSW_20160403_030000_Red_Eye_003207.jpg,"president obama visited anchorage and gave a speech. it proves this one threat is now very much in the present. he wasn't referring to a military threat. human activity is disrupting the climate. he was talking about climate"
https://archive.org/details/FOXNEWSW_20160403_000000_Stossel#start/3219/end/3254,4/3/2016 0:53:54,FOXNEWS,Stossel,FOXNEWSW_20160403_000000_Stossel,https://archive.org/download/FOXNEWSW_20160403_000000_Stossel/FOXNEWSW_20160403_000000_Stossel.thumbs/FOXNEWSW_20160403_000000_Stossel_003207.jpg,"visited anchorage and gave a speech. it proves that this once distant threat is now very much in the present. he wasn't referring to a military threat. human activity is disrupting the climate. he was talking about climate"
https://archive.org/details/FOXNEWSW_20160413_100000_FOX__Friends#start/740/end/775,4/13/2016 10:12:35,FOXNEWS,FOX  Friends,FOXNEWSW_20160413_100000_FOX__Friends,https://archive.org/download/FOXNEWSW_20160413_100000_FOX__Friends/FOXNEWSW_20160413_100000_FOX__Friends.thumbs/FOXNEWSW_20160413_100000_FOX__Friends_000717.jpg,"it takes courage to choose hope over fear. our lives are connected. and when we're welcoming a refugee fleeing war or an immigrant seeking new opportunity, when we're coming together to fight global disease like ebola or to address climate"
https://archive.org/details/FOXNEWSW_20160422_210000_The_Five#start/331/end/366,4/22/2016 21:05:46,FOXNEWS,The Five,FOXNEWSW_20160422_210000_The_Five,https://archive.org/download/FOXNEWSW_20160422_210000_The_Five/FOXNEWSW_20160422_210000_The_Five.thumbs/FOXNEWSW_20160422_210000_The_Five_000327.jpg,"significant about climate change. yeah well i understand, i'm, i sit here and i think to myself, i think politics is in play. i think you look at the numbers, republicans don't believe in climate change. democrats do, you see it in terms of the presidential candidates, you stee out on the"
https://archive.org/details/FOXNEWSW_20160427_030000_The_OReilly_Factor#start/244/end/279,4/27/2016 3:04:19,FOXNEWS,The OReilly Factor,FOXNEWSW_20160427_030000_The_OReilly_Factor,https://archive.org/download/FOXNEWSW_20160427_030000_The_OReilly_Factor/FOXNEWSW_20160427_030000_The_OReilly_Factor.thumbs/FOXNEWSW_20160427_030000_The_OReilly_Factor_000237.jpg,"statement about the nature of the world. have you to be idiotically out of touch with reality if you think global warming is more of"
https://archive.org/details/FOXNEWSW_20160428_050000_Americas_Election_HQ#start/10038/end/10073,4/28/2016 7:47:33,FOXNEWS,Americas Election HQ,FOXNEWSW_20160428_050000_Americas_Election_HQ,https://archive.org/download/FOXNEWSW_20160428_050000_Americas_Election_HQ/FOXNEWSW_20160428_050000_Americas_Election_HQ.thumbs/FOXNEWSW_20160428_050000_Americas_Election_HQ_010017.jpg,"the biggest crisis this world couldtface. bigger than global warming. he said he will comply, but won't speak for claude. doesn't he have a right to"
https://archive.org/details/FOXNEWSW_20160425_090000_Fox_and_Friends_First#start/2681/end/2716,4/25/2016 9:44:56,FOXNEWS,Fox and Friends First,FOXNEWSW_20160425_090000_Fox_and_Friends_First,https://archive.org/download/FOXNEWSW_20160425_090000_Fox_and_Friends_First/FOXNEWSW_20160425_090000_Fox_and_Friends_First.thumbs/FOXNEWSW_20160425_090000_Fox_and_Friends_First_002667.jpg,"climate change. stoppi stopping ebola in africa saving thousands of lives."
https://archive.org/details/FOXNEWSW_20160422_200000_Your_World_With_Neil_Cavuto#start/3644/end/3679,4/22/2016 21:00:59,FOXNEWS,Your World With Neil Cavuto,FOXNEWSW_20160422_200000_Your_World_With_Neil_Cavuto,https://archive.org/download/FOXNEWSW_20160422_200000_Your_World_With_Neil_Cavuto/FOXNEWSW_20160422_200000_Your_World_With_Neil_Cavuto.thumbs/FOXNEWSW_20160422_200000_Your_World_With_Neil_Cavuto_003627.jpg,"us decades ago. and it's become a run-away freight train bringing with it an impending disaster for all living things. when we look at climate change, we have got to realize th"
https://archive.org/details/FOXNEWSW_20160422_210000_The_Five#start/734/end/769,4/22/2016 21:12:29,FOXNEWS,The Five,FOXNEWSW_20160422_210000_The_Five,https://archive.org/download/FOXNEWSW_20160422_210000_The_Five/FOXNEWSW_20160422_210000_The_Five.thumbs/FOXNEWSW_20160422_210000_The_Five_000717.jpg,"in his campaign. climate change on it my head. later, facebook friday, post"
https://archive.org/details/FOXNEWSW_20160427_160000_Outnumbered#start/3371/end/3406,4/27/2016 16:56:26,FOXNEWS,Outnumbered,FOXNEWSW_20160427_160000_Outnumbered,https://archive.org/download/FOXNEWSW_20160427_160000_Outnumbered/FOXNEWSW_20160427_160000_Outnumbered.thumbs/FOXNEWSW_20160427_160000_Outnumbered_003357.jpg,"about global warming. we will spend what we need to rebuild our military. it is the cheapest single investment we can make. we will develop, build, and purchase the best equipment"
https://archive.org/details/FOXNEWSW_20160424_100000_Fox_and_Friends_Sunday#start/8767/end/8802,4/24/2016 12:26:22,FOXNEWS,Fox and Friends Sunday,FOXNEWSW_20160424_100000_Fox_and_Friends_Sunday,https://archive.org/download/FOXNEWSW_20160424_100000_Fox_and_Friends_Sunday/FOXNEWSW_20160424_100000_Fox_and_Friends_Sunday.thumbs/FOXNEWSW_20160424_100000_Fox_and_Friends_Sunday_008757.jpg,"used as a mascot for global cooling in the 1970s. it's now a mascot for global warming. they're claiming the armadillo is migrating north to get out of the heat to cool off."
https://archive.org/details/FOXNEWSW_20160424_100000_Fox_and_Friends_Sunday#start/4106/end/4141,4/24/2016 11:08:41,FOXNEWS,Fox and Friends Sunday,FOXNEWSW_20160424_100000_Fox_and_Friends_Sunday,https://archive.org/download/FOXNEWSW_20160424_100000_Fox_and_Friends_Sunday/FOXNEWSW_20160424_100000_Fox_and_Friends_Sunday.thumbs/FOXNEWSW_20160424_100000_Fox_and_Friends_Sunday_004107.jpg,"yeah. he's not talking about global warming or bike lanes. these are the obsessions of the elite left. he's talking about putting people back to work. that's what people talk about. he's off script. he's not using a teleprompter."
https://archive.org/details/FOXNEWSW_20160404_210000_The_Five#start/2625/end/2660,4/4/2016 21:44:00,FOXNEWS,The Five,FOXNEWSW_20160404_210000_The_Five,https://archive.org/download/FOXNEWSW_20160404_210000_The_Five/FOXNEWSW_20160404_210000_The_Five.thumbs/FOXNEWSW_20160404_210000_The_Five_002607.jpg,"truth? if he played global warming, it would have been edited back to its original -- it. it would have been put in? absolutely. what if cruz said we should patrol muslim neighborhoods? ban all muslims from coming into"
https://archive.org/details/FOXNEWSW_20160424_100000_Fox_and_Friends_Sunday#start/8783/end/8818,4/24/2016 12:26:38,FOXNEWS,Fox and Friends Sunday,FOXNEWSW_20160424_100000_Fox_and_Friends_Sunday,https://archive.org/download/FOXNEWSW_20160424_100000_Fox_and_Friends_Sunday/FOXNEWSW_20160424_100000_Fox_and_Friends_Sunday.thumbs/FOXNEWSW_20160424_100000_Fox_and_Friends_Sunday_008757.jpg,"now it's the global warming stepchi stepchild. it just goes to prove and climate goes in cycles. we cooled in the '70s. they were worried about it becoming ice age. the feeling was it's going to"
https://archive.org/details/FOXNEWSW_20160424_100000_Fox_and_Friends_Sunday#start/8815/end/8850,4/24/2016 12:27:10,FOXNEWS,Fox and Friends Sunday,FOXNEWSW_20160424_100000_Fox_and_Friends_Sunday,https://archive.org/download/FOXNEWSW_20160424_100000_Fox_and_Friends_Sunday/FOXNEWSW_20160424_100000_Fox_and_Friends_Sunday.thumbs/FOXNEWSW_20160424_100000_Fox_and_Friends_Sunday_008817.jpg,"and of course the opposite's happened. and one of the things they learned, they made all these predictions and of course they were proven wrong. with global warming, they have a learning curve. they're trying to go much"
https://archive.org/details/FOXNEWSW_20160428_050000_Americas_Election_HQ#start/3882/end/3917,4/28/2016 6:04:57,FOXNEWS,Americas Election HQ,FOXNEWSW_20160428_050000_Americas_Election_HQ,https://archive.org/download/FOXNEWSW_20160428_050000_Americas_Election_HQ/FOXNEWSW_20160428_050000_Americas_Election_HQ.thumbs/FOXNEWSW_20160428_050000_Americas_Election_HQ_003867.jpg,"if you were the oval office now and president would be deploying any troops in any place? to me, when i heard the other day i heard president obama say the single greatest threat to our country is global warming. [ laughter ]  _          _"
https://archive.org/details/FOXNEWSW_20160407_130000_Americas_Newsroom_With_Bill_Hemmer_and_Martha_MacCallum#start/180/end/215,4/7/2016 13:03:15,FOXNEWS,Americas Newsroom With Bill Hemmer and Martha MacCallum,FOXNEWSW_20160407_130000_Americas_Newsroom_With_Bill_Hemmer_and_Martha_MacCallum,https://archive.org/download/FOXNEWSW_20160407_130000_Americas_Newsroom_With_Bill_Hemmer_and_Martha_MacCallum/FOXNEWSW_20160407_130000_Americas_Newsroom_With_Bill_Hemmer_and_Martha_MacCallum.thumbs/FOXNEWSW_20160407_130000_Americas_Newsroom_With_Bill_Hemmer_and_Martha_MacCallum_000177.jpg,"people are dying ted cruz. bill: climate change in the bronx. donald trump breaking 50%. that's important, we'll tell you"
https://archive.org/details/FOXNEWSW_20160415_090000_Fox_and_Friends_First#start/272/end/307,4/15/2016 9:04:47,FOXNEWS,Fox and Friends First,FOXNEWSW_20160415_090000_Fox_and_Friends_First,https://archive.org/download/FOXNEWSW_20160415_090000_Fox_and_Friends_First/FOXNEWSW_20160415_090000_Fox_and_Friends_First.thumbs/FOXNEWSW_20160415_090000_Fox_and_Friends_First_000267.jpg,"terrorism, healthcare, climate change and the federal deficit. the economy being on top makes sense. 79 percent say the economy is"
https://archive.org/details/FOXNEWSW_20160410_020000_The_Greg_Gutfeld_Show#start/1485/end/1520,4/10/2016 2:25:00,FOXNEWS,The Greg Gutfeld Show,FOXNEWSW_20160410_020000_The_Greg_Gutfeld_Show,https://archive.org/download/FOXNEWSW_20160410_020000_The_Greg_Gutfeld_Show/FOXNEWSW_20160410_020000_The_Greg_Gutfeld_Show.thumbs/FOXNEWSW_20160410_020000_The_Greg_Gutfeld_Show_001467.jpg,"the government knows something. they do. maybe they know climate change isn't real and the aliens are proof. there's so many options."
https://archive.org/details/FOXNEWSW_20160427_010000_The_Kelly_File#start/1342/end/1377,4/27/2016 1:22:37,FOXNEWS,The Kelly File,FOXNEWSW_20160427_010000_The_Kelly_File,https://archive.org/download/FOXNEWSW_20160427_010000_The_Kelly_File/FOXNEWSW_20160427_010000_The_Kelly_File.thumbs/FOXNEWSW_20160427_010000_The_Kelly_File_001317.jpg,"in the republican party deny climate change even exists. now the other day mr. trump accused me of playing the, quote woman card."
https://archive.org/details/FOXNEWSW_20160409_020000_Hannity#start/2536/end/2571,4/9/2016 2:42:31,FOXNEWS,Hannity,FOXNEWSW_20160409_020000_Hannity,https://archive.org/download/FOXNEWSW_20160409_020000_Hannity/FOXNEWSW_20160409_020000_Hannity.thumbs/FOXNEWSW_20160409_020000_Hannity_002517.jpg,"blocking him. i have to run. all right. thank you. he's not blaming global warming. could be worse. coming up, republican candidate governor mike huckabee joining us to break down the state of the republican race. who does he think wins new york"
https://archive.org/details/FOXNEWSW_20160421_070000_Red_Eye#start/2726/end/2761,4/21/2016 7:45:41,FOXNEWS,Red Eye,FOXNEWSW_20160421_070000_Red_Eye,https://archive.org/download/FOXNEWSW_20160421_070000_Red_Eye/FOXNEWSW_20160421_070000_Red_Eye.thumbs/FOXNEWSW_20160421_070000_Red_Eye_002727.jpg,"lawmakers are prepared to consider a $1.1 billion funding measure. the bill faces a possible approprations panel vote today. and a new study suggests global warming has for the most part made the weather more pleasant for americans over the last 40 years."
https://archive.org/details/FOXNEWSW_20160423_030000_The_OReilly_Factor#start/2435/end/2470,4/23/2016 3:40:50,FOXNEWS,The OReilly Factor,FOXNEWSW_20160423_030000_The_OReilly_Factor,https://archive.org/download/FOXNEWSW_20160423_030000_The_OReilly_Factor/FOXNEWSW_20160423_030000_The_OReilly_Factor.thumbs/FOXNEWSW_20160423_030000_The_OReilly_Factor_002427.jpg,"facing the nation? facing the nation? people too serious, man. sounds like somebody's got a case of the mondays. i don't have enough shoes. [ laughter ] global warming? you know what happens when it gets warmer? i just take off a layer."
https://archive.org/details/FOXNEWSW_20160422_210000_The_Five#start/176/end/211,4/22/2016 21:03:11,FOXNEWS,The Five,FOXNEWSW_20160422_210000_The_Five,https://archive.org/download/FOXNEWSW_20160422_210000_The_Five/FOXNEWSW_20160422_210000_The_Five.thumbs/FOXNEWSW_20160422_210000_The_Five_000177.jpg,"enlightenment got rid of this persecution. it makes me think they have a lot in common with isis. they both want to go back to the seventh century. we have presidential candidates who have tied global warming to isis, to islamic"
https://archive.org/details/FOXNEWSW_20160422_210000_The_Five#start/472/end/507,4/22/2016 21:08:07,FOXNEWS,The Five,FOXNEWSW_20160422_210000_The_Five,https://archive.org/download/FOXNEWSW_20160422_210000_The_Five/FOXNEWSW_20160422_210000_The_Five.thumbs/FOXNEWSW_20160422_210000_The_Five_000447.jpg,"finance all their labs and studies and their proof that you believe that you buy into, of global warming. which many people who have -- no, i am even lower than gregory gutfeld. gregory, has read a great deal about this."
https://archive.org/details/FOXNEWSW_20160428_050000_Americas_Election_HQ#start/3897/end/3932,4/28/2016 6:05:12,FOXNEWS,Americas Election HQ,FOXNEWSW_20160428_050000_Americas_Election_HQ,https://archive.org/download/FOXNEWSW_20160428_050000_Americas_Election_HQ/FOXNEWSW_20160428_050000_Americas_Election_HQ.thumbs/FOXNEWSW_20160428_050000_Americas_Election_HQ_003897.jpg,"was he serious? was he being serious? we have global warming but of the nuclear variety. that's the biggest threat we have. that is the single biggest threat we have. and frankly, if it weren't for that capability and the"
https://archive.org/details/FOXNEWSW_20160402_020000_Hannity#start/3227/end/3262,4/2/2016 2:54:02,FOXNEWS,Hannity,FOXNEWSW_20160402_020000_Hannity,https://archive.org/download/FOXNEWSW_20160402_020000_Hannity/FOXNEWSW_20160402_020000_Hannity.thumbs/FOXNEWSW_20160402_020000_Hannity_003207.jpg,"in the present. human activity is disrupting the climate. he was talking about climate change as russia builds new basis across the arctic and"
https://archive.org/details/FOXNEWSW_20160402_090000_Hannity#start/3227/end/3262,4/2/2016 9:54:02,FOXNEWS,Hannity,FOXNEWSW_20160402_090000_Hannity,https://archive.org/download/FOXNEWSW_20160402_090000_Hannity/FOXNEWSW_20160402_090000_Hannity.thumbs/FOXNEWSW_20160402_090000_Hannity_003207.jpg,"in the present. human activity is disrupting the climate. he was talking about climate change as russia builds new basis across the arctic and"
https://archive.org/details/FOXNEWSW_20160407_100000_FOX__Friends#start/7709/end/7744,4/7/2016 12:08:44,FOXNEWS,FOX  Friends,FOXNEWSW_20160407_100000_FOX__Friends,https://archive.org/download/FOXNEWSW_20160407_100000_FOX__Friends/FOXNEWSW_20160407_100000_FOX__Friends.thumbs/FOXNEWSW_20160407_100000_FOX__Friends_007707.jpg,"the bronx! thiss this is an immigrant community. we deal with climate change every day. he says it doesn't exist. we have the biggest"
https://archive.org/details/FOXNEWSW_20160407_130000_Americas_Newsroom_With_Bill_Hemmer_and_Martha_MacCallum#start/164/end/199,4/7/2016 13:02:59,FOXNEWS,Americas Newsroom With Bill Hemmer and Martha MacCallum,FOXNEWSW_20160407_130000_Americas_Newsroom_With_Bill_Hemmer_and_Martha_MacCallum,https://archive.org/download/FOXNEWSW_20160407_130000_Americas_Newsroom_With_Bill_Hemmer_and_Martha_MacCallum/FOXNEWSW_20160407_130000_Americas_Newsroom_With_Bill_Hemmer_and_Martha_MacCallum.thumbs/FOXNEWSW_20160407_130000_Americas_Newsroom_With_Bill_Hemmer_and_Martha_MacCallum_000147.jpg,"is an insult. this an immigrant community. you are not welcome here. we are at the forefront of climate change here. people are dying."
https://archive.org/details/FOXNEWSW_20160409_100000_Fox_and_Friends_Saturday#start/7559/end/7594,4/9/2016 12:06:14,FOXNEWS,Fox and Friends Saturday,FOXNEWSW_20160409_100000_Fox_and_Friends_Saturday,https://archive.org/download/FOXNEWSW_20160409_100000_Fox_and_Friends_Saturday/FOXNEWSW_20160409_100000_Fox_and_Friends_Saturday.thumbs/FOXNEWSW_20160409_100000_Fox_and_Friends_Saturday_007557.jpg,"to take the fight to hillary clinton. it's an interesting shift. does the campaign think that there is an oversaturation, perhaps? i think it's a matter of emphasis. i mean, lock, the democrats are talkingú$about global warming and transgender bathrooms. whatever you think of those"
https://archive.org/details/FOXNEWSW_20160413_190000_Shepard_Smith_Reporting#start/1875/end/1910,4/13/2016 19:31:30,FOXNEWS,Shepard Smith Reporting,FOXNEWSW_20160413_190000_Shepard_Smith_Reporting,https://archive.org/download/FOXNEWSW_20160413_190000_Shepard_Smith_Reporting/FOXNEWSW_20160413_190000_Shepard_Smith_Reporting.thumbs/FOXNEWSW_20160413_190000_Shepard_Smith_Reporting_001857.jpg,"jeff merkley of oregon has just said, i'm endorsing sanders. oregon holds its primary next month. they have worked together on climate change and other issues."
https://archive.org/details/FOXNEWSW_20160416_190000_Americas_News_HQ#start/2673/end/2708,4/16/2016 19:44:48,FOXNEWS,Americas News HQ,FOXNEWSW_20160416_190000_Americas_News_HQ,https://archive.org/download/FOXNEWSW_20160416_190000_Americas_News_HQ/FOXNEWSW_20160416_190000_Americas_News_HQ.thumbs/FOXNEWSW_20160416_190000_Americas_News_HQ_002667.jpg,"apparently impressed with sanders. as bernie says climate change and five minutes sounds like trying to get me into seeing him so don't get myself embarrassed"
https://archive.org/details/FOXNEWSW_20160424_230000_Fox_Report_Sunday#start/510/end/545,4/24/2016 23:08:45,FOXNEWS,Fox Report Sunday,FOXNEWSW_20160424_230000_Fox_Report_Sunday,https://archive.org/download/FOXNEWSW_20160424_230000_Fox_Report_Sunday/FOXNEWSW_20160424_230000_Fox_Report_Sunday.thumbs/FOXNEWSW_20160424_230000_Fox_Report_Sunday_000507.jpg,"change. madam secretary, if you are concerned about climate change, listen to what the international communities are saying. join me and impose a tax on carbon."
https://archive.org/details/FOXNEWSW_20160427_010000_The_Kelly_File#start/1263/end/1298,4/27/2016 1:21:18,FOXNEWS,The Kelly File,FOXNEWSW_20160427_010000_The_Kelly_File,https://archive.org/download/FOXNEWSW_20160427_010000_The_Kelly_File/FOXNEWSW_20160427_010000_The_Kelly_File.thumbs/FOXNEWSW_20160427_010000_The_Kelly_File_001257.jpg,"and we democrats agree that climate change is an urgent threat. and it requires an aggressive response that can make america the clean energy super power of"
https://archive.org/details/FOXNEWSW_20160424_190000_Americas_Election_HQ#start/345/end/380,4/24/2016 19:06:00,FOXNEWS,Americas Election HQ,FOXNEWSW_20160424_190000_Americas_Election_HQ,https://archive.org/download/FOXNEWSW_20160424_190000_Americas_Election_HQ/FOXNEWSW_20160424_190000_Americas_Election_HQ.thumbs/FOXNEWSW_20160424_190000_Americas_Election_HQ_000327.jpg,"today he went after climate change and wall street. this morning the chair of the dnc said she's confident the sides cocan come together. regardless of the intensity"
https://archive.org/details/FOXNEWSW_20160407_000000_The_OReilly_Factor#start/1264/end/1299,4/7/2016 0:21:19,FOXNEWS,The OReilly Factor,FOXNEWSW_20160407_000000_The_OReilly_Factor,https://archive.org/download/FOXNEWSW_20160407_000000_The_OReilly_Factor/FOXNEWSW_20160407_000000_The_OReilly_Factor.thumbs/FOXNEWSW_20160407_000000_The_OReilly_Factor_001257.jpg,"he says it doesn't,çh/ñ exist. poorest congressional distinct in the. to receive this right wing bigot is an insult. that was the scene in the bronx this morning where ted cruz was campaigning. global warming in the bronx. interesting. in fact, two of the candidates were in new york"
https://archive.org/details/FOXNEWSW_20160407_030000_The_OReilly_Factor#start/1270/end/1305,4/7/2016 3:21:25,FOXNEWS,The OReilly Factor,FOXNEWSW_20160407_030000_The_OReilly_Factor,https://archive.org/download/FOXNEWSW_20160407_030000_The_OReilly_Factor/FOXNEWSW_20160407_030000_The_OReilly_Factor.thumbs/FOXNEWSW_20160407_030000_The_OReilly_Factor_001257.jpg,"that was the scene in the bronx this morning where ted cruz was campaigning. global warming in the bronx. interesting. in fact, two of the candidates were in new york today as that vital primary comes up on april 19th. donald trump and hillary clinton are heading the"
https://archive.org/details/FOXNEWSW_20160416_153000_Cashin_In#start/812/end/847,4/16/2016 15:43:47,FOXNEWS,Cashin In,FOXNEWSW_20160416_153000_Cashin_In,https://archive.org/download/FOXNEWSW_20160416_153000_Cashin_In/FOXNEWSW_20160416_153000_Cashin_In.thumbs/FOXNEWSW_20160416_153000_Cashin_In_000807.jpg,"cockroaches and don't deal with the problem, you're going to get more coming back. take out the terrorists, but deal with the problem. climate change is the real reason behind."
https://archive.org/details/FOXNEWSW_20160416_190000_Americas_News_HQ#start/1414/end/1449,4/16/2016 19:23:49,FOXNEWS,Americas News HQ,FOXNEWSW_20160416_190000_Americas_News_HQ,https://archive.org/download/FOXNEWSW_20160416_190000_Americas_News_HQ/FOXNEWSW_20160416_190000_Americas_News_HQ.thumbs/FOXNEWSW_20160416_190000_Americas_News_HQ_001407.jpg,"way. presidential candidate bernie sanders is in europe where he says he briefly met with pope francis at the vatican earlier today. the two speaking about climate change and income equality."
https://archive.org/details/FOXNEWSW_20160424_100000_Fox_and_Friends_Sunday#start/8910/end/8945,4/24/2016 12:28:45,FOXNEWS,Fox and Friends Sunday,FOXNEWSW_20160424_100000_Fox_and_Friends_Sunday,https://archive.org/download/FOXNEWSW_20160424_100000_Fox_and_Friends_Sunday/FOXNEWSW_20160424_100000_Fox_and_Friends_Sunday.thumbs/FOXNEWSW_20160424_100000_Fox_and_Friends_Sunday_008907.jpg,"scientific evidence regarding global climate change. what have you found out? the great climate catastrophe that has been predicted has been canceled. we feature nobel prize winning scientists. the scientists that turned"
https://archive.org/details/FOXNEWSW_20160410_050000_The_Greg_Gutfeld_Show#start/1483/end/1518,4/10/2016 5:24:58,FOXNEWS,The Greg Gutfeld Show,FOXNEWSW_20160410_050000_The_Greg_Gutfeld_Show,https://archive.org/download/FOXNEWSW_20160410_050000_The_Greg_Gutfeld_Show/FOXNEWSW_20160410_050000_The_Greg_Gutfeld_Show.thumbs/FOXNEWSW_20160410_050000_The_Greg_Gutfeld_Show_001467.jpg,"stuff? what makes her a truthful person. i think that everyone, there's something to gain. the government knows something. they do. maybe they know climate change isn't real and the aliens are"
https://archive.org/details/FOXNEWSW_20160422_160000_Outnumbered#start/94/end/129,4/22/2016 16:01:49,FOXNEWS,Outnumbered,FOXNEWSW_20160422_160000_Outnumbered,https://archive.org/download/FOXNEWSW_20160422_160000_Outnumbered/FOXNEWSW_20160422_160000_Outnumbered.thumbs/FOXNEWSW_20160422_160000_Outnumbered_000087.jpg,"we need to revive growth and create jobs in our economy. new threats from security, terrorism in the south and of course huge global challenges like climate change. through it all the partnership"
https://archive.org/details/FOXNEWSW_20160425_090000_Fox_and_Friends_First#start/1583/end/1618,4/25/2016 9:26:38,FOXNEWS,Fox and Friends First,FOXNEWSW_20160425_090000_Fox_and_Friends_First,https://archive.org/download/FOXNEWSW_20160425_090000_Fox_and_Friends_First/FOXNEWSW_20160425_090000_Fox_and_Friends_First.thumbs/FOXNEWSW_20160425_090000_Fox_and_Friends_First_001557.jpg,"suffer from the ache of an empty stomach. together we can save our planet. the world's most vulnerable people from the worst effects of climate change. these are things that we share."
https://archive.org/details/FOXNEWSW_20160424_100000_Fox_and_Friends_Sunday#start/8716/end/8751,4/24/2016 12:25:31,FOXNEWS,Fox and Friends Sunday,FOXNEWSW_20160424_100000_Fox_and_Friends_Sunday,https://archive.org/download/FOXNEWSW_20160424_100000_Fox_and_Friends_Sunday/FOXNEWSW_20160424_100000_Fox_and_Friends_Sunday.thumbs/FOXNEWSW_20160424_100000_Fox_and_Friends_Sunday_008697.jpg,"from detroit to chicago. steve, over to you. thank you, anna. this past friday, the obama administration bypassed docongrs and signed a u.n. treaty on climate change. many hailing the decision are"
https://archive.org/details/FOXNEWSW_20160402_100000_Fox_and_Friends_Saturday#start/555/end/590,4/2/2016 10:09:30,FOXNEWS,Fox and Friends Saturday,FOXNEWSW_20160402_100000_Fox_and_Friends_Saturday,https://archive.org/download/FOXNEWSW_20160402_100000_Fox_and_Friends_Saturday/FOXNEWSW_20160402_100000_Fox_and_Friends_Saturday.thumbs/FOXNEWSW_20160402_100000_Fox_and_Friends_Saturday_000537.jpg,"interview. you are worried about these terrorism which takes fewer lives than people drowning in bathtubs but is he worried about the big things you are too dumb to understand like global warming. dr. sebastian gorka is going to be on the show coming up next. we will get his take on the"
https://archive.org/details/FOXNEWSW_20160411_160000_Outnumbered#start/3134/end/3169,4/11/2016 16:52:29,FOXNEWS,Outnumbered,FOXNEWSW_20160411_160000_Outnumbered,https://archive.org/download/FOXNEWSW_20160411_160000_Outnumbered/FOXNEWSW_20160411_160000_Outnumbered.thumbs/FOXNEWSW_20160411_160000_Outnumbered_003117.jpg,"hillary clinton's ties to special interests. also went after her about climate change. we'll have a live report. as the hunts for delegates heats up, trump last night calling the delegate process rigged as ted"
https://archive.org/details/FOXNEWSW_20160408_130000_Americas_Newsroom_With_Bill_Hemmer_and_Martha_MacCallum#start/2969/end/3004,4/8/2016 13:49:44,FOXNEWS,Americas Newsroom With Bill Hemmer and Martha MacCallum,FOXNEWSW_20160408_130000_Americas_Newsroom_With_Bill_Hemmer_and_Martha_MacCallum,https://archive.org/download/FOXNEWSW_20160408_130000_Americas_Newsroom_With_Bill_Hemmer_and_Martha_MacCallum/FOXNEWSW_20160408_130000_Americas_Newsroom_With_Bill_Hemmer_and_Martha_MacCallum.thumbs/FOXNEWSW_20160408_130000_Americas_Newsroom_With_Bill_Hemmer_and_Martha_MacCallum_002967.jpg,"ted cruz get out. bill: he was all talking about climate change in the bronx. is that something i think about when i go to a yankees game? it's fine for us to debate this."
https://archive.org/details/FOXNEWSW_20160415_210000_The_Five#start/1275/end/1310,4/15/2016 21:21:30,FOXNEWS,The Five,FOXNEWSW_20160415_210000_The_Five,https://archive.org/download/FOXNEWSW_20160415_210000_The_Five/FOXNEWSW_20160415_210000_The_Five.thumbs/FOXNEWSW_20160415_210000_The_Five_001257.jpg,"it sounded was what they were saying. we didn't talk about this last night. he thinks the true apocalyptic danger, the most frightening thing in the world is climate change in this era of cyber"
https://archive.org/details/FOXNEWSW_20160407_130000_Americas_Newsroom_With_Bill_Hemmer_and_Martha_MacCallum#start/148/end/183,4/7/2016 13:02:43,FOXNEWS,Americas Newsroom With Bill Hemmer and Martha MacCallum,FOXNEWSW_20160407_130000_Americas_Newsroom_With_Bill_Hemmer_and_Martha_MacCallum,https://archive.org/download/FOXNEWSW_20160407_130000_Americas_Newsroom_With_Bill_Hemmer_and_Martha_MacCallum/FOXNEWSW_20160407_130000_Americas_Newsroom_With_Bill_Hemmer_and_Martha_MacCallum.thumbs/FOXNEWSW_20160407_130000_Americas_Newsroom_With_Bill_Hemmer_and_Martha_MacCallum_000147.jpg,"get out of the bronx! this is an immigrant community. we feel the climate change every single day. this is the poorest conscious cal district in the country. to receive this right wing bigot"
https://archive.org/details/FOXNEWSW_20160422_160000_Outnumbered#start/191/end/226,4/22/2016 16:03:26,FOXNEWS,Outnumbered,FOXNEWSW_20160422_160000_Outnumbered,https://archive.org/download/FOXNEWSW_20160422_160000_Outnumbered/FOXNEWSW_20160422_160000_Outnumbered.thumbs/FOXNEWSW_20160422_160000_Outnumbered_000177.jpg,"an iranian nuclear deal, against russia in response to integration, we secured the first ever legally binding deal on climate change being formally signed to 150 government at the united nations and transform the"
https://archive.org/details/FOXNEWSW_20160420_040000_The_Kelly_File#start/1726/end/1761,4/20/2016 4:29:01,FOXNEWS,The Kelly File,FOXNEWSW_20160420_040000_The_Kelly_File,https://archive.org/download/FOXNEWSW_20160420_040000_The_Kelly_File/FOXNEWSW_20160420_040000_The_Kelly_File.thumbs/FOXNEWSW_20160420_040000_The_Kelly_File_001707.jpg,"there are many places across our country where children and families are at risk from the water they drink and the air they breathe. let's combat climate change and make america the clean energy"
https://archive.org/details/FOXNEWSW_20160424_020000_The_Greg_Gutfeld_Show#start/2343/end/2378,4/24/2016 2:39:18,FOXNEWS,The Greg Gutfeld Show,FOXNEWSW_20160424_020000_The_Greg_Gutfeld_Show,https://archive.org/download/FOXNEWSW_20160424_020000_The_Greg_Gutfeld_Show/FOXNEWSW_20160424_020000_The_Greg_Gutfeld_Show.thumbs/FOXNEWSW_20160424_020000_The_Greg_Gutfeld_Show_002337.jpg,"paris climate change agreement at headquarters in new york. snarled traffic. meanwhile, those people around the world were encouraged to plant trees, recycle, or if you're charlie sheen, pay with cash. i have a"
https://archive.org/details/FOXNEWSW_20160424_050000_The_Greg_Gutfeld_Show#start/2342/end/2377,4/24/2016 5:39:17,FOXNEWS,The Greg Gutfeld Show,FOXNEWSW_20160424_050000_The_Greg_Gutfeld_Show,https://archive.org/download/FOXNEWSW_20160424_050000_The_Greg_Gutfeld_Show/FOXNEWSW_20160424_050000_The_Greg_Gutfeld_Show.thumbs/FOXNEWSW_20160424_050000_The_Greg_Gutfeld_Show_002337.jpg,"paris climate change agreement at headquarters in new york. snarled traffic. meanwhile, those people around the world were encouraged to plant trees, recycle, or if you're charlie sheen, pay with cash. i have a"
https://archive.org/details/FOXNEWSW_20160428_200000_Your_World_With_Neil_Cavuto#start/669/end/704,4/28/2016 20:11:24,FOXNEWS,Your World With Neil Cavuto,FOXNEWSW_20160428_200000_Your_World_With_Neil_Cavuto,https://archive.org/download/FOXNEWSW_20160428_200000_Your_World_With_Neil_Cavuto/FOXNEWSW_20160428_200000_Your_World_With_Neil_Cavuto.thumbs/FOXNEWSW_20160428_200000_Your_World_With_Neil_Cavuto_000657.jpg,"i mean, bernie is completely against fracking, very concerned about climate change, secretary clinton has been very supportive of fracking, even going to europe as secretary to really push fracking. bernie believes in the"
https://archive.org/details/FOXNEWSW_20160423_100000_Fox_and_Friends_Saturday#start/9402/end/9437,4/23/2016 12:36:57,FOXNEWS,Fox and Friends Saturday,FOXNEWSW_20160423_100000_Fox_and_Friends_Saturday,https://archive.org/download/FOXNEWSW_20160423_100000_Fox_and_Friends_Saturday/FOXNEWSW_20160423_100000_Fox_and_Friends_Saturday.thumbs/FOXNEWSW_20160423_100000_Fox_and_Friends_Saturday_009387.jpg,"proposal. after leonardo decaprio takes his climate change crew aid -- crusade to the u.s. he complard it to slavery saying most pressing issue of our time. our climate cannot be saved unless we leave fossil"
https://archive.org/details/FOXNEWSW_20160402_050000_Hannity#start/3234/end/3269,4/2/2016 5:54:09,FOXNEWS,Hannity,FOXNEWSW_20160402_050000_Hannity,https://archive.org/download/FOXNEWSW_20160402_050000_Hannity/FOXNEWSW_20160402_050000_Hannity.thumbs/FOXNEWSW_20160402_050000_Hannity_003207.jpg,"climate. he was talking about climate change as russia builds new basis across the arctic and china, building upland and sea forces, the pentagon is reviewing a decision to cut back up to 71% of an airborne"
https://archive.org/details/FOXNEWSW_20160407_160000_Outnumbered#start/182/end/217,4/7/2016 16:03:17,FOXNEWS,Outnumbered,FOXNEWSW_20160407_160000_Outnumbered,https://archive.org/download/FOXNEWSW_20160407_160000_Outnumbered/FOXNEWSW_20160407_160000_Outnumbered.thumbs/FOXNEWSW_20160407_160000_Outnumbered_000177.jpg,"we're the forefront of climate change here. sandra: that's not all. a bronx high school canceling cruz's appearance after students threatened a walkout, saying that his values were not in line with theirs. you know a little bit about"
https://archive.org/details/FOXNEWSW_20160415_080000_The_Kelly_File#start/63/end/98,4/15/2016 8:01:18,FOXNEWS,The Kelly File,FOXNEWSW_20160415_080000_The_Kelly_File,https://archive.org/download/FOXNEWSW_20160415_080000_The_Kelly_File/FOXNEWSW_20160415_080000_The_Kelly_File.thumbs/FOXNEWSW_20160415_080000_The_Kelly_File_000057.jpg,"night for hillary clinton and bernie sanders. they hit on issues such as wall street, banks, gun control, and climate change. the topic for two days, minimum wage. tonight producing one of the"
https://archive.org/details/FOXNEWSW_20160407_090000_Fox_and_Friends_First#start/2004/end/2039,4/7/2016 9:33:39,FOXNEWS,Fox and Friends First,FOXNEWSW_20160407_090000_Fox_and_Friends_First,https://archive.org/download/FOXNEWSW_20160407_090000_Fox_and_Friends_First/FOXNEWSW_20160407_090000_Fox_and_Friends_First.thumbs/FOXNEWSW_20160407_090000_Fox_and_Friends_First_001977.jpg,"you're not welcome here. we are at the forefront of change. we're the forefront of climate change here. people are dying. people are dying, ted cruz. as for the polls that have him all the way back in third"
https://archive.org/details/FOXNEWSW_20160421_070000_Red_Eye#start/2742/end/2777,4/21/2016 7:45:57,FOXNEWS,Red Eye,FOXNEWSW_20160421_070000_Red_Eye,https://archive.org/download/FOXNEWSW_20160421_070000_Red_Eye/FOXNEWSW_20160421_070000_Red_Eye.thumbs/FOXNEWSW_20160421_070000_Red_Eye_002727.jpg,"as a result many of us don't rank climate change as a big of a threat as do scientists and the rest of the erld what -- rest of the world. but perceived winters will be less than the oppressive"
https://archive.org/details/FOXNEWSW_20160420_020000_Hannity#start/1636/end/1671,4/20/2016 2:27:31,FOXNEWS,Hannity,FOXNEWSW_20160420_020000_Hannity,https://archive.org/download/FOXNEWSW_20160420_020000_Hannity/FOXNEWSW_20160420_020000_Hannity.thumbs/FOXNEWSW_20160420_020000_Hannity_001617.jpg,"there are many places across our country where children and families are at risk from nhe water they drink and the air they breathe. let's combat climate change and make america the clean energy super power of the"
https://archive.org/details/FOXNEWSW_20160403_070000_Stossel#start/3233/end/3268,4/3/2016 7:54:08,FOXNEWS,Stossel,FOXNEWSW_20160403_070000_Stossel,https://archive.org/download/FOXNEWSW_20160403_070000_Stossel/FOXNEWSW_20160403_070000_Stossel.thumbs/FOXNEWSW_20160403_070000_Stossel_003207.jpg,"climate. he was talking about climate change as russia builds new basis across the arctic and china, building upland and sea forces, the pentagon is reviewing a decision to cut back up to 71% of an airborne"
https://archive.org/details/FOXNEWSW_20160415_030000_The_OReilly_Factor#start/63/end/98,4/15/2016 3:01:18,FOXNEWS,The OReilly Factor,FOXNEWSW_20160415_030000_The_OReilly_Factor,https://archive.org/download/FOXNEWSW_20160415_030000_The_OReilly_Factor/FOXNEWSW_20160415_030000_The_OReilly_Factor.thumbs/FOXNEWSW_20160415_030000_The_OReilly_Factor_000057.jpg,"night for hillary clinton and bernie sanders. they hit on issues such as wall street, banks, gun control, and climate change. the topic for two days, minimum wage. tonight producing one of the"
https://archive.org/details/FOXNEWSW_20160422_210000_The_Five#start/47/end/82,4/22/2016 21:01:02,FOXNEWS,The Five,FOXNEWSW_20160422_210000_The_Five,https://archive.org/download/FOXNEWSW_20160422_210000_The_Five/FOXNEWSW_20160422_210000_The_Five.thumbs/FOXNEWSW_20160422_210000_The_Five_000057.jpg,"and it's become a run-away freight train bringing with it an impending disaster for all living things. when we look at climate change, we have got to realize that this is a global environmental crisis."
https://archive.org/details/FOXNEWSW_20160422_210000_The_Five#start/657/end/692,4/22/2016 21:11:12,FOXNEWS,The Five,FOXNEWSW_20160422_210000_The_Five,https://archive.org/download/FOXNEWSW_20160422_210000_The_Five/FOXNEWSW_20160422_210000_The_Five.thumbs/FOXNEWSW_20160422_210000_The_Five_000657.jpg,"that's real. i read that. that's real. what i'm most concerned about is what alec baldwin thinks of all of this, especially, greg. i know. i believe that climate change denial is a form of mental"
https://archive.org/details/FOXNEWSW_20160416_100000_Fox_and_Friends_Saturday#start/353/end/388,4/16/2016 10:06:08,FOXNEWS,Fox and Friends Saturday,FOXNEWSW_20160416_100000_Fox_and_Friends_Saturday,https://archive.org/download/FOXNEWSW_20160416_100000_Fox_and_Friends_Saturday/FOXNEWSW_20160416_100000_Fox_and_Friends_Saturday.thumbs/FOXNEWSW_20160416_100000_Fox_and_Friends_Saturday_000327.jpg,"ignores global warming. it was an honor to talk with him. for the reason that the bernie sanders was at the vatican in the first place he was stumping if there. there was caverns. if you can call it stumping. anyway, and he was talking about the things that he normally does on the campaign trail."
https://archive.org/details/FOXNEWSW_20160401_100000_FOX__Friends#start/4839/end/4874,4/1/2016 11:20:54,FOXNEWS,FOX  Friends,FOXNEWSW_20160401_100000_FOX__Friends,https://archive.org/download/FOXNEWSW_20160401_100000_FOX__Friends/FOXNEWSW_20160401_100000_FOX__Friends.thumbs/FOXNEWSW_20160401_100000_FOX__Friends_004827.jpg,"i'm putting him in negative. he hasn't focused on this at a all, he believes in bigger existential threats like climate change. he sure has. gillian turner, you have been here all week. enlightning us on national security issues and the"
https://archive.org/details/FOXNEWSW_20160424_150000_MediaBuzz#start/1832/end/1867,4/24/2016 15:30:47,FOXNEWS,MediaBuzz,FOXNEWSW_20160424_150000_MediaBuzz,https://archive.org/download/FOXNEWSW_20160424_150000_MediaBuzz/FOXNEWSW_20160424_150000_MediaBuzz.thumbs/FOXNEWSW_20160424_150000_MediaBuzz_001827.jpg,"countries around the world. when you think about the paris accord, that doesn't happen unless there's strong u.s./german cooperation and making sure that we are arresting the pace of climate change is as important as any issue that we're going to face"
https://archive.org/details/FOXNEWSW_20160408_040000_The_Kelly_File#start/936/end/971,4/8/2016 4:15:51,FOXNEWS,The Kelly File,FOXNEWSW_20160408_040000_The_Kelly_File,https://archive.org/download/FOXNEWSW_20160408_040000_The_Kelly_File/FOXNEWSW_20160408_040000_The_Kelly_File.thumbs/FOXNEWSW_20160408_040000_The_Kelly_File_000927.jpg,"you are not welcome here. we're at the forefront of climate change, ted cruz. so we're putting him down as a maybe. breaking tonight, senator ted cruz gets a rather rough welcome from the big apple as he begins campaigning in new york."
https://archive.org/details/FOXNEWSW_20160408_050000_Hannity#start/434/end/469,4/8/2016 5:07:29,FOXNEWS,Hannity,FOXNEWSW_20160408_050000_Hannity,https://archive.org/download/FOXNEWSW_20160408_050000_Hannity/FOXNEWSW_20160408_050000_Hannity.thumbs/FOXNEWSW_20160408_050000_Hannity_000417.jpg,"this is what went down. we love you! god bless you. get out of the bronx. it's an immigrant community. we deal with climate change every single day. he wants to say it doesn't exist. we're living in the poorest"
https://archive.org/details/FOXNEWSW_20160416_153000_Cashin_In#start/1003/end/1038,4/16/2016 15:46:58,FOXNEWS,Cashin In,FOXNEWSW_20160416_153000_Cashin_In,https://archive.org/download/FOXNEWSW_20160416_153000_Cashin_In/FOXNEWSW_20160416_153000_Cashin_In.thumbs/FOXNEWSW_20160416_153000_Cashin_In_000987.jpg,"them -- we have given billions of dollars and it still doesn't work. pakistan. exactly. climate change issue, it's not a jobs problem. it's not unemployment. it is an ideology. when i think of bono. if you cannot convert them, you kill them."
https://archive.org/details/FOXNEWSW_20160416_190000_Americas_News_HQ#start/2772/end/2807,4/16/2016 19:46:27,FOXNEWS,Americas News HQ,FOXNEWSW_20160416_190000_Americas_News_HQ,https://archive.org/download/FOXNEWSW_20160416_190000_Americas_News_HQ/FOXNEWSW_20160416_190000_Americas_News_HQ.thumbs/FOXNEWSW_20160416_190000_Americas_News_HQ_002757.jpg,"opponents. you have him going to the vatican speaking about global economy and climate change and having a quick meeting with the pope and you have hillary clinton in california doing $30000 fundraisers. this is what you are seeing and"
https://archive.org/details/FOXNEWSW_20160416_190000_Americas_News_HQ#start/2898/end/2933,4/16/2016 19:48:33,FOXNEWS,Americas News HQ,FOXNEWSW_20160416_190000_Americas_News_HQ,https://archive.org/download/FOXNEWSW_20160416_190000_Americas_News_HQ/FOXNEWSW_20160416_190000_Americas_News_HQ.thumbs/FOXNEWSW_20160416_190000_Americas_News_HQ_002877.jpg,"presidential candidates don't hit on. equal treatments and climate change in a big way and banning fracking. these are things that the new generation of americans are interested in and senator sanders really touched on that. it did appear that he put it"
https://archive.org/details/FOXNEWSW_20160416_100000_Fox_and_Friends_Saturday#start/11756/end/11791,4/16/2016 13:16:11,FOXNEWS,Fox and Friends Saturday,FOXNEWSW_20160416_100000_Fox_and_Friends_Saturday,https://archive.org/download/FOXNEWSW_20160416_100000_Fox_and_Friends_Saturday/FOXNEWSW_20160416_100000_Fox_and_Friends_Saturday.thumbs/FOXNEWSW_20160416_100000_Fox_and_Friends_Saturday_011757.jpg,"inequality. about a culture which we gleed ignores people who are hurting, talking about climate change. it was an honor to be with him. that's bernie sanders meeting with the pope overnight. brief meeting, about five minutes, but they talked about"
https://archive.org/details/FOXNEWSW_20160404_010000_On_the_Record_With_Greta_Van_Susteren#start/3224/end/3259,4/4/2016 1:53:59,FOXNEWS,On the Record With Greta Van Susteren,FOXNEWSW_20160404_010000_On_the_Record_With_Greta_Van_Susteren,https://archive.org/download/FOXNEWSW_20160404_010000_On_the_Record_With_Greta_Van_Susteren/FOXNEWSW_20160404_010000_On_the_Record_With_Greta_Van_Susteren.thumbs/FOXNEWSW_20160404_010000_On_the_Record_With_Greta_Van_Susteren_003207.jpg,"it moves this once distance threat is very much in the present. he wasn't referring to the military threat. human activity is disrupting the client. he was talking about climate change. meanwhile as russia builds brand new bases across the arctic and"
https://archive.org/details/FOXNEWSW_20160401_190000_Shepard_Smith_Reporting#start/825/end/860,4/1/2016 19:14:00,FOXNEWS,Shepard Smith Reporting,FOXNEWSW_20160401_190000_Shepard_Smith_Reporting,https://archive.org/download/FOXNEWSW_20160401_190000_Shepard_Smith_Reporting/FOXNEWSW_20160401_190000_Shepard_Smith_Reporting.thumbs/FOXNEWSW_20160401_190000_Shepard_Smith_Reporting_000807.jpg,"after campaigning here in new york this week. she is also accusing the sanders campaign of lying about her. happened yesterday during an exchange with a climate change activist who asked her about accepting donations from the fossil fuel industry."
https://archive.org/details/FOXNEWSW_20160401_220000_Special_Report_With_Bret_Baier#start/2760/end/2795,4/1/2016 22:46:15,FOXNEWS,Special Report With Bret Baier,FOXNEWSW_20160401_220000_Special_Report_With_Bret_Baier,https://archive.org/download/FOXNEWSW_20160401_220000_Special_Report_With_Bret_Baier/FOXNEWSW_20160401_220000_Special_Report_With_Bret_Baier.thumbs/FOXNEWSW_20160401_220000_Special_Report_With_Bret_Baier_002757.jpg,"american proliferation. the president is operating in a world detached from ours. one of the main items he's done, the paris climate change conference. this conference. this is now the fourth of which has been a failure. the russians didn't show up so"
https://archive.org/details/FOXNEWSW_20160415_130000_Americas_Newsroom_With_Bill_Hemmer_and_Martha_MacCallum#start/3992/end/4027,4/15/2016 14:06:47,FOXNEWS,Americas Newsroom With Bill Hemmer and Martha MacCallum,FOXNEWSW_20160415_130000_Americas_Newsroom_With_Bill_Hemmer_and_Martha_MacCallum,https://archive.org/download/FOXNEWSW_20160415_130000_Americas_Newsroom_With_Bill_Hemmer_and_Martha_MacCallum/FOXNEWSW_20160415_130000_Americas_Newsroom_With_Bill_Hemmer_and_Martha_MacCallum.thumbs/FOXNEWSW_20160415_130000_Americas_Newsroom_With_Bill_Hemmer_and_Martha_MacCallum_003987.jpg,"vatican city moments from now, he's making a speech at a conference. officials there say the senator's focus on climate change and the poor made him an obvious person to invite. amy kellogg's live in rome now x what is sanders' agenda there,"
https://archive.org/details/FOXNEWSW_20160423_080000_The_Kelly_File#start/1132/end/1167,4/23/2016 8:19:07,FOXNEWS,The Kelly File,FOXNEWSW_20160423_080000_The_Kelly_File,https://archive.org/download/FOXNEWSW_20160423_080000_The_Kelly_File/FOXNEWSW_20160423_080000_The_Kelly_File.thumbs/FOXNEWSW_20160423_080000_The_Kelly_File_001107.jpg,"some heads of state gathered at the u.n. to sign a climate change agreement reached last december in paris. secretary of state john kerry who brought his granddaughter represented the u.s. we learned that 2015 was the hottest year in recorded history"
https://archive.org/details/FOXNEWSW_20160422_210000_The_Five#start/82/end/117,4/22/2016 21:01:37,FOXNEWS,The Five,FOXNEWSW_20160422_210000_The_Five,https://archive.org/download/FOXNEWSW_20160422_210000_The_Five/FOXNEWSW_20160422_210000_The_Five.thumbs/FOXNEWSW_20160422_210000_The_Five_000057.jpg,"economic trends, security trends, everything will be impacted. so much of what's going on now is something what we to be treated. i think it's a mental illness. i believe that climate change denial is a form of mental illness. we're so sick."
https://archive.org/details/FOXNEWSW_20160422_210000_The_Five#start/97/end/132,4/22/2016 21:01:52,FOXNEWS,The Five,FOXNEWSW_20160422_210000_The_Five,https://archive.org/download/FOXNEWSW_20160422_210000_The_Five/FOXNEWSW_20160422_210000_The_Five.thumbs/FOXNEWSW_20160422_210000_The_Five_000087.jpg,"today at least 175 countries gathered at the united nations, to sign an agreement to address the threat of climate change. that's right, of isis, remains on the back burner as we're just learning about a plot by the terror network to sneak"
https://archive.org/details/FOXNEWSW_20160422_210000_The_Five#start/113/end/148,4/22/2016 21:02:08,FOXNEWS,The Five,FOXNEWSW_20160422_210000_The_Five,https://archive.org/download/FOXNEWSW_20160422_210000_The_Five/FOXNEWSW_20160422_210000_The_Five.thumbs/FOXNEWSW_20160422_210000_The_Five_000087.jpg,"jihadists from syria to the u.s. through mexico to carry out attacks against this country. let's weigh it in the balance, right? your favorite thing to talk about is climate change. get these bozos to care about isis, you would have to link"
https://archive.org/details/FOXNEWSW_20160415_100000_FOX__Friends#start/568/end/603,4/15/2016 10:09:43,FOXNEWS,FOX  Friends,FOXNEWSW_20160415_100000_FOX__Friends,https://archive.org/download/FOXNEWSW_20160415_100000_FOX__Friends/FOXNEWSW_20160415_100000_FOX__Friends.thumbs/FOXNEWSW_20160415_100000_FOX__Friends_000567.jpg,"followed by climate change. and the federal deficit, as well. you know, okay, so coming up on tuesday, we'll have the new york primary. and after that, we've got pennsylvania. i was reading something about pennsylvania. this is crazy -- the person who                 _"
https://archive.org/details/FOXNEWSW_20160408_020000_Hannity#start/439/end/474,4/8/2016 2:07:34,FOXNEWS,Hannity,FOXNEWSW_20160408_020000_Hannity,https://archive.org/download/FOXNEWSW_20160408_020000_Hannity/FOXNEWSW_20160408_020000_Hannity.thumbs/FOXNEWSW_20160408_020000_Hannity_000417.jpg,"god bless you. get out of the bronx. it's an immigrant community. we deal with climate change every single day. he wants to say it doesn't exist. we're living in the poorest kochi congressional district in the country. to receive this right-wing bigot"
https://archive.org/details/FOXNEWSW_20160408_020000_Hannity#start/472/end/507,4/8/2016 2:08:07,FOXNEWS,Hannity,FOXNEWSW_20160408_020000_Hannity,https://archive.org/download/FOXNEWSW_20160408_020000_Hannity/FOXNEWSW_20160408_020000_Hannity.thumbs/FOXNEWSW_20160408_020000_Hannity_000447.jpg,"people are dying from climate change? well, welcome to new york. i guess that's your -- if you haven't been here in a while. well, look, sean, i don't really actually know why senator ted cruz went to the bronx, certainly probably not going to"
https://archive.org/details/FOXNEWSW_20160408_230000_On_the_Record_With_Greta_Van_Susteren#start/1864/end/1899,4/8/2016 23:31:19,FOXNEWS,On the Record With Greta Van Susteren,FOXNEWSW_20160408_230000_On_the_Record_With_Greta_Van_Susteren,https://archive.org/download/FOXNEWSW_20160408_230000_On_the_Record_With_Greta_Van_Susteren/FOXNEWSW_20160408_230000_On_the_Record_With_Greta_Van_Susteren.thumbs/FOXNEWSW_20160408_230000_On_the_Record_With_Greta_Van_Susteren_001857.jpg,"if there is not enough enter pope francis. now we learn today a week from today bernie sanders will be at the vatican some kind of conference about the climate change and the economy. he is sort of similar in his views with pope francis in"
https://archive.org/details/FOXNEWSW_20160413_230000_On_the_Record_With_Greta_Van_Susteren#start/1096/end/1131,4/13/2016 23:18:31,FOXNEWS,On the Record With Greta Van Susteren,FOXNEWSW_20160413_230000_On_the_Record_With_Greta_Van_Susteren,https://archive.org/download/FOXNEWSW_20160413_230000_On_the_Record_With_Greta_Van_Susteren/FOXNEWSW_20160413_230000_On_the_Record_With_Greta_Van_Susteren.thumbs/FOXNEWSW_20160413_230000_On_the_Record_With_Greta_Van_Susteren_001077.jpg,"legitimately standing up to the people. standing up to the banks. i'm supporting bernie sanders because at this point there isn't s. no other decent campaign in the race that's willing -- -- free college, among other things like stopping climate change. supporting bernie sanders is mass incarceration."
https://archive.org/details/FOXNEWSW_20160415_090000_Fox_and_Friends_First#start/2075/end/2110,4/15/2016 9:34:50,FOXNEWS,Fox and Friends First,FOXNEWSW_20160415_090000_Fox_and_Friends_First,https://archive.org/download/FOXNEWSW_20160415_090000_Fox_and_Friends_First/FOXNEWSW_20160415_090000_Fox_and_Friends_First.thumbs/FOXNEWSW_20160415_090000_Fox_and_Friends_First_002067.jpg,"32 percent of the voters say the economy is the most important. the next most important terrorism. healthcare, climate change in the federal deficit round out the top 5. voters it is clear they are frustrated. 42 percent say they are satisfied now with how things"
https://archive.org/details/FOXNEWSW_20160409_060000_On_the_Record_With_Greta_Van_Susteren#start/1863/end/1898,4/9/2016 6:31:18,FOXNEWS,On the Record With Greta Van Susteren,FOXNEWSW_20160409_060000_On_the_Record_With_Greta_Van_Susteren,https://archive.org/download/FOXNEWSW_20160409_060000_On_the_Record_With_Greta_Van_Susteren/FOXNEWSW_20160409_060000_On_the_Record_With_Greta_Van_Susteren.thumbs/FOXNEWSW_20160409_060000_On_the_Record_With_Greta_Van_Susteren_001857.jpg,"if there is not enough enter pope francis. now we learn today a week from today bernie sanders will be at the vatican some kind of conference about the climate change and the economy. he is sort of similar in his views with pope francis in"
https://archive.org/details/FOXNEWSW_20160414_060000_On_the_Record_With_Greta_Van_Susteren#start/1096/end/1131,4/14/2016 6:18:31,FOXNEWS,On the Record With Greta Van Susteren,FOXNEWSW_20160414_060000_On_the_Record_With_Greta_Van_Susteren,https://archive.org/download/FOXNEWSW_20160414_060000_On_the_Record_With_Greta_Van_Susteren/FOXNEWSW_20160414_060000_On_the_Record_With_Greta_Van_Susteren.thumbs/FOXNEWSW_20160414_060000_On_the_Record_With_Greta_Van_Susteren_001077.jpg,"legitimately standing up to the people. standing up to the banks. i'm supporting bernie sanders because at this point there isn't s. no other decent campaign in the race that's willing -- -- free college, among other things like stopping climate change. supporting bernie sanders is mass incarceration."
https://archive.org/details/FOXNEWSW_20160416_100000_Fox_and_Friends_Saturday#start/8241/end/8276,4/16/2016 12:17:36,FOXNEWS,Fox and Friends Saturday,FOXNEWSW_20160416_100000_Fox_and_Friends_Saturday,https://archive.org/download/FOXNEWSW_20160416_100000_Fox_and_Friends_Saturday/FOXNEWSW_20160416_100000_Fox_and_Friends_Saturday.thumbs/FOXNEWSW_20160416_100000_Fox_and_Friends_Saturday_008217.jpg,"climate change. something he felt he couldn't refuse. on social issues you may have some in your party saying why is he with the pope when on abortion, same sex marriage, whole range of issues bernie sanders disagrees sharply with the pope. he does have dispreements"
https://archive.org/details/FOXNEWSW_20160416_100000_Fox_and_Friends_Saturday#start/11785/end/11820,4/16/2016 13:16:40,FOXNEWS,Fox and Friends Saturday,FOXNEWSW_20160416_100000_Fox_and_Friends_Saturday,https://archive.org/download/FOXNEWSW_20160416_100000_Fox_and_Friends_Saturday/FOXNEWSW_20160416_100000_Fox_and_Friends_Saturday.thumbs/FOXNEWSW_20160416_100000_Fox_and_Friends_Saturday_011787.jpg,"conversation with him then afterwards and things seemed to square away. what do you make of the pope's visitation with bernie sanders? well, i think five smins very short to have been talking about as bernie says climate change and all of the other things he"
https://archive.org/details/FOXNEWSW_20160407_100000_FOX__Friends#start/4276/end/4311,4/7/2016 11:11:31,FOXNEWS,FOX  Friends,FOXNEWSW_20160407_100000_FOX__Friends,https://archive.org/download/FOXNEWSW_20160407_100000_FOX__Friends/FOXNEWSW_20160407_100000_FOX__Friends.thumbs/FOXNEWSW_20160407_100000_FOX__Friends_004257.jpg,"we deal with climate change every day. he says it doesn't exist. we are the poorest congressional district in the country and to receive this right wing bigot is an insult! reporter: on the democratic side after his big win in wisconsin, bernie sanders was"
https://archive.org/details/FOXNEWSW_20160407_030000_The_OReilly_Factor#start/1256/end/1291,4/7/2016 3:21:11,FOXNEWS,The OReilly Factor,FOXNEWSW_20160407_030000_The_OReilly_Factor,https://archive.org/download/FOXNEWSW_20160407_030000_The_OReilly_Factor/FOXNEWSW_20160407_030000_The_OReilly_Factor.thumbs/FOXNEWSW_20160407_030000_The_OReilly_Factor_001047.jpg,"nice work, phillips! the tasty side of fiber, from phillips'. this dude has no business being in the community. we deal with climate change every day. he says it doesn't,çh/ñ exist. poorest congressional distinct in the. to receive this right wing bigot is an insult."
https://archive.org/details/FOXNEWSW_20160413_100000_FOX__Friends#start/7972/end/8007,4/13/2016 12:13:07,FOXNEWS,FOX  Friends,FOXNEWSW_20160413_100000_FOX__Friends,https://archive.org/download/FOXNEWSW_20160413_100000_FOX__Friends/FOXNEWSW_20160413_100000_FOX__Friends.thumbs/FOXNEWSW_20160413_100000_FOX__Friends_007947.jpg,"climate change, i hope that we have the courage to see that the path forward is to bring people together. not push people apart. so if you monitor the internet to try to find out if isis tried to kill you like in brussels, like in san"
https://archive.org/details/FOXNEWSW_20160422_210000_The_Five#start/345/end/380,4/22/2016 21:06:00,FOXNEWS,The Five,FOXNEWSW_20160422_210000_The_Five,https://archive.org/download/FOXNEWSW_20160422_210000_The_Five/FOXNEWSW_20160422_210000_The_Five.thumbs/FOXNEWSW_20160422_210000_The_Five_000327.jpg,"campaign trail. think to myself, why is that? why is it that republicans are invested in saying there's no climate change? these are a bunch of bozo scientists. gregory says science it good, you should be skeptical. i buy into that. but what happens when you see"
https://archive.org/details/FOXNEWSW_20160422_210000_The_Five#start/410/end/445,4/22/2016 21:07:05,FOXNEWS,The Five,FOXNEWSW_20160422_210000_The_Five,https://archive.org/download/FOXNEWSW_20160422_210000_The_Five/FOXNEWSW_20160422_210000_The_Five.thumbs/FOXNEWSW_20160422_210000_The_Five_000387.jpg,"piece of advice? i think of anybody i've ever known that has read more about climate change, it is greg gutfe gutfeld. which is why i'm losing my mind. i never use the word hoax, because i don't think it's fair. there could be something going"
https://archive.org/details/FOXNEWSW_20160422_220000_Special_Report_With_Bret_Baier#start/1134/end/1169,4/22/2016 22:19:09,FOXNEWS,Special Report With Bret Baier,FOXNEWSW_20160422_220000_Special_Report_With_Bret_Baier,https://archive.org/download/FOXNEWSW_20160422_220000_Special_Report_With_Bret_Baier/FOXNEWSW_20160422_220000_Special_Report_With_Bret_Baier.thumbs/FOXNEWSW_20160422_220000_Special_Report_With_Bret_Baier_001107.jpg,"some heads of state gathered at the u.n. to sign a climate change agreement reached last december in paris. secretary of state john kerry who brought his granddaughter represented the u.s. we learned that 2015 was the hottest year in recorded history by far."
https://archive.org/details/FOXNEWSW_20160423_100000_Fox_and_Friends_Saturday#start/9432/end/9467,4/23/2016 12:37:27,FOXNEWS,Fox and Friends Saturday,FOXNEWSW_20160423_100000_Fox_and_Friends_Saturday,https://archive.org/download/FOXNEWSW_20160423_100000_Fox_and_Friends_Saturday/FOXNEWSW_20160423_100000_Fox_and_Friends_Saturday.thumbs/FOXNEWSW_20160423_100000_Fox_and_Friends_Saturday_009417.jpg,"if you will remember to fight climate change. decaprio says it means nothing if they don't act now. then brian where did he go? on his private jet to a deserted island where he has a yacht. because it matters but not that much. his carbon footprint."
https://archive.org/details/FOXNEWSW_20160424_190000_Americas_Election_HQ#start/3982/end/4017,4/24/2016 20:06:37,FOXNEWS,Americas Election HQ,FOXNEWSW_20160424_190000_Americas_Election_HQ,https://archive.org/download/FOXNEWSW_20160424_190000_Americas_Election_HQ/FOXNEWSW_20160424_190000_Americas_Election_HQ.thumbs/FOXNEWSW_20160424_190000_Americas_Election_HQ_003957.jpg,"in a very clear way. take on the billionaire class. so that statement has some wondering if perhaps sanders is starting to see the writing on the wall, but today at a rally in rhode island, he continued to hammer clinton for her stance on climate change and her ties to"
https://archive.org/details/FOXNEWSW_20160405_150000_Happening_Now#start/3386/end/3421,4/5/2016 15:56:41,FOXNEWS,Happening Now,FOXNEWSW_20160405_150000_Happening_Now,https://archive.org/download/FOXNEWSW_20160405_150000_Happening_Now/FOXNEWSW_20160405_150000_Happening_Now.thumbs/FOXNEWSW_20160405_150000_Happening_Now_003387.jpg,"percent which is so bad water companies are likely to slap them with mandatory cutbacks. were going to have to move that way to deal with what climate change is going to bring where were going to have those lousy snowpacks more often because it's hotter. reporter: politically, what"
https://archive.org/details/FOXNEWSW_20160408_010000_The_Kelly_File#start/940/end/975,4/8/2016 1:15:55,FOXNEWS,The Kelly File,FOXNEWSW_20160408_010000_The_Kelly_File,https://archive.org/download/FOXNEWSW_20160408_010000_The_Kelly_File/FOXNEWSW_20160408_010000_The_Kelly_File.thumbs/FOXNEWSW_20160408_010000_The_Kelly_File_000927.jpg,"we're at the forefront of climate change, ted cruz. so we're putting him down as a maybe. breaking tonight, senator ted cruz gets a rather rough welcome from the big apple as he begins campaigning in new york. you heard those folks in the bronx, and also from mr. trump,"
https://archive.org/details/FOXNEWSW_20160415_130000_Americas_Newsroom_With_Bill_Hemmer_and_Martha_MacCallum#start/6831/end/6866,4/15/2016 14:54:06,FOXNEWS,Americas Newsroom With Bill Hemmer and Martha MacCallum,FOXNEWSW_20160415_130000_Americas_Newsroom_With_Bill_Hemmer_and_Martha_MacCallum,https://archive.org/download/FOXNEWSW_20160415_130000_Americas_Newsroom_With_Bill_Hemmer_and_Martha_MacCallum/FOXNEWSW_20160415_130000_Americas_Newsroom_With_Bill_Hemmer_and_Martha_MacCallum.thumbs/FOXNEWSW_20160415_130000_Americas_Newsroom_With_Bill_Hemmer_and_Martha_MacCallum_006807.jpg,"morning after the big brawl in brooklyn -- [laughter] i guess you would call it that. sanders and clinton went at it for two hours last night. this is a trip to talk about climate change, other social issues. so some vatican officials invited him. we don't think he's meeting with"
https://archive.org/details/FOXNEWSW_20160422_220000_Special_Report_With_Bret_Baier#start/814/end/849,4/22/2016 22:13:49,FOXNEWS,Special Report With Bret Baier,FOXNEWSW_20160422_220000_Special_Report_With_Bret_Baier,https://archive.org/download/FOXNEWSW_20160422_220000_Special_Report_With_Bret_Baier/FOXNEWSW_20160422_220000_Special_Report_With_Bret_Baier.thumbs/FOXNEWSW_20160422_220000_Special_Report_With_Bret_Baier_000807.jpg,"after he landed with his parachute near the crash site. up next, with the signing of a major agreement on climate change means for the u.s. first here's what some fox affiliates around the country are covering tonight. fox 19 in cincinnati, covering a mass shooting in pike county,"
https://archive.org/details/FOXNEWSW_20160424_020000_The_Greg_Gutfeld_Show#start/2622/end/2657,4/24/2016 2:43:57,FOXNEWS,The Greg Gutfeld Show,FOXNEWSW_20160424_020000_The_Greg_Gutfeld_Show,https://archive.org/download/FOXNEWSW_20160424_020000_The_Greg_Gutfeld_Show/FOXNEWSW_20160424_020000_The_Greg_Gutfeld_Show.thumbs/FOXNEWSW_20160424_020000_The_Greg_Gutfeld_Show_002607.jpg,"well, i once had an ambassador from a small island country in the pacific to come visit me to talk about the effects of climate change. she was worried, basically, wouldn't be an ambassador for long and wouldn't be a country, i didn't have really anything to say to"
https://archive.org/details/FOXNEWSW_20160424_050000_The_Greg_Gutfeld_Show#start/2621/end/2656,4/24/2016 5:43:56,FOXNEWS,The Greg Gutfeld Show,FOXNEWSW_20160424_050000_The_Greg_Gutfeld_Show,https://archive.org/download/FOXNEWSW_20160424_050000_The_Greg_Gutfeld_Show/FOXNEWSW_20160424_050000_The_Greg_Gutfeld_Show.thumbs/FOXNEWSW_20160424_050000_The_Greg_Gutfeld_Show_002607.jpg,"well, i once had an ambassador from a small island country in the pacific to come visit me to talk about the effects of climate change. she was worried, basically, wouldn't be an ambassador for long and wouldn't be a country, i didn't have really anything to say to"
https://archive.org/details/FOXNEWSW_20160422_210000_The_Five#start/252/end/287,4/22/2016 21:04:27,FOXNEWS,The Five,FOXNEWSW_20160422_210000_The_Five,https://archive.org/download/FOXNEWSW_20160422_210000_The_Five/FOXNEWSW_20160422_210000_The_Five.thumbs/FOXNEWSW_20160422_210000_The_Five_000237.jpg,"is going to be their demise, they believe that this is their number one issue. if you look at the exit polls from any of the states that have had elections so far, it's all, climate change is usually in the at least the top three of their"
https://archive.org/details/FOXNEWSW_20160422_210000_The_Five#start/549/end/584,4/22/2016 21:09:24,FOXNEWS,The Five,FOXNEWSW_20160422_210000_The_Five,https://archive.org/download/FOXNEWSW_20160422_210000_The_Five/FOXNEWSW_20160422_210000_The_Five.thumbs/FOXNEWSW_20160422_210000_The_Five_000537.jpg,"you had some warming, then it stopped, now you have to call it climate change. if indeed there's warming. the problem has always been that their statistics have been off. sometimes double, tripled the estimation, in order to get money. that creates a skeptical nation when we know that -- when you            _"
https://archive.org/details/FOXNEWSW_20160422_210000_The_Five#start/2577/end/2612,4/22/2016 21:43:12,FOXNEWS,The Five,FOXNEWSW_20160422_210000_The_Five,https://archive.org/download/FOXNEWSW_20160422_210000_The_Five/FOXNEWSW_20160422_210000_The_Five.thumbs/FOXNEWSW_20160422_210000_The_Five_002577.jpg,"his brain will climate change. i will start with you, eric from sylvia, if you could be any age for a week, what age would you be? for one week? one week. you go back to the current age? i think i would like to be 18 for one week again."
https://archive.org/details/FOXNEWSW_20160423_080000_The_Kelly_File#start/812/end/847,4/23/2016 8:13:47,FOXNEWS,The Kelly File,FOXNEWSW_20160423_080000_The_Kelly_File,https://archive.org/download/FOXNEWSW_20160423_080000_The_Kelly_File/FOXNEWSW_20160423_080000_The_Kelly_File.thumbs/FOXNEWSW_20160423_080000_The_Kelly_File_000807.jpg,"fighters captured the pilot after he landed with his parachute near the crash site. up next, with the signing of a major agreement on climate change means for the u.s. first here's what some fox affiliates around the country are covering tonight. fox 19 in cincinnati, covering a"
https://archive.org/details/FOXNEWSW_20160414_220000_Special_Report_With_Bret_Baier#start/3100/end/3135,4/14/2016 22:51:55,FOXNEWS,Special Report With Bret Baier,FOXNEWSW_20160414_220000_Special_Report_With_Bret_Baier,https://archive.org/download/FOXNEWSW_20160414_220000_Special_Report_With_Bret_Baier/FOXNEWSW_20160414_220000_Special_Report_With_Bret_Baier.thumbs/FOXNEWSW_20160414_220000_Special_Report_With_Bret_Baier_003087.jpg,"climate change. pretty low there. we are back with our panel. okay. chuck, tonight another debate. the last one before the new york primary. you look at the national numbers it seems like bernie sanders is closing the gap. you know, i will be interested to see how2p hard"
https://archive.org/details/FOXNEWSW_20160416_100000_Fox_and_Friends_Saturday#start/3809/end/3844,4/16/2016 11:03:44,FOXNEWS,Fox and Friends Saturday,FOXNEWSW_20160416_100000_Fox_and_Friends_Saturday,https://archive.org/download/FOXNEWSW_20160416_100000_Fox_and_Friends_Saturday/FOXNEWSW_20160416_100000_Fox_and_Friends_Saturday.thumbs/FOXNEWSW_20160416_100000_Fox_and_Friends_Saturday_003807.jpg,"ignores people who are hurting. talking about climate change. it was an honor to meet with him. bernie sanders had a great opportunity while he was at the vatican to get out all of his talking points that we always hear from him on the campaign trail about corporate greed and giving away free"
https://archive.org/details/FOXNEWSW_20160414_230000_On_the_Record_With_Greta_Van_Susteren#start/3113/end/3148,4/14/2016 23:52:08,FOXNEWS,On the Record With Greta Van Susteren,FOXNEWSW_20160414_230000_On_the_Record_With_Greta_Van_Susteren,https://archive.org/download/FOXNEWSW_20160414_230000_On_the_Record_With_Greta_Van_Susteren/FOXNEWSW_20160414_230000_On_the_Record_With_Greta_Van_Susteren.thumbs/FOXNEWSW_20160414_230000_On_the_Record_With_Greta_Van_Susteren_003087.jpg,"well, he says it's because he was invited on this conference on the economy and climate change and other issues. obviously pope francis has said a lot about how he thinks wall street and others should step up and be maybe more humane and that's something bernie sanders has been calling for out on the"
https://archive.org/details/FOXNEWSW_20160415_150000_Happening_Now#start/396/end/431,4/15/2016 15:06:51,FOXNEWS,Happening Now,FOXNEWSW_20160415_150000_Happening_Now,https://archive.org/download/FOXNEWSW_20160415_150000_Happening_Now/FOXNEWSW_20160415_150000_Happening_Now.thumbs/FOXNEWSW_20160415_150000_Happening_Now_000387.jpg,"he's going to stay in this thing and i think his supporters are giving him good reason to. heather: you mentioned vocal supporters. hillary clinton willing to actually go after his supporters as well last night as they were vocal in the crowd. here's what she had to say about climate change specifically with sanders. listen. i am getting a little bit, i'm getting alittle bit concerned here because you"
