﻿URL,MatchDateTime,Station,Show,IAShowID,IAPreviewThumb,Snippet
https://archive.org/details/MSNBCW_20121204_070000_Hardball_With_Chris_Matthews#start/1892/end/1927,12/4/2012 7:31:47,MSNBC,Hardball With Chris Matthews,MSNBCW_20121204_070000_Hardball_With_Chris_Matthews,https://archive.org/download/MSNBCW_20121204_070000_Hardball_With_Chris_Matthews/MSNBCW_20121204_070000_Hardball_With_Chris_Matthews.thumbs/MSNBCW_20121204_070000_Hardball_With_Chris_Matthews_001888.jpg,"that was a good line. kerry has been careful to stay clear of the public speculation about whom the president will actually pick to replace hillary clinton. also, arizona governor jan brewer, she's a heavyweight, in a comment about global warming. she doesn't think it's manmade, but her own explanation for climate change is rather"
https://archive.org/details/MSNBCW_20121230_130000_Up_W_Chris_Hayes#start/6806/end/6841,12/30/2012 14:53:41,MSNBC,Up W Chris Hayes,MSNBCW_20121230_130000_Up_W_Chris_Hayes,https://archive.org/download/MSNBCW_20121230_130000_Up_W_Chris_Hayes/MSNBCW_20121230_130000_Up_W_Chris_Hayes.thumbs/MSNBCW_20121230_130000_Up_W_Chris_Hayes_006795.jpg,"progress fighting climate change especially in the form of cap and trade. the epa is seeing some successes including the ruling greenhouse gases are with the clean air act."
https://archive.org/details/MSNBCW_20121229_120000_Weekends_With_Alex_Witt#start/3062/end/3097,12/29/2012 12:51:17,MSNBC,Weekends With Alex Witt,MSNBCW_20121229_120000_Weekends_With_Alex_Witt,https://archive.org/download/MSNBCW_20121229_120000_Weekends_With_Alex_Witt/MSNBCW_20121229_120000_Weekends_With_Alex_Witt.thumbs/MSNBCW_20121229_120000_Weekends_With_Alex_Witt_003045.jpg,"bungee fall off the cliff. jared bernstein, thank you so much. we have warning signs coming to us from the south pole. a study that is raising concerns about global warming."
https://archive.org/details/MSNBCW_20121228_060000_The_Last_Word#start/2454/end/2489,12/28/2012 6:41:09,MSNBC,The Last Word,MSNBCW_20121228_060000_The_Last_Word,https://archive.org/download/MSNBCW_20121228_060000_The_Last_Word/MSNBCW_20121228_060000_The_Last_Word.thumbs/MSNBCW_20121228_060000_The_Last_Word_002446.jpg,"this will be his first statewide race. that might explain why a third of the people polled haven't heard of him. he is big on climate change."
https://archive.org/details/MSNBCW_20121209_130000_Up_W_Chris_Hayes#start/1635/end/1670,12/9/2012 13:27:30,MSNBC,Up W Chris Hayes,MSNBCW_20121209_130000_Up_W_Chris_Hayes,https://archive.org/download/MSNBCW_20121209_130000_Up_W_Chris_Hayes/MSNBCW_20121209_130000_Up_W_Chris_Hayes.thumbs/MSNBCW_20121209_130000_Up_W_Chris_Hayes_001619.jpg,"it would be impossible to get republicans to sign off on a tax increase. obviously, you need to talk about raising the rates on the wealthy. are there other sorts of taxes that should be in the mix? i'm thinking a carbon tax or"
https://archive.org/details/MSNBCW_20121223_130000_Up_W_Chris_Hayes#start/1158/end/1193,12/23/2012 13:19:33,MSNBC,Up W Chris Hayes,MSNBCW_20121223_130000_Up_W_Chris_Hayes,https://archive.org/download/MSNBCW_20121223_130000_Up_W_Chris_Hayes/MSNBCW_20121223_130000_Up_W_Chris_Hayes.thumbs/MSNBCW_20121223_130000_Up_W_Chris_Hayes_001156.jpg,"right. look at this. we've done the comparison of a bunch of different things on the table for deficit reduction. everything from, no -- that's the wrong chart. that's the tax hike caused by epi. i want the revenue sources. there we go. thank you, carbon tax, 1.2"
https://archive.org/details/MSNBCW_20121208_130000_Up_W_Chris_Hayes#start/418/end/453,12/8/2012 13:07:13,MSNBC,Up W Chris Hayes,MSNBCW_20121208_130000_Up_W_Chris_Hayes,https://archive.org/download/MSNBCW_20121208_130000_Up_W_Chris_Hayes/MSNBCW_20121208_130000_Up_W_Chris_Hayes.thumbs/MSNBCW_20121208_130000_Up_W_Chris_Hayes_000419.jpg,"methane released, and it's a powerful greenhouse gas in terms of co2. the balance of climate change between natural gas and coal is still somewhat a question mark. it looks based on most science"
https://archive.org/details/MSNBCW_20121224_120000_Morning_Joe#start/1678/end/1713,12/24/2012 12:28:13,MSNBC,Morning Joe,MSNBCW_20121224_120000_Morning_Joe,https://archive.org/download/MSNBCW_20121224_120000_Morning_Joe/MSNBCW_20121224_120000_Morning_Joe.thumbs/MSNBCW_20121224_120000_Morning_Joe_001665.jpg,"so many social issues. and, andrea, moj the other top stories of 2012 that you chose, you chose along with mike barnicle, of all people, as a smart point here, as well as andrew ross-sorkin, mike, you chose weather driven events, superstorm sandy, climate change"
https://archive.org/details/MSNBCW_20121203_210000_Martin_Bashir#start/2731/end/2766,12/3/2012 21:45:46,MSNBC,Martin Bashir,MSNBCW_20121203_210000_Martin_Bashir,https://archive.org/download/MSNBCW_20121203_210000_Martin_Bashir/MSNBCW_20121203_210000_Martin_Bashir.thumbs/MSNBCW_20121203_210000_Martin_Bashir_002728.jpg,"you know, i think maybe this is a good sign again for the gop if her fellow governors are kind of running away from her. someone is getting the signal that the kinds of attitudes she puts forward are pretty toxic. there was a time when things like climate change or"
https://archive.org/details/MSNBCW_20121208_190000_MSNBC_Live#start/8830/end/8865,12/8/2012 21:27:25,MSNBC,MSNBC Live,MSNBCW_20121208_190000_MSNBC_Live,https://archive.org/download/MSNBCW_20121208_190000_MSNBC_Live/MSNBCW_20121208_190000_MSNBC_Live.thumbs/MSNBCW_20121208_190000_MSNBC_Live_008817.jpg,"sandy, a pretty small hurricane as hurricanes go, it caused tremendous damage because there is so much economic activity right this where the hurricane landed. let's talk about the politics of all of this. former president al gore chided president obama this week for failing to make climate change a"
https://archive.org/details/MSNBCW_20121229_120000_Weekends_With_Alex_Witt#start/3401/end/3436,12/29/2012 12:56:56,MSNBC,Weekends With Alex Witt,MSNBCW_20121229_120000_Weekends_With_Alex_Witt,https://archive.org/download/MSNBCW_20121229_120000_Weekends_With_Alex_Witt/MSNBCW_20121229_120000_Weekends_With_Alex_Witt.thumbs/MSNBCW_20121229_120000_Weekends_With_Alex_Witt_003405.jpg,"dioxide emissions that is burning of coal, burning of oil, burning of natural gas. that carbon pollution, those greenhouse gases are the primary"
https://archive.org/details/MSNBCW_20121208_130000_Up_W_Chris_Hayes#start/6075/end/6110,12/8/2012 14:41:30,MSNBC,Up W Chris Hayes,MSNBCW_20121208_130000_Up_W_Chris_Hayes,https://archive.org/download/MSNBCW_20121208_130000_Up_W_Chris_Hayes/MSNBCW_20121208_130000_Up_W_Chris_Hayes.thumbs/MSNBCW_20121208_130000_Up_W_Chris_Hayes_006059.jpg,"the dream products they've been deploying. yeah. i talked to some marines about this. not one mentioned greenhouse gases. every one of them loves these things because it's just purely a utility for them. it's purely an advantage for"
https://archive.org/details/MSNBCW_20121208_010000_The_Ed_Show#start/1144/end/1179,12/8/2012 1:19:19,MSNBC,The Ed Show,MSNBCW_20121208_010000_The_Ed_Show,https://archive.org/download/MSNBCW_20121208_010000_The_Ed_Show/MSNBCW_20121208_010000_The_Ed_Show.thumbs/MSNBCW_20121208_010000_The_Ed_Show_001137.jpg,"when you filibuster your own probably. but the bottom line, this country, as you well know, ed, faces enormous problems. we have people trying to find work. we're trying to deal with global"
https://archive.org/details/MSNBCW_20121212_150000_Jansing_and_Co.#start/1174/end/1209,12/12/2012 15:19:49,MSNBC,Jansing and Co.,MSNBCW_20121212_150000_Jansing_and_Co.,https://archive.org/download/MSNBCW_20121212_150000_Jansing_and_Co./MSNBCW_20121212_150000_Jansing_and_Co..thumbs/MSNBCW_20121212_150000_Jansing_and_Co._001168.jpg,"common sense on guns or global warming. we're patting the mayor and the governor on the back for taking these things on directly, saying we have a big problem in this country, too many crazy people, too many guns, and governor cuomo is saying yes, global warming is real. we took a big hit from it here"
https://archive.org/details/MSNBCW_20121204_220000_Hardball_With_Chris_Matthews#start/3010/end/3045,12/4/2012 22:50:25,MSNBC,Hardball With Chris Matthews,MSNBCW_20121204_220000_Hardball_With_Chris_Matthews,https://archive.org/download/MSNBCW_20121204_220000_Hardball_With_Chris_Matthews/MSNBCW_20121204_220000_Hardball_With_Chris_Matthews.thumbs/MSNBCW_20121204_220000_Hardball_With_Chris_Matthews_002999.jpg,"romney complaining that president obama got an advantage because he was for same-sex marriage. not very long ago that was a wedge issue bob dole was using against bill clinton. i think we've made progress in some other areas. clearly be done and we have the deniers of global"
https://archive.org/details/MSNBCW_20121208_130000_Up_W_Chris_Hayes#start/652/end/687,12/8/2012 13:11:07,MSNBC,Up W Chris Hayes,MSNBCW_20121208_130000_Up_W_Chris_Hayes,https://archive.org/download/MSNBCW_20121208_130000_Up_W_Chris_Hayes/MSNBCW_20121208_130000_Up_W_Chris_Hayes.thumbs/MSNBCW_20121208_130000_Up_W_Chris_Hayes_000629.jpg,"a greenhouse gas effect of loose methane, that's real. in terms of water that'sle coming up, recyclable water that's coming up at brine after the process is real. we have to separate what's real from the fake ones."
https://archive.org/details/MSNBCW_20121228_103000_Way_Too_Early#start/562/end/597,12/28/2012 10:39:37,MSNBC,Way Too Early,MSNBCW_20121228_103000_Way_Too_Early,https://archive.org/download/MSNBCW_20121228_103000_Way_Too_Early/MSNBCW_20121228_103000_Way_Too_Early.thumbs/MSNBCW_20121228_103000_Way_Too_Early_000555.jpg,"she spent plenty of her time sparring with congressional leaders over issues of global warming and the keystone pipeline. the president praised jackson's efforts at the epa yesterday."
https://archive.org/details/MSNBCW_20121205_000000_Hardball_With_Chris_Matthews#start/3017/end/3052,12/5/2012 0:50:32,MSNBC,Hardball With Chris Matthews,MSNBCW_20121205_000000_Hardball_With_Chris_Matthews,https://archive.org/download/MSNBCW_20121205_000000_Hardball_With_Chris_Matthews/MSNBCW_20121205_000000_Hardball_With_Chris_Matthews.thumbs/MSNBCW_20121205_000000_Hardball_With_Chris_Matthews_002998.jpg,"clearly environmentally. we have deniers of global warming. but we're reducing the amount of oil we import and use. there's progress in that regard. on the other hand, there's been"
https://archive.org/details/MSNBCW_20121228_110000_Morning_Joe#start/1625/end/1660,12/28/2012 11:27:20,MSNBC,Morning Joe,MSNBCW_20121228_110000_Morning_Joe,https://archive.org/download/MSNBCW_20121228_110000_Morning_Joe/MSNBCW_20121228_110000_Morning_Joe.thumbs/MSNBCW_20121228_110000_Morning_Joe_001606.jpg,"she was the first african-american heading up the epa. she did spend plenty of time sparring with congressional republicans and industry groups over issues like global warming and the keystone palestiipeline."
https://archive.org/details/MSNBCW_20121208_080000_The_Ed_Show#start/1148/end/1183,12/8/2012 8:19:23,MSNBC,The Ed Show,MSNBCW_20121208_080000_The_Ed_Show,https://archive.org/download/MSNBCW_20121208_080000_The_Ed_Show/MSNBCW_20121208_080000_The_Ed_Show.thumbs/MSNBCW_20121208_080000_The_Ed_Show_001138.jpg,"probably. but the bottom line, this country, as you well know, ed, faces enormous problems. we have people trying to find work. we're trying to deal with global warming and the tremendous"
https://archive.org/details/MSNBCW_20121227_160000_MSNBC_Live#start/3178/end/3213,12/27/2012 16:53:13,MSNBC,MSNBC Live,MSNBCW_20121227_160000_MSNBC_Live,https://archive.org/download/MSNBCW_20121227_160000_MSNBC_Live/MSNBCW_20121227_160000_MSNBC_Live.thumbs/MSNBCW_20121227_160000_MSNBC_Live_003165.jpg,"by brawls over global warming pollution. the keystone pipeline and coal fired plants. the president praising her efforts, calling her commitment to the health of families unwavering. former senator chuck hagel's possible nomination as defense"
https://archive.org/details/MSNBCW_20121227_190000_News_Nation#start/3309/end/3344,12/27/2012 19:55:24,MSNBC,News Nation,MSNBCW_20121227_190000_News_Nation,https://archive.org/download/MSNBCW_20121227_190000_News_Nation/MSNBCW_20121227_190000_News_Nation.thumbs/MSNBCW_20121227_190000_News_Nation_003285.jpg,"profile brawls with industry and congressional republicans over issues of global warming, pollution and of course the keystone oil pipeline. also new controls on coal fired plants, as well. court dwokmentes show mike crapo of utah admitted several"
https://archive.org/details/MSNBCW_20121208_190000_MSNBC_Live#start/8701/end/8736,12/8/2012 21:25:16,MSNBC,MSNBC Live,MSNBCW_20121208_190000_MSNBC_Live,https://archive.org/download/MSNBCW_20121208_190000_MSNBC_Live/MSNBCW_20121208_190000_MSNBC_Live.thumbs/MSNBCW_20121208_190000_MSNBC_Live_008697.jpg,"insist there's is, quote, no cause for alarm. mandela did spend some time in the hospital earlier this year for stomach surgery. new warnings this week about global warming and its potential impact on the world's population."
https://archive.org/details/MSNBCW_20121224_190000_MSNBC_Live#start/1999/end/2034,12/24/2012 19:33:34,MSNBC,MSNBC Live,MSNBCW_20121224_190000_MSNBC_Live,https://archive.org/download/MSNBCW_20121224_190000_MSNBC_Live/MSNBCW_20121224_190000_MSNBC_Live.thumbs/MSNBCW_20121224_190000_MSNBC_Live_001996.jpg,"still uncertain how well because of his age. more evidence of global warming. meteorologists saying temperatures in west antarctica warmed twice as fast as the global average up more than four degrees since 1958 and adding to"
https://archive.org/details/MSNBCW_20121228_030000_The_Last_Word#start/2479/end/2514,12/28/2012 3:41:34,MSNBC,The Last Word,MSNBCW_20121228_030000_The_Last_Word,https://archive.org/download/MSNBCW_20121228_030000_The_Last_Word/MSNBCW_20121228_030000_The_Last_Word.thumbs/MSNBCW_20121228_030000_The_Last_Word_002476.jpg,"he is big on climate change. and so, you know, let's see if your prediction comes true. jump in with me here on this"
https://archive.org/details/MSNBCW_20121221_210000_Martin_Bashir#start/1963/end/1998,12/21/2012 21:32:58,MSNBC,Martin Bashir,MSNBCW_20121221_210000_Martin_Bashir,https://archive.org/download/MSNBCW_20121221_210000_Martin_Bashir/MSNBCW_20121221_210000_Martin_Bashir.thumbs/MSNBCW_20121221_210000_Martin_Bashir_001936.jpg,"let's get right to our eloquent he will cuters. toure, could host of 'the cycle' and democratic strategist julian epstein. toure, these guys will blame obama for just about anything, and you know, global warming or the latest loss of the lakers,"
https://archive.org/details/MSNBCW_20121205_070000_Hardball_With_Chris_Matthews#start/3026/end/3061,12/5/2012 7:50:41,MSNBC,Hardball With Chris Matthews,MSNBCW_20121205_070000_Hardball_With_Chris_Matthews,https://archive.org/download/MSNBCW_20121205_070000_Hardball_With_Chris_Matthews/MSNBCW_20121205_070000_Hardball_With_Chris_Matthews.thumbs/MSNBCW_20121205_070000_Hardball_With_Chris_Matthews_002999.jpg,"we have deniers of global warming. but we're reducing the amount of oil we import and use. there's progress in that regard. on the other hand, there's been some retrogregs in the recognition of two of the great accomplishments of america in"
https://archive.org/details/MSNBCW_20121229_130000_Up_W_Chris_Hayes#start/4053/end/4088,12/29/2012 14:07:48,MSNBC,Up W Chris Hayes,MSNBCW_20121229_130000_Up_W_Chris_Hayes,https://archive.org/download/MSNBCW_20121229_130000_Up_W_Chris_Hayes/MSNBCW_20121229_130000_Up_W_Chris_Hayes.thumbs/MSNBCW_20121229_130000_Up_W_Chris_Hayes_004036.jpg,"interest rate, typically you get a lot of growth and a lot of employment. he's talking about a negative interest rate. yeah, but a real interest rate. what a carbon tax will do is"
https://archive.org/details/MSNBCW_20121202_130000_Up_W_Chris_Hayes#start/6750/end/6785,12/2/2012 14:52:45,MSNBC,Up W Chris Hayes,MSNBCW_20121202_130000_Up_W_Chris_Hayes,https://archive.org/download/MSNBCW_20121202_130000_Up_W_Chris_Hayes/MSNBCW_20121202_130000_Up_W_Chris_Hayes.thumbs/MSNBCW_20121202_130000_Up_W_Chris_Hayes_006748.jpg,"a pay cut. we'll be watching whomever ultimately biez the hostess brand. cambridge university is studying the potential dangers of climate change, biotechnology and artificial intelligence."
https://archive.org/details/MSNBCW_20121209_130000_Up_W_Chris_Hayes#start/1651/end/1686,12/9/2012 13:27:46,MSNBC,Up W Chris Hayes,MSNBCW_20121209_130000_Up_W_Chris_Hayes,https://archive.org/download/MSNBCW_20121209_130000_Up_W_Chris_Hayes/MSNBCW_20121209_130000_Up_W_Chris_Hayes.thumbs/MSNBCW_20121209_130000_Up_W_Chris_Hayes_001649.jpg,"wealth tax. wall street doesn't want a carbon tax. if you want less of something, tax it. they want cap and trade to play games and not improve the environment. we need a discussion about tax"
https://archive.org/details/MSNBCW_20121228_000000_Hardball_With_Chris_Matthews#start/1742/end/1777,12/28/2012 0:29:17,MSNBC,Hardball With Chris Matthews,MSNBCW_20121228_000000_Hardball_With_Chris_Matthews,https://archive.org/download/MSNBCW_20121228_000000_Hardball_With_Chris_Matthews/MSNBCW_20121228_000000_Hardball_With_Chris_Matthews.thumbs/MSNBCW_20121228_000000_Hardball_With_Chris_Matthews_001726.jpg,"proposal like climate change and sea level rise. second, state bans on sharia law. florida and kansas passed laws banning islamic law in their state. a spokesperson for kansas"
https://archive.org/details/MSNBCW_20121212_150000_Jansing_and_Co.#start/1158/end/1193,12/12/2012 15:19:33,MSNBC,Jansing and Co.,MSNBCW_20121212_150000_Jansing_and_Co.,https://archive.org/download/MSNBCW_20121212_150000_Jansing_and_Co./MSNBCW_20121212_150000_Jansing_and_Co..thumbs/MSNBCW_20121212_150000_Jansing_and_Co._001138.jpg,"affirming global warming isn't exactly a profile in courage, but it was brave considering the political spotlight was on him during hurricane sandy. of course we're talking about governor cuomo. the second governor cuomo. no shortage of elected officials who will run away from"
https://archive.org/details/MSNBCW_20121204_000000_Hardball_With_Chris_Matthews#start/1897/end/1932,12/4/2012 0:31:52,MSNBC,Hardball With Chris Matthews,MSNBCW_20121204_000000_Hardball_With_Chris_Matthews,https://archive.org/download/MSNBCW_20121204_000000_Hardball_With_Chris_Matthews/MSNBCW_20121204_000000_Hardball_With_Chris_Matthews.thumbs/MSNBCW_20121204_000000_Hardball_With_Chris_Matthews_001890.jpg,"that was a good line. kerry has been careful to stay clear of the public speculation about whom the president will actually pick to replace hillary clinton. also, arizona governor jan brewer, she's a heavyweight, in a comment about global warming. she doesn't think it's manmade,"
https://archive.org/details/MSNBCW_20121203_220000_Hardball_With_Chris_Matthews#start/1892/end/1927,12/3/2012 22:31:47,MSNBC,Hardball With Chris Matthews,MSNBCW_20121203_220000_Hardball_With_Chris_Matthews,https://archive.org/download/MSNBCW_20121203_220000_Hardball_With_Chris_Matthews/MSNBCW_20121203_220000_Hardball_With_Chris_Matthews.thumbs/MSNBCW_20121203_220000_Hardball_With_Chris_Matthews_001889.jpg,"kerry has been careful to stay clear of the public speculation about whom the president will actually pick to replace hillary clinton. also, ads governor jan brewer, she's a heavyweight, in a comment about global warming. she doesn't think it's man made, but her own explanation for"
https://archive.org/details/MSNBCW_20121229_030000_The_Last_Word#start/699/end/734,12/29/2012 3:11:54,MSNBC,The Last Word,MSNBCW_20121229_030000_The_Last_Word,https://archive.org/download/MSNBCW_20121229_030000_The_Last_Word/MSNBCW_20121229_030000_The_Last_Word.thumbs/MSNBCW_20121229_030000_The_Last_Word_000675.jpg,"you have the debates, we had jim lehrer as the moderator, for the 96th time. and what did he debate? you could have climate change or gay marriage or birth control."
https://archive.org/details/MSNBCW_20121208_130000_Up_W_Chris_Hayes#start/3983/end/4018,12/8/2012 14:06:38,MSNBC,Up W Chris Hayes,MSNBCW_20121208_130000_Up_W_Chris_Hayes,https://archive.org/download/MSNBCW_20121208_130000_Up_W_Chris_Hayes/MSNBCW_20121208_130000_Up_W_Chris_Hayes.thumbs/MSNBCW_20121208_130000_Up_W_Chris_Hayes_003959.jpg,"it's a problem of now, and we have to build the pauktics to get that result. there's a massive link between flooding in the brooklyn battery tunnel and a carbon tax. i think people are awakening to the impact. even exxon mobile, their"
https://archive.org/details/MSNBCW_20121212_150000_Jansing_and_Co.#start/1143/end/1178,12/12/2012 15:19:18,MSNBC,Jansing and Co.,MSNBCW_20121212_150000_Jansing_and_Co.,https://archive.org/download/MSNBCW_20121212_150000_Jansing_and_Co./MSNBCW_20121212_150000_Jansing_and_Co..thumbs/MSNBCW_20121212_150000_Jansing_and_Co._001138.jpg,"demonstration of what he thinks he can do going forward to influence gun policy on a national level. somebody who just might run for president of the united states is your number 19, because our governor isn't afraid to talk about global warming. for a democrat, you write"
https://archive.org/details/MSNBCW_20121208_040000_The_Ed_Show#start/1151/end/1186,12/8/2012 4:19:26,MSNBC,The Ed Show,MSNBCW_20121208_040000_The_Ed_Show,https://archive.org/download/MSNBCW_20121208_040000_The_Ed_Show/MSNBCW_20121208_040000_The_Ed_Show.thumbs/MSNBCW_20121208_040000_The_Ed_Show_001138.jpg,"we have millions of people desperately trying to find work. we're trying to deal with global warming and the tremendous problems that that's it going to bring to our planet. we have this absurd citizens united situation and billions of dollars coming into the campaign from wealthy people."
https://archive.org/details/MSNBCW_20121228_070000_Hardball_With_Chris_Matthews#start/1735/end/1770,12/28/2012 7:29:10,MSNBC,Hardball With Chris Matthews,MSNBCW_20121228_070000_Hardball_With_Chris_Matthews,https://archive.org/download/MSNBCW_20121228_070000_Hardball_With_Chris_Matthews/MSNBCW_20121228_070000_Hardball_With_Chris_Matthews.thumbs/MSNBCW_20121228_070000_Hardball_With_Chris_Matthews_001725.jpg,"proposal like climate change and sea level rise. second, state bans on sharia law. florida and kansas passed laws banning islamic law in their state. a spokesperson for kansas governor sam brownback said,"
https://archive.org/details/MSNBCW_20121222_200000_MSNBC_Live#start/1430/end/1465,12/22/2012 20:24:05,MSNBC,MSNBC Live,MSNBCW_20121222_200000_MSNBC_Live,https://archive.org/download/MSNBCW_20121222_200000_MSNBC_Live/MSNBCW_20121222_200000_MSNBC_Live.thumbs/MSNBCW_20121222_200000_MSNBC_Live_001425.jpg,"middle east, arms control and climate change and that will be a very strong effort on his part and then iraq. i hope he pays it -- north korea. he knows the issue well."
https://archive.org/details/MSNBCW_20121202_150000_Melissa_Harris-Perry#start/738/end/773,12/2/2012 15:12:33,MSNBC,Melissa Harris-Perry,MSNBCW_20121202_150000_Melissa_Harris-Perry,https://archive.org/download/MSNBCW_20121202_150000_Melissa_Harris-Perry/MSNBCW_20121202_150000_Melissa_Harris-Perry.thumbs/MSNBCW_20121202_150000_Melissa_Harris-Perry_000717.jpg,"fiscal fissures -- i think there are two wings of the republican party that don't agree with each other on a range of issues from climate change to immigration on a range of issues."
https://archive.org/details/MSNBCW_20121229_060000_The_Last_Word#start/703/end/738,12/29/2012 6:11:58,MSNBC,The Last Word,MSNBCW_20121229_060000_The_Last_Word,https://archive.org/download/MSNBCW_20121229_060000_The_Last_Word/MSNBCW_20121229_060000_The_Last_Word.thumbs/MSNBCW_20121229_060000_The_Last_Word_000675.jpg,"196th time. and what did he debate? you could have climate change or gay marriage or birth control. all that was ignored. we talked about simpson-bowles, deficit reduction, and affordable care act."
https://archive.org/details/MSNBCW_20121229_130000_Up_W_Chris_Hayes#start/2380/end/2415,12/29/2012 13:39:55,MSNBC,Up W Chris Hayes,MSNBCW_20121229_130000_Up_W_Chris_Hayes,https://archive.org/download/MSNBCW_20121229_130000_Up_W_Chris_Hayes/MSNBCW_20121229_130000_Up_W_Chris_Hayes.thumbs/MSNBCW_20121229_130000_Up_W_Chris_Hayes_002356.jpg,"if we confront climate change, to replace the fossil fuel energy is going to involve lots of investment, lots of jobs, lots of growth. what kind of growth? and in the long term there may"
https://archive.org/details/MSNBCW_20121203_210000_Martin_Bashir#start/2779/end/2814,12/3/2012 21:46:34,MSNBC,Martin Bashir,MSNBCW_20121203_210000_Martin_Bashir,https://archive.org/download/MSNBCW_20121203_210000_Martin_Bashir/MSNBCW_20121203_210000_Martin_Bashir.thumbs/MSNBCW_20121203_210000_Martin_Bashir_002758.jpg,"no. progress, progress, not perfection. jonathan? but, martin, here is the problem with jan brewer and senator rubio for that matter. remember, both on climate change and on immigration, their leaders in the republican party"
https://archive.org/details/MSNBCW_20121230_130000_Up_W_Chris_Hayes#start/6790/end/6825,12/30/2012 14:53:25,MSNBC,Up W Chris Hayes,MSNBCW_20121230_130000_Up_W_Chris_Hayes,https://archive.org/download/MSNBCW_20121230_130000_Up_W_Chris_Hayes/MSNBCW_20121230_130000_Up_W_Chris_Hayes.thumbs/MSNBCW_20121230_130000_Up_W_Chris_Hayes_006765.jpg,"issue where democrats have been too dormant for too long. losing the best hopes for affecting real change on climate change. lisa jackson announced she will be stepping down. hopes were high for significant"
https://archive.org/details/MSNBCW_20121229_130000_Up_W_Chris_Hayes#start/2923/end/2958,12/29/2012 13:48:58,MSNBC,Up W Chris Hayes,MSNBCW_20121229_130000_Up_W_Chris_Hayes,https://archive.org/download/MSNBCW_20121229_130000_Up_W_Chris_Hayes/MSNBCW_20121229_130000_Up_W_Chris_Hayes.thumbs/MSNBCW_20121229_130000_Up_W_Chris_Hayes_002896.jpg,"technical problems and overlooks power. qualitative questions around what kind of growth. i don't see how it's possible to confront climate change without significant change. wiping out the fossil fuel sector and replacing it, even if"
https://archive.org/details/MSNBCW_20121203_210000_Martin_Bashir#start/2700/end/2735,12/3/2012 21:45:15,MSNBC,Martin Bashir,MSNBCW_20121203_210000_Martin_Bashir,https://archive.org/download/MSNBCW_20121203_210000_Martin_Bashir/MSNBCW_20121203_210000_Martin_Bashir.thumbs/MSNBCW_20121203_210000_Martin_Bashir_002698.jpg,"showed up. maybe they'd heard her answer a report aers question about climate change. everybody has an opinion on it, you know, and, you know, i probably don't believe that it's manmade. i believe that, you know, that"
https://archive.org/details/MSNBCW_20121205_000000_Hardball_With_Chris_Matthews#start/2525/end/2560,12/5/2012 0:42:20,MSNBC,Hardball With Chris Matthews,MSNBCW_20121205_000000_Hardball_With_Chris_Matthews,https://archive.org/download/MSNBCW_20121205_000000_Hardball_With_Chris_Matthews/MSNBCW_20121205_000000_Hardball_With_Chris_Matthews.thumbs/MSNBCW_20121205_000000_Hardball_With_Chris_Matthews_002518.jpg,"ignorance. it's apiece of birtherism, the climate change is a hoax, if you cut taxes for rich people, magically the economy revives. it's magical thinking, and we're in the thrall of magical thinkers. the republican party has to"
https://archive.org/details/MSNBCW_20121202_150000_Melissa_Harris-Perry#start/4106/end/4141,12/2/2012 16:08:41,MSNBC,Melissa Harris-Perry,MSNBCW_20121202_150000_Melissa_Harris-Perry,https://archive.org/download/MSNBCW_20121202_150000_Melissa_Harris-Perry/MSNBCW_20121202_150000_Melissa_Harris-Perry.thumbs/MSNBCW_20121202_150000_Melissa_Harris-Perry_004107.jpg,"slope. the other thing with your lawsuit that i think is important, one of the things when you talk about filibusters, for people it's important to realize that if you care about climate change, if you care"
https://archive.org/details/MSNBCW_20121208_130000_Up_W_Chris_Hayes#start/6670/end/6705,12/8/2012 14:51:25,MSNBC,Up W Chris Hayes,MSNBCW_20121208_130000_Up_W_Chris_Hayes,https://archive.org/download/MSNBCW_20121208_130000_Up_W_Chris_Hayes/MSNBCW_20121208_130000_Up_W_Chris_Hayes.thumbs/MSNBCW_20121208_130000_Up_W_Chris_Hayes_006659.jpg,"college to divest their endowments. union president wrote a letter saying, in the near future, the political tide will turn and the public will demand action on climate change. our students are already demanding action and we must not"
https://archive.org/details/MSNBCW_20121227_230000_PoliticsNation#start/1067/end/1102,12/27/2012 23:18:02,MSNBC,PoliticsNation,MSNBCW_20121227_230000_PoliticsNation,https://archive.org/download/MSNBCW_20121227_230000_PoliticsNation/MSNBCW_20121227_230000_PoliticsNation.thumbs/MSNBCW_20121227_230000_PoliticsNation_001065.jpg,"become clear that the party is against everything and for nothing. nothing on taxes to you. nothing on gun control. nothing on climate change. nothing only gay marriage. nothing on immigration reform on incremental peace approach which"
https://archive.org/details/MSNBCW_20121227_220000_Hardball_With_Chris_Matthews#start/1732/end/1767,12/27/2012 22:29:07,MSNBC,Hardball With Chris Matthews,MSNBCW_20121227_220000_Hardball_With_Chris_Matthews,https://archive.org/download/MSNBCW_20121227_220000_Hardball_With_Chris_Matthews/MSNBCW_20121227_220000_Hardball_With_Chris_Matthews.thumbs/MSNBCW_20121227_220000_Hardball_With_Chris_Matthews_001725.jpg,"term' were yanked from the proposal like climate change and sea level rise. second, state bans on sharia law. florida and kansas passed laws banning islamic law in their state. a spokesperson for kansas governor sam brownback said,"
https://archive.org/details/MSNBCW_20121218_000000_Hardball_With_Chris_Matthews#start/168/end/203,12/18/2012 0:03:03,MSNBC,Hardball With Chris Matthews,MSNBCW_20121218_000000_Hardball_With_Chris_Matthews,https://archive.org/download/MSNBCW_20121218_000000_Hardball_With_Chris_Matthews/MSNBCW_20121218_000000_Hardball_With_Chris_Matthews.thumbs/MSNBCW_20121218_000000_Hardball_With_Chris_Matthews_000165.jpg,"but i think that he seemed -- if he wants that speech to mean anything, he has to do something real. you know, climate change, we can argue all the time about whether it's manmade, but this is manmade, guns."
https://archive.org/details/MSNBCW_20121229_120000_Weekends_With_Alex_Witt#start/3313/end/3348,12/29/2012 12:55:28,MSNBC,Weekends With Alex Witt,MSNBCW_20121229_120000_Weekends_With_Alex_Witt,https://archive.org/download/MSNBCW_20121229_120000_Weekends_With_Alex_Witt/MSNBCW_20121229_120000_Weekends_With_Alex_Witt.thumbs/MSNBCW_20121229_120000_Weekends_With_Alex_Witt_003285.jpg,"that's twice as much as previously thought the new studies showed and it shows us that antarctic is one of the fastest warming part of the planet. it's heating up fast and faster than we thought. help us out here. we hear about global warming but 4 1/2 degrees different since the 1950s in antarctica, help me"
https://archive.org/details/MSNBCW_20121229_130000_Up_W_Chris_Hayes#start/2797/end/2832,12/29/2012 13:46:52,MSNBC,Up W Chris Hayes,MSNBCW_20121229_130000_Up_W_Chris_Hayes,https://archive.org/download/MSNBCW_20121229_130000_Up_W_Chris_Hayes/MSNBCW_20121229_130000_Up_W_Chris_Hayes.thumbs/MSNBCW_20121229_130000_Up_W_Chris_Hayes_002776.jpg,"us why -- i want you to. why it's actually important? so, you know, let's stipulate yes, climate change is really important and, yes, juliet is absolutely right. it's really hard to do both at the same time but we have to be"
https://archive.org/details/MSNBCW_20121228_110000_Morning_Joe#start/1994/end/2029,12/28/2012 11:33:29,MSNBC,Morning Joe,MSNBCW_20121228_110000_Morning_Joe,https://archive.org/download/MSNBCW_20121228_110000_Morning_Joe/MSNBCW_20121228_110000_Morning_Joe.thumbs/MSNBCW_20121228_110000_Morning_Joe_001996.jpg,"this morning? i think a race against ed markey well-known in washington, respected here and has taken strong positions on climate change and other issues. he's not a household name in massachusetts. scott brown is. there's a totally different"
https://archive.org/details/MSNBCW_20121203_210000_Martin_Bashir#start/2795/end/2830,12/3/2012 21:46:50,MSNBC,Martin Bashir,MSNBCW_20121203_210000_Martin_Bashir,https://archive.org/download/MSNBCW_20121203_210000_Martin_Bashir/MSNBCW_20121203_210000_Martin_Bashir.thumbs/MSNBCW_20121203_210000_Martin_Bashir_002788.jpg,"who were leading on this, remember president george w. bush was leading on immigration, so was senator john mccain, both on immigration and on climate change. the fact that the republican party has gotten away from sensible positions on both those"
https://archive.org/details/MSNBCW_20121208_190000_MSNBC_Live#start/8798/end/8833,12/8/2012 21:26:53,MSNBC,MSNBC Live,MSNBCW_20121208_190000_MSNBC_Live,https://archive.org/download/MSNBCW_20121208_190000_MSNBC_Live/MSNBCW_20121208_190000_MSNBC_Live.thumbs/MSNBCW_20121208_190000_MSNBC_Live_008787.jpg,"something as big as the arctic ice sheet. with climate change and forest fires, the ice sheets are getting covered with ash. and they reflect less light. and so they heat up even more. and the edges of the ice sheets"
https://archive.org/details/MSNBCW_20121208_130000_Up_W_Chris_Hayes#start/4213/end/4248,12/8/2012 14:10:28,MSNBC,Up W Chris Hayes,MSNBCW_20121208_130000_Up_W_Chris_Hayes,https://archive.org/download/MSNBCW_20121208_130000_Up_W_Chris_Hayes/MSNBCW_20121208_130000_Up_W_Chris_Hayes.thumbs/MSNBCW_20121208_130000_Up_W_Chris_Hayes_004200.jpg,"we hope to get one that looks for the future and addresses climate change as the gravest threat facing the planet at this point. i'm glad you cued up the renewable conversation because that's next. steve palmer of the new american"
https://archive.org/details/MSNBCW_20121229_120000_Weekends_With_Alex_Witt#start/3290/end/3325,12/29/2012 12:55:05,MSNBC,Weekends With Alex Witt,MSNBCW_20121229_120000_Weekends_With_Alex_Witt,https://archive.org/download/MSNBCW_20121229_120000_Weekends_With_Alex_Witt/MSNBCW_20121229_120000_Weekends_With_Alex_Witt.thumbs/MSNBCW_20121229_120000_Weekends_With_Alex_Witt_003285.jpg,"and climate change. give me an idea, how much are we talking about? how much warmer did things get? so the new reports show that the average temperature in antarctica have gone up 4 1/2 degrees farenheit since 1958."
https://archive.org/details/MSNBCW_20121227_220000_Hardball_With_Chris_Matthews#start/1491/end/1526,12/27/2012 22:25:06,MSNBC,Hardball With Chris Matthews,MSNBCW_20121227_220000_Hardball_With_Chris_Matthews,https://archive.org/download/MSNBCW_20121227_220000_Hardball_With_Chris_Matthews/MSNBCW_20121227_220000_Hardball_With_Chris_Matthews.thumbs/MSNBCW_20121227_220000_Hardball_With_Chris_Matthews_001485.jpg,"ryan grim, thank you. you have been great. glen, you're so smart. happy new year. up next, can you say climate change? not if you're studying the environment in virginia. that and other silly laws in the 'sideshow.' this is a great 'sideshow'"
https://archive.org/details/MSNBCW_20121209_200000_MSNBC_Live#start/3349/end/3384,12/9/2012 20:56:04,MSNBC,MSNBC Live,MSNBCW_20121209_200000_MSNBC_Live,https://archive.org/download/MSNBCW_20121209_200000_MSNBC_Live/MSNBCW_20121209_200000_MSNBC_Live.thumbs/MSNBCW_20121209_200000_MSNBC_Live_003328.jpg,"thin. ed, let's look at legislative priorities here over the next four years. all indications at this point are basically saying that, you know, immigration, right after inauguration, last time either health care or climate change, the president chose health care."
https://archive.org/details/MSNBCW_20121209_200000_MSNBC_Live#start/3365/end/3400,12/9/2012 20:56:20,MSNBC,MSNBC Live,MSNBCW_20121209_200000_MSNBC_Live,https://archive.org/download/MSNBCW_20121209_200000_MSNBC_Live/MSNBCW_20121209_200000_MSNBC_Live.thumbs/MSNBCW_20121209_200000_MSNBC_Live_003358.jpg,"is there going to be any juice left after immigration for the president to do something big on climate change? that's the smart question to ask, craig. probably not, admittedly, because not only will he try to start immigration reform, and"
https://archive.org/details/MSNBCW_20121217_220000_Hardball_With_Chris_Matthews#start/162/end/197,12/17/2012 22:02:57,MSNBC,Hardball With Chris Matthews,MSNBCW_20121217_220000_Hardball_With_Chris_Matthews,https://archive.org/download/MSNBCW_20121217_220000_Hardball_With_Chris_Matthews/MSNBCW_20121217_220000_Hardball_With_Chris_Matthews.thumbs/MSNBCW_20121217_220000_Hardball_With_Chris_Matthews_000135.jpg,"he wants that speech to mean anything, he has to do something real. you know, climate change, we can argue all the time about whether it's manmade, but this is manmade, guns. this is a unique culture. i love so much about america."
https://archive.org/details/MSNBCW_20121218_070000_Hardball_With_Chris_Matthews#start/160/end/195,12/18/2012 7:02:55,MSNBC,Hardball With Chris Matthews,MSNBCW_20121218_070000_Hardball_With_Chris_Matthews,https://archive.org/download/MSNBCW_20121218_070000_Hardball_With_Chris_Matthews/MSNBCW_20121218_070000_Hardball_With_Chris_Matthews.thumbs/MSNBCW_20121218_070000_Hardball_With_Chris_Matthews_000136.jpg,"he wants that speech to mean anything, he has to do something real. you know, climate change, we can argue all the time about whether it's manmade, but this is manmade, guns. this is a unique culture. i love so much about america."
https://archive.org/details/MSNBCW_20121204_000000_Hardball_With_Chris_Matthews#start/1913/end/1948,12/4/2012 0:32:08,MSNBC,Hardball With Chris Matthews,MSNBCW_20121204_000000_Hardball_With_Chris_Matthews,https://archive.org/download/MSNBCW_20121204_000000_Hardball_With_Chris_Matthews/MSNBCW_20121204_000000_Hardball_With_Chris_Matthews.thumbs/MSNBCW_20121204_000000_Hardball_With_Chris_Matthews_001890.jpg,"but her own explanation for climate change is rather lacking. here is what she told a local reporter. everybody has an opinion on it, you know, and i probably don't believe it's manmade. i believe that, you know, weather and certain elements are"
https://archive.org/details/MSNBCW_20121203_220000_Hardball_With_Chris_Matthews#start/1908/end/1943,12/3/2012 22:32:03,MSNBC,Hardball With Chris Matthews,MSNBCW_20121203_220000_Hardball_With_Chris_Matthews,https://archive.org/download/MSNBCW_20121203_220000_Hardball_With_Chris_Matthews/MSNBCW_20121203_220000_Hardball_With_Chris_Matthews.thumbs/MSNBCW_20121203_220000_Hardball_With_Chris_Matthews_001889.jpg,"climate change is rather lacking. here is what she told a local reporter. everybody has an opinion on it, you know, and i probably don't believe it's manmade. i believe that, you know, weather and certain elements are controlled maybe by different"
https://archive.org/details/MSNBCW_20121202_150000_Melissa_Harris-Perry#start/1219/end/1254,12/2/2012 15:20:34,MSNBC,Melissa Harris-Perry,MSNBCW_20121202_150000_Melissa_Harris-Perry,https://archive.org/download/MSNBCW_20121202_150000_Melissa_Harris-Perry/MSNBCW_20121202_150000_Melissa_Harris-Perry.thumbs/MSNBCW_20121202_150000_Melissa_Harris-Perry_001197.jpg,"on the issues, on choice, on climate change, on immigration reform. even though there's a shift on immigration reform, i don't think latino voters will all of a sudden flock to the republican party. we didn't get to mike fleck, is a state representative in"
https://archive.org/details/MSNBCW_20121228_070000_Hardball_With_Chris_Matthews#start/1720/end/1755,12/28/2012 7:28:55,MSNBC,Hardball With Chris Matthews,MSNBCW_20121228_070000_Hardball_With_Chris_Matthews,https://archive.org/download/MSNBCW_20121228_070000_Hardball_With_Chris_Matthews/MSNBCW_20121228_070000_Hardball_With_Chris_Matthews.thumbs/MSNBCW_20121228_070000_Hardball_With_Chris_Matthews_001695.jpg,"terms climate change and sea level rise from a request to study the causes of coastal flooding? that's exactly what happened in virginia in the republican-led legislature. the study could not get approval for funding until 'left wing terms' were yanked from the"
https://archive.org/details/MSNBCW_20121203_210000_Martin_Bashir#start/2764/end/2799,12/3/2012 21:46:19,MSNBC,Martin Bashir,MSNBCW_20121203_210000_Martin_Bashir,https://archive.org/download/MSNBCW_20121203_210000_Martin_Bashir/MSNBCW_20121203_210000_Martin_Bashir.thumbs/MSNBCW_20121203_210000_Martin_Bashir_002758.jpg,"solutions democrats present but they want these things addressed. but marco rubio was not able to give a definitive answer on the answer of climate change, was he? she's not entirely isolated. no. i do think -- we'll see -- i'm just like, yeah, you're right,"
https://archive.org/details/MSNBCW_20121204_220000_Hardball_With_Chris_Matthews#start/2526/end/2561,12/4/2012 22:42:21,MSNBC,Hardball With Chris Matthews,MSNBCW_20121204_220000_Hardball_With_Chris_Matthews,https://archive.org/download/MSNBCW_20121204_220000_Hardball_With_Chris_Matthews/MSNBCW_20121204_220000_Hardball_With_Chris_Matthews.thumbs/MSNBCW_20121204_220000_Hardball_With_Chris_Matthews_002520.jpg,"of if not the ignorant people in the republican people, at least people who will pander to that ignorance. it's a piece of birtherism, the climate change is a hoax, if you cut taxes for rich people, magically the economy revives. it's magical thinking, and we're"
https://archive.org/details/MSNBCW_20121208_130000_Up_W_Chris_Hayes#start/6090/end/6125,12/8/2012 14:41:45,MSNBC,Up W Chris Hayes,MSNBCW_20121208_130000_Up_W_Chris_Hayes,https://archive.org/download/MSNBCW_20121208_130000_Up_W_Chris_Hayes/MSNBCW_20121208_130000_Up_W_Chris_Hayes.thumbs/MSNBCW_20121208_130000_Up_W_Chris_Hayes_006089.jpg,"them. the connection i was going to make is they're working in austere conditions in the front lines in afghanistan. if we're right about climate change, post-sandy new york is another set of austere conditions, there's a lot more conditions in the world where"
https://archive.org/details/MSNBCW_20121208_130000_Up_W_Chris_Hayes#start/6624/end/6659,12/8/2012 14:50:39,MSNBC,Up W Chris Hayes,MSNBCW_20121208_130000_Up_W_Chris_Hayes,https://archive.org/download/MSNBCW_20121208_130000_Up_W_Chris_Hayes/MSNBCW_20121208_130000_Up_W_Chris_Hayes.thumbs/MSNBCW_20121208_130000_Up_W_Chris_Hayes_006599.jpg,"we'll be watching very closely. what do we know now we didn't last week? we we know more clearly who will suffer most severely from the effects of climate change, the source of much of the world's oil, northern africa and much of the middle east."
https://archive.org/details/MSNBCW_20121225_110000_Morning_Joe#start/1687/end/1722,12/25/2012 11:28:22,MSNBC,Morning Joe,MSNBCW_20121225_110000_Morning_Joe,https://archive.org/download/MSNBCW_20121225_110000_Morning_Joe/MSNBCW_20121225_110000_Morning_Joe.thumbs/MSNBCW_20121225_110000_Morning_Joe_001665.jpg,"barnicle, of all people, mike, you chose weather-driven events, superstorm sandy, climate change, overall. which may have had an impact on the last week of the election as well. oh, i think so, joe. and i think what happened after sandy or during sandy to the"
https://archive.org/details/MSNBCW_20121229_030000_The_Last_Word#start/746/end/781,12/29/2012 3:12:41,MSNBC,The Last Word,MSNBCW_20121229_030000_The_Last_Word,https://archive.org/download/MSNBCW_20121229_030000_The_Last_Word/MSNBCW_20121229_030000_The_Last_Word.thumbs/MSNBCW_20121229_030000_The_Last_Word_000735.jpg,"by both the obama campaign and the not so surprising decision on never raising climate change for the first time. since 1988, if you go back to the tape when lloyd benson, they both said yeah, that will be a problem, we should do something"
https://archive.org/details/MSNBCW_20121229_060000_The_Last_Word#start/733/end/768,12/29/2012 6:12:28,MSNBC,The Last Word,MSNBCW_20121229_060000_The_Last_Word,https://archive.org/download/MSNBCW_20121229_060000_The_Last_Word/MSNBCW_20121229_060000_The_Last_Word.thumbs/MSNBCW_20121229_060000_The_Last_Word_000705.jpg,"to broader perspectives. i don't mean to pick on jim lehrer too much, but really, enough of it. chris, the worst move? the worst move, the decision by both the obama campaign and the not so surprising decision on never raising climate change for the first time."
https://archive.org/details/MSNBCW_20121209_200000_MSNBC_Live#start/3410/end/3445,12/9/2012 20:57:05,MSNBC,MSNBC Live,MSNBCW_20121209_200000_MSNBC_Live,https://archive.org/download/MSNBCW_20121209_200000_MSNBC_Live/MSNBCW_20121209_200000_MSNBC_Live.thumbs/MSNBCW_20121209_200000_MSNBC_Live_003388.jpg,"domestic policy. when you make that gamble, it will likely be immigration reform with maybe some modest attempt at climate change so at least he can say i tried. all right. ed, a.b., thanks to both of you. appreciate your time. coming up, egypt's new"
https://archive.org/details/MSNBCW_20121207_110000_Morning_Joe#start/2910/end/2945,12/7/2012 11:48:45,MSNBC,Morning Joe,MSNBCW_20121207_110000_Morning_Joe,https://archive.org/download/MSNBCW_20121207_110000_Morning_Joe/MSNBCW_20121207_110000_Morning_Joe.thumbs/MSNBCW_20121207_110000_Morning_Joe_002908.jpg,"look, you may even see it one day on climate change. i think the debates are changing. this sounds so good, but then i read charles krauthammer. nothing but a power play. obama's objective in these negotiations is not economic but political. not to solve the debt crisis but"
https://archive.org/details/MSNBCW_20121205_070000_Hardball_With_Chris_Matthews#start/2521/end/2556,12/5/2012 7:42:16,MSNBC,Hardball With Chris Matthews,MSNBCW_20121205_070000_Hardball_With_Chris_Matthews,https://archive.org/download/MSNBCW_20121205_070000_Hardball_With_Chris_Matthews/MSNBCW_20121205_070000_Hardball_With_Chris_Matthews.thumbs/MSNBCW_20121205_070000_Hardball_With_Chris_Matthews_002519.jpg,"but still somehow profoundly ignorant, and they're emblematic of if not the ignorant people in the republican people, at least people who will pander to that ignorance. it's apiece of birtherism, the climate change is a hoax, if you cut taxes for rich people, magically the economy revives."
https://archive.org/details/MSNBCW_20121216_130000_Up_W_Chris_Hayes#start/5148/end/5183,12/16/2012 14:26:03,MSNBC,Up W Chris Hayes,MSNBCW_20121216_130000_Up_W_Chris_Hayes,https://archive.org/download/MSNBCW_20121216_130000_Up_W_Chris_Hayes/MSNBCW_20121216_130000_Up_W_Chris_Hayes.thumbs/MSNBCW_20121216_130000_Up_W_Chris_Hayes_005146.jpg,"unions have to embrace climate change. have to embrace child career issues. they have to advocate for broad issues on behalf of the laboring class and rebuild the movement by winning over the hearts and minds of american workers. it starts with re-imagining"
https://archive.org/details/MSNBCW_20121218_170000_NOW_With_Alex_Wagner#start/3111/end/3146,12/18/2012 17:52:06,MSNBC,NOW With Alex Wagner,MSNBCW_20121218_170000_NOW_With_Alex_Wagner,https://archive.org/download/MSNBCW_20121218_170000_NOW_With_Alex_Wagner/MSNBCW_20121218_170000_NOW_With_Alex_Wagner.thumbs/MSNBCW_20121218_170000_NOW_With_Alex_Wagner_003106.jpg,"boxer, tom udall raise questions about what are the president's powers in the 'war on terror?' do you believe climate change is a clear and present danger. what are you going to do about a global check recovery? what are you going to do about the hyper militaryization of our"
https://archive.org/details/MSNBCW_20121227_220000_Hardball_With_Chris_Matthews#start/1703/end/1738,12/27/2012 22:28:38,MSNBC,Hardball With Chris Matthews,MSNBCW_20121227_220000_Hardball_With_Chris_Matthews,https://archive.org/download/MSNBCW_20121227_220000_Hardball_With_Chris_Matthews/MSNBCW_20121227_220000_Hardball_With_Chris_Matthews.thumbs/MSNBCW_20121227_220000_Hardball_With_Chris_Matthews_001665.jpg,"first, the right way to legisla legislate. think progress is out with a round of some of the most out there legislative moves we saw from the republicans side this past year. some 'hardball' favorites from the list. first, how about banning the terms climate change and sea level rise from a request to"
https://archive.org/details/MSNBCW_20121212_110000_Morning_Joe#start/4714/end/4749,12/12/2012 12:18:49,MSNBC,Morning Joe,MSNBCW_20121212_110000_Morning_Joe,https://archive.org/download/MSNBCW_20121212_110000_Morning_Joe/MSNBCW_20121212_110000_Morning_Joe.thumbs/MSNBCW_20121212_110000_Morning_Joe_004708.jpg,"from the worst impacts of this crisis. you know, mike, there's a concept in climate change where they speak about we need to manage the unavoidable and avoid the unmanageable. and it's true about the climate, and it's true about the middle east as well. it's one of the reasons i began"
https://archive.org/details/MSNBCW_20121229_130000_Up_W_Chris_Hayes#start/2877/end/2912,12/29/2012 13:48:12,MSNBC,Up W Chris Hayes,MSNBCW_20121229_130000_Up_W_Chris_Hayes,https://archive.org/download/MSNBCW_20121229_130000_Up_W_Chris_Hayes/MSNBCW_20121229_130000_Up_W_Chris_Hayes.thumbs/MSNBCW_20121229_130000_Up_W_Chris_Hayes_002866.jpg,"growth. study after study has shown that just doesn't have an impact on you at the moment that you enter the economy, it's a lifelong impact. i'm not setting aside at all any of the -- i think the big issues with just growth -- no. if you stop with growth, growth is not enough. it doesn't cover climate change and it doesn't cover"
https://archive.org/details/MSNBCW_20121228_000000_Hardball_With_Chris_Matthews#start/1711/end/1746,12/28/2012 0:28:46,MSNBC,Hardball With Chris Matthews,MSNBCW_20121228_000000_Hardball_With_Chris_Matthews,https://archive.org/download/MSNBCW_20121228_000000_Hardball_With_Chris_Matthews/MSNBCW_20121228_000000_Hardball_With_Chris_Matthews.thumbs/MSNBCW_20121228_000000_Hardball_With_Chris_Matthews_001696.jpg,"back to 'hardball.' now to the 'sideshow.' a good one i said. first, the right way to legislate. think progress is out with a round of some of the most out there legislative moves we saw from the republican's side this past year. some 'hardball' favorites from the list. first, how about banning the terms climate change and sea level rise from a request to study the causes of coastal"
https://archive.org/details/MSNBCW_20121208_080000_The_Ed_Show#start/1119/end/1154,12/8/2012 8:18:54,MSNBC,The Ed Show,MSNBCW_20121208_080000_The_Ed_Show,https://archive.org/download/MSNBCW_20121208_080000_The_Ed_Show/MSNBCW_20121208_080000_The_Ed_Show.thumbs/MSNBCW_20121208_080000_The_Ed_Show_001108.jpg,"this just goes to show either winging it big time. they don't have a plan other than to get in the way. what's your response to what unfolded on the floor and what we can look forward to in the future? i think dick durbin was right. in a time of dysfunctionality, this probably takes the cake when you filibuster your own probably. but the bottom line, this country, as you well know, ed, faces enormous problems. we have people trying to find work. we're trying to deal with global warming and the tremendous problems that that's it going to bring to our planet. we have this absurd citizens"
