﻿URL,MatchDateTime,Station,Show,IAShowID,IAPreviewThumb,Snippet
https://archive.org/details/MSNBCW_20130513_130000_The_Daily_Rundown#start/2164/end/2199,5/13/2013 13:36:19,MSNBC,The Daily Rundown,MSNBCW_20130513_130000_The_Daily_Rundown,https://archive.org/download/MSNBCW_20130513_130000_The_Daily_Rundown/MSNBCW_20130513_130000_The_Daily_Rundown.thumbs/MSNBCW_20130513_130000_The_Daily_Rundown_002146.jpg,"a an increasing number of voters are paying attention. gallup poll shows 58% of people are worried about global warming and 57% say it's manmade. what's more, a significant shift in how republicans view the issue and when asked if they are concerned about global warming,"
https://archive.org/details/MSNBCW_20130513_130000_The_Daily_Rundown#start/2459/end/2494,5/13/2013 13:41:14,MSNBC,The Daily Rundown,MSNBCW_20130513_130000_The_Daily_Rundown,https://archive.org/download/MSNBCW_20130513_130000_The_Daily_Rundown/MSNBCW_20130513_130000_The_Daily_Rundown.thumbs/MSNBCW_20130513_130000_The_Daily_Rundown_002446.jpg,"change, not just global warming has been dumped but climate change has been politicized too much. do other republicans agree with that? a little bit of a debate on what we call climate change or call it global warming? a broader debate on sort of"
https://archive.org/details/MSNBCW_20130522_200000_Martin_Bashir#start/2539/end/2574,5/22/2013 20:42:34,MSNBC,Martin Bashir,MSNBCW_20130522_200000_Martin_Bashir,https://archive.org/download/MSNBCW_20130522_200000_Martin_Bashir/MSNBCW_20130522_200000_Martin_Bashir.thumbs/MSNBCW_20130522_200000_Martin_Bashir_002537.jpg,"in the case of tornadoes, we do not have a global warming or climate change link yet. we have a global warming and climate change link to a whole lot of things. but this really does seem to be a case of weather not climate. now, some of the variables, some"
https://archive.org/details/MSNBCW_20130522_160000_NOW_With_Alex_Wagner#start/809/end/844,5/22/2013 16:13:44,MSNBC,NOW With Alex Wagner,MSNBCW_20130522_160000_NOW_With_Alex_Wagner,https://archive.org/download/MSNBCW_20130522_160000_NOW_With_Alex_Wagner/MSNBCW_20130522_160000_NOW_With_Alex_Wagner.thumbs/MSNBCW_20130522_160000_NOW_With_Alex_Wagner_000795.jpg,"we have a hurricane, and we know there will be another one giving global climate change, how do we mitigate the damage and protect people's lives? obviously you can't blame the tornado on climate change, but"
https://archive.org/details/MSNBCW_20130521_160000_NOW_With_Alex_Wagner#start/1721/end/1756,5/21/2013 16:28:56,MSNBC,NOW With Alex Wagner,MSNBCW_20130521_160000_NOW_With_Alex_Wagner,https://archive.org/download/MSNBCW_20130521_160000_NOW_With_Alex_Wagner/MSNBCW_20130521_160000_NOW_With_Alex_Wagner.thumbs/MSNBCW_20130521_160000_NOW_With_Alex_Wagner_001695.jpg,"asked about new jersey's preparedness for hurricane sandy and they said given the fact that maybe climate change is something that well for example, new york sotomayor bloomberg acknowledges it and subsequently made perhaps better disaster plans for climate change-related"
https://archive.org/details/MSNBCW_20130521_160000_NOW_With_Alex_Wagner#start/1737/end/1772,5/21/2013 16:29:12,MSNBC,NOW With Alex Wagner,MSNBCW_20130521_160000_NOW_With_Alex_Wagner,https://archive.org/download/MSNBCW_20130521_160000_NOW_With_Alex_Wagner/MSNBCW_20130521_160000_NOW_With_Alex_Wagner.thumbs/MSNBCW_20130521_160000_NOW_With_Alex_Wagner_001725.jpg,"event. christie said there's no proof that sandy was caused by climate change, which i think has disappointed a lot of folks that thought he was going it take a more moderate position on something like that. he's right. there's no proof that that particular storm was caused by climate change."
https://archive.org/details/MSNBCW_20130507_160000_NOW_With_Alex_Wagner#start/1673/end/1708,5/7/2013 16:28:08,MSNBC,NOW With Alex Wagner,MSNBCW_20130507_160000_NOW_With_Alex_Wagner,https://archive.org/download/MSNBCW_20130507_160000_NOW_With_Alex_Wagner/MSNBCW_20130507_160000_NOW_With_Alex_Wagner.thumbs/MSNBCW_20130507_160000_NOW_With_Alex_Wagner_001666.jpg,"and no spoilers here, but you talk about the fact that he hasn't given up on trying to convert murdoch to the path of lightness, if you will. kind of in general i think history has proven to be on al gore's side. global warming is real."
https://archive.org/details/MSNBCW_20130529_030000_All_In_With_Chris_Hayes#start/309/end/344,5/29/2013 3:05:24,MSNBC,All In With Chris Hayes,MSNBCW_20130529_030000_All_In_With_Chris_Hayes,https://archive.org/download/MSNBCW_20130529_030000_All_In_With_Chris_Hayes/MSNBCW_20130529_030000_All_In_With_Chris_Hayes.thumbs/MSNBCW_20130529_030000_All_In_With_Chris_Hayes_000286.jpg,"taking it it out of the energy fund to balance the budget, withdrawn the state from the cap and trade plan and perhaps most relevant so woefully underprepared his transportation agency for climate change that"
https://archive.org/details/MSNBCW_20130521_160000_NOW_With_Alex_Wagner#start/1581/end/1616,5/21/2013 16:26:36,MSNBC,NOW With Alex Wagner,MSNBCW_20130521_160000_NOW_With_Alex_Wagner,https://archive.org/download/MSNBCW_20130521_160000_NOW_With_Alex_Wagner/MSNBCW_20130521_160000_NOW_With_Alex_Wagner.thumbs/MSNBCW_20130521_160000_NOW_With_Alex_Wagner_001575.jpg,"university, the poll on american attitude the towards climate change. 58% of u.s. residents believe global warming is affecting the country's weather, but only 28% say dealing with global warming is a top priority for the president and congress and i think that would probably you could map that out to a public"
https://archive.org/details/MSNBCW_20130513_130000_The_Daily_Rundown#start/2320/end/2355,5/13/2013 13:38:55,MSNBC,The Daily Rundown,MSNBCW_20130513_130000_The_Daily_Rundown,https://archive.org/download/MSNBCW_20130513_130000_The_Daily_Rundown/MSNBCW_20130513_130000_The_Daily_Rundown.thumbs/MSNBCW_20130513_130000_The_Daily_Rundown_002296.jpg,"split in the party right now. we're seeing republican leaders. i think it's even a split between the leaders because you see leaders like marco rubio feeling very comfortable, essentially mocking or denying the science of climate change."
https://archive.org/details/MSNBCW_20130513_190000_The_Cycle#start/1331/end/1366,5/13/2013 19:22:26,MSNBC,The Cycle,MSNBCW_20130513_190000_The_Cycle,https://archive.org/download/MSNBCW_20130513_190000_The_Cycle/MSNBCW_20130513_190000_The_Cycle.thumbs/MSNBCW_20130513_190000_The_Cycle_001306.jpg,"it was more how they spun the result. and the irs scandal which is huge. but meanwhile, congress, the senate could not pass a gun control bill supported by 90% of the american people. we've done nothing whatsoever about climate change."
https://archive.org/details/MSNBCW_20130528_160000_NOW_With_Alex_Wagner#start/856/end/891,5/28/2013 16:14:31,MSNBC,NOW With Alex Wagner,MSNBCW_20130528_160000_NOW_With_Alex_Wagner,https://archive.org/download/MSNBCW_20130528_160000_NOW_With_Alex_Wagner/MSNBCW_20130528_160000_NOW_With_Alex_Wagner.thumbs/MSNBCW_20130528_160000_NOW_With_Alex_Wagner_000855.jpg,"conversation about climate change and where the president has been on energy reform. the epa missed its legal deadline in april to write a rule on greenhouse gas emissions from future powerplants. the epa told republican lawmakers they have not started working on regulation on carbon"
https://archive.org/details/MSNBCW_20130504_140000_Melissa_Harris-Perry#start/6529/end/6564,5/4/2013 15:49:04,MSNBC,Melissa Harris-Perry,MSNBCW_20130504_140000_Melissa_Harris-Perry,https://archive.org/download/MSNBCW_20130504_140000_Melissa_Harris-Perry/MSNBCW_20130504_140000_Melissa_Harris-Perry.thumbs/MSNBCW_20130504_140000_Melissa_Harris-Perry_006526.jpg,"give them the tools where they can make up their own mind. not only in science, but as they learn about other controversial issues. whether it's global warming, climate change or other issues, what are we scared of? what are we scared of?"
https://archive.org/details/MSNBCW_20130529_190000_The_Cycle#start/1854/end/1889,5/29/2013 19:31:09,MSNBC,The Cycle,MSNBCW_20130529_190000_The_Cycle,https://archive.org/download/MSNBCW_20130529_190000_The_Cycle/MSNBCW_20130529_190000_The_Cycle.thumbs/MSNBCW_20130529_190000_The_Cycle_001845.jpg,"them, like administration greenhouse gas rules have gotten through. the bush administration bpa had a harder time than the obama epa."
https://archive.org/details/MSNBCW_20130529_000000_All_In_With_Chris_Hayes#start/689/end/724,5/29/2013 0:11:44,MSNBC,All In With Chris Hayes,MSNBCW_20130529_000000_All_In_With_Chris_Hayes,https://archive.org/download/MSNBCW_20130529_000000_All_In_With_Chris_Hayes/MSNBCW_20130529_000000_All_In_With_Chris_Hayes.thumbs/MSNBCW_20130529_000000_All_In_With_Chris_Hayes_000675.jpg,"proof that climate change caused hurricane sandy. and that's just total red meat for the base and i find it so disingenuous, because the claim is not that climate change caused hurricane sandy or"
https://archive.org/details/MSNBCW_20130529_070000_All_In_With_Chris_Hayes#start/698/end/733,5/29/2013 7:11:53,MSNBC,All In With Chris Hayes,MSNBCW_20130529_070000_All_In_With_Chris_Hayes,https://archive.org/download/MSNBCW_20130529_070000_All_In_With_Chris_Hayes/MSNBCW_20130529_070000_All_In_With_Chris_Hayes.thumbs/MSNBCW_20130529_070000_All_In_With_Chris_Hayes_000676.jpg,"for the base and i find it so disingenuous, because the claim is not that climate change caused hurricane sandy or hurricanes, the claim is that climate change makes it worse. they're set to rise 5 feet in the next 100 years."
https://archive.org/details/MSNBCW_20130511_010000_The_Rachel_Maddow_Show#start/2305/end/2340,5/11/2013 1:38:40,MSNBC,The Rachel Maddow Show,MSNBCW_20130511_010000_The_Rachel_Maddow_Show,https://archive.org/download/MSNBCW_20130511_010000_The_Rachel_Maddow_Show/MSNBCW_20130511_010000_The_Rachel_Maddow_Show.thumbs/MSNBCW_20130511_010000_The_Rachel_Maddow_Show_002296.jpg,"deal with global warming in the obama era. the prospect for environmentalists is exhilera exhilerating but also harrowing."
https://archive.org/details/MSNBCW_20130525_210000_The_Ed_Show#start/2304/end/2339,5/25/2013 21:38:39,MSNBC,The Ed Show,MSNBCW_20130525_210000_The_Ed_Show,https://archive.org/download/MSNBCW_20130525_210000_The_Ed_Show/MSNBCW_20130525_210000_The_Ed_Show.thumbs/MSNBCW_20130525_210000_The_Ed_Show_002296.jpg,"with climate change. so these republicans are promoting policies that are causing climate change and we newsing to faye for the consequences of that. there's no question about it. they're all deniers. senator coburn may need to rethink his science here. i tell you, if you're living"
https://archive.org/details/MSNBCW_20130521_160000_NOW_With_Alex_Wagner#start/1321/end/1356,5/21/2013 16:22:16,MSNBC,NOW With Alex Wagner,MSNBCW_20130521_160000_NOW_With_Alex_Wagner,https://archive.org/download/MSNBCW_20130521_160000_NOW_With_Alex_Wagner/MSNBCW_20130521_160000_NOW_With_Alex_Wagner.thumbs/MSNBCW_20130521_160000_NOW_With_Alex_Wagner_001305.jpg,"super storms. whether or not our changing atmosphere is the missing link, amy davidson argues in the 'new yorker,' climate change has changed the name of the weather game. climate change means that the weather rhythms that we think we know by heart are all out of"
https://archive.org/details/MSNBCW_20130529_030000_All_In_With_Chris_Hayes#start/676/end/711,5/29/2013 3:11:31,MSNBC,All In With Chris Hayes,MSNBCW_20130529_030000_All_In_With_Chris_Hayes,https://archive.org/download/MSNBCW_20130529_030000_All_In_With_Chris_Hayes/MSNBCW_20130529_030000_All_In_With_Chris_Hayes.thumbs/MSNBCW_20130529_030000_All_In_With_Chris_Hayes_000676.jpg,"like an idiot, it's esoteric. i'm too busy getting the state back together to interfere in this scientific relationship. but the climate question relates to the broader question which is the pictures of him and barack obama, him on record on climate"
https://archive.org/details/MSNBCW_20130529_030000_All_In_With_Chris_Hayes#start/720/end/755,5/29/2013 3:12:15,MSNBC,All In With Chris Hayes,MSNBCW_20130529_030000_All_In_With_Chris_Hayes,https://archive.org/download/MSNBCW_20130529_030000_All_In_With_Chris_Hayes/MSNBCW_20130529_030000_All_In_With_Chris_Hayes.thumbs/MSNBCW_20130529_030000_All_In_With_Chris_Hayes_000706.jpg,"the claim is that climate change works. sea levels in new york city are up a foot before they were a hundred years ago. they are set to rise five feet in the next 100 years. it it takes someone who believes in. climate change to believe in"
https://archive.org/details/MSNBCW_20130529_000000_All_In_With_Chris_Hayes#start/707/end/742,5/29/2013 0:12:02,MSNBC,All In With Chris Hayes,MSNBCW_20130529_000000_All_In_With_Chris_Hayes,https://archive.org/download/MSNBCW_20130529_000000_All_In_With_Chris_Hayes/MSNBCW_20130529_000000_All_In_With_Chris_Hayes.thumbs/MSNBCW_20130529_000000_All_In_With_Chris_Hayes_000705.jpg,"hurricanes, the claim is that climate change makes it worse. they're set to rise 5 feet in the next 100 years. and it takes someone who believes in climate change to do something about that. and also, james, quickly here, the other point, you've got to be thinking about this stuff when rebuilding."
https://archive.org/details/MSNBCW_20130528_160000_NOW_With_Alex_Wagner#start/918/end/953,5/28/2013 16:15:33,MSNBC,NOW With Alex Wagner,MSNBCW_20130528_160000_NOW_With_Alex_Wagner,https://archive.org/download/MSNBCW_20130528_160000_NOW_With_Alex_Wagner/MSNBCW_20130528_160000_NOW_With_Alex_Wagner.thumbs/MSNBCW_20130528_160000_NOW_With_Alex_Wagner_000915.jpg,"regional greenhouse gas initiative. which republicans mayors and others are part of. nine mid-atlantic northeastern states. he's sought environmental waivers, leading groups which supported him the last time around. i think we have to understand that extreme weather that we're"
https://archive.org/details/MSNBCW_20130529_070000_All_In_With_Chris_Hayes#start/671/end/706,5/29/2013 7:11:26,MSNBC,All In With Chris Hayes,MSNBCW_20130529_070000_All_In_With_Chris_Hayes,https://archive.org/download/MSNBCW_20130529_070000_All_In_With_Chris_Hayes/MSNBCW_20130529_070000_All_In_With_Chris_Hayes.thumbs/MSNBCW_20130529_070000_All_In_With_Chris_Hayes_000646.jpg,"but the climate change question relates to the broader question, which is like the pictures of him and barack obama, him on record on climate change, all that stuff is still there in the primary. it's like how dumb do you think republican primary voters are or do you think you actually -- that the base won't be as strong"
https://archive.org/details/MSNBCW_20130514_190000_The_Cycle#start/1626/end/1661,5/14/2013 19:27:21,MSNBC,The Cycle,MSNBCW_20130514_190000_The_Cycle,https://archive.org/download/MSNBCW_20130514_190000_The_Cycle/MSNBCW_20130514_190000_The_Cycle.thumbs/MSNBCW_20130514_190000_The_Cycle_001606.jpg,"terrorism, abortion, immigration, campaign spending, voting rights, re, gender discrimination, capital punishment, school integration, global warming, animal cruelty, video game regulation and miranda warnings. that felt like master piece"
https://archive.org/details/MSNBCW_20130528_190000_The_Cycle#start/681/end/716,5/28/2013 19:11:36,MSNBC,The Cycle,MSNBCW_20130528_190000_The_Cycle,https://archive.org/download/MSNBCW_20130528_190000_The_Cycle/MSNBCW_20130528_190000_The_Cycle.thumbs/MSNBCW_20130528_190000_The_Cycle_000675.jpg,"meteorologically bipolar. these severe weather patterns meet global warming. we know that it was up by about 5 degrees on the surface in the ocean in conjunction with that"
https://archive.org/details/MSNBCW_20130529_000000_All_In_With_Chris_Hayes#start/661/end/696,5/29/2013 0:11:16,MSNBC,All In With Chris Hayes,MSNBCW_20130529_000000_All_In_With_Chris_Hayes,https://archive.org/download/MSNBCW_20130529_000000_All_In_With_Chris_Hayes/MSNBCW_20130529_000000_All_In_With_Chris_Hayes.thumbs/MSNBCW_20130529_000000_All_In_With_Chris_Hayes_000645.jpg,"do. and i'm too busy getting this state back together to kind of interfere in this scientific relationship. but the climate change question relates to the broader question, which is like the pictures of him and barack obama, him on record on climate change, all that stuff is still there in the primary. it's like how dumb do you think"
https://archive.org/details/MSNBCW_20130513_130000_The_Daily_Rundown#start/2443/end/2478,5/13/2013 13:40:58,MSNBC,The Daily Rundown,MSNBCW_20130513_130000_The_Daily_Rundown,https://archive.org/download/MSNBCW_20130513_130000_The_Daily_Rundown/MSNBCW_20130513_130000_The_Daily_Rundown.thumbs/MSNBCW_20130513_130000_The_Daily_Rundown_002416.jpg,"spending cuts and taxes and things like that, they're sort of continuing that message from the campaign and what some party members are saying, look, we need to scratch the scenario. we need to move away from that. i talked to some democrats who are arguing that they have to dump the phrase climate"
https://archive.org/details/MSNBCW_20130511_000000_All_In_With_Chris_Hayes#start/3045/end/3080,5/11/2013 0:51:00,MSNBC,All In With Chris Hayes,MSNBCW_20130511_000000_All_In_With_Chris_Hayes,https://archive.org/download/MSNBCW_20130511_000000_All_In_With_Chris_Hayes/MSNBCW_20130511_000000_All_In_With_Chris_Hayes.thumbs/MSNBCW_20130511_000000_All_In_With_Chris_Hayes_003046.jpg,"thanks for your kprent coverage of carbon build-up and the crisis of global warming on last night's show. as a paleontologist, i appreciated your comments on the warm pliocene, but lest some"
https://archive.org/details/MSNBCW_20130503_060000_Hardball_With_Chris_Matthews#start/1907/end/1942,5/3/2013 6:32:02,MSNBC,Hardball With Chris Matthews,MSNBCW_20130503_060000_Hardball_With_Chris_Matthews,https://archive.org/download/MSNBCW_20130503_060000_Hardball_With_Chris_Matthews/MSNBCW_20130503_060000_Hardball_With_Chris_Matthews.thumbs/MSNBCW_20130503_060000_Hardball_With_Chris_Matthews_001905.jpg,"inhofe, of course, of the global warming is a hoax theory. his former republican oklahoma congressman frank lucas. according to inhofe, 'president obama has been adamant about cushing law-abiding americans' access and opportunities to exercise their second amendment"
https://archive.org/details/MSNBCW_20130531_130000_The_Daily_Rundown#start/1841/end/1876,5/31/2013 13:30:56,MSNBC,The Daily Rundown,MSNBCW_20130531_130000_The_Daily_Rundown,https://archive.org/download/MSNBCW_20130531_130000_The_Daily_Rundown/MSNBCW_20130531_130000_The_Daily_Rundown.thumbs/MSNBCW_20130531_130000_The_Daily_Rundown_001815.jpg,"is very engaged on environmental issues, very engaged on global warming. he wants to move forward to end coal electricity in the state entirely. this is a huge issue for him. but based on the state and local"
https://archive.org/details/MSNBCW_20130502_210000_Hardball_With_Chris_Matthews#start/922/end/957,5/2/2013 21:15:37,MSNBC,Hardball With Chris Matthews,MSNBCW_20130502_210000_Hardball_With_Chris_Matthews,https://archive.org/download/MSNBCW_20130502_210000_Hardball_With_Chris_Matthews/MSNBCW_20130502_210000_Hardball_With_Chris_Matthews.thumbs/MSNBCW_20130502_210000_Hardball_With_Chris_Matthews_000915.jpg,"republicans -- the republican in this case is ted cruz. he could be the next barry goldwater, he says. actually i sort of like goldwater. this guy doesn't seem quite as nice. finally leave it to the global warming is a hoax"
https://archive.org/details/MSNBCW_20130521_060000_Hardball_With_Chris_Matthews#start/1157/end/1192,5/21/2013 6:19:32,MSNBC,Hardball With Chris Matthews,MSNBCW_20130521_060000_Hardball_With_Chris_Matthews,https://archive.org/download/MSNBCW_20130521_060000_Hardball_With_Chris_Matthews/MSNBCW_20130521_060000_Hardball_With_Chris_Matthews.thumbs/MSNBCW_20130521_060000_Hardball_With_Chris_Matthews_001156.jpg,"a do we know if it's related to climate change? anything like that? no, mathematically, it would be impossible to prove anyways."
https://archive.org/details/MSNBCW_20130502_210000_Hardball_With_Chris_Matthews#start/1892/end/1927,5/2/2013 21:31:47,MSNBC,Hardball With Chris Matthews,MSNBCW_20130502_210000_Hardball_With_Chris_Matthews,https://archive.org/download/MSNBCW_20130502_210000_Hardball_With_Chris_Matthews/MSNBCW_20130502_210000_Hardball_With_Chris_Matthews.thumbs/MSNBCW_20130502_210000_Hardball_With_Chris_Matthews_001875.jpg,"inhov, of course, of the global warming is a hoax theory. his former republican oklahoma congressman frank lucas. according to inhofe, 'president obama has been adamant about cushing law-abiding americans' access and opportunities to exercise their second amendment rights. one way the obama administration"
https://archive.org/details/MSNBCW_20130502_230000_Hardball_With_Chris_Matthews#start/960/end/995,5/2/2013 23:16:15,MSNBC,Hardball With Chris Matthews,MSNBCW_20130502_230000_Hardball_With_Chris_Matthews,https://archive.org/download/MSNBCW_20130502_230000_Hardball_With_Chris_Matthews/MSNBCW_20130502_230000_Hardball_With_Chris_Matthews.thumbs/MSNBCW_20130502_230000_Hardball_With_Chris_Matthews_000945.jpg,"nice. finally leave it to the global warming is a hoax governor. who says the government is out there buying the bullets in country so the rest of us are being denied our gun rights. paranoia, you think? this is 'hardball.' the place for politics."
https://archive.org/details/MSNBCW_20130502_230000_Hardball_With_Chris_Matthews#start/1914/end/1949,5/2/2013 23:32:09,MSNBC,Hardball With Chris Matthews,MSNBCW_20130502_230000_Hardball_With_Chris_Matthews,https://archive.org/download/MSNBCW_20130502_230000_Hardball_With_Chris_Matthews/MSNBCW_20130502_230000_Hardball_With_Chris_Matthews.thumbs/MSNBCW_20130502_230000_Hardball_With_Chris_Matthews_001905.jpg,"conspiracy cause along, senator inhofe, of course, of the global warming is a hoax theory. his former republican oklahoma congressman frank lucas. according to inhofe, 'president obama has been adamant about cushing law-abiding americans' access and opportunities to exercise their second amendment rights."
https://archive.org/details/MSNBCW_20130503_060000_Hardball_With_Chris_Matthews#start/944/end/979,5/3/2013 6:15:59,MSNBC,Hardball With Chris Matthews,MSNBCW_20130503_060000_Hardball_With_Chris_Matthews,https://archive.org/download/MSNBCW_20130503_060000_Hardball_With_Chris_Matthews/MSNBCW_20130503_060000_Hardball_With_Chris_Matthews.thumbs/MSNBCW_20130503_060000_Hardball_With_Chris_Matthews_000945.jpg,"goldwater. this guy doesn't seem quite as nice. finally leave it to the global warming is a hoax governor. who says the government is out there buying the bullets in country so the rest of us are being denied our gun rights. paranoia, you think? this is 'hardball.'"
https://archive.org/details/MSNBCW_20130511_010000_The_Rachel_Maddow_Show#start/1326/end/1361,5/11/2013 1:22:21,MSNBC,The Rachel Maddow Show,MSNBCW_20130511_010000_The_Rachel_Maddow_Show,https://archive.org/download/MSNBCW_20130511_010000_The_Rachel_Maddow_Show/MSNBCW_20130511_010000_The_Rachel_Maddow_Show.thumbs/MSNBCW_20130511_010000_The_Rachel_Maddow_Show_001306.jpg,"snorting crystal meth off the toaster oven. selectively editing scientific reports to exaggerate the uncertainty around climate change. carl rose giving the one-finger salute to the hatch act."
https://archive.org/details/MSNBCW_20130522_160000_NOW_With_Alex_Wagner#start/825/end/860,5/22/2013 16:14:00,MSNBC,NOW With Alex Wagner,MSNBCW_20130522_160000_NOW_With_Alex_Wagner,https://archive.org/download/MSNBCW_20130522_160000_NOW_With_Alex_Wagner/MSNBCW_20130522_160000_NOW_With_Alex_Wagner.thumbs/MSNBCW_20130522_160000_NOW_With_Alex_Wagner_000825.jpg,"all the severe weather we're having, any scientist will tell you it's directly linked to climate change. that's a really long conversation. ron foundier ending this on a high note."
https://archive.org/details/MSNBCW_20130522_030000_All_In_With_Chris_Hayes#start/707/end/742,5/22/2013 3:12:02,MSNBC,All In With Chris Hayes,MSNBCW_20130522_030000_All_In_With_Chris_Hayes,https://archive.org/download/MSNBCW_20130522_030000_All_In_With_Chris_Hayes/MSNBCW_20130522_030000_All_In_With_Chris_Hayes.thumbs/MSNBCW_20130522_030000_All_In_With_Chris_Hayes_000705.jpg,"on dose but we're seeing an apparent eastward shift from dixie alley and even hoosier alley. we don't know if that's a manifestation of climate change, as we discussed yesterday."
https://archive.org/details/MSNBCW_20130528_190000_The_Cycle#start/697/end/732,5/28/2013 19:11:52,MSNBC,The Cycle,MSNBCW_20130528_190000_The_Cycle,https://archive.org/download/MSNBCW_20130528_190000_The_Cycle/MSNBCW_20130528_190000_The_Cycle.thumbs/MSNBCW_20130528_190000_The_Cycle_000675.jpg,"hurricane. not an open and shut case, of course, for tying global warming to any individual weather event. but overwhelming trends of oceans getting warmer which has a lot of bad consequences. to your point, what you were writing about then in the heat of the election. how do democrats in particular,"
https://archive.org/details/MSNBCW_20130511_000000_All_In_With_Chris_Hayes#start/3066/end/3101,5/11/2013 0:51:21,MSNBC,All In With Chris Hayes,MSNBCW_20130511_000000_All_In_With_Chris_Hayes,https://archive.org/download/MSNBCW_20130511_000000_All_In_With_Chris_Hayes/MSNBCW_20130511_000000_All_In_With_Chris_Hayes.thumbs/MSNBCW_20130511_000000_All_In_With_Chris_Hayes_003046.jpg,"climate change doubters protest that if woolly math moms could make it in the hot pliocene, why worry now about polar bears, i felt compelled to mention that those hairy booeeasts evolved"
https://archive.org/details/MSNBCW_20130529_030000_All_In_With_Chris_Hayes#start/703/end/738,5/29/2013 3:11:58,MSNBC,All In With Chris Hayes,MSNBCW_20130529_030000_All_In_With_Chris_Hayes,https://archive.org/download/MSNBCW_20130529_030000_All_In_With_Chris_Hayes/MSNBCW_20130529_030000_All_In_With_Chris_Hayes.thumbs/MSNBCW_20130529_030000_All_In_With_Chris_Hayes_000706.jpg,"statement he made. he went further in recent dates. he said there's no proof that climate change caused hurricane sandy. that's just total red meat for the base. i find it so disingenuous."
https://archive.org/details/MSNBCW_20130529_000000_All_In_With_Chris_Hayes#start/631/end/666,5/29/2013 0:10:46,MSNBC,All In With Chris Hayes,MSNBCW_20130529_000000_All_In_With_Chris_Hayes,https://archive.org/download/MSNBCW_20130529_000000_All_In_With_Chris_Hayes/MSNBCW_20130529_000000_All_In_With_Chris_Hayes.thumbs/MSNBCW_20130529_000000_All_In_With_Chris_Hayes_000615.jpg,"that climate change is real and it's impacting our state. decade average temperatures have been rising and temperature changes are affecting weather patterns in our climate. chris christie's problem is the newt gingrich problem."
https://archive.org/details/MSNBCW_20130525_210000_The_Ed_Show#start/2350/end/2385,5/25/2013 21:39:25,MSNBC,The Ed Show,MSNBCW_20130525_210000_The_Ed_Show,https://archive.org/download/MSNBCW_20130525_210000_The_Ed_Show/MSNBCW_20130525_210000_The_Ed_Show.thumbs/MSNBCW_20130525_210000_The_Ed_Show_002326.jpg,"is right here. we need to to be addressing climate change. that's what's accelerated these kind of disasters. it's remarkable how much more efficient knee ma is under this administration than it was under"
https://archive.org/details/MSNBCW_20130522_000000_All_In_With_Chris_Hayes#start/724/end/759,5/22/2013 0:12:19,MSNBC,All In With Chris Hayes,MSNBCW_20130522_000000_All_In_With_Chris_Hayes,https://archive.org/download/MSNBCW_20130522_000000_All_In_With_Chris_Hayes/MSNBCW_20130522_000000_All_In_With_Chris_Hayes.thumbs/MSNBCW_20130522_000000_All_In_With_Chris_Hayes_000705.jpg,"illinois, kentucky, parts of ohio have seen incredible tornadoes in recent years. we don't know if that's a manifestation of climate change as we discussed yesterday. no sound science yet that a warmer atmosphere necessarily"
https://archive.org/details/MSNBCW_20130521_160000_NOW_With_Alex_Wagner#start/1752/end/1787,5/21/2013 16:29:27,MSNBC,NOW With Alex Wagner,MSNBCW_20130521_160000_NOW_With_Alex_Wagner,https://archive.org/download/MSNBCW_20130521_160000_NOW_With_Alex_Wagner/MSNBCW_20130521_160000_NOW_With_Alex_Wagner.thumbs/MSNBCW_20130521_160000_NOW_With_Alex_Wagner_001725.jpg,"but we've had these trends, dan is exactly right. where in a new era and climate change is linked to these, this pattern of more extreme storms. and they've been devastating, they've been devastating in"
https://archive.org/details/MSNBCW_20130513_130000_The_Daily_Rundown#start/2149/end/2184,5/13/2013 13:36:04,MSNBC,The Daily Rundown,MSNBCW_20130513_130000_The_Daily_Rundown,https://archive.org/download/MSNBCW_20130513_130000_The_Daily_Rundown/MSNBCW_20130513_130000_The_Daily_Rundown.thumbs/MSNBCW_20130513_130000_The_Daily_Rundown_002146.jpg,"best pro-family measure and the best job creation program ever to come out of the congress of the united states. another issue fueling party divisions is climate change downplayed or discussed by republican leaders."
https://archive.org/details/MSNBCW_20130529_030000_All_In_With_Chris_Hayes#start/295/end/330,5/29/2013 3:05:10,MSNBC,All In With Chris Hayes,MSNBCW_20130529_030000_All_In_With_Chris_Hayes,https://archive.org/download/MSNBCW_20130529_030000_All_In_With_Chris_Hayes/MSNBCW_20130529_030000_All_In_With_Chris_Hayes.thumbs/MSNBCW_20130529_030000_All_In_With_Chris_Hayes_000286.jpg,"to a larger climate pattern, you're going to be in bad shape. the attitude guarantees that. since taking office he has defunded the office of climate change and energy within the department of environmental protection."
https://archive.org/details/MSNBCW_20130529_070000_All_In_With_Chris_Hayes#start/625/end/660,5/29/2013 7:10:40,MSNBC,All In With Chris Hayes,MSNBCW_20130529_070000_All_In_With_Chris_Hayes,https://archive.org/download/MSNBCW_20130529_070000_All_In_With_Chris_Hayes/MSNBCW_20130529_070000_All_In_With_Chris_Hayes.thumbs/MSNBCW_20130529_070000_All_In_With_Chris_Hayes_000616.jpg,"here's he being relatively clear about what he thinks about climate. this is him in august of 2011. take a listen. in the past, i've always said that climate change is real and it's impacting our state."
https://archive.org/details/MSNBCW_20130522_200000_Martin_Bashir#start/2552/end/2587,5/22/2013 20:42:47,MSNBC,Martin Bashir,MSNBCW_20130522_200000_Martin_Bashir,https://archive.org/download/MSNBCW_20130522_200000_Martin_Bashir/MSNBCW_20130522_200000_Martin_Bashir.thumbs/MSNBCW_20130522_200000_Martin_Bashir_002537.jpg,"of the atmospheric moisture and wind shear and all of the other variables that go into forming a tornado are mediated by climate change. but in this case, a lot of those variables knock each other out."
https://archive.org/details/MSNBCW_20130522_200000_Martin_Bashir#start/2569/end/2604,5/22/2013 20:43:04,MSNBC,Martin Bashir,MSNBCW_20130522_200000_Martin_Bashir,https://archive.org/download/MSNBCW_20130522_200000_Martin_Bashir/MSNBCW_20130522_200000_Martin_Bashir.thumbs/MSNBCW_20130522_200000_Martin_Bashir_002567.jpg,"neutralize each other. we're dealing with weather here, not dealing with climate change. jeffrey kluger, thank you for your time. i would encourage viewers to read the piece. coming up, the president prepares a major speech on countertesh richl."
https://archive.org/details/MSNBCW_20130525_210000_The_Ed_Show#start/2394/end/2429,5/25/2013 21:40:09,MSNBC,The Ed Show,MSNBCW_20130525_210000_The_Ed_Show,https://archive.org/download/MSNBCW_20130525_210000_The_Ed_Show/MSNBCW_20130525_210000_The_Ed_Show.thumbs/MSNBCW_20130525_210000_The_Ed_Show_002386.jpg,"i tweeted out earlier this week, you know, if we're going to be climate change deniers maybe we could do something about disaster relief and come up with a national policy about so there's no wrangling going on"
https://archive.org/details/MSNBCW_20130501_100000_Morning_Joe#start/374/end/409,5/1/2013 10:06:29,MSNBC,Morning Joe,MSNBCW_20130501_100000_Morning_Joe,https://archive.org/download/MSNBCW_20130501_100000_Morning_Joe/MSNBCW_20130501_100000_Morning_Joe.thumbs/MSNBCW_20130501_100000_Morning_Joe_000375.jpg,"sequestration and followed by guns. agenda, minimum wage increase, climate change, none of that is each being discussed. what does the president do? how does he get control of his agenda? it's one step at a time and i"
https://archive.org/details/MSNBCW_20130522_070000_All_In_With_Chris_Hayes#start/710/end/745,5/22/2013 7:12:05,MSNBC,All In With Chris Hayes,MSNBCW_20130522_070000_All_In_With_Chris_Hayes,https://archive.org/download/MSNBCW_20130522_070000_All_In_With_Chris_Hayes/MSNBCW_20130522_070000_All_In_With_Chris_Hayes.thumbs/MSNBCW_20130522_070000_All_In_With_Chris_Hayes_000705.jpg,"eastward -- an apparent eastward shift into dixie alley and even hoosier alley. indiana, kentucky, parts of ohio have seen incredible tornadoes in recent years. we don't know if that's a manifestation of climate change. as we discussed yesterday,"
https://archive.org/details/MSNBCW_20130526_120000_Up_WSteve_Kornacki#start/285/end/320,5/26/2013 12:05:00,MSNBC,Up WSteve Kornacki,MSNBCW_20130526_120000_Up_WSteve_Kornacki,https://archive.org/download/MSNBCW_20130526_120000_Up_WSteve_Kornacki/MSNBCW_20130526_120000_Up_WSteve_Kornacki.thumbs/MSNBCW_20130526_120000_Up_WSteve_Kornacki_000285.jpg,"sandy hit new york, and so i think it's possible that in an era of climate change where we're seeing more more dramatic weather events that we might need to have more money set aside for natural disasters."
https://archive.org/details/MSNBCW_20130529_070000_All_In_With_Chris_Hayes#start/286/end/321,5/29/2013 7:05:01,MSNBC,All In With Chris Hayes,MSNBCW_20130529_070000_All_In_With_Chris_Hayes,https://archive.org/download/MSNBCW_20130529_070000_All_In_With_Chris_Hayes/MSNBCW_20130529_070000_All_In_With_Chris_Hayes.thumbs/MSNBCW_20130529_070000_All_In_With_Chris_Hayes_000286.jpg,"chris christie's attitude guarantees that. since taking office, he has de-funded the office of climate change and energy, taken $210 million out of the state's clean energy fund to balance the budget. withdrawn the state from the"
https://archive.org/details/MSNBCW_20130529_070000_All_In_With_Chris_Hayes#start/301/end/336,5/29/2013 7:05:16,MSNBC,All In With Chris Hayes,MSNBCW_20130529_070000_All_In_With_Chris_Hayes,https://archive.org/download/MSNBCW_20130529_070000_All_In_With_Chris_Hayes/MSNBCW_20130529_070000_All_In_With_Chris_Hayes.thumbs/MSNBCW_20130529_070000_All_In_With_Chris_Hayes_000286.jpg,"northeast cap and trade plan and perhaps most relevant, so woefully underprepared his state transportation agency for the effects of climate change that the state sustained over $120 million of damages to their system after sandy."
https://archive.org/details/MSNBCW_20130512_120000_Up_WSteve_Kornacki#start/6840/end/6875,5/12/2013 13:54:15,MSNBC,Up WSteve Kornacki,MSNBCW_20130512_120000_Up_WSteve_Kornacki,https://archive.org/download/MSNBCW_20130512_120000_Up_WSteve_Kornacki/MSNBCW_20130512_120000_Up_WSteve_Kornacki.thumbs/MSNBCW_20130512_120000_Up_WSteve_Kornacki_006825.jpg,"republicans said mccarthy hadn't been transparent enough, this coming from a group that chose to be invisible. you should know the fight against climate change is not over, no matter how many republicans stand in the way."
https://archive.org/details/MSNBCW_20130521_160000_NOW_With_Alex_Wagner#start/1474/end/1509,5/21/2013 16:24:49,MSNBC,NOW With Alex Wagner,MSNBCW_20130521_160000_NOW_With_Alex_Wagner,https://archive.org/download/MSNBCW_20130521_160000_NOW_With_Alex_Wagner/MSNBCW_20130521_160000_NOW_With_Alex_Wagner.thumbs/MSNBCW_20130521_160000_NOW_With_Alex_Wagner_001455.jpg,"seriously about some of these issues. dan, i'm not trying to create or presume a causal link between climate change and tornadoes. we don't, the science is it's not out there for that. in terms of extreme weather"
https://archive.org/details/MSNBCW_20130521_160000_NOW_With_Alex_Wagner#start/1504/end/1539,5/21/2013 16:25:19,MSNBC,NOW With Alex Wagner,MSNBCW_20130521_160000_NOW_With_Alex_Wagner,https://archive.org/download/MSNBCW_20130521_160000_NOW_With_Alex_Wagner/MSNBCW_20130521_160000_NOW_With_Alex_Wagner.thumbs/MSNBCW_20130521_160000_NOW_With_Alex_Wagner_001485.jpg,"texas. i mean we're now living in an era of extreme weather. this is where the controversy over climate change gets complicated, very complicated and in some ways outrageous, if you will. we are in a period of extreme"
https://archive.org/details/MSNBCW_20130513_130000_The_Daily_Rundown#start/2304/end/2339,5/13/2013 13:38:39,MSNBC,The Daily Rundown,MSNBCW_20130513_130000_The_Daily_Rundown,https://archive.org/download/MSNBCW_20130513_130000_The_Daily_Rundown/MSNBCW_20130513_130000_The_Daily_Rundown.thumbs/MSNBCW_20130513_130000_The_Daily_Rundown_002296.jpg,"climate change, what's interesting thing here. republican leaders three years ago were on one side of this story and republicans rank and file were less inclined to believe it. now, everything is reversed. we really see this fasflating"
https://archive.org/details/MSNBCW_20130516_070000_All_In_With_Chris_Hayes#start/2961/end/2996,5/16/2013 7:49:36,MSNBC,All In With Chris Hayes,MSNBCW_20130516_070000_All_In_With_Chris_Hayes,https://archive.org/download/MSNBCW_20130516_070000_All_In_With_Chris_Hayes/MSNBCW_20130516_070000_All_In_With_Chris_Hayes.thumbs/MSNBCW_20130516_070000_All_In_With_Chris_Hayes_002955.jpg,"in the way of this. over the course of 2008, i was becoming more and more concerned about climate change, seeing what we were doing as a climate, movement wasn't working, and also studying social movement"
https://archive.org/details/MSNBCW_20130507_170000_Andrea_Mitchell_Reports#start/2850/end/2885,5/7/2013 17:47:45,MSNBC,Andrea Mitchell Reports,MSNBCW_20130507_170000_Andrea_Mitchell_Reports,https://archive.org/download/MSNBCW_20130507_170000_Andrea_Mitchell_Reports/MSNBCW_20130507_170000_Andrea_Mitchell_Reports.thumbs/MSNBCW_20130507_170000_Andrea_Mitchell_Reports_002836.jpg,"and moving it further and further up the value chain. we agree to continue the clean energy partnerships that help us to enhance our energy security and address climate change, given the importance of a peaceful nuclear energy industry"
https://archive.org/details/MSNBCW_20130505_160000_Weekends_With_Alex_Witt#start/5064/end/5099,5/5/2013 17:24:39,MSNBC,Weekends With Alex Witt,MSNBCW_20130505_160000_Weekends_With_Alex_Witt,https://archive.org/download/MSNBCW_20130505_160000_Weekends_With_Alex_Witt/MSNBCW_20130505_160000_Weekends_With_Alex_Witt.thumbs/MSNBCW_20130505_160000_Weekends_With_Alex_Witt_005055.jpg,"research and technology that's always kept america ahead of everybody else. that willwill take the grit and fortitude of citizens. to confront the threat of climate change before it's too late. that inquires the idealism and"
https://archive.org/details/MSNBCW_20130529_030000_All_In_With_Chris_Hayes#start/766/end/801,5/29/2013 3:13:01,MSNBC,All In With Chris Hayes,MSNBCW_20130529_030000_All_In_With_Chris_Hayes,https://archive.org/download/MSNBCW_20130529_030000_All_In_With_Chris_Hayes/MSNBCW_20130529_030000_All_In_With_Chris_Hayes.thumbs/MSNBCW_20130529_030000_All_In_With_Chris_Hayes_000766.jpg,"about this, he would reinstate the energy fund. he rebuilds his community in a way that ensures they are prepared for future disaster recognizing that climate change is going to impact this community. that's a real path to showing"
https://archive.org/details/MSNBCW_20130528_160000_NOW_With_Alex_Wagner#start/840/end/875,5/28/2013 16:14:15,MSNBC,NOW With Alex Wagner,MSNBCW_20130528_160000_NOW_With_Alex_Wagner,https://archive.org/download/MSNBCW_20130528_160000_NOW_With_Alex_Wagner/MSNBCW_20130528_160000_NOW_With_Alex_Wagner.thumbs/MSNBCW_20130528_160000_NOW_With_Alex_Wagner_000825.jpg,"that's a lesson for the current white house, you can't lose the lack of credibility at a time of controversy. katrina -- moore, oklahoma is a separate case, because tornados are not directly linked to climate change, but certainly this does engender a"
https://archive.org/details/MSNBCW_20130521_230000_Hardball_With_Chris_Matthews#start/2079/end/2114,5/21/2013 23:34:54,MSNBC,Hardball With Chris Matthews,MSNBCW_20130521_230000_Hardball_With_Chris_Matthews,https://archive.org/download/MSNBCW_20130521_230000_Hardball_With_Chris_Matthews/MSNBCW_20130521_230000_Hardball_With_Chris_Matthews.thumbs/MSNBCW_20130521_230000_Hardball_With_Chris_Matthews_002056.jpg,"shelters. and fortunately there were a yumpl those. including the home we're at right now. yeah. we were a family, the corrales family that survived because of that. again, the question of climate. and climate change. is there something that you see"
https://archive.org/details/MSNBCW_20130525_210000_The_Ed_Show#start/2379/end/2414,5/25/2013 21:39:54,MSNBC,The Ed Show,MSNBCW_20130525_210000_The_Ed_Show,https://archive.org/download/MSNBCW_20130525_210000_The_Ed_Show/MSNBCW_20130525_210000_The_Ed_Show.thumbs/MSNBCW_20130525_210000_The_Ed_Show_002356.jpg,"whether they're going to support fema. we can't do that. over all let's go to the long term climate change, wrestle with our energy and the kinds of things that are lael i contributing to the environment and these kinds of disasters."
https://archive.org/details/MSNBCW_20130513_130000_The_Daily_Rundown#start/2179/end/2214,5/13/2013 13:36:34,MSNBC,The Daily Rundown,MSNBCW_20130513_130000_The_Daily_Rundown,https://archive.org/download/MSNBCW_20130513_130000_The_Daily_Rundown/MSNBCW_20130513_130000_The_Daily_Rundown.thumbs/MSNBCW_20130513_130000_The_Daily_Rundown_002176.jpg,"republicans saw the biggest two-year jump of any party. while some republicans like alaska senator encourage their colleagues to seek climate change solutions, other leaders have gone out of their way to criticize the president and his environmental agenda."
https://archive.org/details/MSNBCW_20130521_210000_Hardball_With_Chris_Matthews#start/2075/end/2110,5/21/2013 21:34:50,MSNBC,Hardball With Chris Matthews,MSNBCW_20130521_210000_Hardball_With_Chris_Matthews,https://archive.org/download/MSNBCW_20130521_210000_Hardball_With_Chris_Matthews/MSNBCW_20130521_210000_Hardball_With_Chris_Matthews.thumbs/MSNBCW_20130521_210000_Hardball_With_Chris_Matthews_002055.jpg,"and climate change. is there something that you see happening? it could be caused by all kinds of forces, but is there a climatic aspect to this? it's not just seasonal or that kind of thing? is there a cycle going on now?"
https://archive.org/details/MSNBCW_20130529_000000_All_In_With_Chris_Hayes#start/260/end/295,5/29/2013 0:04:35,MSNBC,All In With Chris Hayes,MSNBCW_20130529_000000_All_In_With_Chris_Hayes,https://archive.org/download/MSNBCW_20130529_000000_All_In_With_Chris_Hayes/MSNBCW_20130529_000000_All_In_With_Chris_Hayes.thumbs/MSNBCW_20130529_000000_All_In_With_Chris_Hayes_000255.jpg,"and people want to talk to me about esoteric theorys. the thing to understand about sandy, is proof is beside the point. climate change will produce more severe weather and sandy is an indicator of the climate future, actually the climate present we"
https://archive.org/details/MSNBCW_20130529_000000_All_In_With_Chris_Hayes#start/274/end/309,5/29/2013 0:04:49,MSNBC,All In With Chris Hayes,MSNBCW_20130529_000000_All_In_With_Chris_Hayes,https://archive.org/download/MSNBCW_20130529_000000_All_In_With_Chris_Hayes/MSNBCW_20130529_000000_All_In_With_Chris_Hayes.thumbs/MSNBCW_20130529_000000_All_In_With_Chris_Hayes_000255.jpg,"face. if you view it unrelated to a larger climate pattern then you're going to be in very, very bad shape. chris christie's attitude guarantees that. since taking office, he has de-funded the office of climate change and energy, taken $210"
https://archive.org/details/MSNBCW_20130521_160000_NOW_With_Alex_Wagner#start/1629/end/1664,5/21/2013 16:27:24,MSNBC,NOW With Alex Wagner,MSNBCW_20130521_160000_NOW_With_Alex_Wagner,https://archive.org/download/MSNBCW_20130521_160000_NOW_With_Alex_Wagner/MSNBCW_20130521_160000_NOW_With_Alex_Wagner.thumbs/MSNBCW_20130521_160000_NOW_With_Alex_Wagner_001605.jpg,"yale group has done. the shows that the more polarized people are in this fight, are more informed. the people who reject the calamitous view of greenhouse emissions driving climate change are more informed than some people who are freaked out about"
https://archive.org/details/MSNBCW_20130529_030000_All_In_With_Chris_Hayes#start/641/end/676,5/29/2013 3:10:56,MSNBC,All In With Chris Hayes,MSNBCW_20130529_030000_All_In_With_Chris_Hayes,https://archive.org/download/MSNBCW_20130529_030000_All_In_With_Chris_Hayes/MSNBCW_20130529_030000_All_In_With_Chris_Hayes.thumbs/MSNBCW_20130529_030000_All_In_With_Chris_Hayes_000616.jpg,"about what he thinks about climate. this is him in august of 2011. take a listen. in the past i have always said that climate change is real and it's impacting our state. decade average temperatures have been rising and temperature"
https://archive.org/details/MSNBCW_20130529_070000_All_In_With_Chris_Hayes#start/686/end/721,5/29/2013 7:11:41,MSNBC,All In With Chris Hayes,MSNBCW_20130529_070000_All_In_With_Chris_Hayes,https://archive.org/download/MSNBCW_20130529_070000_All_In_With_Chris_Hayes/MSNBCW_20130529_070000_All_In_With_Chris_Hayes.thumbs/MSNBCW_20130529_070000_All_In_With_Chris_Hayes_000676.jpg,"as it is? i think chris christie thinks they're pretty dumb. that's a cynical statement he made. and he went a little further in recent days. he actually said there's no proof that climate change caused hurricane sandy. and that's just total red meat"
https://archive.org/details/MSNBCW_20130529_070000_All_In_With_Chris_Hayes#start/716/end/751,5/29/2013 7:12:11,MSNBC,All In With Chris Hayes,MSNBCW_20130529_070000_All_In_With_Chris_Hayes,https://archive.org/download/MSNBCW_20130529_070000_All_In_With_Chris_Hayes/MSNBCW_20130529_070000_All_In_With_Chris_Hayes.thumbs/MSNBCW_20130529_070000_All_In_With_Chris_Hayes_000706.jpg,"and it takes someone who believes in climate change to do something about that. and also, james, quickly here, the other point, you've got to be thinking about this stuff when rebuilding. the thing i keep thinking is, look how much money this costs."
https://archive.org/details/MSNBCW_20130525_010000_The_Rachel_Maddow_Show#start/1926/end/1961,5/25/2013 1:32:21,MSNBC,The Rachel Maddow Show,MSNBCW_20130525_010000_The_Rachel_Maddow_Show,https://archive.org/download/MSNBCW_20130525_010000_The_Rachel_Maddow_Show/MSNBCW_20130525_010000_The_Rachel_Maddow_Show.thumbs/MSNBCW_20130525_010000_The_Rachel_Maddow_Show_001906.jpg,"virginia. he has been attorney general defending sodomy laws, trying to defend gay people having sex. he also wants it hound a virginia professor, leading scientist on climate change. he has been moving heaven and earth in virginia to close down the state's abortion clinics."
https://archive.org/details/MSNBCW_20130521_200000_Martin_Bashir#start/2445/end/2480,5/21/2013 20:41:00,MSNBC,Martin Bashir,MSNBCW_20130521_200000_Martin_Bashir,https://archive.org/download/MSNBCW_20130521_200000_Martin_Bashir/MSNBCW_20130521_200000_Martin_Bashir.thumbs/MSNBCW_20130521_200000_Martin_Bashir_002445.jpg,"are facing can be mitigated. but that requires investments, and you know, lately we're not very good at making investments. whether it's the infrastructure, dealing with climate change or whatever, or disaster preparedness. the fact is we've actually seen about a 50% to 60% cutback in"
https://archive.org/details/MSNBCW_20130507_100000_Morning_Joe#start/1099/end/1134,5/7/2013 10:18:34,MSNBC,Morning Joe,MSNBCW_20130507_100000_Morning_Joe,https://archive.org/download/MSNBCW_20130507_100000_Morning_Joe/MSNBCW_20130507_100000_Morning_Joe.thumbs/MSNBCW_20130507_100000_Morning_Joe_001095.jpg,"he's a lot of things to a lot of people. among friends and fans, the progressive democrat who should have been president, visionary, author, and internet prophet, the man who more than anyone drove climate change to the center of public consciousness. detractors see him as a"
https://archive.org/details/MSNBCW_20130501_100000_Morning_Joe#start/7473/end/7508,5/1/2013 12:04:48,MSNBC,Morning Joe,MSNBCW_20130501_100000_Morning_Joe,https://archive.org/download/MSNBCW_20130501_100000_Morning_Joe/MSNBCW_20130501_100000_Morning_Joe.thumbs/MSNBCW_20130501_100000_Morning_Joe_007455.jpg,"education, climate change. so what does the president do? how did he get control of his aaend a? one step at a time and part of the concern is the insiders. does he have the insiders he ought to have and he can recoup"
https://archive.org/details/MSNBCW_20130531_190000_The_Cycle#start/3459/end/3494,5/31/2013 19:57:54,MSNBC,The Cycle,MSNBCW_20130531_190000_The_Cycle,https://archive.org/download/MSNBCW_20130531_190000_The_Cycle/MSNBCW_20130531_190000_The_Cycle.thumbs/MSNBCW_20130531_190000_The_Cycle_003435.jpg,"that, you know, the science of man-caused climate change is proven. not by any stretch of the imagination. i look at those folks and don't think i wish i could embolden the most extreme elements of my tribe. i think of lionel calling an"
https://archive.org/details/MSNBCW_20130529_000000_All_In_With_Chris_Hayes#start/245/end/280,5/29/2013 0:04:20,MSNBC,All In With Chris Hayes,MSNBCW_20130529_000000_All_In_With_Chris_Hayes,https://archive.org/download/MSNBCW_20130529_000000_All_In_With_Chris_Hayes/MSNBCW_20130529_000000_All_In_With_Chris_Hayes.thumbs/MSNBCW_20130529_000000_All_In_With_Chris_Hayes_000225.jpg,"last pivot on, which is sandy. here's chris christie answering nbc's matt lauer's question about the role of climate change in sandy. i haven't shown any definitive proof yet that's what caused it. and listen, this is distraction. i've got a place to rebuild here"
https://archive.org/details/MSNBCW_20130529_000000_All_In_With_Chris_Hayes#start/291/end/326,5/29/2013 0:05:06,MSNBC,All In With Chris Hayes,MSNBCW_20130529_000000_All_In_With_Chris_Hayes,https://archive.org/download/MSNBCW_20130529_000000_All_In_With_Chris_Hayes/MSNBCW_20130529_000000_All_In_With_Chris_Hayes.thumbs/MSNBCW_20130529_000000_All_In_With_Chris_Hayes_000285.jpg,"million out of the state's clean energy fund to balance the budget. withdrawn the state from the northeast cap and trade plan and perhaps most relevant, so woefully underprepared his state transportation agency for the effects of climate change that the state sustained over $120"
https://archive.org/details/MSNBCW_20130529_030000_All_In_With_Chris_Hayes#start/263/end/298,5/29/2013 3:04:38,MSNBC,All In With Chris Hayes,MSNBCW_20130529_030000_All_In_With_Chris_Hayes,https://archive.org/download/MSNBCW_20130529_030000_All_In_With_Chris_Hayes/MSNBCW_20130529_030000_All_In_With_Chris_Hayes.thumbs/MSNBCW_20130529_030000_All_In_With_Chris_Hayes_000256.jpg,"very same thing he built his last pivot on which is sammy. here's chris christie answering matt lauer's question about the role of climate change. i haven't been shown proof that's what caused it. this is distraction. i have a place to rebuild here."
https://archive.org/details/MSNBCW_20130528_160000_NOW_With_Alex_Wagner#start/887/end/922,5/28/2013 16:15:02,MSNBC,NOW With Alex Wagner,MSNBCW_20130528_160000_NOW_With_Alex_Wagner,https://archive.org/download/MSNBCW_20130528_160000_NOW_With_Alex_Wagner/MSNBCW_20130528_160000_NOW_With_Alex_Wagner.thumbs/MSNBCW_20130528_160000_NOW_With_Alex_Wagner_000885.jpg,"backfire during court challenges. he says you need to slow-walk this. i would make the counter case. i think that hurricane sandy put climate change on the agenda in a urgent, dramatic way. of course there's disappointment with the president, he's moving in certain ways. but i think it's worth"
https://archive.org/details/MSNBCW_20130529_070000_All_In_With_Chris_Hayes#start/253/end/288,5/29/2013 7:04:28,MSNBC,All In With Chris Hayes,MSNBCW_20130529_070000_All_In_With_Chris_Hayes,https://archive.org/download/MSNBCW_20130529_070000_All_In_With_Chris_Hayes/MSNBCW_20130529_070000_All_In_With_Chris_Hayes.thumbs/MSNBCW_20130529_070000_All_In_With_Chris_Hayes_000226.jpg,"here's chris christie answering nbc's matt lauer's question about the role of climate change in sandy. i haven't shown any definitive proof yet that's what caused it. and listen, this is distraction. i've got a place to rebuild here and people want to talk to me about esoteric theorys."
https://archive.org/details/MSNBCW_20130529_000000_All_In_With_Chris_Hayes#start/1428/end/1463,5/29/2013 0:24:03,MSNBC,All In With Chris Hayes,MSNBCW_20130529_000000_All_In_With_Chris_Hayes,https://archive.org/download/MSNBCW_20130529_000000_All_In_With_Chris_Hayes/MSNBCW_20130529_000000_All_In_With_Chris_Hayes.thumbs/MSNBCW_20130529_000000_All_In_With_Chris_Hayes_001425.jpg,"climate change, they will all be challenged. and so, i think what you have here is the president making a big move and finally signaling that he is ready to take seriously the lower federal courts and make this a priority. which given his record thus far is surprising."
https://archive.org/details/MSNBCW_20130516_030000_All_In_With_Chris_Hayes#start/2948/end/2983,5/16/2013 3:49:23,MSNBC,All In With Chris Hayes,MSNBCW_20130516_030000_All_In_With_Chris_Hayes,https://archive.org/download/MSNBCW_20130516_030000_All_In_With_Chris_Hayes/MSNBCW_20130516_030000_All_In_With_Chris_Hayes.thumbs/MSNBCW_20130516_030000_All_In_With_Chris_Hayes_002926.jpg,"yeah. i decided that was just not acceptable. i went there with the intention to do whatever i could to stand in the way of this. over the course of 2008, i was becoming more and more concerned about climate change, seeing what we were doing as a climate,"
https://archive.org/details/MSNBCW_20130516_000000_All_In_With_Chris_Hayes#start/3438/end/3473,5/16/2013 0:57:33,MSNBC,All In With Chris Hayes,MSNBCW_20130516_000000_All_In_With_Chris_Hayes,https://archive.org/download/MSNBCW_20130516_000000_All_In_With_Chris_Hayes/MSNBCW_20130516_000000_All_In_With_Chris_Hayes.thumbs/MSNBCW_20130516_000000_All_In_With_Chris_Hayes_003435.jpg,"per million and already seeing the impacts we are with weather impacts and melting icecaps, you know, what it means is that it's too late for any amount of emissions reductions to prevent catastrophic climate change, and that means we're committed to a path of extremely rapid change,"
https://archive.org/details/MSNBCW_20130529_030000_All_In_With_Chris_Hayes#start/1422/end/1457,5/29/2013 3:23:57,MSNBC,All In With Chris Hayes,MSNBCW_20130529_030000_All_In_With_Chris_Hayes,https://archive.org/download/MSNBCW_20130529_030000_All_In_With_Chris_Hayes/MSNBCW_20130529_030000_All_In_With_Chris_Hayes.thumbs/MSNBCW_20130529_030000_All_In_With_Chris_Hayes_001426.jpg,"through the federal courts. whatever he does and congress does on immigration reform, climate change, they will all be challenged. and so, i think what you have here is the president making a big move and finally signaling that he is ready to take seriously the lower federal"
https://archive.org/details/MSNBCW_20130529_000000_All_In_With_Chris_Hayes#start/753/end/788,5/29/2013 0:12:48,MSNBC,All In With Chris Hayes,MSNBCW_20130529_000000_All_In_With_Chris_Hayes,https://archive.org/download/MSNBCW_20130529_000000_All_In_With_Chris_Hayes/MSNBCW_20130529_000000_All_In_With_Chris_Hayes.thumbs/MSNBCW_20130529_000000_All_In_With_Chris_Hayes_000735.jpg,"leadership and show how he rebuilds his community in a way that ensures they are prepared for future disasters recognizing that climate change will impact the community. and i think that's a real path to ensuring resiliency in new jersey but also showing he's ready for the presidency. the housing trust fund point"
https://archive.org/details/MSNBCW_20130531_160000_NOW_With_Alex_Wagner#start/666/end/701,5/31/2013 16:11:21,MSNBC,NOW With Alex Wagner,MSNBCW_20130531_160000_NOW_With_Alex_Wagner,https://archive.org/download/MSNBCW_20130531_160000_NOW_With_Alex_Wagner/MSNBCW_20130531_160000_NOW_With_Alex_Wagner.thumbs/MSNBCW_20130531_160000_NOW_With_Alex_Wagner_000645.jpg,"table that would reverse income inequality. there are a few ideas on the table that would have a marginal impact on diminishing it. like climate change in that respect. it's the big issue, it's one that president obama has, has talked about focusing on. i don't think he knows how to do"
https://archive.org/details/MSNBCW_20130525_100000_The_Rachel_Maddow_Show#start/1919/end/1954,5/25/2013 10:32:14,MSNBC,The Rachel Maddow Show,MSNBCW_20130525_100000_The_Rachel_Maddow_Show,https://archive.org/download/MSNBCW_20130525_100000_The_Rachel_Maddow_Show/MSNBCW_20130525_100000_The_Rachel_Maddow_Show.thumbs/MSNBCW_20130525_100000_The_Rachel_Maddow_Show_001905.jpg,"virginia's attorney general defending sodomy laws, trying to save the virginia law against gay people having sex. he also used the power of his office to hound a virginia professor, who is a leading scientist on climate change. he has been moving heaven and earth in virginia to close down the state's abortion clinics."
https://archive.org/details/MSNBCW_20130516_030000_All_In_With_Chris_Hayes#start/3433/end/3468,5/16/2013 3:57:28,MSNBC,All In With Chris Hayes,MSNBCW_20130516_030000_All_In_With_Chris_Hayes,https://archive.org/download/MSNBCW_20130516_030000_All_In_With_Chris_Hayes/MSNBCW_20130516_030000_All_In_With_Chris_Hayes.thumbs/MSNBCW_20130516_030000_All_In_With_Chris_Hayes_003406.jpg,"i think what it means when we're passing things like 400 parts per million and already seeing the impacts we are with weather impacts and melting icecaps, you know, what it means is that it's too late for any amount of emissions reductions to prevent catastrophic climate change, and that means we're committed to a"
https://archive.org/details/MSNBCW_20130516_070000_All_In_With_Chris_Hayes#start/3436/end/3471,5/16/2013 7:57:31,MSNBC,All In With Chris Hayes,MSNBCW_20130516_070000_All_In_With_Chris_Hayes,https://archive.org/download/MSNBCW_20130516_070000_All_In_With_Chris_Hayes/MSNBCW_20130516_070000_All_In_With_Chris_Hayes.thumbs/MSNBCW_20130516_070000_All_In_With_Chris_Hayes_003435.jpg,"i think what it means when we're passing things like 400 parts per million and already seeing the impacts we are with weather impacts and melting icecaps, you know, what it means is that it's too late for any amount of emissions reductions to prevent catastrophic climate change, and that means we're committed to a"
https://archive.org/details/MSNBCW_20130529_070000_All_In_With_Chris_Hayes#start/270/end/305,5/29/2013 7:04:45,MSNBC,All In With Chris Hayes,MSNBCW_20130529_070000_All_In_With_Chris_Hayes,https://archive.org/download/MSNBCW_20130529_070000_All_In_With_Chris_Hayes/MSNBCW_20130529_070000_All_In_With_Chris_Hayes.thumbs/MSNBCW_20130529_070000_All_In_With_Chris_Hayes_000256.jpg,"the thing to understand about sandy, is proof is beside the point. climate change will produce more severe weather and sandy is an indicaor of the climate future, actually the climate present we face. if you view it unrelated to a larger climate pattern then you're going to be in very, very bad shape."
https://archive.org/details/MSNBCW_20130529_070000_All_In_With_Chris_Hayes#start/762/end/797,5/29/2013 7:12:57,MSNBC,All In With Chris Hayes,MSNBCW_20130529_070000_All_In_With_Chris_Hayes,https://archive.org/download/MSNBCW_20130529_070000_All_In_With_Chris_Hayes/MSNBCW_20130529_070000_All_In_With_Chris_Hayes.thumbs/MSNBCW_20130529_070000_All_In_With_Chris_Hayes_000736.jpg,"that ensures they are prepared for future disasters recognizing that climate change will impact the community. and i think that's a real path to ensuring resiliency in new jersey but also showing he's ready for the presidency. the housing trust fund point you made. we should know that a federal judge has struck down his"
https://archive.org/details/MSNBCW_20130513_130000_The_Daily_Rundown#start/2366/end/2401,5/13/2013 13:39:41,MSNBC,The Daily Rundown,MSNBCW_20130513_130000_The_Daily_Rundown,https://archive.org/download/MSNBCW_20130513_130000_The_Daily_Rundown/MSNBCW_20130513_130000_The_Daily_Rundown.thumbs/MSNBCW_20130513_130000_The_Daily_Rundown_002356.jpg,"getting more hurricanes later in the alphabet than ever before. i think this is a place where you're going to start to see a shift in the debate. climate change becomes a budget issue and becomes a spend issue. i think that's what we'll see more and more changes in shifts in the republican party."
https://archive.org/details/MSNBCW_20130516_000000_All_In_With_Chris_Hayes#start/2968/end/3003,5/16/2013 0:49:43,MSNBC,All In With Chris Hayes,MSNBCW_20130516_000000_All_In_With_Chris_Hayes,https://archive.org/download/MSNBCW_20130516_000000_All_In_With_Chris_Hayes/MSNBCW_20130516_000000_All_In_With_Chris_Hayes.thumbs/MSNBCW_20130516_000000_All_In_With_Chris_Hayes_002955.jpg,"over the course of 2008, i was becoming more and more concerned about climate change, seeing what we were doing as a climate, movement wasn't working, and also studying social movement history and seeing that it takes people to step past those boundaries and put themselves on the line to actually create"
https://archive.org/details/MSNBCW_20130521_160000_NOW_With_Alex_Wagner#start/1305/end/1340,5/21/2013 16:22:00,MSNBC,NOW With Alex Wagner,MSNBCW_20130521_160000_NOW_With_Alex_Wagner,https://archive.org/download/MSNBCW_20130521_160000_NOW_With_Alex_Wagner/MSNBCW_20130521_160000_NOW_With_Alex_Wagner.thumbs/MSNBCW_20130521_160000_NOW_With_Alex_Wagner_001305.jpg,"climate change has played a role in the recent patterns. 2011 saw a record number of twisters, but until this week, the past 12 months had seen the fewest tornadoes in 20 years. but still recent history sucks that a new era of extreme weather is upon us. with record heat waves, droughts, wildfires and deadly"
https://archive.org/details/MSNBCW_20130529_070000_All_In_With_Chris_Hayes#start/1421/end/1456,5/29/2013 7:23:56,MSNBC,All In With Chris Hayes,MSNBCW_20130529_070000_All_In_With_Chris_Hayes,https://archive.org/download/MSNBCW_20130529_070000_All_In_With_Chris_Hayes/MSNBCW_20130529_070000_All_In_With_Chris_Hayes.thumbs/MSNBCW_20130529_070000_All_In_With_Chris_Hayes_001396.jpg,"i think that's right. you know, choosing judges in an incredibly important way in which the president cements his legacy, any president. for obama, there's already a new challenge to obama care coming through the federal courts. whatever he does and congress does on immigration reform, climate change, they will all be challenged. and so, i think what you have here is the president making a"
