﻿URL,MatchDateTime,Station,Show,IAShowID,IAPreviewThumb,Snippet
https://archive.org/details/MSNBC_20100702_050000_Countdown_With_Keith_Olbermann#start/2976/end/3011,7/2/2010 5:49:51,MSNBC,Countdown With Keith Olbermann,MSNBC_20100702_050000_Countdown_With_Keith_Olbermann,https://archive.org/download/MSNBC_20100702_050000_Countdown_With_Keith_Olbermann/MSNBC_20100702_050000_Countdown_With_Keith_Olbermann.thumbs/MSNBC_20100702_050000_Countdown_With_Keith_Olbermann_002964.jpg,"carl cameron blitzkrieg. against the constitution. blitzkrieg path. about media matters and news busters in 2007 about nbc's global warming propaganda"
https://archive.org/details/MSNBC_20100724_010000_The_Rachel_Maddow_Show#start/2498/end/2533,7/24/2010 1:41:53,MSNBC,The Rachel Maddow Show,MSNBC_20100724_010000_The_Rachel_Maddow_Show,https://archive.org/download/MSNBC_20100724_010000_The_Rachel_Maddow_Show/MSNBC_20100724_010000_The_Rachel_Maddow_Show.thumbs/MSNBC_20100724_010000_The_Rachel_Maddow_Show_002484.jpg,"foreseeable risks that we do nothing to ameliorate, the financial crisis, which we are still paying for, the bp oil spill which we have not figured out to fix, we cannot turn back the flow of the crude. we know that global warming is"
https://archive.org/details/MSNBC_20100720_180000_MSNBC_News_Live#start/29/end/64,7/20/2010 18:00:44,MSNBC,MSNBC News Live,MSNBC_20100720_180000_MSNBC_News_Live,https://archive.org/download/MSNBC_20100720_180000_MSNBC_News_Live/MSNBC_20100720_180000_MSNBC_News_Live.thumbs/MSNBC_20100720_180000_MSNBC_News_Live_000027.jpg,"above all, our alliance thrives because it advances our common interests, whether it's preventing the spread of nuclear weapons or securing vulnerable nuclear materials, thwarting terrorist attacks or confronting climate change or promoting"
https://archive.org/details/MSNBC_20100709_010000_The_Rachel_Maddow_Show#start/1115/end/1150,7/9/2010 1:18:50,MSNBC,The Rachel Maddow Show,MSNBC_20100709_010000_The_Rachel_Maddow_Show,https://archive.org/download/MSNBC_20100709_010000_The_Rachel_Maddow_Show/MSNBC_20100709_010000_The_Rachel_Maddow_Show.thumbs/MSNBC_20100709_010000_The_Rachel_Maddow_Show_001106.jpg,"production of energy in the united states. president obama made it clear that he intends to exploit this crisis to push his liberal agenda for a cap and tax scheme. i have a climate change question."
https://archive.org/details/MSNBC_20100709_030000_The_Rachel_Maddow_Show#start/1115/end/1150,7/9/2010 3:18:50,MSNBC,The Rachel Maddow Show,MSNBC_20100709_030000_The_Rachel_Maddow_Show,https://archive.org/download/MSNBC_20100709_030000_The_Rachel_Maddow_Show/MSNBC_20100709_030000_The_Rachel_Maddow_Show.thumbs/MSNBC_20100709_030000_The_Rachel_Maddow_Show_001105.jpg,"put a national energy tax on the production of energy in the united states. president obama made it clear that he intends to exploit this crisis to push his liberal agenda for a cap and tax scheme. i have a climate change question."
https://archive.org/details/MSNBC_20100709_030000_The_Rachel_Maddow_Show#start/789/end/824,7/9/2010 3:13:24,MSNBC,The Rachel Maddow Show,MSNBC_20100709_030000_The_Rachel_Maddow_Show,https://archive.org/download/MSNBC_20100709_030000_The_Rachel_Maddow_Show/MSNBC_20100709_030000_The_Rachel_Maddow_Show.thumbs/MSNBC_20100709_030000_The_Rachel_Maddow_Show_000746.jpg,"oil is still gushing out of bp's busted well. there won't be a moratorium on deepwater drilling. and the whole country is focused on the worst fossil fuel disaster in the history of the republic. and we're not getting a new climate change bill?"
https://archive.org/details/MSNBC_20100724_010000_The_Rachel_Maddow_Show#start/2590/end/2625,7/24/2010 1:43:25,MSNBC,The Rachel Maddow Show,MSNBC_20100724_010000_The_Rachel_Maddow_Show,https://archive.org/download/MSNBC_20100724_010000_The_Rachel_Maddow_Show/MSNBC_20100724_010000_The_Rachel_Maddow_Show.thumbs/MSNBC_20100724_010000_The_Rachel_Maddow_Show_002574.jpg,"thinkers and these research scientists to figure us a way out of this if we can't do it through our political system. are we in a situation, though, where the people are ahead of the politicians on this, where a new energy policy to get us off oil, whether it's motived by climate change,"
https://archive.org/details/MSNBC_20100712_210000_Hardball_With_Chris_Matthews#start/1431/end/1466,7/12/2010 21:24:06,MSNBC,Hardball With Chris Matthews,MSNBC_20100712_210000_Hardball_With_Chris_Matthews,https://archive.org/download/MSNBC_20100712_210000_Hardball_With_Chris_Matthews/MSNBC_20100712_210000_Hardball_With_Chris_Matthews.thumbs/MSNBC_20100712_210000_Hardball_With_Chris_Matthews_001405.jpg,"and proud of it amazing me. your thoughts if we can get climate change, even with this president? this is one area where we need to talk about the media. more people question global warming today than they did two years ago. when in fact there's more"
https://archive.org/details/MSNBC_20100712_230000_Hardball_With_Chris_Matthews#start/1424/end/1459,7/12/2010 23:23:59,MSNBC,Hardball With Chris Matthews,MSNBC_20100712_230000_Hardball_With_Chris_Matthews,https://archive.org/download/MSNBC_20100712_230000_Hardball_With_Chris_Matthews/MSNBC_20100712_230000_Hardball_With_Chris_Matthews.thumbs/MSNBC_20100712_230000_Hardball_With_Chris_Matthews_001405.jpg,"me. so your thoughts about whether we can get climate change even with this president. chris, this is one area where we need to talk about the media. more people question global warming today than they did two years ago. when in fact there's more evidence that it's happening."
https://archive.org/details/MSNBC_20100713_040000_Hardball_With_Chris_Matthews#start/1427/end/1462,7/13/2010 4:24:02,MSNBC,Hardball With Chris Matthews,MSNBC_20100713_040000_Hardball_With_Chris_Matthews,https://archive.org/download/MSNBC_20100713_040000_Hardball_With_Chris_Matthews/MSNBC_20100713_040000_Hardball_With_Chris_Matthews.thumbs/MSNBC_20100713_040000_Hardball_With_Chris_Matthews_001405.jpg,"heads and be proud of it amazes me. so your thoughts about whether we can get climate change even with this president. chris, this is one area where we need to talk about the media. more people question global warming today than they did two years ago. when in fact there's more evidence that it's happening."
https://archive.org/details/MSNBC_20100731_010000_The_Rachel_Maddow_Show#start/2593/end/2628,7/31/2010 1:43:28,MSNBC,The Rachel Maddow Show,MSNBC_20100731_010000_The_Rachel_Maddow_Show,https://archive.org/download/MSNBC_20100731_010000_The_Rachel_Maddow_Show/MSNBC_20100731_010000_The_Rachel_Maddow_Show.thumbs/MSNBC_20100731_010000_The_Rachel_Maddow_Show_002574.jpg,"bill, he opposed the house bill, and he even as attorney general tried to oppose the bill finding that greenhouse gases are a threat to human kind. the idea that he's out to beat"
https://archive.org/details/MSNBC_20100724_000000_Countdown_With_Keith_Olbermann#start/1158/end/1193,7/24/2010 0:19:33,MSNBC,Countdown With Keith Olbermann,MSNBC_20100724_000000_Countdown_With_Keith_Olbermann,https://archive.org/download/MSNBC_20100724_000000_Countdown_With_Keith_Olbermann/MSNBC_20100724_000000_Countdown_With_Keith_Olbermann.thumbs/MSNBC_20100724_000000_Countdown_With_Keith_Olbermann_001135.jpg,"include a cap on greenhouse gases or a nationwide mandate for renewable energy. senator john kerry, the co-sponsor of the senate energy bill that was abandoned said that the new bill was, quote, admittedly narrow."
https://archive.org/details/MSNBC_20100724_000000_Countdown_With_Keith_Olbermann#start/1362/end/1397,7/24/2010 0:22:57,MSNBC,Countdown With Keith Olbermann,MSNBC_20100724_000000_Countdown_With_Keith_Olbermann,https://archive.org/download/MSNBC_20100724_000000_Countdown_With_Keith_Olbermann/MSNBC_20100724_000000_Countdown_With_Keith_Olbermann.thumbs/MSNBC_20100724_000000_Countdown_With_Keith_Olbermann_001344.jpg,"vote. she was one of the eight democratic senators back in february who signed a letter to lisa jackson at the epa opposing the agency's regulations of the greenhouse gases, carl levin of michigan, sheryl brown of ohio."
https://archive.org/details/MSNBC_20100715_170000_Andrea_Mitchell_Reports#start/3137/end/3172,7/15/2010 17:52:32,MSNBC,Andrea Mitchell Reports,MSNBC_20100715_170000_Andrea_Mitchell_Reports,https://archive.org/download/MSNBC_20100715_170000_Andrea_Mitchell_Reports/MSNBC_20100715_170000_Andrea_Mitchell_Reports.thumbs/MSNBC_20100715_170000_Andrea_Mitchell_Reports_003113.jpg,"you think, to try to salvage a last-ditch effort for climate change legislation on the hill? well, it ought to help us pass energy independence, climate change legislation, because it's a choice we've really got to make in our"
https://archive.org/details/MSNBC_20100705_110000_MSNBC_News_Live#start/2808/end/2843,7/5/2010 11:47:03,MSNBC,MSNBC News Live,MSNBC_20100705_110000_MSNBC_News_Live,https://archive.org/download/MSNBC_20100705_110000_MSNBC_News_Live/MSNBC_20100705_110000_MSNBC_News_Live.thumbs/MSNBC_20100705_110000_MSNBC_News_Live_002784.jpg,"some help! what happened in 1803? kate arnold teaches eighth grade history. after showing her class inconvenient truth, the documentary about climate change, her students were immediately inspired to act. climate change is an urgent issue that we all need to be air"
https://archive.org/details/MSNBC_20100702_000000_Countdown_With_Keith_Olbermann#start/2987/end/3022,7/2/2010 0:50:02,MSNBC,Countdown With Keith Olbermann,MSNBC_20100702_000000_Countdown_With_Keith_Olbermann,https://archive.org/download/MSNBC_20100702_000000_Countdown_With_Keith_Olbermann/MSNBC_20100702_000000_Countdown_With_Keith_Olbermann.thumbs/MSNBC_20100702_000000_Countdown_With_Keith_Olbermann_002964.jpg,"global warming propaganda. there is the problem of blitz, short for britskrieg so every nfl coach they're nazi'ing,"
https://archive.org/details/MSNBC_20100723_100000_Morning_Joe#start/1448/end/1483,7/23/2010 10:24:23,MSNBC,Morning Joe,MSNBC_20100723_100000_Morning_Joe,https://archive.org/download/MSNBC_20100723_100000_Morning_Joe/MSNBC_20100723_100000_Morning_Joe.thumbs/MSNBC_20100723_100000_Morning_Joe_001434.jpg,"measure that would seek to limit greenhouse gas emissions. storm aims for the gulf. pensacola officials say bonnie on a path to louisiana and likely create dangerous rip currents but not expected to"
https://archive.org/details/MSNBC_20100713_210000_Hardball_With_Chris_Matthews#start/3583/end/3618,7/13/2010 21:59:58,MSNBC,Hardball With Chris Matthews,MSNBC_20100713_210000_Hardball_With_Chris_Matthews,https://archive.org/download/MSNBC_20100713_210000_Hardball_With_Chris_Matthews/MSNBC_20100713_210000_Hardball_With_Chris_Matthews.thumbs/MSNBC_20100713_210000_Hardball_With_Chris_Matthews_003564.jpg,"memorandum from daniel patrick moynihan from 1969 warning of the impact of climate change. four decades of science is simply rejected. not a single"
https://archive.org/details/MSNBC_20100713_230000_Hardball_With_Chris_Matthews#start/3580/end/3615,7/13/2010 23:59:55,MSNBC,Hardball With Chris Matthews,MSNBC_20100713_230000_Hardball_With_Chris_Matthews,https://archive.org/download/MSNBC_20100713_230000_Hardball_With_Chris_Matthews/MSNBC_20100713_230000_Hardball_With_Chris_Matthews.thumbs/MSNBC_20100713_230000_Hardball_With_Chris_Matthews_003563.jpg,"don't believe in evolution. the beat goes on. no matter how much information is collect owned climate change it is okay in the republican party to deny it despite the fact the nixon library just released a memorandum from daniel patrick moynihan from 1969 warning of the impact of climate change, four decades of"
https://archive.org/details/MSNBC_20100714_040000_Hardball_With_Chris_Matthews#start/3584/end/3619,7/14/2010 4:59:59,MSNBC,Hardball With Chris Matthews,MSNBC_20100714_040000_Hardball_With_Chris_Matthews,https://archive.org/download/MSNBC_20100714_040000_Hardball_With_Chris_Matthews/MSNBC_20100714_040000_Hardball_With_Chris_Matthews.thumbs/MSNBC_20100714_040000_Hardball_With_Chris_Matthews_003564.jpg,"1969 warning of the impact of climate change, four decades of science is simply rejected. not a single republican senator is now ready to take action on"
https://archive.org/details/MSNBC_20100702_020000_Countdown_With_Keith_Olbermann#start/2983/end/3018,7/2/2010 2:49:58,MSNBC,Countdown With Keith Olbermann,MSNBC_20100702_020000_Countdown_With_Keith_Olbermann,https://archive.org/download/MSNBC_20100702_020000_Countdown_With_Keith_Olbermann/MSNBC_20100702_020000_Countdown_With_Keith_Olbermann.thumbs/MSNBC_20100702_020000_Countdown_With_Keith_Olbermann_002963.jpg,"media matters. about james o'keefe. news busters in 2007 about nbc's global warming propaganda blitzkrieg. there is the problem of blitz, short for britskrieg so every nfl coach they're nazi'ing,"
https://archive.org/details/MSNBC_20100712_210000_Hardball_With_Chris_Matthews#start/1385/end/1420,7/12/2010 21:23:20,MSNBC,Hardball With Chris Matthews,MSNBC_20100712_210000_Hardball_With_Chris_Matthews,https://archive.org/download/MSNBC_20100712_210000_Hardball_With_Chris_Matthews/MSNBC_20100712_210000_Hardball_With_Chris_Matthews.thumbs/MSNBC_20100712_210000_Hardball_With_Chris_Matthews_001375.jpg,"scientists say is necessary to curb global warming. 80% reduction by 2050. is he doing it? it looks so tough. i think the president should be kept to the promises he made"
https://archive.org/details/MSNBC_20100712_230000_Hardball_With_Chris_Matthews#start/1374/end/1409,7/12/2010 23:23:09,MSNBC,Hardball With Chris Matthews,MSNBC_20100712_230000_Hardball_With_Chris_Matthews,https://archive.org/download/MSNBC_20100712_230000_Hardball_With_Chris_Matthews/MSNBC_20100712_230000_Hardball_With_Chris_Matthews.thumbs/MSNBC_20100712_230000_Hardball_With_Chris_Matthews_001375.jpg,"hard cap on all carbon emissions at a level that scientists say is necessary to 0 curb global warming. an 80% reduction by 2050. almost three years ago, neera, is he doing it?"
https://archive.org/details/MSNBC_20100725_140000_MSNBC_News_Live#start/546/end/581,7/25/2010 14:09:21,MSNBC,MSNBC News Live,MSNBC_20100725_140000_MSNBC_News_Live,https://archive.org/download/MSNBC_20100725_140000_MSNBC_News_Live/MSNBC_20100725_140000_MSNBC_News_Live.thumbs/MSNBC_20100725_140000_MSNBC_News_Live_000536.jpg,"washington, 101. talk about global warming. right here along the eastern seaboard, plenty of weather advisories. heat advisories, heat warnings, where you see darker shading from the eastern carolinas and southeast areas of pennsylvania."
https://archive.org/details/MSNBC_20100709_000000_Countdown_With_Keith_Olbermann#start/378/end/413,7/9/2010 0:06:33,MSNBC,Countdown With Keith Olbermann,MSNBC_20100709_000000_Countdown_With_Keith_Olbermann,https://archive.org/download/MSNBC_20100709_000000_Countdown_With_Keith_Olbermann/MSNBC_20100709_000000_Countdown_With_Keith_Olbermann.thumbs/MSNBC_20100709_000000_Countdown_With_Keith_Olbermann_000356.jpg,"until tomorrow or next year. with us tonight as promised, congressman ed markey, the democrat of massachusetts, who chairs the global warming committee. thanks for your time tonight, sir. thanks for having me. there is a score card from"
https://archive.org/details/MSNBC_20100709_030000_The_Rachel_Maddow_Show#start/1051/end/1086,7/9/2010 3:17:46,MSNBC,The Rachel Maddow Show,MSNBC_20100709_030000_The_Rachel_Maddow_Show,https://archive.org/download/MSNBC_20100709_030000_The_Rachel_Maddow_Show/MSNBC_20100709_030000_The_Rachel_Maddow_Show.thumbs/MSNBC_20100709_030000_The_Rachel_Maddow_Show_001045.jpg,"dependence on oil and stave off the much bigger oil crisis that comes in a package deal with global warming. national energy tax. they call it a climate bill. what it is is a national energy tax."
https://archive.org/details/MSNBC_20100703_120000_MSNBC_News_Live#start/3254/end/3289,7/3/2010 12:54:29,MSNBC,MSNBC News Live,MSNBC_20100703_120000_MSNBC_News_Live,https://archive.org/download/MSNBC_20100703_120000_MSNBC_News_Live/MSNBC_20100703_120000_MSNBC_News_Live.thumbs/MSNBC_20100703_120000_MSNBC_News_Live_003203.jpg,"inner circle discussed the possibilities of global warming more than 30 years ago. nixon adviser daniel patrick moynahan urged the administration to issue a worldwide system of monitoring carbon dioxide in the atmosphere. his memo was from 1969, among"
https://archive.org/details/MSNBC_20100707_230000_Hardball_With_Chris_Matthews#start/3283/end/3318,7/7/2010 23:54:58,MSNBC,Hardball With Chris Matthews,MSNBC_20100707_230000_Hardball_With_Chris_Matthews,https://archive.org/download/MSNBC_20100707_230000_Hardball_With_Chris_Matthews/MSNBC_20100707_230000_Hardball_With_Chris_Matthews.thumbs/MSNBC_20100707_230000_Hardball_With_Chris_Matthews_003263.jpg,"all right. howard, energy, if he includes something on climate change, does that show he's damn well serious about serious"
https://archive.org/details/MSNBC_20100709_030000_The_Rachel_Maddow_Show#start/1185/end/1220,7/9/2010 3:20:00,MSNBC,The Rachel Maddow Show,MSNBC_20100709_030000_The_Rachel_Maddow_Show,https://archive.org/download/MSNBC_20100709_030000_The_Rachel_Maddow_Show/MSNBC_20100709_030000_The_Rachel_Maddow_Show.thumbs/MSNBC_20100709_030000_The_Rachel_Maddow_Show_001165.jpg,"that assembled frankenstein bill, if it's not kerry/lieberman, does that mean there's no carbon tax with it? is there not going to be a price on carbon? no one knows for sure."
https://archive.org/details/MSNBC_20100714_190000_MSNBC_News_Live#start/3328/end/3363,7/14/2010 19:55:43,MSNBC,MSNBC News Live,MSNBC_20100714_190000_MSNBC_News_Live,https://archive.org/download/MSNBC_20100714_190000_MSNBC_News_Live/MSNBC_20100714_190000_MSNBC_News_Live.thumbs/MSNBC_20100714_190000_MSNBC_News_Live_003300.jpg,"global warming, point towards coming armageddon, but u.s. scientists seem to think we've got plenty of time until the end of humankind. scientists from the university of kansas and the smithsonian institute say worldwide extinction happens every 27 million years, and the clock"
https://archive.org/details/MSNBC_20100709_010000_The_Rachel_Maddow_Show#start/1054/end/1089,7/9/2010 1:17:49,MSNBC,The Rachel Maddow Show,MSNBC_20100709_010000_The_Rachel_Maddow_Show,https://archive.org/download/MSNBC_20100709_010000_The_Rachel_Maddow_Show/MSNBC_20100709_010000_The_Rachel_Maddow_Show.thumbs/MSNBC_20100709_010000_The_Rachel_Maddow_Show_001046.jpg,"dependence on oil and stave off the much bigger oil crisis that comes in a package deal with global warming. national energy tax. they call it a climate bill. what it is is a national energy tax. i can pretty confident tell you"
https://archive.org/details/MSNBC_20100708_200000_The_Dylan_Ratigan_Show#start/858/end/893,7/8/2010 20:14:33,MSNBC,The Dylan Ratigan Show,MSNBC_20100708_200000_The_Dylan_Ratigan_Show,https://archive.org/download/MSNBC_20100708_200000_The_Dylan_Ratigan_Show/MSNBC_20100708_200000_The_Dylan_Ratigan_Show.thumbs/MSNBC_20100708_200000_The_Dylan_Ratigan_Show_000836.jpg,"the day. debate about naming the enemy, the heat wave and global warming, and a new campaign video from sarah palin. we start with growing buzz today over what some critics claimed is the obama administration's refusal to link terrorists to islam."
https://archive.org/details/MSNBC_20100707_200000_The_Dylan_Ratigan_Show#start/3431/end/3466,7/7/2010 20:57:26,MSNBC,The Dylan Ratigan Show,MSNBC_20100707_200000_The_Dylan_Ratigan_Show,https://archive.org/download/MSNBC_20100707_200000_The_Dylan_Ratigan_Show/MSNBC_20100707_200000_The_Dylan_Ratigan_Show.thumbs/MSNBC_20100707_200000_The_Dylan_Ratigan_Show_003414.jpg,"at what cost? one science writer said it's led to our tendency to stay indoors more and exercise less and created a massive spike in electricity consumption that's speeding up global warming and he says turning the country more republican. joining us via skype from"
https://archive.org/details/MSNBC_20100709_020000_Countdown_With_Keith_Olbermann#start/378/end/413,7/9/2010 2:06:33,MSNBC,Countdown With Keith Olbermann,MSNBC_20100709_020000_Countdown_With_Keith_Olbermann,https://archive.org/download/MSNBC_20100709_020000_Countdown_With_Keith_Olbermann/MSNBC_20100709_020000_Countdown_With_Keith_Olbermann.thumbs/MSNBC_20100709_020000_Countdown_With_Keith_Olbermann_000355.jpg,"until tomorrow or next year. with us tonight as promised, congressman ed markey, the democrat of massachusetts, who chairs the global warming committee. thanks for your time tonight, sir. thanks for having me. think progress has a score card in the three judges from"
https://archive.org/details/MSNBC_20100713_040000_Hardball_With_Chris_Matthews#start/1380/end/1415,7/13/2010 4:23:15,MSNBC,Hardball With Chris Matthews,MSNBC_20100713_040000_Hardball_With_Chris_Matthews,https://archive.org/download/MSNBC_20100713_040000_Hardball_With_Chris_Matthews/MSNBC_20100713_040000_Hardball_With_Chris_Matthews.thumbs/MSNBC_20100713_040000_Hardball_With_Chris_Matthews_001375.jpg,"at a level that scientists say is necessary to curb global warming. an 80% reduction by 2050. almost three years ago, neera, is he doing it? it looks so tough. it's so hard. i think the president should be kept to the promises he made"
https://archive.org/details/MSNBC_20100714_190000_MSNBC_News_Live#start/2962/end/2997,7/14/2010 19:49:37,MSNBC,MSNBC News Live,MSNBC_20100714_190000_MSNBC_News_Live,https://archive.org/download/MSNBC_20100714_190000_MSNBC_News_Live/MSNBC_20100714_190000_MSNBC_News_Live.thumbs/MSNBC_20100714_190000_MSNBC_News_Live_002940.jpg,"happened, whether it's global warming or an event like this. what we need is the addiction for the money in congress and the senate to be put aside and for people to show real leadership and to do the right thing. we haven't. we haven't taken toez steps yet"
https://archive.org/details/MSNBC_20100716_200000_The_Dylan_Ratigan_Show#start/1618/end/1653,7/16/2010 20:27:13,MSNBC,The Dylan Ratigan Show,MSNBC_20100716_200000_The_Dylan_Ratigan_Show,https://archive.org/download/MSNBC_20100716_200000_The_Dylan_Ratigan_Show/MSNBC_20100716_200000_The_Dylan_Ratigan_Show.thumbs/MSNBC_20100716_200000_The_Dylan_Ratigan_Show_001525.jpg,"that fact sure to heat up the debate over global warming. it's today's by the numbers. we're back after this. there's oil out there we've got to capture. my job is to hunt it down. i'm fred lemond, and i'm in charge of bp's efforts to remove oil from these waters."
https://archive.org/details/MSNBC_20100728_100000_Morning_Joe#start/8942/end/8977,7/28/2010 12:29:17,MSNBC,Morning Joe,MSNBC_20100728_100000_Morning_Joe,https://archive.org/download/MSNBC_20100728_100000_Morning_Joe/MSNBC_20100728_100000_Morning_Joe.thumbs/MSNBC_20100728_100000_Morning_Joe_008928.jpg,"movement on energy legislation. and the route of the frustration is that democrats are very nervous that vulnerable democrats, especially in the conservative to moderate swing districts, that they voted last year for a global warming bill that had sort of a cap and trade provision in it."
https://archive.org/details/MSNBC_20100709_050000_Countdown_With_Keith_Olbermann#start/376/end/411,7/9/2010 5:06:31,MSNBC,Countdown With Keith Olbermann,MSNBC_20100709_050000_Countdown_With_Keith_Olbermann,https://archive.org/download/MSNBC_20100709_050000_Countdown_With_Keith_Olbermann/MSNBC_20100709_050000_Countdown_With_Keith_Olbermann.thumbs/MSNBC_20100709_050000_Countdown_With_Keith_Olbermann_000356.jpg,"filing claims, the earliest today at 5:00 local time, even if the business is not impacted until tomorrow or next year. with us tonight as promised, congressman ed markey, the democrat of massachusetts, who chairs the global warming committee. thanks for your time tonight, sir. thanks for having me."
https://archive.org/details/MSNBC_20100701_190000_MSNBC_News_Live#start/2016/end/2051,7/1/2010 19:33:51,MSNBC,MSNBC News Live,MSNBC_20100701_190000_MSNBC_News_Live,https://archive.org/download/MSNBC_20100701_190000_MSNBC_News_Live/MSNBC_20100701_190000_MSNBC_News_Live.thumbs/MSNBC_20100701_190000_MSNBC_News_Live_002010.jpg,"made unwelcome sexual advances at this upscale portland hotel on october 24, 2006. gore was in portland to deliver a speech on climate change. portland police say haggerity canceled several appointments"
https://archive.org/details/MSNBC_20100724_010000_The_Rachel_Maddow_Show#start/2448/end/2483,7/24/2010 1:41:03,MSNBC,The Rachel Maddow Show,MSNBC_20100724_010000_The_Rachel_Maddow_Show,https://archive.org/download/MSNBC_20100724_010000_The_Rachel_Maddow_Show/MSNBC_20100724_010000_The_Rachel_Maddow_Show.thumbs/MSNBC_20100724_010000_The_Rachel_Maddow_Show_002424.jpg,"making that possible. if climate change, if the external ats -- it causes externalalities, felt by companies that are far away that don't have political capital, if all of those are true, don't you"
https://archive.org/details/MSNBC_20100706_190000_MSNBC_News_Live#start/1510/end/1545,7/6/2010 19:25:25,MSNBC,MSNBC News Live,MSNBC_20100706_190000_MSNBC_News_Live,https://archive.org/download/MSNBC_20100706_190000_MSNBC_News_Live/MSNBC_20100706_190000_MSNBC_News_Live.thumbs/MSNBC_20100706_190000_MSNBC_News_Live_001496.jpg,"one such is the struggle against terrorism. another challenge is climate change. where careful account must be taken of the risks faced by smaller more vulnerable nations, many of them from the commonwealth."
https://archive.org/details/MSNBC_20100716_200000_The_Dylan_Ratigan_Show#start/1767/end/1802,7/16/2010 20:29:42,MSNBC,The Dylan Ratigan Show,MSNBC_20100716_200000_The_Dylan_Ratigan_Show,https://archive.org/download/MSNBC_20100716_200000_The_Dylan_Ratigan_Show/MSNBC_20100716_200000_The_Dylan_Ratigan_Show.thumbs/MSNBC_20100716_200000_The_Dylan_Ratigan_Show_001765.jpg,"the climate change dispute. just about everything. i am not predicting anything. i just know when i leave my house, or my apartment, i'm bone dry, i get to the corner and i"
https://archive.org/details/MSNBC_20100724_010000_The_Rachel_Maddow_Show#start/2513/end/2548,7/24/2010 1:42:08,MSNBC,The Rachel Maddow Show,MSNBC_20100724_010000_The_Rachel_Maddow_Show,https://archive.org/download/MSNBC_20100724_010000_The_Rachel_Maddow_Show/MSNBC_20100724_010000_The_Rachel_Maddow_Show.thumbs/MSNBC_20100724_010000_The_Rachel_Maddow_Show_002514.jpg,"coming, but now we have this commission. we're worried about the commission. what the commission is going to tell us, we should have stopped it beforehand. so we're going to wait for global warming and then the planet will roast and hundreds of millions will be displaced? will we form a commission and"
https://archive.org/details/MSNBC_20100701_140000_MSNBC_News_Live#start/98/end/133,7/1/2010 14:01:53,MSNBC,MSNBC News Live,MSNBC_20100701_140000_MSNBC_News_Live,https://archive.org/download/MSNBC_20100701_140000_MSNBC_News_Live/MSNBC_20100701_140000_MSNBC_News_Live.thumbs/MSNBC_20100701_140000_MSNBC_News_Live_000087.jpg,"al gore made unwanted sexual advances during a massage appointment at this upscale portland, oregon, hotel on october 24th, 2006. gore was in portland to deliver a speech on climate change. portland police say hagerty"
https://archive.org/details/MSNBC_20100712_210000_Hardball_With_Chris_Matthews#start/1416/end/1451,7/12/2010 21:23:51,MSNBC,Hardball With Chris Matthews,MSNBC_20100712_210000_Hardball_With_Chris_Matthews,https://archive.org/download/MSNBC_20100712_210000_Hardball_With_Chris_Matthews/MSNBC_20100712_210000_Hardball_With_Chris_Matthews.thumbs/MSNBC_20100712_210000_Hardball_With_Chris_Matthews_001405.jpg,"the term. you have to give him a couple more years. the business community has taken this sort of mockery approach to climate change. like they did towards anything scientific. the ability to be knuckle heads"
https://archive.org/details/MSNBC_20100716_010000_The_Rachel_Maddow_Show#start/1631/end/1666,7/16/2010 1:27:26,MSNBC,The Rachel Maddow Show,MSNBC_20100716_010000_The_Rachel_Maddow_Show,https://archive.org/download/MSNBC_20100716_010000_The_Rachel_Maddow_Show/MSNBC_20100716_010000_The_Rachel_Maddow_Show.thumbs/MSNBC_20100716_010000_The_Rachel_Maddow_Show_001615.jpg,"reform, wall street reform, climate change, a jobs bill and some other things. but mostly, their silence has been deafening. their attendance at the america speaking out meeting means maybe our nation can put this shameful"
https://archive.org/details/MSNBC_20100724_000000_Countdown_With_Keith_Olbermann#start/1441/end/1476,7/24/2010 0:24:16,MSNBC,Countdown With Keith Olbermann,MSNBC_20100724_000000_Countdown_With_Keith_Olbermann,https://archive.org/download/MSNBC_20100724_000000_Countdown_With_Keith_Olbermann/MSNBC_20100724_000000_Countdown_With_Keith_Olbermann.thumbs/MSNBC_20100724_000000_Countdown_With_Keith_Olbermann_001434.jpg,"of course there is no greater climate change denier than senator inhofe. so he would be in charge in the senate. and if republicans win the house, then congressman barton, the one who apologized to bp"
https://archive.org/details/MSNBC_20100711_110000_Hardball_Weekend#start/985/end/1020,7/11/2010 11:16:40,MSNBC,Hardball Weekend,MSNBC_20100711_110000_Hardball_Weekend,https://archive.org/download/MSNBC_20100711_110000_Hardball_Weekend/MSNBC_20100711_110000_Hardball_Weekend.thumbs/MSNBC_20100711_110000_Hardball_Weekend_000985.jpg,"reorganizing government it hasn't. he's pioneered climate change legislation that's path breaking. in terms of the crisis that we're in now, the idea of not knowing anything and not caring enough to vote for 28 years"
https://archive.org/details/MSNBC_20100708_200000_The_Dylan_Ratigan_Show#start/1109/end/1144,7/8/2010 20:18:44,MSNBC,The Dylan Ratigan Show,MSNBC_20100708_200000_The_Dylan_Ratigan_Show,https://archive.org/download/MSNBC_20100708_200000_The_Dylan_Ratigan_Show/MSNBC_20100708_200000_The_Dylan_Ratigan_Show.thumbs/MSNBC_20100708_200000_The_Dylan_Ratigan_Show_001106.jpg,"think, is missing a major point and i hope the administration is not ignoring that in combatting terrorism. next is the record-breaking heat wave that's bringing the east coast cráies to a boil. is that proof of global warming? that debate is raging as triple digit temperatures this week have been blamed for a handful"
https://archive.org/details/MSNBC_20100708_200000_The_Dylan_Ratigan_Show#start/1158/end/1193,7/8/2010 20:19:33,MSNBC,The Dylan Ratigan Show,MSNBC_20100708_200000_The_Dylan_Ratigan_Show,https://archive.org/download/MSNBC_20100708_200000_The_Dylan_Ratigan_Show/MSNBC_20100708_200000_The_Dylan_Ratigan_Show.thumbs/MSNBC_20100708_200000_The_Dylan_Ratigan_Show_001136.jpg,"argument. whether it's a heat streak or it's the snow streak that we had back in january and february here in d.c. the reality is you look at the trend lines, you look at the science, it's overwhelming that there is global warming, that something needs to be done about it. i don't take too much stock in"
https://archive.org/details/MSNBC_20100712_210000_Hardball_With_Chris_Matthews#start/1354/end/1389,7/12/2010 21:22:49,MSNBC,Hardball With Chris Matthews,MSNBC_20100712_210000_Hardball_With_Chris_Matthews,https://archive.org/download/MSNBC_20100712_210000_Hardball_With_Chris_Matthews/MSNBC_20100712_210000_Hardball_With_Chris_Matthews.thumbs/MSNBC_20100712_210000_Hardball_With_Chris_Matthews_001345.jpg,"still in a position to use the house's money. they get the cash when they win. we pay when we lose. i couldn't agree with you more. here's the hot one. climate change. which a lot of people know it"
https://archive.org/details/MSNBC_20100714_170000_Andrea_Mitchell_Reports#start/3345/end/3380,7/14/2010 17:56:00,MSNBC,Andrea Mitchell Reports,MSNBC_20100714_170000_Andrea_Mitchell_Reports,https://archive.org/download/MSNBC_20100714_170000_Andrea_Mitchell_Reports/MSNBC_20100714_170000_Andrea_Mitchell_Reports.thumbs/MSNBC_20100714_170000_Andrea_Mitchell_Reports_003324.jpg,"a climate change bill. is there still a chance with a couple of weeks left in congress? and remember, you can follow the show online and on twitter. tameron hall takes over from here as the so-called barefoot bandit makes his first"
https://archive.org/details/MSNBC_20100716_170000_Andrea_Mitchell_Reports#start/1513/end/1548,7/16/2010 17:25:28,MSNBC,Andrea Mitchell Reports,MSNBC_20100716_170000_Andrea_Mitchell_Reports,https://archive.org/download/MSNBC_20100716_170000_Andrea_Mitchell_Reports/MSNBC_20100716_170000_Andrea_Mitchell_Reports.thumbs/MSNBC_20100716_170000_Andrea_Mitchell_Reports_001496.jpg,"campaign. it would not be a reliable vote if they decide to push ahead with climate change because no one from west virginia is going to be a reliable vote for the current form that legislation is taking. is it positive that there's"
https://archive.org/details/MSNBC_20100709_010000_The_Rachel_Maddow_Show#start/804/end/839,7/9/2010 1:13:39,MSNBC,The Rachel Maddow Show,MSNBC_20100709_010000_The_Rachel_Maddow_Show,https://archive.org/download/MSNBC_20100709_010000_The_Rachel_Maddow_Show/MSNBC_20100709_010000_The_Rachel_Maddow_Show.thumbs/MSNBC_20100709_010000_The_Rachel_Maddow_Show_000776.jpg,"republic. and we're not getting a new climate change bim? the great disconnect of 2010 is coming up. stay tuned. welcome, strollers and sippy cups. the nissan rogue's interior can be reconfigured dozens of different ways to handle whatever life throws at it."
https://archive.org/details/MSNBC_20100707_150000_MSNBC_News_Live#start/2116/end/2151,7/7/2010 15:35:31,MSNBC,MSNBC News Live,MSNBC_20100707_150000_MSNBC_News_Live,https://archive.org/download/MSNBC_20100707_150000_MSNBC_News_Live/MSNBC_20100707_150000_MSNBC_News_Live.thumbs/MSNBC_20100707_150000_MSNBC_News_Live_002095.jpg,"comfortable. the big thing, everybody. i really recommend, wear a hat. drink and don't forget to eat. now, i have noticed that you guys have scrupulously, scrupulously avoided any mention of climate change and i appreciate that. but i just want to remind"
https://archive.org/details/MSNBC_20100714_040000_Hardball_With_Chris_Matthews#start/3574/end/3609,7/14/2010 4:59:49,MSNBC,Hardball With Chris Matthews,MSNBC_20100714_040000_Hardball_With_Chris_Matthews,https://archive.org/download/MSNBC_20100714_040000_Hardball_With_Chris_Matthews/MSNBC_20100714_040000_Hardball_With_Chris_Matthews.thumbs/MSNBC_20100714_040000_Hardball_With_Chris_Matthews_003564.jpg,"don't believe in evolution. the beat goes on. no matter how much information is collect owned climate change it is okay in the republican party to deny it despite the fact the nixon library just released a memorandum from daniel patrick moynihan from"
https://archive.org/details/MSNBC_20100713_040000_Hardball_With_Chris_Matthews#start/1411/end/1446,7/13/2010 4:23:46,MSNBC,Hardball With Chris Matthews,MSNBC_20100713_040000_Hardball_With_Chris_Matthews,https://archive.org/download/MSNBC_20100713_040000_Hardball_With_Chris_Matthews/MSNBC_20100713_040000_Hardball_With_Chris_Matthews.thumbs/MSNBC_20100713_040000_Hardball_With_Chris_Matthews_001405.jpg,"months in. you have to give him a couple more years. the business community has taken this sort of mockery approach to climate change. like they did towards evolution. like they did towards anything scientific. their ability to be knuckle"
https://archive.org/details/MSNBC_20100724_000000_Countdown_With_Keith_Olbermann#start/46/end/81,7/24/2010 0:01:01,MSNBC,Countdown With Keith Olbermann,MSNBC_20100724_000000_Countdown_With_Keith_Olbermann,https://archive.org/download/MSNBC_20100724_000000_Countdown_With_Keith_Olbermann/MSNBC_20100724_000000_Countdown_With_Keith_Olbermann.thumbs/MSNBC_20100724_000000_Countdown_With_Keith_Olbermann_000026.jpg,"no change on climate change. democrats in the senate abandon efforts on a bill to reduce carbon emissions without a fight. why are they in the white house giving up so easily on an issue that their voters care about so"
https://archive.org/details/MSNBC_20100718_140000_MSNBC_News_Live#start/2743/end/2778,7/18/2010 14:45:58,MSNBC,MSNBC News Live,MSNBC_20100718_140000_MSNBC_News_Live,https://archive.org/download/MSNBC_20100718_140000_MSNBC_News_Live/MSNBC_20100718_140000_MSNBC_News_Live.thumbs/MSNBC_20100718_140000_MSNBC_News_Live_002724.jpg,"kinds of things are cyclical. the cautious, a lot of the forecasters, weather forecasters, will say when you get a hot period you can't necessarily turn around and look at climate change as the answer for why it's so hot."
https://archive.org/details/MSNBC_20100714_000000_Countdown_With_Keith_Olbermann#start/0/end/34,7/14/2010 0:00:14,MSNBC,Countdown With Keith Olbermann,MSNBC_20100714_000000_Countdown_With_Keith_Olbermann,https://archive.org/download/MSNBC_20100714_000000_Countdown_With_Keith_Olbermann/MSNBC_20100714_000000_Countdown_With_Keith_Olbermann.thumbs/MSNBC_20100714_000000_Countdown_With_Keith_Olbermann_000026.jpg,"climate change. sarah palin likes to talk about being a common sense conservative. where is the common sense in all of this refusing to use your brain? that's 'hardball' for now. thanks for being with us. 'countdown' with keith olbermann starts right now."
https://archive.org/details/MSNBC_20100709_030000_The_Rachel_Maddow_Show#start/943/end/978,7/9/2010 3:15:58,MSNBC,The Rachel Maddow Show,MSNBC_20100709_030000_The_Rachel_Maddow_Show,https://archive.org/download/MSNBC_20100709_030000_The_Rachel_Maddow_Show/MSNBC_20100709_030000_The_Rachel_Maddow_Show.thumbs/MSNBC_20100709_030000_The_Rachel_Maddow_Show_000926.jpg,"climate change disaster. he said the problem is not the oil from the bp deepwater horizon spill. the problem is every other drop of oil on earth. it's every barrel we burn. every molecule of carbon we put into the air."
https://archive.org/details/MSNBC_20100707_210000_Hardball_With_Chris_Matthews#start/3257/end/3292,7/7/2010 21:54:32,MSNBC,Hardball With Chris Matthews,MSNBC_20100707_210000_Hardball_With_Chris_Matthews,https://archive.org/download/MSNBC_20100707_210000_Hardball_With_Chris_Matthews/MSNBC_20100707_210000_Hardball_With_Chris_Matthews.thumbs/MSNBC_20100707_210000_Hardball_With_Chris_Matthews_003233.jpg,"adds up to the same thing. i don't mean to be wishy washy here. it's a tough one. howard, energy, if he includes something on climate change, does that show he's damn well serious about serious history making and willing to make"
https://archive.org/details/MSNBC_20100708_200000_The_Dylan_Ratigan_Show#start/1139/end/1174,7/8/2010 20:19:14,MSNBC,The Dylan Ratigan Show,MSNBC_20100708_200000_The_Dylan_Ratigan_Show,https://archive.org/download/MSNBC_20100708_200000_The_Dylan_Ratigan_Show/MSNBC_20100708_200000_The_Dylan_Ratigan_Show.thumbs/MSNBC_20100708_200000_The_Dylan_Ratigan_Show_001136.jpg,"office building, to which i would add in a 100-degree new york city hotel room without air-conditioning which is how i spent last night. chris, as to what significance is this to the debate on climate change? cdotally it helps the"
https://archive.org/details/MSNBC_20100715_020000_Countdown_With_Keith_Olbermann#start/567/end/602,7/15/2010 2:09:42,MSNBC,Countdown With Keith Olbermann,MSNBC_20100715_020000_Countdown_With_Keith_Olbermann,https://archive.org/download/MSNBC_20100715_020000_Countdown_With_Keith_Olbermann/MSNBC_20100715_020000_Countdown_With_Keith_Olbermann.thumbs/MSNBC_20100715_020000_Countdown_With_Keith_Olbermann_000566.jpg,"markey, congressman from massachusetts and chairman of the global warming committee. thank you for your time tonight, sir. glad to be here. you had asked bp to provide information about the status of that wellbore. what did the company tell you? well right now i don't have any answer from them. i mean, the condition of the wellbore, its integrity, the integrity of the seabed around"
https://archive.org/details/MSNBC_20100716_130000_The_Daily_Rundown#start/707/end/742,7/16/2010 13:12:02,MSNBC,The Daily Rundown,MSNBC_20100716_130000_The_Daily_Rundown,https://archive.org/download/MSNBC_20100716_130000_The_Daily_Rundown/MSNBC_20100716_130000_The_Daily_Rundown.thumbs/MSNBC_20100716_130000_The_Daily_Rundown_000686.jpg,"we have an epidemic of hot air. you have quakes. climate change. plenty of hot air here in d.c. believe me. i was just going to say. all right. we have to put an end to this debate. george lewis with hot air normally here in washington."
https://archive.org/details/MSNBC_20100707_150000_MSNBC_News_Live#start/2131/end/2166,7/7/2010 15:35:46,MSNBC,MSNBC News Live,MSNBC_20100707_150000_MSNBC_News_Live,https://archive.org/download/MSNBC_20100707_150000_MSNBC_News_Live/MSNBC_20100707_150000_MSNBC_News_Live.thumbs/MSNBC_20100707_150000_MSNBC_News_Live_002125.jpg,"everybody that it is the warmest decade on record. it's the warmest june on record and it's very much on the way to being the warmest year on record. now, this is absolutely. this is not proof of climate change, however, it is in every"
https://archive.org/details/MSNBC_20100714_050000_Countdown_With_Keith_Olbermann#start/0/end/33,7/14/2010 5:00:13,MSNBC,Countdown With Keith Olbermann,MSNBC_20100714_050000_Countdown_With_Keith_Olbermann,https://archive.org/download/MSNBC_20100714_050000_Countdown_With_Keith_Olbermann/MSNBC_20100714_050000_Countdown_With_Keith_Olbermann.thumbs/MSNBC_20100714_050000_Countdown_With_Keith_Olbermann_000026.jpg,"climate change. sarah palin likes to talk about being a common sense conservative. where is the common sense in all of this refusing to use your brain? that's 'hardball' for now. thanks for being with us. 'countdown' with keith olbermann starts right now. starts right now."
https://archive.org/details/MSNBC_20100716_030000_The_Rachel_Maddow_Show#start/1607/end/1642,7/16/2010 3:27:02,MSNBC,The Rachel Maddow Show,MSNBC_20100716_030000_The_Rachel_Maddow_Show,https://archive.org/download/MSNBC_20100716_030000_The_Rachel_Maddow_Show/MSNBC_20100716_030000_The_Rachel_Maddow_Show.thumbs/MSNBC_20100716_030000_The_Rachel_Maddow_Show_001585.jpg,"except when it came to health reform, wall street reform, climate change, a jobs bill and some other things. but mostly, their silence has been deafening. their attendance at the america speaking out meeting means maybe our nation can put this shameful chapter behind it and finally"
https://archive.org/details/MSNBC_20100707_210000_Hardball_With_Chris_Matthews#start/3272/end/3307,7/7/2010 21:54:47,MSNBC,Hardball With Chris Matthews,MSNBC_20100707_210000_Hardball_With_Chris_Matthews,https://archive.org/download/MSNBC_20100707_210000_Hardball_With_Chris_Matthews/MSNBC_20100707_210000_Hardball_With_Chris_Matthews.thumbs/MSNBC_20100707_210000_Hardball_With_Chris_Matthews_003263.jpg,"enemies on the right? stick to the word climate, don't just say energy. yes. some in interviewing lindsey graham, he said we've got to get the climate change out and talk about energy production. if obama says to heck with that, we're talking about a big global"
https://archive.org/details/MSNBC_20100713_210000_Hardball_With_Chris_Matthews#start/3573/end/3608,7/13/2010 21:59:48,MSNBC,Hardball With Chris Matthews,MSNBC_20100713_210000_Hardball_With_Chris_Matthews,https://archive.org/download/MSNBC_20100713_210000_Hardball_With_Chris_Matthews/MSNBC_20100713_210000_Hardball_With_Chris_Matthews.thumbs/MSNBC_20100713_210000_Hardball_With_Chris_Matthews_003564.jpg,"huckabee joined the club and sam brownback all said they didn't believe in evolution. the beat goes on. no matter how much information is accumulated on climate change, it's okay in the republican party to simply deny it. this despite the fact that the nixon library just released a"
https://archive.org/details/MSNBC_20100714_220000_The_Ed_Show#start/2033/end/2068,7/14/2010 22:34:08,MSNBC,The Ed Show,MSNBC_20100714_220000_The_Ed_Show,https://archive.org/download/MSNBC_20100714_220000_The_Ed_Show/MSNBC_20100714_220000_The_Ed_Show.thumbs/MSNBC_20100714_220000_The_Ed_Show_002035.jpg,"you're doing. they want us to be democrats and to stand up for things like health care for climate change, things that have nature. so we have to do that, ed. i think there's a frustration and there's no doubt about it that nancy pelosi has been the"
https://archive.org/details/MSNBC_20100709_010000_The_Rachel_Maddow_Show#start/942/end/977,7/9/2010 1:15:57,MSNBC,The Rachel Maddow Show,MSNBC_20100709_010000_The_Rachel_Maddow_Show,https://archive.org/download/MSNBC_20100709_010000_The_Rachel_Maddow_Show/MSNBC_20100709_010000_The_Rachel_Maddow_Show.thumbs/MSNBC_20100709_010000_The_Rachel_Maddow_Show_000926.jpg,"climate change disaster. he said the problem is not the oil from the bp deepwater horizon spill. the problem is every other drop of oil on earth. it's every barrel we burn. every molecule of carbon we put into the air. but at the same time as we're"
https://archive.org/details/MSNBC_20100722_140000_MSNBC_News_Live#start/2149/end/2184,7/22/2010 14:36:04,MSNBC,MSNBC News Live,MSNBC_20100722_140000_MSNBC_News_Live,https://archive.org/download/MSNBC_20100722_140000_MSNBC_News_Live/MSNBC_20100722_140000_MSNBC_News_Live.thumbs/MSNBC_20100722_140000_MSNBC_News_Live_002125.jpg,"he has three things he would do in order to spur job growth in america. the first three things for speaker boehner would be repeal the new health care law which stops at all costs and that is climate change at the station, as well as make sure that no tax"
https://archive.org/details/MSNBC_20100718_180000_Meet_the_Press#start/621/end/656,7/18/2010 18:10:36,MSNBC,Meet the Press,MSNBC_20100718_180000_Meet_the_Press,https://archive.org/download/MSNBC_20100718_180000_Meet_the_Press/MSNBC_20100718_180000_Meet_the_Press.thumbs/MSNBC_20100718_180000_Meet_the_Press_000596.jpg,"go back to the democrats because there was a real sense among house democrats that i've spoken to over a period of time frustration with the white house. here house democrats took tough votes on health care, climate change, on the stimulus and they felt like, you know, this white"
https://archive.org/details/MSNBC_20100709_230000_Hardball_With_Chris_Matthews#start/1016/end/1051,7/9/2010 23:17:11,MSNBC,Hardball With Chris Matthews,MSNBC_20100709_230000_Hardball_With_Chris_Matthews,https://archive.org/download/MSNBC_20100709_230000_Hardball_With_Chris_Matthews/MSNBC_20100709_230000_Hardball_With_Chris_Matthews.thumbs/MSNBC_20100709_230000_Hardball_With_Chris_Matthews_001016.jpg,"pioneered the environment and climate change legislation that's really path breaking, so i give him full credit for that. but in terms of the crisis that we're in now, the idea of not knowing anything, not even caring enough to vote for 28 years gives you the equipment,"
https://archive.org/details/MSNBC_20100708_040000_Hardball_With_Chris_Matthews#start/3274/end/3309,7/8/2010 4:54:49,MSNBC,Hardball With Chris Matthews,MSNBC_20100708_040000_Hardball_With_Chris_Matthews,https://archive.org/download/MSNBC_20100708_040000_Hardball_With_Chris_Matthews/MSNBC_20100708_040000_Hardball_With_Chris_Matthews.thumbs/MSNBC_20100708_040000_Hardball_With_Chris_Matthews_003264.jpg,"that is why i'm asking the heavyweights. howard, energy, if he includes something on climate change, does that show he's damn well serious about serious history making and willing to make enemies on the right? stick to the word climate, don't just say energy. yes. right. in interviewing lindsey"
https://archive.org/details/MSNBC_20100713_220000_The_Ed_Show#start/0/end/34,7/13/2010 22:00:14,MSNBC,The Ed Show,MSNBC_20100713_220000_The_Ed_Show,https://archive.org/download/MSNBC_20100713_220000_The_Ed_Show/MSNBC_20100713_220000_The_Ed_Show.thumbs/MSNBC_20100713_220000_The_Ed_Show_000027.jpg,"is now ready to take action on climate change. sarah palin likes to talk about being a common sense conservative. where's the common sense in all this refusing to use your brain? that's 'hardball' for now. thanks for being with us. right now it's time for 'the ed"
https://archive.org/details/MSNBC_20100708_200000_The_Dylan_Ratigan_Show#start/1190/end/1225,7/8/2010 20:20:05,MSNBC,The Dylan Ratigan Show,MSNBC_20100708_200000_The_Dylan_Ratigan_Show,https://archive.org/download/MSNBC_20100708_200000_The_Dylan_Ratigan_Show/MSNBC_20100708_200000_The_Dylan_Ratigan_Show.thumbs/MSNBC_20100708_200000_The_Dylan_Ratigan_Show_001166.jpg,"climate scientists come out and talk about the rationale, the reason more specifically for the snowstorms, they say that's totally in keeping with the climate change model because all of that moisture is trapped in the atmosphere, and when the temperature reaches a certain level, boom, you're going to"
https://archive.org/details/MSNBC_20100724_010000_The_Rachel_Maddow_Show#start/2432/end/2467,7/24/2010 1:40:47,MSNBC,The Rachel Maddow Show,MSNBC_20100724_010000_The_Rachel_Maddow_Show,https://archive.org/download/MSNBC_20100724_010000_The_Rachel_Maddow_Show/MSNBC_20100724_010000_The_Rachel_Maddow_Show.thumbs/MSNBC_20100724_010000_The_Rachel_Maddow_Show_002424.jpg,"climate change there is no easier year when there are 68 democrats sitting around, and now i guess 59. but it isn't clear that our political system is able to handle long-range problems where people aren't feeling the damage today, but would need to make a change today. but the art of politics is"
https://archive.org/details/MSNBC_20100712_230000_Hardball_With_Chris_Matthews#start/1359/end/1394,7/12/2010 23:22:54,MSNBC,Hardball With Chris Matthews,MSNBC_20100712_230000_Hardball_With_Chris_Matthews,https://archive.org/download/MSNBC_20100712_230000_Hardball_With_Chris_Matthews/MSNBC_20100712_230000_Hardball_With_Chris_Matthews.thumbs/MSNBC_20100712_230000_Hardball_With_Chris_Matthews_001345.jpg,"about the ownership of capitol hill. here's the hot one, climate change. which a lot of people know it matters in the long run more than anything else we talk about. we only have one planet. no alternative here. this is it, where we live. let's look at this. as president, i will set a"
https://archive.org/details/MSNBC_20100708_200000_The_Dylan_Ratigan_Show#start/655/end/690,7/8/2010 20:11:10,MSNBC,The Dylan Ratigan Show,MSNBC_20100708_200000_The_Dylan_Ratigan_Show,https://archive.org/download/MSNBC_20100708_200000_The_Dylan_Ratigan_Show/MSNBC_20100708_200000_The_Dylan_Ratigan_Show.thumbs/MSNBC_20100708_200000_The_Dylan_Ratigan_Show_000626.jpg,"what the record setting heat wave means for the climate change debate. we're back to mix it up in just three minutes. [ male announcer ] if you have type 2 diabetes,. you struggle to control your blood sugar. you exercise and eat right, but your blood sugar may still be high, and you need extra help."
https://archive.org/details/MSNBC_20100727_010000_The_Rachel_Maddow_Show#start/1426/end/1461,7/27/2010 1:24:01,MSNBC,The Rachel Maddow Show,MSNBC_20100727_010000_The_Rachel_Maddow_Show,https://archive.org/download/MSNBC_20100727_010000_The_Rachel_Maddow_Show/MSNBC_20100727_010000_The_Rachel_Maddow_Show.thumbs/MSNBC_20100727_010000_The_Rachel_Maddow_Show_001406.jpg,"kingsley in 'sneakers.' i do -- you know, this is the same group that published sarah palin's emails and they published the stuff that came out of east anglia with climate change. i do wonder if there is a certain amount of power that that confers, and it's one thing to get documents about a state"
https://archive.org/details/MSNBC_20100727_160000_MSNBC_News_Live#start/2287/end/2322,7/27/2010 16:38:22,MSNBC,MSNBC News Live,MSNBC_20100727_160000_MSNBC_News_Live,https://archive.org/download/MSNBC_20100727_160000_MSNBC_News_Live/MSNBC_20100727_160000_MSNBC_News_Live.thumbs/MSNBC_20100727_160000_MSNBC_News_Live_002275.jpg,"co-sponsor, senator olympia snowe. republicans charge that the democrats are playing politics with it, won't allow them to make amendments on it but that is certainly one bill that's key that the president was talking about but i also thought it was noteworthy, too, talked about climate change and the need"
https://archive.org/details/MSNBC_20100719_060000_Meet_the_Press#start/615/end/650,7/19/2010 6:10:30,MSNBC,Meet the Press,MSNBC_20100719_060000_Meet_the_Press,https://archive.org/download/MSNBC_20100719_060000_Meet_the_Press/MSNBC_20100719_060000_Meet_the_Press.thumbs/MSNBC_20100719_060000_Meet_the_Press_000596.jpg,"there was a sense with the house democrats i spoke to over a period of time frustration with the white house. they took tough votes on health care, on climate change, on the stimulus, and they felt like this white house is not made up of very strong allies. this was really the icing on the cake, wasn't it?"
https://archive.org/details/MSNBC_20100713_040000_Hardball_With_Chris_Matthews#start/1364/end/1399,7/13/2010 4:22:59,MSNBC,Hardball With Chris Matthews,MSNBC_20100713_040000_Hardball_With_Chris_Matthews,https://archive.org/download/MSNBC_20100713_040000_Hardball_With_Chris_Matthews/MSNBC_20100713_040000_Hardball_With_Chris_Matthews.thumbs/MSNBC_20100713_040000_Hardball_With_Chris_Matthews_001345.jpg,"capitol hill. here's the hot one, climate change. which a lot of people know it matters in the long run more than anything else we talk about. we only have one planet. no alternative here. this is it, where we live. let's look at this. as president, i will set a hard cap on all carbon emissions"
https://archive.org/details/MSNBC_20100719_080000_Meet_the_Press#start/615/end/650,7/19/2010 8:10:30,MSNBC,Meet the Press,MSNBC_20100719_080000_Meet_the_Press,https://archive.org/download/MSNBC_20100719_080000_Meet_the_Press/MSNBC_20100719_080000_Meet_the_Press.thumbs/MSNBC_20100719_080000_Meet_the_Press_000596.jpg,"there was a sense with the house democrats i spoke to over a period of time frustration with the white house. they took tough votes on health care, on climate change, on the stimulus, and they felt like this white house is not made up of very strong allies. this was really the icing on the"
https://archive.org/details/MSNBC_20100712_230000_Hardball_With_Chris_Matthews#start/1409/end/1444,7/12/2010 23:23:44,MSNBC,Hardball With Chris Matthews,MSNBC_20100712_230000_Hardball_With_Chris_Matthews,https://archive.org/download/MSNBC_20100712_230000_Hardball_With_Chris_Matthews/MSNBC_20100712_230000_Hardball_With_Chris_Matthews.thumbs/MSNBC_20100712_230000_Hardball_With_Chris_Matthews_001405.jpg,"liberals should tack him and criticize him when he's failed to do it at the end of his term. you have to give him a couple more years. the business community has taken this sort of mockery approach to climate change. like they did towards anything scientific. their ability to be knuckle heads and be proud of it amazes"
https://archive.org/details/MSNBC_20100727_030000_The_Rachel_Maddow_Show#start/1428/end/1463,7/27/2010 3:24:03,MSNBC,The Rachel Maddow Show,MSNBC_20100727_030000_The_Rachel_Maddow_Show,https://archive.org/download/MSNBC_20100727_030000_The_Rachel_Maddow_Show/MSNBC_20100727_030000_The_Rachel_Maddow_Show.thumbs/MSNBC_20100727_030000_The_Rachel_Maddow_Show_001405.jpg,"of this radical vision of openness. i do -- you know, this is the same group that published sarah palin's emails and they published the stuff that came out of east anglia with climate change. i do wonder if there is a certain amount of power that that confers, and it's one thing to get documents about a state that's waging a war, and i agree"
https://archive.org/details/MSNBC_20100708_040000_Hardball_With_Chris_Matthews#start/3291/end/3326,7/8/2010 4:55:06,MSNBC,Hardball With Chris Matthews,MSNBC_20100708_040000_Hardball_With_Chris_Matthews,https://archive.org/download/MSNBC_20100708_040000_Hardball_With_Chris_Matthews/MSNBC_20100708_040000_Hardball_With_Chris_Matthews.thumbs/MSNBC_20100708_040000_Hardball_With_Chris_Matthews_003264.jpg,"graham he said we've got to get the climate change out and talk about energy production. if obama says to heck with that, we're talking about a big global thing here, not just history but global, then you know. thank you. i went to the heavyweights for the toughest questions. we're going to keep asking is this guy serious or not. thank you, howard, joan."
https://archive.org/details/MSNBC_20100707_230000_Hardball_With_Chris_Matthews#start/3301/end/3336,7/7/2010 23:55:16,MSNBC,Hardball With Chris Matthews,MSNBC_20100707_230000_Hardball_With_Chris_Matthews,https://archive.org/download/MSNBC_20100707_230000_Hardball_With_Chris_Matthews/MSNBC_20100707_230000_Hardball_With_Chris_Matthews.thumbs/MSNBC_20100707_230000_Hardball_With_Chris_Matthews_003293.jpg,"history making and willing to make enemies on the right? stick to the word climate, don't just say energy. yes. some in interviewing lindsey graham, he said we've got to get the climate change out and talk about energy production. if obama says to heck with that, we're talking about a big global thing here, not just history but global, then you know. thank you. i went to the heavyweights for the toughest questions. we're going to keep asking is this guy serious or not. thank you, howard, joan."
