﻿URL,MatchDateTime,Station,Show,IAShowID,IAPreviewThumb,Snippet
https://archive.org/details/MSNBCW_20131030_010000_The_Rachel_Maddow_Show#start/753/end/788,10/30/2013 1:12:48,MSNBC,The Rachel Maddow Show,MSNBCW_20131030_010000_The_Rachel_Maddow_Show,https://archive.org/download/MSNBCW_20131030_010000_The_Rachel_Maddow_Show/MSNBCW_20131030_010000_The_Rachel_Maddow_Show.thumbs/MSNBCW_20131030_010000_The_Rachel_Maddow_Show_000735.jpg,"only had to be about close cyclical climate change, not that it's getting warm, but just that we're going through some ups and downs. nebraska conservatives have stripped the climate change"
https://archive.org/details/MSNBCW_20131020_140000_Melissa_Harris-Perry#start/1541/end/1576,10/20/2013 14:25:56,MSNBC,Melissa Harris-Perry,MSNBCW_20131020_140000_Melissa_Harris-Perry,https://archive.org/download/MSNBCW_20131020_140000_Melissa_Harris-Perry/MSNBCW_20131020_140000_Melissa_Harris-Perry.thumbs/MSNBCW_20131020_140000_Melissa_Harris-Perry_001515.jpg,"the debt ceiling also deny climate change. in particular, republican senator tom coburn said the following in august about his views on climate change. 'i am a global warming denier. i don't deny that.' while coburn has been consistent with his denialism and how to"
https://archive.org/details/MSNBCW_20131024_140000_Jansing_and_Co.#start/1643/end/1678,10/24/2013 14:27:38,MSNBC,Jansing and Co.,MSNBCW_20131024_140000_Jansing_and_Co.,https://archive.org/download/MSNBCW_20131024_140000_Jansing_and_Co./MSNBCW_20131024_140000_Jansing_and_Co..thumbs/MSNBCW_20131024_140000_Jansing_and_Co._001635.jpg,"conference table and a $4 million chapel. hillary clinton will be the big guest at the center for american progress conference. the liberal think tank taking on everything from middle-class growth to climate change."
https://archive.org/details/MSNBCW_20131026_120000_Up_WSteve_Kornacki#start/5527/end/5562,10/26/2013 13:32:22,MSNBC,Up WSteve Kornacki,MSNBCW_20131026_120000_Up_WSteve_Kornacki,https://archive.org/download/MSNBCW_20131026_120000_Up_WSteve_Kornacki/MSNBCW_20131026_120000_Up_WSteve_Kornacki.thumbs/MSNBCW_20131026_120000_Up_WSteve_Kornacki_005505.jpg,"emerged from that race as every favorite republican. he took that imagine a ran with it. he reinvented his own politics. john mccain of 2001 embraced a patient's bill of right, spoke out on climate change,"
https://archive.org/details/MSNBCW_20131030_030000_All_In_With_Chris_Hayes#start/2625/end/2660,10/30/2013 3:44:00,MSNBC,All In With Chris Hayes,MSNBCW_20131030_030000_All_In_With_Chris_Hayes,https://archive.org/download/MSNBCW_20131030_030000_All_In_With_Chris_Hayes/MSNBCW_20131030_030000_All_In_With_Chris_Hayes.thumbs/MSNBCW_20131030_030000_All_In_With_Chris_Hayes_002625.jpg,"that's going to produce more extreme weather and more crises. when you put those together, unless you get very serious very quickly, those two trends are going to rip our social contract apart. climate change and inequality"
https://archive.org/details/MSNBCW_20131016_000000_All_In_With_Chris_Hayes#start/1012/end/1047,10/16/2013 0:17:07,MSNBC,All In With Chris Hayes,MSNBCW_20131016_000000_All_In_With_Chris_Hayes,https://archive.org/download/MSNBCW_20131016_000000_All_In_With_Chris_Hayes/MSNBCW_20131016_000000_All_In_With_Chris_Hayes.thumbs/MSNBCW_20131016_000000_All_In_With_Chris_Hayes_001006.jpg,"global warming, but actually we have had a flat line of warming for the last eight years. the idea of human induced global climate change is one of the"
https://archive.org/details/MSNBCW_20131007_100000_Morning_Joe#start/6404/end/6439,10/7/2013 11:46:59,MSNBC,Morning Joe,MSNBCW_20131007_100000_Morning_Joe,https://archive.org/download/MSNBCW_20131007_100000_Morning_Joe/MSNBCW_20131007_100000_Morning_Joe.thumbs/MSNBCW_20131007_100000_Morning_Joe_006405.jpg,"going from new york to l.a. what's worked there? mayors are getting things done. look at the national level where things are broken. whether it's in new york and you see mobility and health. lisa in australia tackling climate change."
https://archive.org/details/MSNBCW_20131030_030000_All_In_With_Chris_Hayes#start/2801/end/2836,10/30/2013 3:46:56,MSNBC,All In With Chris Hayes,MSNBCW_20131030_030000_All_In_With_Chris_Hayes,https://archive.org/download/MSNBCW_20131030_030000_All_In_With_Chris_Hayes/MSNBCW_20131030_030000_All_In_With_Chris_Hayes.thumbs/MSNBCW_20131030_030000_All_In_With_Chris_Hayes_002775.jpg,"we look to the future, one thing we can really see for certain, is we're going to see higher -- the new york city region, we have had about a foot of sea level rise, the majority of it due to climate change,"
https://archive.org/details/MSNBCW_20131020_160000_Weekends_With_Alex_Witt#start/591/end/626,10/20/2013 16:10:06,MSNBC,Weekends With Alex Witt,MSNBCW_20131020_160000_Weekends_With_Alex_Witt,https://archive.org/download/MSNBCW_20131020_160000_Weekends_With_Alex_Witt/MSNBCW_20131020_160000_Weekends_With_Alex_Witt.thumbs/MSNBCW_20131020_160000_Weekends_With_Alex_Witt_000585.jpg,"now we have a bill, a very good, comprehensive bill that's already passed the senate. so we're closer to reaching that goal than we've ever been. but you're right. on a lot of those issues, on gun safety, on climate change, on"
https://archive.org/details/MSNBCW_20131018_030000_All_In_With_Chris_Hayes#start/3312/end/3347,10/18/2013 3:55:27,MSNBC,All In With Chris Hayes,MSNBCW_20131018_030000_All_In_With_Chris_Hayes,https://archive.org/download/MSNBCW_20131018_030000_All_In_With_Chris_Hayes/MSNBCW_20131018_030000_All_In_With_Chris_Hayes.thumbs/MSNBCW_20131018_030000_All_In_With_Chris_Hayes_003286.jpg,"in 2008, a lot of it was the narrative was hope, change, you know, young people turned out, women turned out, latinos turned out in a big way in 2008, as they did in 2012. but you saw a dip, because a lot of these things weren't necessarily -- you know, we had a student debt crisis. we have a climate change crisis."
https://archive.org/details/MSNBCW_20131001_140000_Jansing_and_Co.#start/3040/end/3075,10/1/2013 14:50:55,MSNBC,Jansing and Co.,MSNBCW_20131001_140000_Jansing_and_Co.,https://archive.org/download/MSNBCW_20131001_140000_Jansing_and_Co./MSNBCW_20131001_140000_Jansing_and_Co..thumbs/MSNBCW_20131001_140000_Jansing_and_Co._003015.jpg,"in many ways it's just a continuation of the same strategy. there are folks who sit on the state board of education in texas and on the panels they appointed to review these material that say deny the existence of global warming and climate change, just like they"
https://archive.org/details/MSNBCW_20131016_030000_All_In_With_Chris_Hayes#start/1029/end/1064,10/16/2013 3:17:24,MSNBC,All In With Chris Hayes,MSNBCW_20131016_030000_All_In_With_Chris_Hayes,https://archive.org/download/MSNBCW_20131016_030000_All_In_With_Chris_Hayes/MSNBCW_20131016_030000_All_In_With_Chris_Hayes.thumbs/MSNBCW_20131016_030000_All_In_With_Chris_Hayes_001006.jpg,"of america stopping stabbing itself. congresswoman debbie wasserman suls, thank you very much. we hear all the time about global warming, but actually we have had a flat line of warming for the last eight years. the idea of human induced global climate change is one of the"
https://archive.org/details/MSNBCW_20131018_070000_All_In_With_Chris_Hayes#start/3324/end/3359,10/18/2013 7:55:39,MSNBC,All In With Chris Hayes,MSNBCW_20131018_070000_All_In_With_Chris_Hayes,https://archive.org/download/MSNBCW_20131018_070000_All_In_With_Chris_Hayes/MSNBCW_20131018_070000_All_In_With_Chris_Hayes.thumbs/MSNBCW_20131018_070000_All_In_With_Chris_Hayes_003315.jpg,"operation, that totally changed the electoral map. absolutely. in 2008, a lot of it was the narrative was hope, change, you know, young people turned out, women turned out, latinos turned out in a big way in 2008, as they did in 2012. but you saw a dip, because a lot of these things weren't necessarily -- you know, we had a student debt crisis. we have a climate change crisis."
https://archive.org/details/MSNBCW_20131030_040000_The_Rachel_Maddow_Show#start/731/end/766,10/30/2013 4:12:26,MSNBC,The Rachel Maddow Show,MSNBCW_20131030_040000_The_Rachel_Maddow_Show,https://archive.org/download/MSNBCW_20131030_040000_The_Rachel_Maddow_Show/MSNBCW_20131030_040000_The_Rachel_Maddow_Show.thumbs/MSNBCW_20131030_040000_The_Rachel_Maddow_Show_000705.jpg,"climate change in the state, it only had to be about close cyclical climate change, not that it's getting warm, but just that we're going through some ups and downs. nebraska conservatives have"
https://archive.org/details/MSNBCW_20131030_080000_The_Rachel_Maddow_Show#start/549/end/584,10/30/2013 8:09:24,MSNBC,The Rachel Maddow Show,MSNBCW_20131030_080000_The_Rachel_Maddow_Show,https://archive.org/download/MSNBCW_20131030_080000_The_Rachel_Maddow_Show/MSNBCW_20131030_080000_The_Rachel_Maddow_Show.thumbs/MSNBCW_20131030_080000_The_Rachel_Maddow_Show_000526.jpg,"of climate change on the state. they predicted a frightening rise in sea level change. that was climate change in north carolina. the issue of rising sea levels and what to do about it under democrats until 2010."
https://archive.org/details/MSNBCW_20131030_080000_The_Rachel_Maddow_Show#start/736/end/771,10/30/2013 8:12:31,MSNBC,The Rachel Maddow Show,MSNBCW_20131030_080000_The_Rachel_Maddow_Show,https://archive.org/download/MSNBCW_20131030_080000_The_Rachel_Maddow_Show/MSNBCW_20131030_080000_The_Rachel_Maddow_Show.thumbs/MSNBCW_20131030_080000_The_Rachel_Maddow_Show_000736.jpg,"by the time this bill had passed about studying the effects of climate change in the state, it only had to be about close cyclical climate change, not that it's getting warm, but just that we're going through some ups and downs."
https://archive.org/details/MSNBCW_20131015_180000_News_Nation#start/3321/end/3356,10/15/2013 18:55:36,MSNBC,News Nation,MSNBCW_20131015_180000_News_Nation,https://archive.org/download/MSNBCW_20131015_180000_News_Nation/MSNBCW_20131015_180000_News_Nation.thumbs/MSNBCW_20131015_180000_News_Nation_003315.jpg,"mention they are going to hear a challenge to the epa authority to regulate greenhouse gas emissions. this affirmative action is the news nation gut check. should states be alouped to ban"
https://archive.org/details/MSNBCW_20131001_160000_NOW_With_Alex_Wagner#start/474/end/509,10/1/2013 16:08:09,MSNBC,NOW With Alex Wagner,MSNBCW_20131001_160000_NOW_With_Alex_Wagner,https://archive.org/download/MSNBCW_20131001_160000_NOW_With_Alex_Wagner/MSNBCW_20131001_160000_NOW_With_Alex_Wagner.thumbs/MSNBCW_20131001_160000_NOW_With_Alex_Wagner_000466.jpg,"list of demands is even worse than just defunding obama care. it's undoing greenhouse gas regulations, approving keystone, eliminating social service grants, eliminating dodd/frank. they are adding onto a problem that's beyond severe."
https://archive.org/details/MSNBCW_20131025_020000_The_Last_Word#start/444/end/479,10/25/2013 2:07:39,MSNBC,The Last Word,MSNBCW_20131025_020000_The_Last_Word,https://archive.org/download/MSNBCW_20131025_020000_The_Last_Word/MSNBCW_20131025_020000_The_Last_Word.thumbs/MSNBCW_20131025_020000_The_Last_Word_000436.jpg,"lawrence? yes, this is that day. it has come. this is the time. you said earlier what happened to that guy? what happened to that party? i mean under previous republican presidents the gop supported the individual mandate, immigration reform, they believed in climate"
https://archive.org/details/MSNBCW_20131030_000000_All_In_With_Chris_Hayes#start/2965/end/3000,10/30/2013 0:49:40,MSNBC,All In With Chris Hayes,MSNBCW_20131030_000000_All_In_With_Chris_Hayes,https://archive.org/download/MSNBCW_20131030_000000_All_In_With_Chris_Hayes/MSNBCW_20131030_000000_All_In_With_Chris_Hayes.thumbs/MSNBCW_20131030_000000_All_In_With_Chris_Hayes_002955.jpg,"climb malt change and global warming, the mayor has laid out a comprehensive set of proposals that will protect areas like coney island and now we have got"
https://archive.org/details/MSNBCW_20131016_070000_All_In_With_Chris_Hayes#start/1001/end/1036,10/16/2013 7:16:56,MSNBC,All In With Chris Hayes,MSNBCW_20131016_070000_All_In_With_Chris_Hayes,https://archive.org/download/MSNBCW_20131016_070000_All_In_With_Chris_Hayes/MSNBCW_20131016_070000_All_In_With_Chris_Hayes.thumbs/MSNBCW_20131016_070000_All_In_With_Chris_Hayes_000975.jpg,"of america stab -- congresswoman debbie wasserman suls, thank you very much. we hear all the time about global warming, but actually we have had a flat line of warming"
https://archive.org/details/MSNBCW_20131010_220000_PoliticsNation#start/2811/end/2846,10/10/2013 22:47:06,MSNBC,PoliticsNation,MSNBCW_20131010_220000_PoliticsNation,https://archive.org/download/MSNBCW_20131010_220000_PoliticsNation/MSNBCW_20131010_220000_PoliticsNation.thumbs/MSNBCW_20131010_220000_PoliticsNation_002805.jpg,"their heads? this is an artist, a very brave artist believe it or not, rodeo clowns. today i declare myself officially a rodeo clown. the undeniable global warming is undeniably caused by human"
https://archive.org/details/MSNBCW_20131030_200000_Martin_Bashir#start/323/end/358,10/30/2013 20:05:38,MSNBC,Martin Bashir,MSNBCW_20131030_200000_Martin_Bashir,https://archive.org/download/MSNBCW_20131030_200000_Martin_Bashir/MSNBCW_20131030_200000_Martin_Bashir.thumbs/MSNBCW_20131030_200000_Martin_Bashir_000316.jpg,"we had the climate change rally back in the summer! this is the health care rally."
https://archive.org/details/MSNBCW_20131030_030000_All_In_With_Chris_Hayes#start/2978/end/3013,10/30/2013 3:49:53,MSNBC,All In With Chris Hayes,MSNBCW_20131030_030000_All_In_With_Chris_Hayes,https://archive.org/download/MSNBCW_20131030_030000_All_In_With_Chris_Hayes/MSNBCW_20131030_030000_All_In_With_Chris_Hayes.thumbs/MSNBCW_20131030_030000_All_In_With_Chris_Hayes_002955.jpg,"climb malt change and global warming, the mayor has laid out a comprehensive set of proposals that will protect areas like coney island and now we have got to have the will to see these projects through, the army corps"
https://archive.org/details/MSNBCW_20131016_070000_All_In_With_Chris_Hayes#start/1015/end/1050,10/16/2013 7:17:10,MSNBC,All In With Chris Hayes,MSNBCW_20131016_070000_All_In_With_Chris_Hayes,https://archive.org/download/MSNBCW_20131016_070000_All_In_With_Chris_Hayes/MSNBCW_20131016_070000_All_In_With_Chris_Hayes.thumbs/MSNBCW_20131016_070000_All_In_With_Chris_Hayes_001005.jpg,"for the last eight years. the idea of human induced global climate change is one of the greatest hoaxes perpetrated out"
https://archive.org/details/MSNBCW_20131001_140000_Jansing_and_Co.#start/2840/end/2875,10/1/2013 14:47:35,MSNBC,Jansing and Co.,MSNBCW_20131001_140000_Jansing_and_Co.,https://archive.org/download/MSNBCW_20131001_140000_Jansing_and_Co./MSNBCW_20131001_140000_Jansing_and_Co..thumbs/MSNBCW_20131001_140000_Jansing_and_Co._002835.jpg,"outside the washington bubble and this obama care battle is a fight over what to teach our schoolchildren about how the world was made and how it's being affected by global warming. getting a lot of attention now is texas, where there's a panel"
https://archive.org/details/MSNBCW_20131008_160000_NOW_With_Alex_Wagner#start/485/end/520,10/8/2013 16:08:20,MSNBC,NOW With Alex Wagner,MSNBCW_20131008_160000_NOW_With_Alex_Wagner,https://archive.org/download/MSNBCW_20131008_160000_NOW_With_Alex_Wagner/MSNBCW_20131008_160000_NOW_With_Alex_Wagner.thumbs/MSNBCW_20131008_160000_NOW_With_Alex_Wagner_000465.jpg,"default the way they don't believe in global warming and evolution. the tea party is not just the republicans burden and not just john boehner. the american people's burden. it's everybody's burden and they made themselves president obama's burden. it's almost as though they are"
https://archive.org/details/MSNBCW_20131022_040000_The_Rachel_Maddow_Show#start/111/end/146,10/22/2013 4:02:06,MSNBC,The Rachel Maddow Show,MSNBCW_20131022_040000_The_Rachel_Maddow_Show,https://archive.org/download/MSNBCW_20131022_040000_The_Rachel_Maddow_Show/MSNBCW_20131022_040000_The_Rachel_Maddow_Show.thumbs/MSNBCW_20131022_040000_The_Rachel_Maddow_Show_000105.jpg,"of color-by-numbers prefab protests on energy issues. they called it their hot air tour. a supposedly grassroots movement against the whole idea that global warming might be a real thing. 2009 was the year when joe the plumber was still briefly famous"
https://archive.org/details/MSNBCW_20131022_080000_The_Rachel_Maddow_Show#start/109/end/144,10/22/2013 8:02:04,MSNBC,The Rachel Maddow Show,MSNBCW_20131022_080000_The_Rachel_Maddow_Show,https://archive.org/download/MSNBCW_20131022_080000_The_Rachel_Maddow_Show/MSNBCW_20131022_080000_The_Rachel_Maddow_Show.thumbs/MSNBCW_20131022_080000_The_Rachel_Maddow_Show_000106.jpg,"for prosperity' signs. also that year, americans for prosperity tried the same kind of color-by-numbers prefab protests on energy issues. they called it their hot air tour. a supposedly grassroots movement against the whole idea that global warming might be a real"
https://archive.org/details/MSNBCW_20131022_010000_The_Rachel_Maddow_Show#start/122/end/157,10/22/2013 1:02:17,MSNBC,The Rachel Maddow Show,MSNBCW_20131022_010000_The_Rachel_Maddow_Show,https://archive.org/download/MSNBCW_20131022_010000_The_Rachel_Maddow_Show/MSNBCW_20131022_010000_The_Rachel_Maddow_Show.thumbs/MSNBCW_20131022_010000_The_Rachel_Maddow_Show_000105.jpg,"against the whole idea that global warming might be a real thing. 2009 was the year when joe the plumber was still briefly famous and americans for prosperity hired him. they sent joe the plumber around the country on a supposedly grassroots campaign against"
https://archive.org/details/MSNBCW_20131016_150000_MSNBC_Live#start/2027/end/2062,10/16/2013 15:34:02,MSNBC,MSNBC Live,MSNBCW_20131016_150000_MSNBC_Live,https://archive.org/download/MSNBCW_20131016_150000_MSNBC_Live/MSNBCW_20131016_150000_MSNBC_Live.thumbs/MSNBCW_20131016_150000_MSNBC_Live_002025.jpg,"the international crisis of global warming, our crumbling infrastructure, extremely high unemployment. so while we're talking about whether or not we pay our bills, this country continues to face enormous problems that we are not even beginning to look at. that is very, very tragic."
https://archive.org/details/MSNBCW_20131022_080000_The_Rachel_Maddow_Show#start/331/end/366,10/22/2013 8:05:46,MSNBC,The Rachel Maddow Show,MSNBCW_20131022_080000_The_Rachel_Maddow_Show,https://archive.org/download/MSNBCW_20131022_080000_The_Rachel_Maddow_Show/MSNBCW_20131022_080000_The_Rachel_Maddow_Show.thumbs/MSNBCW_20131022_080000_The_Rachel_Maddow_Show_000316.jpg,"rallies about the stimulus bill or union rights or about whether or not global warming's a real thing. hundreds of volunteers in green t-shirts turned out for a commission hearing, bust in by the americans for prosperity organizers who provided them with subway sandwiches for"
https://archive.org/details/MSNBCW_20131030_030000_All_In_With_Chris_Hayes#start/2548/end/2583,10/30/2013 3:42:43,MSNBC,All In With Chris Hayes,MSNBCW_20131030_030000_All_In_With_Chris_Hayes,https://archive.org/download/MSNBCW_20131030_030000_All_In_With_Chris_Hayes/MSNBCW_20131030_030000_All_In_With_Chris_Hayes.thumbs/MSNBCW_20131030_030000_All_In_With_Chris_Hayes_002535.jpg,"it's about climate change and it's impact. here's what i have learned. the people at the bottom of the social pyramid, the poor with no"
https://archive.org/details/MSNBCW_20131030_230000_Hardball_With_Chris_Matthews#start/1429/end/1464,10/30/2013 23:24:04,MSNBC,Hardball With Chris Matthews,MSNBCW_20131030_230000_Hardball_With_Chris_Matthews,https://archive.org/download/MSNBCW_20131030_230000_Hardball_With_Chris_Matthews/MSNBCW_20131030_230000_Hardball_With_Chris_Matthews.thumbs/MSNBCW_20131030_230000_Hardball_With_Chris_Matthews_001425.jpg,"government to combat climate change. he didn't say he was, he said he was going to use his authority to take action. senator cruz, here's hayes"
https://archive.org/details/MSNBCW_20131022_040000_The_Rachel_Maddow_Show#start/325/end/360,10/22/2013 4:05:40,MSNBC,The Rachel Maddow Show,MSNBCW_20131022_040000_The_Rachel_Maddow_Show,https://archive.org/download/MSNBCW_20131022_040000_The_Rachel_Maddow_Show/MSNBCW_20131022_040000_The_Rachel_Maddow_Show.thumbs/MSNBCW_20131022_040000_The_Rachel_Maddow_Show_000315.jpg,"states and state capitals. and it turns out that effort in the states looks a lot like the fake astroturf, koch-funded rallies about the stimulus bill or union rights or about whether or not global warming's a real thing. hundreds of volunteers in green t-shirts turned out for a"
https://archive.org/details/MSNBCW_20131022_010000_The_Rachel_Maddow_Show#start/326/end/361,10/22/2013 1:05:41,MSNBC,The Rachel Maddow Show,MSNBCW_20131022_010000_The_Rachel_Maddow_Show,https://archive.org/download/MSNBCW_20131022_010000_The_Rachel_Maddow_Show/MSNBCW_20131022_010000_The_Rachel_Maddow_Show.thumbs/MSNBCW_20131022_010000_The_Rachel_Maddow_Show_000315.jpg,"states and state kohl's. and it turns out that effort in the states looks a lot like the fake astroturf, koch-funded rallies about the stimulus bill or union rights or about whether or not global warming's a real thing. hundreds of volunteers in green t-shirts turned out for a"
https://archive.org/details/MSNBCW_20131028_130000_The_Daily_Rundown#start/1372/end/1407,10/28/2013 13:23:07,MSNBC,The Daily Rundown,MSNBCW_20131028_130000_The_Daily_Rundown,https://archive.org/download/MSNBCW_20131028_130000_The_Daily_Rundown/MSNBCW_20131028_130000_The_Daily_Rundown.thumbs/MSNBCW_20131028_130000_The_Daily_Rundown_001366.jpg,"factors. i guess we won't talk about climate change. finally, 22 is how many points the wide guys in vegas said we are an underdog with the team"
https://archive.org/details/MSNBCW_20131030_040000_The_Rachel_Maddow_Show#start/1103/end/1138,10/30/2013 4:18:38,MSNBC,The Rachel Maddow Show,MSNBCW_20131030_040000_The_Rachel_Maddow_Show,https://archive.org/download/MSNBCW_20131030_040000_The_Rachel_Maddow_Show/MSNBCW_20131030_040000_The_Rachel_Maddow_Show.thumbs/MSNBCW_20131030_040000_The_Rachel_Maddow_Show_001095.jpg,"us about wildlife, outdoor recreation, all the kinds of things that will be affected by climate change but it can only be natural causes like volcanos and solar variations."
https://archive.org/details/MSNBCW_20131030_010000_The_Rachel_Maddow_Show#start/735/end/770,10/30/2013 1:12:30,MSNBC,The Rachel Maddow Show,MSNBCW_20131030_010000_The_Rachel_Maddow_Show,https://archive.org/download/MSNBCW_20131030_010000_The_Rachel_Maddow_Show/MSNBCW_20131030_010000_The_Rachel_Maddow_Show.thumbs/MSNBCW_20131030_010000_The_Rachel_Maddow_Show_000735.jpg,"that has not opened the way for science free from politics. by the time this bill had passed about studying the effects of climate change in the state, it"
https://archive.org/details/MSNBCW_20131030_080000_The_Rachel_Maddow_Show#start/1090/end/1125,10/30/2013 8:18:25,MSNBC,The Rachel Maddow Show,MSNBCW_20131030_080000_The_Rachel_Maddow_Show,https://archive.org/download/MSNBCW_20131030_080000_The_Rachel_Maddow_Show/MSNBCW_20131030_080000_The_Rachel_Maddow_Show.thumbs/MSNBCW_20131030_080000_The_Rachel_Maddow_Show_001066.jpg,"at what we look at -- wildlife, outrecreation, all the kinds of things that will be reflected by climate change but it can only be natural causes like volcanos and solar variations."
https://archive.org/details/MSNBCW_20131007_100000_Morning_Joe#start/6631/end/6666,10/7/2013 11:50:46,MSNBC,Morning Joe,MSNBCW_20131007_100000_Morning_Joe,https://archive.org/download/MSNBCW_20131007_100000_Morning_Joe/MSNBCW_20131007_100000_Morning_Joe.thumbs/MSNBCW_20131007_100000_Morning_Joe_006615.jpg,"see things happening in the cities. we decided to do a climate change like in other cities. mayors are great copiers of one another. none of us has an original idea,"
https://archive.org/details/MSNBCW_20131030_040000_The_Rachel_Maddow_Show#start/826/end/861,10/30/2013 4:14:01,MSNBC,The Rachel Maddow Show,MSNBCW_20131030_040000_The_Rachel_Maddow_Show,https://archive.org/download/MSNBCW_20131030_040000_The_Rachel_Maddow_Show/MSNBCW_20131030_040000_The_Rachel_Maddow_Show.thumbs/MSNBCW_20131030_040000_The_Rachel_Maddow_Show_000825.jpg,"that study, such as it is, will go forward, even if it's not clear what exactly it will study now. the lawmaker who first called for climate change, the guy who"
https://archive.org/details/MSNBCW_20131030_000000_All_In_With_Chris_Hayes#start/2893/end/2928,10/30/2013 0:48:28,MSNBC,All In With Chris Hayes,MSNBCW_20131030_000000_All_In_With_Chris_Hayes,https://archive.org/download/MSNBCW_20131030_000000_All_In_With_Chris_Hayes/MSNBCW_20131030_000000_All_In_With_Chris_Hayes.thumbs/MSNBCW_20131030_000000_All_In_With_Chris_Hayes_002895.jpg,"recovery, but when you think about how to physically protect new york city from climate change, we also have to expangd that resiliency, we need to think about economic resiliency,"
https://archive.org/details/MSNBCW_20131010_220000_PoliticsNation#start/2765/end/2800,10/10/2013 22:46:20,MSNBC,PoliticsNation,MSNBCW_20131010_220000_PoliticsNation,https://archive.org/download/MSNBCW_20131010_220000_PoliticsNation/MSNBCW_20131010_220000_PoliticsNation.thumbs/MSNBCW_20131010_220000_PoliticsNation_002745.jpg,"broun. he's on the house science committee, but he thinks the whole climate change thing, quote, is a hoax. and let's not forget michele bachma bachmann. she's been pushing the shutdown"
https://archive.org/details/MSNBCW_20131008_210000_The_Ed_Show#start/378/end/413,10/8/2013 21:06:33,MSNBC,The Ed Show,MSNBCW_20131008_210000_The_Ed_Show,https://archive.org/download/MSNBCW_20131008_210000_The_Ed_Show/MSNBCW_20131008_210000_The_Ed_Show.thumbs/MSNBCW_20131008_210000_The_Ed_Show_000375.jpg,"job numbers are going to be. i have no doubt they'll cook the books. gun violence is plummeting. here we have a totally made-up crisis. in fact, i'll bet you -- it's kind of like global warming. now the president said travon could have been me 35 years ago. is that the president admitting"
https://archive.org/details/MSNBCW_20131001_140000_Jansing_and_Co.#start/2933/end/2968,10/1/2013 14:49:08,MSNBC,Jansing and Co.,MSNBCW_20131001_140000_Jansing_and_Co.,https://archive.org/download/MSNBCW_20131001_140000_Jansing_and_Co./MSNBCW_20131001_140000_Jansing_and_Co..thumbs/MSNBCW_20131001_140000_Jansing_and_Co._002925.jpg,"global warming and evolution. that's why the big fuss in texas this year. and i think people are watching it this year because you're not alone. there are 14 different states fighting similar battles, so this isn't just in a vacuum. one of the arguments that folks on the other side are making is"
https://archive.org/details/MSNBCW_20131010_210000_The_Ed_Show#start/909/end/944,10/10/2013 21:15:24,MSNBC,The Ed Show,MSNBCW_20131010_210000_The_Ed_Show,https://archive.org/download/MSNBCW_20131010_210000_The_Ed_Show/MSNBCW_20131010_210000_The_Ed_Show.thumbs/MSNBCW_20131010_210000_The_Ed_Show_000885.jpg,"infrastructure, dealing with the crisis of global warming. raising the minimum wage, dealing with pay equity, making college affordable. right now the american people are sitting there and they're saying these people are crazy. they're talking about whether we're going to pay our bills or not. meanwhile, i don't have a job."
https://archive.org/details/MSNBCW_20131030_070000_All_In_With_Chris_Hayes#start/2951/end/2986,10/30/2013 7:49:26,MSNBC,All In With Chris Hayes,MSNBCW_20131030_070000_All_In_With_Chris_Hayes,https://archive.org/download/MSNBCW_20131030_070000_All_In_With_Chris_Hayes/MSNBCW_20131030_070000_All_In_With_Chris_Hayes.thumbs/MSNBCW_20131030_070000_All_In_With_Chris_Hayes_002925.jpg,"that i represent, there is a desire both to recover both in the short-term but to have an understanding that their communities are going to be protected from the future extreme weather events that we can expect to occur because of climb malt change and global warming, the mayor has laid out"
https://archive.org/details/MSNBCW_20131030_010000_The_Rachel_Maddow_Show#start/559/end/594,10/30/2013 1:09:34,MSNBC,The Rachel Maddow Show,MSNBCW_20131030_010000_The_Rachel_Maddow_Show,https://archive.org/download/MSNBCW_20131030_010000_The_Rachel_Maddow_Show/MSNBCW_20131030_010000_The_Rachel_Maddow_Show.thumbs/MSNBCW_20131030_010000_The_Rachel_Maddow_Show_000555.jpg,"rise in sea level change. that was climate change in north carolina. the issue of rising sea levels and what to do about it under democrats until 2010. but in 2010, that years,"
https://archive.org/details/MSNBCW_20131024_220000_PoliticsNation#start/1262/end/1297,10/24/2013 22:21:17,MSNBC,PoliticsNation,MSNBCW_20131024_220000_PoliticsNation,https://archive.org/download/MSNBCW_20131024_220000_PoliticsNation/MSNBCW_20131024_220000_PoliticsNation.thumbs/MSNBCW_20131024_220000_PoliticsNation_001245.jpg,"agenda for the president has been immigration reform, gun safety, voting reform, minimum wage, and climate change. where is the focus going to be on these issues and can he get them passed?"
https://archive.org/details/MSNBCW_20131031_093000_Way_Too_Early#start/1530/end/1565,10/31/2013 9:55:45,MSNBC,Way Too Early,MSNBCW_20131031_093000_Way_Too_Early,https://archive.org/download/MSNBCW_20131031_093000_Way_Too_Early/MSNBCW_20131031_093000_Way_Too_Early.thumbs/MSNBCW_20131031_093000_Way_Too_Early_001515.jpg,"piece mcnuggets for 5 bucks. dollar menu and more, or what other restaurants call, the menu. and it's all due to climate change. melting ice caps and florida getting swallowed up by rising"
https://archive.org/details/MSNBCW_20131030_190000_The_Cycle#start/1968/end/2003,10/30/2013 19:33:03,MSNBC,The Cycle,MSNBCW_20131030_190000_The_Cycle,https://archive.org/download/MSNBCW_20131030_190000_The_Cycle/MSNBCW_20131030_190000_The_Cycle.thumbs/MSNBCW_20131030_190000_The_Cycle_001966.jpg,"innovations that seem to have really good immediate consequences also lead to these second effect, second order effects which can be less in the long run. climate change being primary among there."
https://archive.org/details/MSNBCW_20131030_080000_The_Rachel_Maddow_Show#start/598/end/633,10/30/2013 8:10:13,MSNBC,The Rachel Maddow Show,MSNBCW_20131030_080000_The_Rachel_Maddow_Show,https://archive.org/download/MSNBCW_20131030_080000_The_Rachel_Maddow_Show/MSNBCW_20131030_080000_The_Rachel_Maddow_Show.thumbs/MSNBCW_20131030_080000_The_Rachel_Maddow_Show_000586.jpg,"north carolina won full control of the state and so now the state has abandoned plans for dealing with climate change all together. the technical term for this is la, la, la, la, la."
https://archive.org/details/MSNBCW_20131009_060000_Hardball_With_Chris_Matthews#start/134/end/169,10/9/2013 6:02:29,MSNBC,Hardball With Chris Matthews,MSNBCW_20131009_060000_Hardball_With_Chris_Matthews,https://archive.org/download/MSNBCW_20131009_060000_Hardball_With_Chris_Matthews/MSNBCW_20131009_060000_Hardball_With_Chris_Matthews.thumbs/MSNBCW_20131009_060000_Hardball_With_Chris_Matthews_000135.jpg,"faction of a political party now that doesn't believe in climate change, doesn't believe the president's born in this country, doesn't believe in the promise of stem cell research. and now they're denying that"
https://archive.org/details/MSNBCW_20131003_060000_Hardball_With_Chris_Matthews#start/584/end/619,10/3/2013 6:09:59,MSNBC,Hardball With Chris Matthews,MSNBCW_20131003_060000_Hardball_With_Chris_Matthews,https://archive.org/download/MSNBCW_20131003_060000_Hardball_With_Chris_Matthews/MSNBCW_20131003_060000_Hardball_With_Chris_Matthews.thumbs/MSNBCW_20131003_060000_Hardball_With_Chris_Matthews_000585.jpg,"to go bad. they seem to be denying fact again like with evolution and climate change. facts don't work with some of the people in that party. the government shutdown, though partial and doesn't"
https://archive.org/details/MSNBCW_20131009_200000_Martin_Bashir#start/3412/end/3447,10/9/2013 20:57:07,MSNBC,Martin Bashir,MSNBCW_20131009_200000_Martin_Bashir,https://archive.org/download/MSNBCW_20131009_200000_Martin_Bashir/MSNBCW_20131009_200000_Martin_Bashir.thumbs/MSNBCW_20131009_200000_Martin_Bashir_003405.jpg,"apparently, not only do today's true conservatives not believe in evolution or polls or climate change or hawaiian birth certificates. they also disbelieve economists, who along with the people republicans used to listen to on"
https://archive.org/details/MSNBCW_20131030_040000_The_Rachel_Maddow_Show#start/891/end/926,10/30/2013 4:15:06,MSNBC,The Rachel Maddow Show,MSNBCW_20131030_040000_The_Rachel_Maddow_Show,https://archive.org/download/MSNBCW_20131030_040000_The_Rachel_Maddow_Show/MSNBCW_20131030_040000_The_Rachel_Maddow_Show.thumbs/MSNBCW_20131030_040000_The_Rachel_Maddow_Show_000885.jpg,"for climate change, which after all is a thing. governor har asked hiss colleagues to please make this right. so nice to have you here. i'm not a scientist. but most importantly, i have"
https://archive.org/details/MSNBCW_20131028_160000_NOW_With_Alex_Wagner#start/1116/end/1151,10/28/2013 16:18:51,MSNBC,NOW With Alex Wagner,MSNBCW_20131028_160000_NOW_With_Alex_Wagner,https://archive.org/download/MSNBCW_20131028_160000_NOW_With_Alex_Wagner/MSNBCW_20131028_160000_NOW_With_Alex_Wagner.thumbs/MSNBCW_20131028_160000_NOW_With_Alex_Wagner_001095.jpg,"practices, surveillance practices iran, climate change lebanon war harriet meyers, middle east peace, syria, russia, federal spending. almost every matter of import they never saw eye to eye on. yeah. it was a dramatically evolved"
https://archive.org/details/MSNBCW_20131030_010000_The_Rachel_Maddow_Show#start/833/end/868,10/30/2013 1:14:08,MSNBC,The Rachel Maddow Show,MSNBCW_20131030_010000_The_Rachel_Maddow_Show,https://archive.org/download/MSNBCW_20131030_010000_The_Rachel_Maddow_Show/MSNBCW_20131030_010000_The_Rachel_Maddow_Show.thumbs/MSNBCW_20131030_010000_The_Rachel_Maddow_Show_000825.jpg,"the lawmaker who first called for climate change, the guy who got radially tall tered -- he himself is a scientist, he also i should tell you just happens to have invented a new kind of"
https://archive.org/details/MSNBCW_20131030_010000_The_Rachel_Maddow_Show#start/603/end/638,10/30/2013 1:10:18,MSNBC,The Rachel Maddow Show,MSNBCW_20131030_010000_The_Rachel_Maddow_Show,https://archive.org/download/MSNBCW_20131030_010000_The_Rachel_Maddow_Show/MSNBCW_20131030_010000_The_Rachel_Maddow_Show.thumbs/MSNBCW_20131030_010000_The_Rachel_Maddow_Show_000585.jpg,"in 2012, the r republicans in north carolina won full control of the state and so now the state has abandoned plans for dealing with climate change all together. the technical term for this is"
https://archive.org/details/MSNBCW_20131018_220000_PoliticsNation#start/452/end/487,10/18/2013 22:07:47,MSNBC,PoliticsNation,MSNBCW_20131018_220000_PoliticsNation,https://archive.org/download/MSNBCW_20131018_220000_PoliticsNation/MSNBCW_20131018_220000_PoliticsNation.thumbs/MSNBCW_20131018_220000_PoliticsNation_000435.jpg,"immigration or on climate change or any other issue that the american people are facing or pensions or anything. as long as they can keep this impeachment circus going, nobody will pay any attention."
https://archive.org/details/MSNBCW_20131018_040000_The_Rachel_Maddow_Show#start/1517/end/1552,10/18/2013 4:25:32,MSNBC,The Rachel Maddow Show,MSNBCW_20131018_040000_The_Rachel_Maddow_Show,https://archive.org/download/MSNBCW_20131018_040000_The_Rachel_Maddow_Show/MSNBCW_20131018_040000_The_Rachel_Maddow_Show.thumbs/MSNBCW_20131018_040000_The_Rachel_Maddow_Show_001515.jpg,"cuccinelli. he tried to change virginia's divorce laws. to prevent women from getting out of a bad marriage. ken cuccinelli denies climate change exists. and he used taxpayer dollars to investigate a uba professor"
https://archive.org/details/MSNBCW_20131025_050000_The_Last_Word#start/454/end/489,10/25/2013 5:07:49,MSNBC,The Last Word,MSNBCW_20131025_050000_The_Last_Word,https://archive.org/download/MSNBCW_20131025_050000_The_Last_Word/MSNBCW_20131025_050000_The_Last_Word.thumbs/MSNBCW_20131025_050000_The_Last_Word_000435.jpg,"presidents the gop supported the individual mandate, immigration reform, they believed in climate change. they passed farm bills, i mean, that party is gone. but what we saw today in congress was, was hypocrisy that is breathtaking in its"
https://archive.org/details/MSNBCW_20131025_190000_The_Cycle#start/1275/end/1310,10/25/2013 19:21:30,MSNBC,The Cycle,MSNBCW_20131025_190000_The_Cycle,https://archive.org/download/MSNBCW_20131025_190000_The_Cycle/MSNBCW_20131025_190000_The_Cycle.thumbs/MSNBCW_20131025_190000_The_Cycle_001276.jpg,"to admit such a thing as climate change exist, which was interesting. orrin has pointed out for a long time, what we do on our beaches is leading to the destruction of the beaches which are our"
https://archive.org/details/MSNBCW_20131030_040000_The_Rachel_Maddow_Show#start/556/end/591,10/30/2013 4:09:31,MSNBC,The Rachel Maddow Show,MSNBCW_20131030_040000_The_Rachel_Maddow_Show,https://archive.org/download/MSNBCW_20131030_040000_The_Rachel_Maddow_Show/MSNBCW_20131030_040000_The_Rachel_Maddow_Show.thumbs/MSNBCW_20131030_040000_The_Rachel_Maddow_Show_000555.jpg,"they predicted a frightening rise in sea level change. that was climate change in north carolina. the issue of rising sea levels and what to do about it under democrats until 2010. but in 2010, that years,"
https://archive.org/details/MSNBCW_20131030_040000_The_Rachel_Maddow_Show#start/747/end/782,10/30/2013 4:12:42,MSNBC,The Rachel Maddow Show,MSNBCW_20131030_040000_The_Rachel_Maddow_Show,https://archive.org/download/MSNBCW_20131030_040000_The_Rachel_Maddow_Show/MSNBCW_20131030_040000_The_Rachel_Maddow_Show.thumbs/MSNBCW_20131030_040000_The_Rachel_Maddow_Show_000735.jpg,"stripped the climate change study to the point that nebraska scientists are now saying that they do not want to take part in this study. it's not clear anymore it's not really studying how the climate"
https://archive.org/details/MSNBCW_20131030_000000_All_In_With_Chris_Hayes#start/3408/end/3443,10/30/2013 0:57:03,MSNBC,All In With Chris Hayes,MSNBCW_20131030_000000_All_In_With_Chris_Hayes,https://archive.org/download/MSNBCW_20131030_000000_All_In_With_Chris_Hayes/MSNBCW_20131030_000000_All_In_With_Chris_Hayes.thumbs/MSNBCW_20131030_000000_All_In_With_Chris_Hayes_003405.jpg,"of climate change and that the response should include keeping the government open so that the -- so that the federal funds can actually be distributed. you know, a billion and a half dollars in funds were delayed,"
https://archive.org/details/MSNBCW_20131030_010000_The_Rachel_Maddow_Show#start/545/end/580,10/30/2013 1:09:20,MSNBC,The Rachel Maddow Show,MSNBCW_20131030_010000_The_Rachel_Maddow_Show,https://archive.org/download/MSNBCW_20131030_010000_The_Rachel_Maddow_Show/MSNBCW_20131030_010000_The_Rachel_Maddow_Show.thumbs/MSNBCW_20131030_010000_The_Rachel_Maddow_Show_000525.jpg,"had an official plan for doing something about climb mass change in the state in 2010. in 2010, the official coastal resources commission of north carolina considered the effects of climate change on the state. they predicted a frightening"
https://archive.org/details/MSNBCW_20131019_140000_Melissa_Harris-Perry#start/2285/end/2320,10/19/2013 14:38:20,MSNBC,Melissa Harris-Perry,MSNBCW_20131019_140000_Melissa_Harris-Perry,https://archive.org/download/MSNBCW_20131019_140000_Melissa_Harris-Perry/MSNBCW_20131019_140000_Melissa_Harris-Perry.thumbs/MSNBCW_20131019_140000_Melissa_Harris-Perry_002265.jpg,"he tried to get a tenured professor fired because he didn't like his research, didn't believe in climate change. if you think about things he's done with respect to women's health, they seem to be draconi"
https://archive.org/details/MSNBCW_20131010_040000_The_Rachel_Maddow_Show#start/2607/end/2642,10/10/2013 4:43:42,MSNBC,The Rachel Maddow Show,MSNBCW_20131010_040000_The_Rachel_Maddow_Show,https://archive.org/download/MSNBCW_20131010_040000_The_Rachel_Maddow_Show/MSNBCW_20131010_040000_The_Rachel_Maddow_Show.thumbs/MSNBCW_20131010_040000_The_Rachel_Maddow_Show_002595.jpg,"look at what we're dealing with, people who are not just denying what default would be. they deny global climate change and evolution. they deny that barack obama was born in the united states of america."
https://archive.org/details/MSNBCW_20131031_070000_All_In_With_Chris_Hayes#start/0/end/35,10/31/2013 7:00:15,MSNBC,All In With Chris Hayes,MSNBCW_20131031_070000_All_In_With_Chris_Hayes,https://archive.org/download/MSNBCW_20131031_070000_All_In_With_Chris_Hayes/MSNBCW_20131031_070000_All_In_With_Chris_Hayes.thumbs/MSNBCW_20131031_070000_All_In_With_Chris_Hayes_000016.jpg,"his executive authority to act on his believes on climate change, words have meaning, senator cruz, you can't use scare tactics and use words like senator mccarthy, or people will say that is exactly what you're doing."
https://archive.org/details/MSNBCW_20131030_030000_All_In_With_Chris_Hayes#start/2899/end/2934,10/30/2013 3:48:34,MSNBC,All In With Chris Hayes,MSNBCW_20131030_030000_All_In_With_Chris_Hayes,https://archive.org/download/MSNBCW_20131030_030000_All_In_With_Chris_Hayes/MSNBCW_20131030_030000_All_In_With_Chris_Hayes.thumbs/MSNBCW_20131030_030000_All_In_With_Chris_Hayes_002895.jpg,"make people's lives better, number one, assistance in their recovery, but when you think about how to physically protect new york city from climate change, we also have to expand resiliency, we need to think about economic resiliency, low"
https://archive.org/details/MSNBCW_20131030_030000_All_In_With_Chris_Hayes#start/3405/end/3440,10/30/2013 3:57:00,MSNBC,All In With Chris Hayes,MSNBCW_20131030_030000_All_In_With_Chris_Hayes,https://archive.org/download/MSNBCW_20131030_030000_All_In_With_Chris_Hayes/MSNBCW_20131030_030000_All_In_With_Chris_Hayes.thumbs/MSNBCW_20131030_030000_All_In_With_Chris_Hayes_003405.jpg,"right recognition of the reality of climate change and that the response should include keeping the government open so that the -- so that the federal funds can actually be distributed. you know, a billion and a half"
https://archive.org/details/MSNBCW_20131030_070000_All_In_With_Chris_Hayes#start/2543/end/2578,10/30/2013 7:42:38,MSNBC,All In With Chris Hayes,MSNBCW_20131030_070000_All_In_With_Chris_Hayes,https://archive.org/download/MSNBCW_20131030_070000_All_In_With_Chris_Hayes/MSNBCW_20131030_070000_All_In_With_Chris_Hayes.thumbs/MSNBCW_20131030_070000_All_In_With_Chris_Hayes_002535.jpg,"years of living dangerously and it's about climate change and it's impockets. here's what i have learned. the people at the bottom of the social pyramid, the poor with no assets or no assets other than"
https://archive.org/details/MSNBCW_20131031_000000_All_In_With_Chris_Hayes#start/0/end/32,10/31/2013 0:00:12,MSNBC,All In With Chris Hayes,MSNBCW_20131031_000000_All_In_With_Chris_Hayes,https://archive.org/download/MSNBCW_20131031_000000_All_In_With_Chris_Hayes/MSNBCW_20131031_000000_All_In_With_Chris_Hayes.thumbs/MSNBCW_20131031_000000_All_In_With_Chris_Hayes_000016.jpg,"the president of abusing his power when he promises to use his executive authority to act on his believes on climate change, words have meaning, senator cruz, you can't use scare tactics and use words like"
https://archive.org/details/MSNBCW_20131030_230000_Hardball_With_Chris_Matthews#start/3598/end/3633,10/31/2013 0:00:13,MSNBC,Hardball With Chris Matthews,MSNBCW_20131030_230000_Hardball_With_Chris_Matthews,https://archive.org/download/MSNBCW_20131030_230000_Hardball_With_Chris_Matthews/MSNBCW_20131030_230000_Hardball_With_Chris_Matthews.thumbs/MSNBCW_20131030_230000_Hardball_With_Chris_Matthews_003585.jpg,"the president of abusing his power when he promises to use his executive authority to act on his believes on climate change, words have meaning, senator cruz, you can't use scare tactics and use words like"
https://archive.org/details/MSNBCW_20131022_100000_Morning_Joe#start/5209/end/5244,10/22/2013 11:27:04,MSNBC,Morning Joe,MSNBCW_20131022_100000_Morning_Joe,https://archive.org/download/MSNBCW_20131022_100000_Morning_Joe/MSNBCW_20131022_100000_Morning_Joe.thumbs/MSNBCW_20131022_100000_Morning_Joe_005206.jpg,"we made condoleezza rice a second cheney. by the end of their tenure they are on opposite sides of most issues. iran, lebanon, sir area climate change, gun rights, gay rights, auto bailout. what was the impact"
https://archive.org/details/MSNBCW_20131015_230000_Hardball_With_Chris_Matthews#start/1318/end/1353,10/15/2013 23:22:13,MSNBC,Hardball With Chris Matthews,MSNBCW_20131015_230000_Hardball_With_Chris_Matthews,https://archive.org/download/MSNBCW_20131015_230000_Hardball_With_Chris_Matthews/MSNBCW_20131015_230000_Hardball_With_Chris_Matthews.thumbs/MSNBCW_20131015_230000_Hardball_With_Chris_Matthews_001305.jpg,"'b,' there has been this whole vein that has been born out about the debate of climate change, fancts, polls going int the 2012 elections and now being born out here. we don't have to believe what"
https://archive.org/details/MSNBCW_20131030_080000_The_Rachel_Maddow_Show#start/758/end/793,10/30/2013 8:12:53,MSNBC,The Rachel Maddow Show,MSNBCW_20131030_080000_The_Rachel_Maddow_Show,https://archive.org/download/MSNBCW_20131030_080000_The_Rachel_Maddow_Show/MSNBCW_20131030_080000_The_Rachel_Maddow_Show.thumbs/MSNBCW_20131030_080000_The_Rachel_Maddow_Show_000736.jpg,"nebraska conservatives have stripped the climate change study to the point that nebraska scientists are now saying that they do not want to take part in this study. it's not clear anymore it's not really studying how the climate is changing."
https://archive.org/details/MSNBCW_20131001_140000_Jansing_and_Co.#start/2854/end/2889,10/1/2013 14:47:49,MSNBC,Jansing and Co.,MSNBCW_20131001_140000_Jansing_and_Co.,https://archive.org/download/MSNBCW_20131001_140000_Jansing_and_Co./MSNBCW_20131001_140000_Jansing_and_Co..thumbs/MSNBCW_20131001_140000_Jansing_and_Co._002835.jpg,"that will choose high school textbooks to be used for the next decade and it includes members who do not accept evolution and climate change as scientific truth. as you can see, it's been drawing protests. joining me live, ryan valentine,"
https://archive.org/details/MSNBCW_20131003_060000_Hardball_With_Chris_Matthews#start/1145/end/1180,10/3/2013 6:19:20,MSNBC,Hardball With Chris Matthews,MSNBCW_20131003_060000_Hardball_With_Chris_Matthews,https://archive.org/download/MSNBCW_20131003_060000_Hardball_With_Chris_Matthews/MSNBCW_20131003_060000_Hardball_With_Chris_Matthews.thumbs/MSNBCW_20131003_060000_Hardball_With_Chris_Matthews_001125.jpg,"in any form. they are not willing to say there is climate change. it might hurt a mining company. they don't face the facts. that's the problem. i'm beginning to think they are quite willing to not face this looming reality."
https://archive.org/details/MSNBCW_20131004_060000_Hardball_With_Chris_Matthews#start/2442/end/2477,10/4/2013 6:40:57,MSNBC,Hardball With Chris Matthews,MSNBCW_20131004_060000_Hardball_With_Chris_Matthews,https://archive.org/download/MSNBCW_20131004_060000_Hardball_With_Chris_Matthews/MSNBCW_20131004_060000_Hardball_With_Chris_Matthews.thumbs/MSNBCW_20131004_060000_Hardball_With_Chris_Matthews_002446.jpg,"when you deal with some of these republican outliers, they don't believe in climate change. they don't believe in evolution. they really don't seem to believe in economics. they'll say i got my economics by raising a family, i don't listen to economists."
https://archive.org/details/MSNBCW_20131024_160000_NOW_With_Alex_Wagner#start/302/end/337,10/24/2013 16:05:17,MSNBC,NOW With Alex Wagner,MSNBCW_20131024_160000_NOW_With_Alex_Wagner,https://archive.org/download/MSNBCW_20131024_160000_NOW_With_Alex_Wagner/MSNBCW_20131024_160000_NOW_With_Alex_Wagner.thumbs/MSNBCW_20131024_160000_NOW_With_Alex_Wagner_000285.jpg,"not consider any massive obama care-style legislation that no one understands. this is going to be used as the boogie man. we can't do climate change, we can't do immigration reform because look how bad obama care is. there's so ridiculous of"
https://archive.org/details/MSNBCW_20131024_160000_NOW_With_Alex_Wagner#start/563/end/598,10/24/2013 16:09:38,MSNBC,NOW With Alex Wagner,MSNBCW_20131024_160000_NOW_With_Alex_Wagner,https://archive.org/download/MSNBCW_20131024_160000_NOW_With_Alex_Wagner/MSNBCW_20131024_160000_NOW_With_Alex_Wagner.thumbs/MSNBCW_20131024_160000_NOW_With_Alex_Wagner_000555.jpg,"progressive public poll sichlt the prospects for extending that into another presidency and getting immigration and climate change and the rest of the policy wish list will get a lot, lot brighter. probably true. do you think the reverse is"
https://archive.org/details/MSNBCW_20131008_230000_Hardball_With_Chris_Matthews#start/156/end/191,10/8/2013 23:02:51,MSNBC,Hardball With Chris Matthews,MSNBCW_20131008_230000_Hardball_With_Chris_Matthews,https://archive.org/download/MSNBCW_20131008_230000_Hardball_With_Chris_Matthews/MSNBCW_20131008_230000_Hardball_With_Chris_Matthews.thumbs/MSNBCW_20131008_230000_Hardball_With_Chris_Matthews_000136.jpg,"'b,' what's the danger of saying it now? why they're saying it, it's a political party or a dominant faction of a political party now that doesn't believe in climate change, doesn't believe the president's born in this country, doesn't believe in the"
https://archive.org/details/MSNBCW_20131030_040000_The_Rachel_Maddow_Show#start/540/end/575,10/30/2013 4:09:15,MSNBC,The Rachel Maddow Show,MSNBCW_20131030_040000_The_Rachel_Maddow_Show,https://archive.org/download/MSNBCW_20131030_040000_The_Rachel_Maddow_Show/MSNBCW_20131030_040000_The_Rachel_Maddow_Show.thumbs/MSNBCW_20131030_040000_The_Rachel_Maddow_Show_000525.jpg,"was governed by democrats. under democratic governance they had an official plan for doing something about climb mass change in the state in 2010. in 2010, the official coastal resources commission of north carolina considered the effects of climate change on the state."
https://archive.org/details/MSNBCW_20131029_170000_Andrea_Mitchell_Reports#start/3157/end/3192,10/29/2013 17:52:52,MSNBC,Andrea Mitchell Reports,MSNBCW_20131029_170000_Andrea_Mitchell_Reports,https://archive.org/download/MSNBCW_20131029_170000_Andrea_Mitchell_Reports/MSNBCW_20131029_170000_Andrea_Mitchell_Reports.thumbs/MSNBCW_20131029_170000_Andrea_Mitchell_Reports_003136.jpg,"houses out of harm's way. what we've seen because of climate change is an onslaugt of attack along our water front. irene hit us harder than it hit new jersey or new york, just over a year later by superstorm"
https://archive.org/details/MSNBCW_20131031_060000_Hardball_With_Chris_Matthews#start/3577/end/3612,10/31/2013 6:59:52,MSNBC,Hardball With Chris Matthews,MSNBCW_20131031_060000_Hardball_With_Chris_Matthews,https://archive.org/download/MSNBCW_20131031_060000_Hardball_With_Chris_Matthews/MSNBCW_20131031_060000_Hardball_With_Chris_Matthews.thumbs/MSNBCW_20131031_060000_Hardball_With_Chris_Matthews_003556.jpg,"in the country. the president's words were approved by congress, you don't have to like it, you can't call it an abuse of power, you may not believe in climate change, you are likely to pretend ignorance, but you can't accuse"
https://archive.org/details/MSNBCW_20131030_040000_The_Rachel_Maddow_Show#start/603/end/638,10/30/2013 4:10:18,MSNBC,The Rachel Maddow Show,MSNBCW_20131030_040000_The_Rachel_Maddow_Show,https://archive.org/download/MSNBCW_20131030_040000_The_Rachel_Maddow_Show/MSNBCW_20131030_040000_The_Rachel_Maddow_Show.thumbs/MSNBCW_20131030_040000_The_Rachel_Maddow_Show_000585.jpg,"in 2012, the r republicans in north carolina won full control of the state and so now the state has abandoned plans for dealing with climate change all together. the technical term for this is la, la, la, la, la."
https://archive.org/details/MSNBCW_20131030_000000_All_In_With_Chris_Hayes#start/2549/end/2584,10/30/2013 0:42:44,MSNBC,All In With Chris Hayes,MSNBCW_20131030_000000_All_In_With_Chris_Hayes,https://archive.org/download/MSNBCW_20131030_000000_All_In_With_Chris_Hayes/MSNBCW_20131030_000000_All_In_With_Chris_Hayes.thumbs/MSNBCW_20131030_000000_All_In_With_Chris_Hayes_002535.jpg,"years of living dangerously and it's about climate change and it's impockets. here's what i have learned. the people at the bottom of the social pyramid, the poor with no assets or no assets other than their home, with debts piled up"
https://archive.org/details/MSNBCW_20131031_060000_Hardball_With_Chris_Matthews#start/3596/end/3631,10/31/2013 7:00:11,MSNBC,Hardball With Chris Matthews,MSNBCW_20131031_060000_Hardball_With_Chris_Matthews,https://archive.org/download/MSNBCW_20131031_060000_Hardball_With_Chris_Matthews/MSNBCW_20131031_060000_Hardball_With_Chris_Matthews.thumbs/MSNBCW_20131031_060000_Hardball_With_Chris_Matthews_003586.jpg,"the president of abusing his power when he promises to use his executive authority to act on his believes on climate change, words have meaning, senator cruz, you can't use scare tactics and use words like senator mccarthy, or people will"
https://archive.org/details/MSNBCW_20131010_010000_The_Rachel_Maddow_Show#start/2613/end/2648,10/10/2013 1:43:48,MSNBC,The Rachel Maddow Show,MSNBCW_20131010_010000_The_Rachel_Maddow_Show,https://archive.org/download/MSNBCW_20131010_010000_The_Rachel_Maddow_Show/MSNBCW_20131010_010000_The_Rachel_Maddow_Show.thumbs/MSNBCW_20131010_010000_The_Rachel_Maddow_Show_002595.jpg,"look at what we're dealing with, people who are not just denying what default would be. they deny global climate change and evolution. they deny that barack obama was born in the united states of america. these people are not driven by"
https://archive.org/details/MSNBCW_20131021_160000_NOW_With_Alex_Wagner#start/3222/end/3257,10/21/2013 16:53:57,MSNBC,NOW With Alex Wagner,MSNBCW_20131021_160000_NOW_With_Alex_Wagner,https://archive.org/download/MSNBCW_20131021_160000_NOW_With_Alex_Wagner/MSNBCW_20131021_160000_NOW_With_Alex_Wagner.thumbs/MSNBCW_20131021_160000_NOW_With_Alex_Wagner_003195.jpg,"2008 and 2009, bush and cheney disagreed on north korea, syria, lebanon, russia, the middle east peace talks, gun rights, gay rights, climate change, surveillance, detention and the auto bailout. by the end, sort of the pinocchio understood or i don't"
https://archive.org/details/MSNBCW_20131030_070000_All_In_With_Chris_Hayes#start/2625/end/2660,10/30/2013 7:44:00,MSNBC,All In With Chris Hayes,MSNBCW_20131030_070000_All_In_With_Chris_Hayes,https://archive.org/download/MSNBCW_20131030_070000_All_In_With_Chris_Hayes/MSNBCW_20131030_070000_All_In_With_Chris_Hayes.thumbs/MSNBCW_20131030_070000_All_In_With_Chris_Hayes_002625.jpg,"unless you get very serious very quickly, those two trends are going to rip our social contract apart. climate change and inequality are two sides of the same coin and we need to be addressing them together. joining me now is the alliance"
https://archive.org/details/MSNBCW_20131030_070000_All_In_With_Chris_Hayes#start/2889/end/2924,10/30/2013 7:48:24,MSNBC,All In With Chris Hayes,MSNBCW_20131030_070000_All_In_With_Chris_Hayes,https://archive.org/download/MSNBCW_20131030_070000_All_In_With_Chris_Hayes/MSNBCW_20131030_070000_All_In_With_Chris_Hayes.thumbs/MSNBCW_20131030_070000_All_In_With_Chris_Hayes_002865.jpg,"what has to happen right now to make people's life better, number one, assistance in their recovery, but when you think about how to physically protect new york city from climate change, we also have to expangd that resiliency, we need to"
https://archive.org/details/MSNBCW_20131030_070000_All_In_With_Chris_Hayes#start/3399/end/3434,10/30/2013 7:56:54,MSNBC,All In With Chris Hayes,MSNBCW_20131030_070000_All_In_With_Chris_Hayes,https://archive.org/download/MSNBCW_20131030_070000_All_In_With_Chris_Hayes/MSNBCW_20131030_070000_All_In_With_Chris_Hayes.thumbs/MSNBCW_20131030_070000_All_In_With_Chris_Hayes_003375.jpg,"and i also should say, the response should include a forth right recognition of the reality of climate change and that the response should include keeping the government open so that the -- so that the federal funds can actually be distributed."
https://archive.org/details/MSNBCW_20131018_080000_The_Rachel_Maddow_Show#start/1532/end/1567,10/18/2013 8:25:47,MSNBC,The Rachel Maddow Show,MSNBCW_20131018_080000_The_Rachel_Maddow_Show,https://archive.org/download/MSNBCW_20131018_080000_The_Rachel_Maddow_Show/MSNBCW_20131018_080000_The_Rachel_Maddow_Show.thumbs/MSNBCW_20131018_080000_The_Rachel_Maddow_Show_001516.jpg,"i'm very troubled by ken cuccinelli. he tried to change virginia's divorce laws. to prevent women from getting out of a bad marriage. ken cuccinelli denies climate change exists. and he used taxpayer dollars to investigate a uba professor doing research."
https://archive.org/details/MSNBCW_20131020_140000_Melissa_Harris-Perry#start/508/end/543,10/20/2013 14:08:43,MSNBC,Melissa Harris-Perry,MSNBCW_20131020_140000_Melissa_Harris-Perry,https://archive.org/download/MSNBCW_20131020_140000_Melissa_Harris-Perry/MSNBCW_20131020_140000_Melissa_Harris-Perry.thumbs/MSNBCW_20131020_140000_Melissa_Harris-Perry_000495.jpg,"wealthy homeowners. now the underlying vulnerability is about climate change, how we're going to relate to this dramatic environment in which we see storm surges and extreme weather. we face big questions now. not about how to build it back,"
https://archive.org/details/MSNBCW_20131021_200000_Martin_Bashir#start/2107/end/2142,10/21/2013 20:35:22,MSNBC,Martin Bashir,MSNBCW_20131021_200000_Martin_Bashir,https://archive.org/download/MSNBCW_20131021_200000_Martin_Bashir/MSNBCW_20131021_200000_Martin_Bashir.thumbs/MSNBCW_20131021_200000_Martin_Bashir_002085.jpg,"philosophies. it was hammered by the shutdown and also felt the sting of mr. cuccinelli's koeshl agenda against gay rights, climate change, women i could go on. what do you think it will cost the gop come 2016? if terry mccullough looks"
https://archive.org/details/MSNBCW_20131011_010000_The_Rachel_Maddow_Show#start/2423/end/2458,10/11/2013 1:40:38,MSNBC,The Rachel Maddow Show,MSNBCW_20131011_010000_The_Rachel_Maddow_Show,https://archive.org/download/MSNBCW_20131011_010000_The_Rachel_Maddow_Show/MSNBCW_20131011_010000_The_Rachel_Maddow_Show.thumbs/MSNBCW_20131011_010000_The_Rachel_Maddow_Show_002415.jpg,"well, that was apparently the tea party. and, yeah, this denial on the debt limit is just astounding. fortunately, and again, there's a silver lining to this cloud. they have denied that there is climate change going on. they've denied a number of"
https://archive.org/details/MSNBCW_20131030_080000_The_Rachel_Maddow_Show#start/825/end/860,10/30/2013 8:14:00,MSNBC,The Rachel Maddow Show,MSNBCW_20131030_080000_The_Rachel_Maddow_Show,https://archive.org/download/MSNBCW_20131030_080000_The_Rachel_Maddow_Show/MSNBCW_20131030_080000_The_Rachel_Maddow_Show.thumbs/MSNBCW_20131030_080000_The_Rachel_Maddow_Show_000826.jpg,"what exactly it will study now. the lawmaker who first called for climate change, the guy who got radially tall tered -- he himself is a scientist, he also i should tell you just happens to have invented a new kind of hook for hanging up your food"
https://archive.org/details/MSNBCW_20131030_080000_The_Rachel_Maddow_Show#start/1143/end/1178,10/30/2013 8:19:18,MSNBC,The Rachel Maddow Show,MSNBCW_20131030_080000_The_Rachel_Maddow_Show,https://archive.org/download/MSNBCW_20131030_080000_The_Rachel_Maddow_Show/MSNBCW_20131030_080000_The_Rachel_Maddow_Show.thumbs/MSNBCW_20131030_080000_The_Rachel_Maddow_Show_001126.jpg,"ahead on this issue, thanks for helping us understand it. he's amazing, you can go study climate change in his intensely agricultural state that has had huge issues with both drought and flooding and you are limited to studying whether or not it comes from"
https://archive.org/details/MSNBCW_20131010_080000_The_Rachel_Maddow_Show#start/2605/end/2640,10/10/2013 8:43:40,MSNBC,The Rachel Maddow Show,MSNBCW_20131010_080000_The_Rachel_Maddow_Show,https://archive.org/download/MSNBCW_20131010_080000_The_Rachel_Maddow_Show/MSNBCW_20131010_080000_The_Rachel_Maddow_Show.thumbs/MSNBCW_20131010_080000_The_Rachel_Maddow_Show_002595.jpg,"look at what we're dealing with, people who are not just denying what default would be. they deny global climate change and evolution. they deny that barack obama was born in the united states of america. these people are not driven by facts, but by much scarier"
https://archive.org/details/MSNBCW_20131011_220000_PoliticsNation#start/367/end/402,10/11/2013 22:06:22,MSNBC,PoliticsNation,MSNBCW_20131011_220000_PoliticsNation,https://archive.org/download/MSNBCW_20131011_220000_PoliticsNation/MSNBCW_20131011_220000_PoliticsNation.thumbs/MSNBCW_20131011_220000_PoliticsNation_000346.jpg,"data. and this is the same party that has been part of climate change, part of variety of denialisms where they actually look at data, look at evidence and say that's just not true. you know, congressman, when you ask who is to blame for the"
https://archive.org/details/MSNBCW_20131009_200000_Martin_Bashir#start/3523/end/3558,10/9/2013 20:58:58,MSNBC,Martin Bashir,MSNBCW_20131009_200000_Martin_Bashir,https://archive.org/download/MSNBCW_20131009_200000_Martin_Bashir/MSNBCW_20131009_200000_Martin_Bashir.thumbs/MSNBCW_20131009_200000_Martin_Bashir_003525.jpg,"breach the debt ceiling without dire consequences. but like the fact that the earth is not 6000 years old, and it is being subjects injected to climate change and barack obama was born in america, the facts about the at the time limit are"
https://archive.org/details/MSNBCW_20131030_000000_All_In_With_Chris_Hayes#start/2626/end/2661,10/30/2013 0:44:01,MSNBC,All In With Chris Hayes,MSNBCW_20131030_000000_All_In_With_Chris_Hayes,https://archive.org/download/MSNBCW_20131030_000000_All_In_With_Chris_Hayes/MSNBCW_20131030_000000_All_In_With_Chris_Hayes.thumbs/MSNBCW_20131030_000000_All_In_With_Chris_Hayes_002625.jpg,"extreme weather and more crises. when you put those together, unless you get very serious very quickly, those two trends are going to rip our social contract apart. climate change and inequality are two sides of the same coin and we need to be addressing them together."
https://archive.org/details/MSNBCW_20131030_000000_All_In_With_Chris_Hayes#start/2803/end/2838,10/30/2013 0:46:58,MSNBC,All In With Chris Hayes,MSNBCW_20131030_000000_All_In_With_Chris_Hayes,https://archive.org/download/MSNBCW_20131030_000000_All_In_With_Chris_Hayes/MSNBCW_20131030_000000_All_In_With_Chris_Hayes.thumbs/MSNBCW_20131030_000000_All_In_With_Chris_Hayes_002775.jpg,"certain, is we're going to see higher -- the new york city region, we have had about a foot of sea level rise, the majority of it due to climate change, that's already changed the frequency of coastal flooding. even if storms like sandy don't"
https://archive.org/details/MSNBCW_20131030_010000_The_Rachel_Maddow_Show#start/1148/end/1183,10/30/2013 1:19:23,MSNBC,The Rachel Maddow Show,MSNBCW_20131030_010000_The_Rachel_Maddow_Show,https://archive.org/download/MSNBCW_20131030_010000_The_Rachel_Maddow_Show/MSNBCW_20131030_010000_The_Rachel_Maddow_Show.thumbs/MSNBCW_20131030_010000_The_Rachel_Maddow_Show_001125.jpg,"ahead on this issue, thanks for helping us understand it. he's amazing, you can go study climate change in his intensely agricultural state that has had huge issues with both drought and flooding and you are limited to studying whether or not it comes from"
https://archive.org/details/MSNBCW_20131020_140000_Melissa_Harris-Perry#start/1294/end/1329,10/20/2013 14:21:49,MSNBC,Melissa Harris-Perry,MSNBCW_20131020_140000_Melissa_Harris-Perry,https://archive.org/download/MSNBCW_20131020_140000_Melissa_Harris-Perry/MSNBCW_20131020_140000_Melissa_Harris-Perry.thumbs/MSNBCW_20131020_140000_Melissa_Harris-Perry_001275.jpg,"want to talk about denial. denial, denial, denial. because if you don't like an issue, let's say, for example, climate change or the debt ceiling, let's just pretend it's not real. that is the strategy of senator tom coburn, next. [ male announcer ] this is karen and jeremiah."
https://archive.org/details/MSNBCW_20131030_230000_Hardball_With_Chris_Matthews#start/3584/end/3619,10/30/2013 23:59:59,MSNBC,Hardball With Chris Matthews,MSNBCW_20131030_230000_Hardball_With_Chris_Matthews,https://archive.org/download/MSNBCW_20131030_230000_Hardball_With_Chris_Matthews/MSNBCW_20131030_230000_Hardball_With_Chris_Matthews.thumbs/MSNBCW_20131030_230000_Hardball_With_Chris_Matthews_003585.jpg,"antagonisms that have no place in the country. the president's words were approved by congress, you don't have to like it, you can't call it an abuse of power, you may not believe in climate change, you are likely to pretend ignorance, but you can't accuse"
https://archive.org/details/MSNBCW_20131020_160000_Weekends_With_Alex_Witt#start/561/end/596,10/20/2013 16:09:36,MSNBC,Weekends With Alex Witt,MSNBCW_20131020_160000_Weekends_With_Alex_Witt,https://archive.org/download/MSNBCW_20131020_160000_Weekends_With_Alex_Witt/MSNBCW_20131020_160000_Weekends_With_Alex_Witt.thumbs/MSNBCW_20131020_160000_Weekends_With_Alex_Witt_000555.jpg,"expectations in the white house and democrats in congress? we're not hearing anything about gun control legislation, climate change, raising minimum wage, expanding preschool education. you know, there are -- they are dramatically reduced expectations. you can see why. if it's this difficult just to"
https://archive.org/details/MSNBCW_20131020_140000_Melissa_Harris-Perry#start/1743/end/1778,10/20/2013 14:29:18,MSNBC,Melissa Harris-Perry,MSNBCW_20131020_140000_Melissa_Harris-Perry,https://archive.org/download/MSNBCW_20131020_140000_Melissa_Harris-Perry/MSNBCW_20131020_140000_Melissa_Harris-Perry.thumbs/MSNBCW_20131020_140000_Melissa_Harris-Perry_001725.jpg,"what it's supposed to do. i wonder, as so many more people become vulnerable because of climate change, if we'll finally get some political will around it. it's one of the most difficult questions that democrats have had to wrestle, how much do they let government"
https://archive.org/details/MSNBCW_20131011_200000_Martin_Bashir#start/1388/end/1423,10/11/2013 20:23:23,MSNBC,Martin Bashir,MSNBCW_20131011_200000_Martin_Bashir,https://archive.org/download/MSNBCW_20131011_200000_Martin_Bashir/MSNBCW_20131011_200000_Martin_Bashir.thumbs/MSNBCW_20131011_200000_Martin_Bashir_001365.jpg,"some of these votes. no, no, no, no. i couldn't help notice, joan, if it's hard to convince republicans that defaulting is a bad thing, how do you convince them about the truth regarding climate change, for example? what hope is there with that? there is no hope."
https://archive.org/details/MSNBCW_20131008_100000_Morning_Joe#start/3220/end/3255,10/8/2013 10:53:55,MSNBC,Morning Joe,MSNBCW_20131008_100000_Morning_Joe,https://archive.org/download/MSNBCW_20131008_100000_Morning_Joe/MSNBCW_20131008_100000_Morning_Joe.thumbs/MSNBCW_20131008_100000_Morning_Joe_003195.jpg,"i want to ask you about young evangelical christians. i saw them as one of the great hopes for the republican party. they were more progressive on social issues. on immigration. the environment. on climate change. on same-sex marriage. where will they go? i mean, the coarsening that you"
https://archive.org/details/MSNBCW_20131030_040000_The_Rachel_Maddow_Show#start/1155/end/1190,10/30/2013 4:19:30,MSNBC,The Rachel Maddow Show,MSNBCW_20131030_040000_The_Rachel_Maddow_Show,https://archive.org/download/MSNBCW_20131030_040000_The_Rachel_Maddow_Show/MSNBCW_20131030_040000_The_Rachel_Maddow_Show.thumbs/MSNBCW_20131030_040000_The_Rachel_Maddow_Show_001155.jpg,"it's amazing, you can go study climate change in his intensely agricultural state that has had huge issues with both drought and flooding and you are limited to studying whether or not it comes from volcanos and solar flares. get right on that. anything else will make us too uncomfortable."
https://archive.org/details/MSNBCW_20131030_010000_The_Rachel_Maddow_Show#start/1098/end/1133,10/30/2013 1:18:33,MSNBC,The Rachel Maddow Show,MSNBCW_20131030_010000_The_Rachel_Maddow_Show,https://archive.org/download/MSNBCW_20131030_010000_The_Rachel_Maddow_Show/MSNBCW_20131030_010000_The_Rachel_Maddow_Show.thumbs/MSNBCW_20131030_010000_The_Rachel_Maddow_Show_001095.jpg,"that in fact, it would almost be funny, rachel, if it weren't so serious. but the study in my bill asking at what we look at -- wildlife, outrecreati outrecreation, all the kinds of things that will be reflected by climate change but it can only be natural causes like volcanos"
https://archive.org/details/MSNBCW_20131011_080000_The_Rachel_Maddow_Show#start/2412/end/2447,10/11/2013 8:40:27,MSNBC,The Rachel Maddow Show,MSNBCW_20131011_080000_The_Rachel_Maddow_Show,https://archive.org/download/MSNBCW_20131011_080000_The_Rachel_Maddow_Show/MSNBCW_20131011_080000_The_Rachel_Maddow_Show.thumbs/MSNBCW_20131011_080000_The_Rachel_Maddow_Show_002385.jpg,"and, yeah, this denial on the debt limit is just astounding. fortunately, and again, there's a silver lining to this cloud. they have denied that there is climate change going on. they've denied a number of things, like where president obama was born. but i think the implausibility"
https://archive.org/details/MSNBCW_20131030_070000_All_In_With_Chris_Hayes#start/2795/end/2830,10/30/2013 7:46:50,MSNBC,All In With Chris Hayes,MSNBCW_20131030_070000_All_In_With_Chris_Hayes,https://archive.org/download/MSNBCW_20131030_070000_All_In_With_Chris_Hayes/MSNBCW_20131030_070000_All_In_With_Chris_Hayes.thumbs/MSNBCW_20131030_070000_All_In_With_Chris_Hayes_002775.jpg,"we look to the future, one thing we can really see for certain, is we're going to see higher -- the new york city region, we have had about a foot of sea level rise, the majority of it due to climate change, that's already changed the frequency of coastal flooding."
https://archive.org/details/MSNBCW_20131020_140000_Melissa_Harris-Perry#start/1695/end/1730,10/20/2013 14:28:30,MSNBC,Melissa Harris-Perry,MSNBCW_20131020_140000_Melissa_Harris-Perry,https://archive.org/download/MSNBCW_20131020_140000_Melissa_Harris-Perry/MSNBCW_20131020_140000_Melissa_Harris-Perry.thumbs/MSNBCW_20131020_140000_Melissa_Harris-Perry_001695.jpg,"pulled the subway cars out of the system to higher ground, ripped the electrical lines out, so when the water came in, they didn't get saturated with saltwater. in new jersey, where the governor denies climate change, day took the transit cars and put them in a flood zone."
https://archive.org/details/MSNBCW_20131008_210000_The_Ed_Show#start/1548/end/1583,10/8/2013 21:26:03,MSNBC,The Ed Show,MSNBCW_20131008_210000_The_Ed_Show,https://archive.org/download/MSNBCW_20131008_210000_The_Ed_Show/MSNBCW_20131008_210000_The_Ed_Show.thumbs/MSNBCW_20131008_210000_The_Ed_Show_001545.jpg,"this country who aren't afraid of climate change and not afraid of violence in the mid east and not afraid of nuclear war in iran. many want it, because they have the spiritual narcissism from misreading the bible they think this is going to be their vip pass behind the velvet rope to"
https://archive.org/details/MSNBCW_20131011_040000_The_Rachel_Maddow_Show#start/2418/end/2453,10/11/2013 4:40:33,MSNBC,The Rachel Maddow Show,MSNBCW_20131011_040000_The_Rachel_Maddow_Show,https://archive.org/download/MSNBCW_20131011_040000_The_Rachel_Maddow_Show/MSNBCW_20131011_040000_The_Rachel_Maddow_Show.thumbs/MSNBCW_20131011_040000_The_Rachel_Maddow_Show_002415.jpg,"a silver lining to this cloud. they have denied that there is climate change going on. they've denied a number of things, like where president obama was born. but i think the implausibility of this denial is so great that it's calling into question the denial reflection in general. and in particular, one of the"
https://archive.org/details/MSNBCW_20131001_140000_Jansing_and_Co.#start/3024/end/3059,10/1/2013 14:50:39,MSNBC,Jansing and Co.,MSNBCW_20131001_140000_Jansing_and_Co.,https://archive.org/download/MSNBCW_20131001_140000_Jansing_and_Co./MSNBCW_20131001_140000_Jansing_and_Co..thumbs/MSNBCW_20131001_140000_Jansing_and_Co._003015.jpg,"discredited arguments against evolution or creationism. the best science that gets kids ready for good jobs. documents also show several members on the textbook panel recommend removing information about climate change in science books. do you think that that is going to be the next front in the debate over school textbooks?"
https://archive.org/details/MSNBCW_20131016_060000_Hardball_With_Chris_Matthews#start/1309/end/1344,10/16/2013 6:22:04,MSNBC,Hardball With Chris Matthews,MSNBCW_20131016_060000_Hardball_With_Chris_Matthews,https://archive.org/download/MSNBCW_20131016_060000_Hardball_With_Chris_Matthews/MSNBCW_20131016_060000_Hardball_With_Chris_Matthews.thumbs/MSNBCW_20131016_060000_Hardball_With_Chris_Matthews_001305.jpg,"now boehner has to scrounge further to the right. can i say something about their motivation here? 'a,' i don't think they care about the struggling of the poor and working class. 'b,' there has been this whole vein that has been born out about the debate of climate change, facts, polls going into"
https://archive.org/details/MSNBCW_20131015_200000_Martin_Bashir#start/648/end/683,10/15/2013 20:11:03,MSNBC,Martin Bashir,MSNBCW_20131015_200000_Martin_Bashir,https://archive.org/download/MSNBCW_20131015_200000_Martin_Bashir/MSNBCW_20131015_200000_Martin_Bashir.thumbs/MSNBCW_20131015_200000_Martin_Bashir_000646.jpg,"loose game with this nation's future. and, again, it's -- you know, this is like a short and compressed version with climate change denial. you know, you just don't care about the facts. and you are willing to take these risks, largely because you hate that guy in the white house. it's absolutely incredible."
https://archive.org/details/MSNBCW_20131029_190000_The_Cycle#start/3524/end/3559,10/29/2013 19:58:59,MSNBC,The Cycle,MSNBCW_20131029_190000_The_Cycle,https://archive.org/download/MSNBCW_20131029_190000_The_Cycle/MSNBCW_20131029_190000_The_Cycle.thumbs/MSNBCW_20131029_190000_The_Cycle_003525.jpg,"yes, it is the texas twilight zone. i throw in that he is also a climate change denier accident but it just seems gratuitous. greg abbott is running for governor against wendy davis who captured the national spotlight when she stood up for reality and women's health in an epic,"
https://archive.org/details/MSNBCW_20131020_140000_Melissa_Harris-Perry#start/525/end/560,10/20/2013 14:09:00,MSNBC,Melissa Harris-Perry,MSNBCW_20131020_140000_Melissa_Harris-Perry,https://archive.org/download/MSNBCW_20131020_140000_Melissa_Harris-Perry/MSNBCW_20131020_140000_Melissa_Harris-Perry.thumbs/MSNBCW_20131020_140000_Melissa_Harris-Perry_000525.jpg,"but how to build forward in anticipation of more things like this. right. and we'll talk as we go forward about the fact that even that notion that we are vulnerable to climate change is apparently up for debate in our current congress. or the sanity caucus. i'm about to use that just"
https://archive.org/details/MSNBCW_20131020_140000_Melissa_Harris-Perry#start/1679/end/1714,10/20/2013 14:28:14,MSNBC,Melissa Harris-Perry,MSNBCW_20131020_140000_Melissa_Harris-Perry,https://archive.org/download/MSNBCW_20131020_140000_Melissa_Harris-Perry/MSNBCW_20131020_140000_Melissa_Harris-Perry.thumbs/MSNBCW_20131020_140000_Melissa_Harris-Perry_001665.jpg,"isaac. it costs us to act like this isn't happening. you know, we save about $4 down the road for every dollar that we spend on preparing, and there's a very concrete lesson again from sandy. in new york city, we talked about climate change, planned for it to some extent, the mta"
https://archive.org/details/MSNBCW_20131002_200000_Martin_Bashir#start/2237/end/2272,10/2/2013 20:37:32,MSNBC,Martin Bashir,MSNBCW_20131002_200000_Martin_Bashir,https://archive.org/download/MSNBCW_20131002_200000_Martin_Bashir/MSNBCW_20131002_200000_Martin_Bashir.thumbs/MSNBCW_20131002_200000_Martin_Bashir_002236.jpg,"climate change, the fact is, the climate has changed. facts they don't accept. they believe that -- 56% of the republicans in the house don't believe that. believe in the market. you don't believe that the united states reneges on its -- look, i've said this, i think it captures it. suppose one airline said we have"
https://archive.org/details/MSNBCW_20131003_230000_Hardball_With_Chris_Matthews#start/2441/end/2476,10/3/2013 23:40:56,MSNBC,Hardball With Chris Matthews,MSNBCW_20131003_230000_Hardball_With_Chris_Matthews,https://archive.org/download/MSNBCW_20131003_230000_Hardball_With_Chris_Matthews/MSNBCW_20131003_230000_Hardball_With_Chris_Matthews.thumbs/MSNBCW_20131003_230000_Hardball_With_Chris_Matthews_002415.jpg,"by the way, this monkey thing is always a bad thing to call anybody an animal. but there is sort of using the movie reference, josh, a 'planet of the apes' aspect to this. when you deal with some of these republican outliers, they don't believe in climate change. they don't believe in evolution. they really don't seem to"
https://archive.org/details/MSNBCW_20131031_060000_Hardball_With_Chris_Matthews#start/1422/end/1457,10/31/2013 6:23:57,MSNBC,Hardball With Chris Matthews,MSNBCW_20131031_060000_Hardball_With_Chris_Matthews,https://archive.org/download/MSNBCW_20131031_060000_Hardball_With_Chris_Matthews/MSNBCW_20131031_060000_Hardball_With_Chris_Matthews.thumbs/MSNBCW_20131031_060000_Hardball_With_Chris_Matthews_001426.jpg,"government to combat climate change. he didn't say he was, he said he was going to use his authority to take action. senator cruz, here's hayes response to the charge that his father was off base and saying that castro and obama are similar in any regard. is president obama a dictator? the point that he made -- obviously there are enormous"
https://archive.org/details/MSNBCW_20131018_000000_All_In_With_Chris_Hayes#start/3321/end/3356,10/18/2013 0:55:36,MSNBC,All In With Chris Hayes,MSNBCW_20131018_000000_All_In_With_Chris_Hayes,https://archive.org/download/MSNBCW_20131018_000000_All_In_With_Chris_Hayes/MSNBCW_20131018_000000_All_In_With_Chris_Hayes.thumbs/MSNBCW_20131018_000000_All_In_With_Chris_Hayes_003316.jpg,"narrative was hope, change, you know, young people turned out, women turned out, latinos turned out in a big way in 2008, as they did in 2012. but you saw a dip, because a lot of these things weren't necessarily -- you know, we had a student debt crisis. we have a climate change crisis. and we did get health care, we"
