﻿URL,MatchDateTime,Station,Show,IAShowID,IAPreviewThumb,Snippet
https://archive.org/details/MSNBCW_20120210_230000_PoliticsNation#start/2251/end/2286,2/10/2012 23:37:46,MSNBC,PoliticsNation,MSNBCW_20120210_230000_PoliticsNation,https://archive.org/download/MSNBCW_20120210_230000_PoliticsNation/MSNBCW_20120210_230000_PoliticsNation.thumbs/MSNBCW_20120210_230000_PoliticsNation_002247.jpg,"whoç has supported in fact e stepchild of obama care, the person in massachusetts who built the largest government-run health care system in the united states. he's someone that bought into man-made global warming and"
https://archive.org/details/MSNBCW_20120206_110000_Morning_Joe#start/4482/end/4517,2/6/2012 12:14:57,MSNBC,Morning Joe,MSNBCW_20120206_110000_Morning_Joe,https://archive.org/download/MSNBCW_20120206_110000_Morning_Joe/MSNBCW_20120206_110000_Morning_Joe.thumbs/MSNBCW_20120206_110000_Morning_Joe_004466.jpg,"big enough. but wait, wait, wait -- i was talking about your arguments. and as far as carbon taxes go, it might shock you, but a lot of americans when you have unemployment at the rate we have, a lot of americans don't think a carbon tax right now"
https://archive.org/details/MSNBCW_20120226_130000_Up_W_Chris_Hayes#start/4694/end/4729,2/26/2012 14:18:29,MSNBC,Up W Chris Hayes,MSNBCW_20120226_130000_Up_W_Chris_Hayes,https://archive.org/download/MSNBCW_20120226_130000_Up_W_Chris_Hayes/MSNBCW_20120226_130000_Up_W_Chris_Hayes.thumbs/MSNBCW_20120226_130000_Up_W_Chris_Hayes_004677.jpg,"question? this gets to a core point here, which is, one of the problems i think about the debate about high gas prices is the fact that actually, in the future, because of -- if we want to have any chance of curtailing real catastrophic climate change is"
https://archive.org/details/MSNBCW_20120222_020000_The_Rachel_Maddow_Show#start/1976/end/2011,2/22/2012 2:33:11,MSNBC,The Rachel Maddow Show,MSNBCW_20120222_020000_The_Rachel_Maddow_Show,https://archive.org/download/MSNBCW_20120222_020000_The_Rachel_Maddow_Show/MSNBCW_20120222_020000_The_Rachel_Maddow_Show.thumbs/MSNBCW_20120222_020000_The_Rachel_Maddow_Show_001977.jpg,"according to frank the words 'climate change' are less frightening than global warming. he is a republican consultant who calls himself a wordsmith. an utterly mainstream figure in republican politics and his message is words matter."
https://archive.org/details/MSNBCW_20120222_050000_The_Rachel_Maddow_Show#start/1970/end/2005,2/22/2012 5:33:05,MSNBC,The Rachel Maddow Show,MSNBCW_20120222_050000_The_Rachel_Maddow_Show,https://archive.org/download/MSNBCW_20120222_050000_The_Rachel_Maddow_Show/MSNBCW_20120222_050000_The_Rachel_Maddow_Show.thumbs/MSNBCW_20120222_050000_The_Rachel_Maddow_Show_001946.jpg,"according to frank the words 'climate change' are less frightening than global warming. he is a republican consultant who calls himself a wordsmith. message is words matter.gure in he is not just a guy on fox, this past thanksgiving in iowa,"
https://archive.org/details/MSNBCW_20120223_230000_PoliticsNation#start/3534/end/3569,2/23/2012 23:59:09,MSNBC,PoliticsNation,MSNBCW_20120223_230000_PoliticsNation,https://archive.org/download/MSNBCW_20120223_230000_PoliticsNation/MSNBCW_20120223_230000_PoliticsNation.thumbs/MSNBCW_20120223_230000_PoliticsNation_003506.jpg,"but these days, republicans are turning against talking sponges. spongebob is talking a lot about global warming. clearly nickelodeon is pushing a global warming agenda. oh, yeah."
https://archive.org/details/MSNBCW_20120220_110000_Morning_Joe#start/3938/end/3973,2/20/2012 12:05:53,MSNBC,Morning Joe,MSNBCW_20120220_110000_Morning_Joe,https://archive.org/download/MSNBCW_20120220_110000_Morning_Joe/MSNBCW_20120220_110000_Morning_Joe.thumbs/MSNBCW_20120220_110000_Morning_Joe_003926.jpg,"says we can't take those resources because we're going to harm the earth by things that are -- frankly are just not scientifically proven, for example, the whole global"
https://archive.org/details/MSNBCW_20120215_070000_Hardball_With_Chris_Matthews#start/1883/end/1918,2/15/2012 7:31:38,MSNBC,Hardball With Chris Matthews,MSNBCW_20120215_070000_Hardball_With_Chris_Matthews,https://archive.org/download/MSNBCW_20120215_070000_Hardball_With_Chris_Matthews/MSNBCW_20120215_070000_Hardball_With_Chris_Matthews.thumbs/MSNBCW_20120215_070000_Hardball_With_Chris_Matthews_001856.jpg,"gingrich reserves that for president obama. desperate candidates require desperate measures. then there's al gore. remember him? romney was for climate change, climate change science before he was against it. and of course, president obama"
https://archive.org/details/MSNBCW_20120215_000000_Hardball_With_Chris_Matthews#start/1863/end/1898,2/15/2012 0:31:18,MSNBC,Hardball With Chris Matthews,MSNBCW_20120215_000000_Hardball_With_Chris_Matthews,https://archive.org/download/MSNBCW_20120215_000000_Hardball_With_Chris_Matthews/MSNBCW_20120215_000000_Hardball_With_Chris_Matthews.thumbs/MSNBCW_20120215_000000_Hardball_With_Chris_Matthews_001856.jpg,"gingrich reserves that for president obama. desperate candidates require desperate measures. then there's al gore. remember him? romney was for climate change, climate change science before he was against it. and of course, president obama himself whose health care plan"
https://archive.org/details/MSNBCW_20120223_220000_Hardball_With_Chris_Matthews#start/3538/end/3573,2/23/2012 22:59:13,MSNBC,Hardball With Chris Matthews,MSNBCW_20120223_220000_Hardball_With_Chris_Matthews,https://archive.org/download/MSNBCW_20120223_220000_Hardball_With_Chris_Matthews/MSNBCW_20120223_220000_Hardball_With_Chris_Matthews.thumbs/MSNBCW_20120223_220000_Hardball_With_Chris_Matthews_003536.jpg,"fighting poverty and fighting climate change are important areas for the promotion of human development. for this reason, i hope that pursuant to the 17th session of the conference of states parties to the u.n. convention on climate change recently concluded in durbin, the"
https://archive.org/details/MSNBCW_20120210_020000_The_Rachel_Maddow_Show#start/45/end/80,2/10/2012 2:01:00,MSNBC,The Rachel Maddow Show,MSNBCW_20120210_020000_The_Rachel_Maddow_Show,https://archive.org/download/MSNBCW_20120210_020000_The_Rachel_Maddow_Show/MSNBCW_20120210_020000_The_Rachel_Maddow_Show.thumbs/MSNBCW_20120210_020000_The_Rachel_Maddow_Show_000026.jpg,"incentives for people to reduce greenhouse gas emissions, a free market approach. he has a good cap and trade policy he supports. for cap and trade, okay? now same republicans, same policy, couple years later,"
https://archive.org/details/MSNBCW_20120224_000000_Hardball_With_Chris_Matthews#start/3573/end/3608,2/24/2012 0:59:48,MSNBC,Hardball With Chris Matthews,MSNBCW_20120224_000000_Hardball_With_Chris_Matthews,https://archive.org/download/MSNBCW_20120224_000000_Hardball_With_Chris_Matthews/MSNBCW_20120224_000000_Hardball_With_Chris_Matthews.thumbs/MSNBCW_20120224_000000_Hardball_With_Chris_Matthews_003567.jpg,"well, rick, it's pope benedict xvi. leader of the roman catholic church. your church. where does santorum get his theology on climate change? where does he get language"
https://archive.org/details/MSNBCW_20120210_050000_The_Rachel_Maddow_Show#start/34/end/69,2/10/2012 5:00:49,MSNBC,The Rachel Maddow Show,MSNBCW_20120210_050000_The_Rachel_Maddow_Show,https://archive.org/download/MSNBCW_20120210_050000_The_Rachel_Maddow_Show/MSNBCW_20120210_050000_The_Rachel_Maddow_Show.thumbs/MSNBCW_20120210_050000_The_Rachel_Maddow_Show_000026.jpg,"and trade. cap and trade there will be incentives for people to reduce greenhouse gas emissions, a free market approach. he has a good cap and trade policy he supports. for cap and trade, okay? now same republicans, same"
https://archive.org/details/MSNBCW_20120207_220000_Hardball_With_Chris_Matthews#start/1786/end/1821,2/7/2012 22:30:01,MSNBC,Hardball With Chris Matthews,MSNBCW_20120207_220000_Hardball_With_Chris_Matthews,https://archive.org/download/MSNBCW_20120207_220000_Hardball_With_Chris_Matthews/MSNBCW_20120207_220000_Hardball_With_Chris_Matthews.thumbs/MSNBCW_20120207_220000_Hardball_With_Chris_Matthews_001766.jpg,"the determining ingredient in the sauce that effects the entire global warming and cooling is just absurd on its face. all those phoney dinosaur"
https://archive.org/details/MSNBCW_20120208_000000_Hardball_With_Chris_Matthews#start/1775/end/1810,2/8/2012 0:29:50,MSNBC,Hardball With Chris Matthews,MSNBCW_20120208_000000_Hardball_With_Chris_Matthews,https://archive.org/download/MSNBCW_20120208_000000_Hardball_With_Chris_Matthews/MSNBCW_20120208_000000_Hardball_With_Chris_Matthews.thumbs/MSNBCW_20120208_000000_Hardball_With_Chris_Matthews_001766.jpg,"minor factor in the minor factor, is the determining ingredient in the sauce that effects the entire global warming and cooling is just absurd on its face."
https://archive.org/details/MSNBCW_20120210_090000_The_Rachel_Maddow_Show#start/34/end/69,2/10/2012 9:00:49,MSNBC,The Rachel Maddow Show,MSNBCW_20120210_090000_The_Rachel_Maddow_Show,https://archive.org/download/MSNBCW_20120210_090000_The_Rachel_Maddow_Show/MSNBCW_20120210_090000_The_Rachel_Maddow_Show.thumbs/MSNBCW_20120210_090000_The_Rachel_Maddow_Show_000026.jpg,"joe lieberman and i, my favorite democrat, and i have proposed legislation called cap and trade. cap and trade there will be incentives for people to reduce greenhouse gas emissions, a free market approach. he has a good cap and trade policy he supports."
https://archive.org/details/MSNBCW_20120224_070000_Hardball_With_Chris_Matthews#start/3569/end/3604,2/24/2012 7:59:44,MSNBC,Hardball With Chris Matthews,MSNBCW_20120224_070000_Hardball_With_Chris_Matthews,https://archive.org/download/MSNBCW_20120224_070000_Hardball_With_Chris_Matthews/MSNBCW_20120224_070000_Hardball_With_Chris_Matthews.thumbs/MSNBCW_20120224_070000_Hardball_With_Chris_Matthews_003566.jpg,"well, rick, it's pope benedict xvi. leader of the roman catholic church. your church. where does santorum get his theology on climate change? where does he get language of christians have dominion over the earth."
https://archive.org/details/MSNBCW_20120221_010000_The_Ed_Show#start/1492/end/1527,2/21/2012 1:25:07,MSNBC,The Ed Show,MSNBCW_20120221_010000_The_Ed_Show,https://archive.org/download/MSNBCW_20120221_010000_The_Ed_Show/MSNBCW_20120221_010000_The_Ed_Show.thumbs/MSNBCW_20120221_010000_The_Ed_Show_001466.jpg,"government shouldn't be involved in education because people of his ideology, they should not have to teach global warming, our kids learn about the environment. they don't want their kids to"
https://archive.org/details/MSNBCW_20120207_220000_Hardball_With_Chris_Matthews#start/1752/end/1787,2/7/2012 22:29:27,MSNBC,Hardball With Chris Matthews,MSNBCW_20120207_220000_Hardball_With_Chris_Matthews,https://archive.org/download/MSNBCW_20120207_220000_Hardball_With_Chris_Matthews/MSNBCW_20120207_220000_Hardball_With_Chris_Matthews.thumbs/MSNBCW_20120207_220000_Hardball_With_Chris_Matthews_001736.jpg,"need to do, which is what this administration has not done, which is to use sound science, not politicized science. we saw it with global warming. an absolute travesty of"
https://archive.org/details/MSNBCW_20120221_170000_NOW_With_Alex_Wagner#start/193/end/228,2/21/2012 17:03:28,MSNBC,NOW With Alex Wagner,MSNBCW_20120221_170000_NOW_With_Alex_Wagner,https://archive.org/download/MSNBCW_20120221_170000_NOW_With_Alex_Wagner/MSNBCW_20120221_170000_NOW_With_Alex_Wagner.thumbs/MSNBCW_20120221_170000_NOW_With_Alex_Wagner_000180.jpg,"because it's a way to get into environmentalism, as a way to justify churches being active in working on global warming, for him to twist it is odd. we do not have responsibility"
https://archive.org/details/MSNBCW_20120221_080000_The_Ed_Show#start/1496/end/1531,2/21/2012 8:25:11,MSNBC,The Ed Show,MSNBCW_20120221_080000_The_Ed_Show,https://archive.org/download/MSNBCW_20120221_080000_The_Ed_Show/MSNBCW_20120221_080000_The_Ed_Show.thumbs/MSNBCW_20120221_080000_The_Ed_Show_001496.jpg,"his ideology, they should not have to teach global warming, our kids learn about the environment. they don't want their kids to learn. that they want individualized education not to teach about science."
https://archive.org/details/MSNBCW_20120220_110000_Morning_Joe#start/293/end/328,2/20/2012 11:05:08,MSNBC,Morning Joe,MSNBCW_20120220_110000_Morning_Joe,https://archive.org/download/MSNBCW_20120220_110000_Morning_Joe/MSNBCW_20120220_110000_Morning_Joe.thumbs/MSNBCW_20120220_110000_Morning_Joe_000266.jpg,"take those resources because we're going to harm the earth by things that are frankly just not scientifically proven, for example, the global warming debate. this is just all an attempt to"
https://archive.org/details/MSNBCW_20120228_170000_NOW_With_Alex_Wagner#start/1907/end/1942,2/28/2012 17:32:02,MSNBC,NOW With Alex Wagner,MSNBCW_20120228_170000_NOW_With_Alex_Wagner,https://archive.org/download/MSNBCW_20120228_170000_NOW_With_Alex_Wagner/MSNBCW_20120228_170000_NOW_With_Alex_Wagner.thumbs/MSNBCW_20120228_170000_NOW_With_Alex_Wagner_001890.jpg,"it seem as day cannot go by without rick santorum making a comment about education, religion or global warming. here is what he has been throwing out there. hear so much about separation"
https://archive.org/details/MSNBCW_20120221_040000_The_Ed_Show#start/1429/end/1464,2/21/2012 4:24:04,MSNBC,The Ed Show,MSNBCW_20120221_040000_The_Ed_Show,https://archive.org/download/MSNBCW_20120221_040000_The_Ed_Show/MSNBCW_20120221_040000_The_Ed_Show.thumbs/MSNBCW_20120221_040000_The_Ed_Show_001406.jpg,"national association of evangelicals, he cares about global warming he thinks that god gave us stewartship over the earth and we have to be responsible. it's a christian view. that is a great point."
https://archive.org/details/MSNBCW_20120208_000000_Hardball_With_Chris_Matthews#start/1744/end/1779,2/8/2012 0:29:19,MSNBC,Hardball With Chris Matthews,MSNBCW_20120208_000000_Hardball_With_Chris_Matthews,https://archive.org/download/MSNBCW_20120208_000000_Hardball_With_Chris_Matthews/MSNBCW_20120208_000000_Hardball_With_Chris_Matthews.thumbs/MSNBCW_20120208_000000_Hardball_With_Chris_Matthews_001736.jpg,"the most important thing we need to do, which is what this administration has not done, which is to use sound science, not politicized science. we saw it with global warming. an absolute travesty of"
https://archive.org/details/MSNBCW_20120210_150000_Jansing_and_Co.#start/3021/end/3056,2/10/2012 15:50:36,MSNBC,Jansing and Co.,MSNBCW_20120210_150000_Jansing_and_Co.,https://archive.org/download/MSNBCW_20120210_150000_Jansing_and_Co./MSNBCW_20120210_150000_Jansing_and_Co..thumbs/MSNBCW_20120210_150000_Jansing_and_Co._002996.jpg,"you what lights to turn on and what cars to drive? manmade global warming and imposed the first carbon cap in the state of massachusetts? the first state to do so in the country? no."
https://archive.org/details/MSNBCW_20120221_010000_The_Ed_Show#start/1416/end/1451,2/21/2012 1:23:51,MSNBC,The Ed Show,MSNBCW_20120221_010000_The_Ed_Show,https://archive.org/download/MSNBCW_20120221_010000_The_Ed_Show/MSNBCW_20120221_010000_The_Ed_Show.thumbs/MSNBCW_20120221_010000_The_Ed_Show_001406.jpg,"be an environmentalist puts you outside the christian orbit. a great christian former head of the national association of evangelicals talked about creation care. he cares about global warming because he thinks that god gave"
https://archive.org/details/MSNBCW_20120223_220000_Hardball_With_Chris_Matthews#start/3583/end/3618,2/23/2012 22:59:58,MSNBC,Hardball With Chris Matthews,MSNBCW_20120223_220000_Hardball_With_Chris_Matthews,https://archive.org/download/MSNBCW_20120223_220000_Hardball_With_Chris_Matthews/MSNBCW_20120223_220000_Hardball_With_Chris_Matthews.thumbs/MSNBCW_20120223_220000_Hardball_With_Chris_Matthews_003566.jpg,"so where does santorum get his theology of climate change? where does he get this odd language of christians having dominion over the earth? could he be getting it from the faction known as dominionists who also believe that christians"
https://archive.org/details/MSNBCW_20120210_150000_Jansing_and_Co.#start/2765/end/2800,2/10/2012 15:46:20,MSNBC,Jansing and Co.,MSNBCW_20120210_150000_Jansing_and_Co.,https://archive.org/download/MSNBCW_20120210_150000_Jansing_and_Co./MSNBCW_20120210_150000_Jansing_and_Co..thumbs/MSNBCW_20120210_150000_Jansing_and_Co._002756.jpg,"global warming. president obama, you may remember, tried to pass cap and trade and tried to get control not only of the health care system, but of the energy industry. the manufacturing industry. another two big sectors of this"
https://archive.org/details/MSNBCW_20120210_150000_Jansing_and_Co.#start/2782/end/2817,2/10/2012 15:46:37,MSNBC,Jansing and Co.,MSNBCW_20120210_150000_Jansing_and_Co.,https://archive.org/download/MSNBCW_20120210_150000_Jansing_and_Co./MSNBCW_20120210_150000_Jansing_and_Co..thumbs/MSNBCW_20120210_150000_Jansing_and_Co._002756.jpg,"economy and using this facade of man-made global warming. i stood up and fought against those things. why? because they will destroy the very foundation of prosperity in our country. you look at any country in the"
https://archive.org/details/MSNBCW_20120210_150000_Jansing_and_Co.#start/2813/end/2848,2/10/2012 15:47:08,MSNBC,Jansing and Co.,MSNBCW_20120210_150000_Jansing_and_Co.,https://archive.org/download/MSNBCW_20120210_150000_Jansing_and_Co./MSNBCW_20120210_150000_Jansing_and_Co..thumbs/MSNBCW_20120210_150000_Jansing_and_Co._002786.jpg,"higher standard of living. we need affordable energy. this administration has gone out and not only attacked us with cap and trade and global warming but now that it's in the dust bin of history, they are going"
https://archive.org/details/MSNBCW_20120206_110000_Morning_Joe#start/4402/end/4437,2/6/2012 12:13:37,MSNBC,Morning Joe,MSNBCW_20120206_110000_Morning_Joe,https://archive.org/download/MSNBCW_20120206_110000_Morning_Joe/MSNBCW_20120206_110000_Morning_Joe.thumbs/MSNBCW_20120206_110000_Morning_Joe_004376.jpg,"for a massive mortgage refinance program, argued for carbon tax, simpson/bowles commission. the hope with mitt romney is that he's just playing a game here and the advisers are really"
https://archive.org/details/MSNBCW_20120224_000000_Hardball_With_Chris_Matthews#start/3540/end/3575,2/24/2012 0:59:15,MSNBC,Hardball With Chris Matthews,MSNBCW_20120224_000000_Hardball_With_Chris_Matthews,https://archive.org/download/MSNBCW_20120224_000000_Hardball_With_Chris_Matthews/MSNBCW_20120224_000000_Hardball_With_Chris_Matthews.thumbs/MSNBCW_20120224_000000_Hardball_With_Chris_Matthews_003537.jpg,"pursuant to the 17th session of the conference of states parties to u.n. convention on climate change recently concluded in durban, the international"
https://archive.org/details/MSNBCW_20120214_220000_Hardball_With_Chris_Matthews#start/1881/end/1916,2/14/2012 22:31:36,MSNBC,Hardball With Chris Matthews,MSNBCW_20120214_220000_Hardball_With_Chris_Matthews,https://archive.org/download/MSNBCW_20120214_220000_Hardball_With_Chris_Matthews/MSNBCW_20120214_220000_Hardball_With_Chris_Matthews.thumbs/MSNBCW_20120214_220000_Hardball_With_Chris_Matthews_001856.jpg,"first up, saul alinsky. desperate candidates require desperate measures. then there's al gore. remember him? romney was for climate change before he was against it."
https://archive.org/details/MSNBCW_20120206_160000_MSNBC_Live#start/2855/end/2890,2/6/2012 16:47:50,MSNBC,MSNBC Live,MSNBCW_20120206_160000_MSNBC_Live,https://archive.org/download/MSNBCW_20120206_160000_MSNBC_Live/MSNBCW_20120206_160000_MSNBC_Live.thumbs/MSNBCW_20120206_160000_MSNBC_Live_002846.jpg,"thinking about the world we're leaving behind for our children. we're watching as our children are having trouble with a tough economy, as they are having trouble getting jobs, we're watching air pollution, global warming issues, and we're thinking we're what kind of"
https://archive.org/details/MSNBCW_20120221_080000_The_Ed_Show#start/1430/end/1465,2/21/2012 8:24:05,MSNBC,The Ed Show,MSNBCW_20120221_080000_The_Ed_Show,https://archive.org/download/MSNBCW_20120221_080000_The_Ed_Show/MSNBCW_20120221_080000_The_Ed_Show.thumbs/MSNBCW_20120221_080000_The_Ed_Show_001406.jpg,"creation care. he cares about global warming because he thinks that god gave us stewardship over the earth and we have to be responsible about it. that is a christian view, not outside the framework of christianity to be an"
https://archive.org/details/MSNBCW_20120221_000000_Hardball_With_Chris_Matthews#start/425/end/460,2/21/2012 0:07:20,MSNBC,Hardball With Chris Matthews,MSNBCW_20120221_000000_Hardball_With_Chris_Matthews,https://archive.org/download/MSNBCW_20120221_000000_Hardball_With_Chris_Matthews/MSNBCW_20120221_000000_Hardball_With_Chris_Matthews.thumbs/MSNBCW_20120221_000000_Hardball_With_Chris_Matthews_000417.jpg,"scientific theories about global warming, if you worry about getting rid of -- just using up our resources on this planet, wearing out the planet, you are not being a christian. i would say that caring about the planet that god created"
https://archive.org/details/MSNBCW_20120207_220000_Hardball_With_Chris_Matthews#start/1736/end/1771,2/7/2012 22:29:11,MSNBC,Hardball With Chris Matthews,MSNBCW_20120207_220000_Hardball_With_Chris_Matthews,https://archive.org/download/MSNBCW_20120207_220000_Hardball_With_Chris_Matthews/MSNBCW_20120207_220000_Hardball_With_Chris_Matthews.thumbs/MSNBCW_20120207_220000_Hardball_With_Chris_Matthews_001736.jpg,"votes in today's contest, rick santorum took to the microphone to call out the obama administration for putting politics ahead of science on the topic of global warming. you know what's coming now. let's listen. the most important thing we"
https://archive.org/details/MSNBCW_20120212_130000_Up_W_Chris_Hayes#start/6331/end/6366,2/12/2012 14:45:46,MSNBC,Up W Chris Hayes,MSNBCW_20120212_130000_Up_W_Chris_Hayes,https://archive.org/download/MSNBCW_20120212_130000_Up_W_Chris_Hayes/MSNBCW_20120212_130000_Up_W_Chris_Hayes.thumbs/MSNBCW_20120212_130000_Up_W_Chris_Hayes_006326.jpg,"called man-made global warming. i stood up and fought against those things. why? because they will destroy the very foundation of prosperity in our country. you should know despite his adorable sweater vest exterior he hangs with a tough crowd."
https://archive.org/details/MSNBCW_20120220_110000_Morning_Joe#start/7471/end/7506,2/20/2012 13:04:46,MSNBC,Morning Joe,MSNBCW_20120220_110000_Morning_Joe,https://archive.org/download/MSNBCW_20120220_110000_Morning_Joe/MSNBCW_20120220_110000_Morning_Joe.thumbs/MSNBCW_20120220_110000_Morning_Joe_007466.jpg,"are frankly not scientifically proven, for example, politicization of the whole global warming debate this is just all an attempt to you know, centralize power and to give more power to the government. this is not questioning the president's beliefs in"
https://archive.org/details/MSNBCW_20120220_170000_NOW_With_Alex_Wagner#start/208/end/243,2/20/2012 17:03:43,MSNBC,NOW With Alex Wagner,MSNBCW_20120220_170000_NOW_With_Alex_Wagner,https://archive.org/download/MSNBCW_20120220_170000_NOW_With_Alex_Wagner/MSNBCW_20120220_170000_NOW_With_Alex_Wagner.thumbs/MSNBCW_20120220_170000_NOW_With_Alex_Wagner_000210.jpg,"putting them together -- when you are contesting not just global warming but the idea that we should not have a public school system and that everyone should home school their children and prenatal exams are an excuse to promote abortion,"
https://archive.org/details/MSNBCW_20120208_210000_The_Dylan_Ratigan_Show#start/634/end/669,2/8/2012 21:10:49,MSNBC,The Dylan Ratigan Show,MSNBCW_20120208_210000_The_Dylan_Ratigan_Show,https://archive.org/download/MSNBCW_20120208_210000_The_Dylan_Ratigan_Show/MSNBCW_20120208_210000_The_Dylan_Ratigan_Show.thumbs/MSNBCW_20120208_210000_The_Dylan_Ratigan_Show_000626.jpg,"it's huge. what you just said was very significant. the carbon tax center in washington has run this through economic models and finds that it would reduce our fuel use by 30% in ten years."
https://archive.org/details/MSNBCW_20120222_090000_The_Rachel_Maddow_Show#start/1972/end/2007,2/22/2012 9:33:07,MSNBC,The Rachel Maddow Show,MSNBCW_20120222_090000_The_Rachel_Maddow_Show,https://archive.org/download/MSNBCW_20120222_090000_The_Rachel_Maddow_Show/MSNBCW_20120222_090000_The_Rachel_Maddow_Show.thumbs/MSNBCW_20120222_090000_The_Rachel_Maddow_Show_001946.jpg,"'climate change' are less frightening than gloal warming. he is a republican consultant who calls himself a wordsmith. an utterly mainstream figure in republican politics and his"
https://archive.org/details/MSNBCW_20120224_070000_Hardball_With_Chris_Matthews#start/3521/end/3556,2/24/2012 7:58:56,MSNBC,Hardball With Chris Matthews,MSNBCW_20120224_070000_Hardball_With_Chris_Matthews,https://archive.org/download/MSNBCW_20120224_070000_Hardball_With_Chris_Matthews/MSNBCW_20120224_070000_Hardball_With_Chris_Matthews.thumbs/MSNBCW_20120224_070000_Hardball_With_Chris_Matthews_003505.jpg,"diplomats from around the world just last month. environmental protection and connection between fighting poverty and fighting climate change are important areas for the promotion of human development.essi of"
https://archive.org/details/MSNBCW_20120220_220000_Hardball_With_Chris_Matthews#start/416/end/451,2/20/2012 22:07:11,MSNBC,Hardball With Chris Matthews,MSNBCW_20120220_220000_Hardball_With_Chris_Matthews,https://archive.org/download/MSNBCW_20120220_220000_Hardball_With_Chris_Matthews/MSNBCW_20120220_220000_Hardball_With_Chris_Matthews.thumbs/MSNBCW_20120220_220000_Hardball_With_Chris_Matthews_000416.jpg,"to say if you care about this planet and concerned about scientific theories about global warming, if you worry about getting rid of resources on this plaent, wearing out the planet, you are not being a christian. that's what he's saying. i would think about caring about"
https://archive.org/details/MSNBCW_20120210_170000_NOW_With_Alex_Wagner#start/2231/end/2266,2/10/2012 17:37:26,MSNBC,NOW With Alex Wagner,MSNBCW_20120210_170000_NOW_With_Alex_Wagner,https://archive.org/download/MSNBCW_20120210_170000_NOW_With_Alex_Wagner/MSNBCW_20120210_170000_NOW_With_Alex_Wagner.thumbs/MSNBCW_20120210_170000_NOW_With_Alex_Wagner_002220.jpg,"-- relatively conservative. is there anything that romney can say that will win over this crowd, i mean, he cannot undo the flip flops that he did on abortion and global warming, what is it? there's all this pressure on him to deliver a great speech, but can he do it?"
https://archive.org/details/MSNBCW_20120221_070000_Hardball_With_Chris_Matthews#start/394/end/429,2/21/2012 7:06:49,MSNBC,Hardball With Chris Matthews,MSNBCW_20120221_070000_Hardball_With_Chris_Matthews,https://archive.org/download/MSNBCW_20120221_070000_Hardball_With_Chris_Matthews/MSNBCW_20120221_070000_Hardball_With_Chris_Matthews.thumbs/MSNBCW_20120221_070000_Hardball_With_Chris_Matthews_000386.jpg,"difficulty understanding when you refer to someone's ideology. mark, the question he just changed the word right there. theology is a wild word. but basically, his argument is to say if you care about this planet and concerned about scientific theories about global warming, if you worry about"
https://archive.org/details/MSNBCW_20120224_070000_Hardball_With_Chris_Matthews#start/3538/end/3573,2/24/2012 7:59:13,MSNBC,Hardball With Chris Matthews,MSNBCW_20120224_070000_Hardball_With_Chris_Matthews,https://archive.org/download/MSNBCW_20120224_070000_Hardball_With_Chris_Matthews/MSNBCW_20120224_070000_Hardball_With_Chris_Matthews.thumbs/MSNBCW_20120224_070000_Hardball_With_Chris_Matthews_003535.jpg,"the conference of stes parties to u.n. convention on climate change recently concluded in durban, the international community will prepare for the u.n. conference on sustainable development as an auntentic family and thus with great sense"
https://archive.org/details/MSNBCW_20120223_220000_Hardball_With_Chris_Matthews#start/3568/end/3603,2/23/2012 22:59:43,MSNBC,Hardball With Chris Matthews,MSNBCW_20120223_220000_Hardball_With_Chris_Matthews,https://archive.org/download/MSNBCW_20120223_220000_Hardball_With_Chris_Matthews/MSNBCW_20120223_220000_Hardball_With_Chris_Matthews.thumbs/MSNBCW_20120223_220000_Hardball_With_Chris_Matthews_003566.jpg,"together as a family to work on the problem of global climate change? who is this person dabbling in what rick santorum calls phony theology? well, rick, it's pope benedict xvi, leader of the roman catholic church. your church."
https://archive.org/details/MSNBCW_20120214_020000_The_Rachel_Maddow_Show#start/3569/end/3604,2/14/2012 2:59:44,MSNBC,The Rachel Maddow Show,MSNBCW_20120214_020000_The_Rachel_Maddow_Show,https://archive.org/download/MSNBCW_20120214_020000_The_Rachel_Maddow_Show/MSNBCW_20120214_020000_The_Rachel_Maddow_Show.thumbs/MSNBCW_20120214_020000_The_Rachel_Maddow_Show_003567.jpg,"let's go actually here to '08. let's ad newt gingrich sitting on a couch with nancy pelosi to demand action on climate change. that should be in there. why isn't that in there? back in 20 th00 he got marri."
https://archive.org/details/MSNBCW_20120224_000000_Hardball_With_Chris_Matthews#start/3526/end/3561,2/24/2012 0:59:01,MSNBC,Hardball With Chris Matthews,MSNBCW_20120224_000000_Hardball_With_Chris_Matthews,https://archive.org/download/MSNBCW_20120224_000000_Hardball_With_Chris_Matthews/MSNBCW_20120224_000000_Hardball_With_Chris_Matthews.thumbs/MSNBCW_20120224_000000_Hardball_With_Chris_Matthews_003507.jpg,"here's someone else that believes in it addressing diplomats from around the world just last month. environmental protection and connection between fighting poverty and fighting climate change are important areas for the promotion of human development. for this reason i hope that"
https://archive.org/details/MSNBCW_20120214_090000_The_Rachel_Maddow_Show#start/3562/end/3597,2/14/2012 9:59:37,MSNBC,The Rachel Maddow Show,MSNBCW_20120214_090000_The_Rachel_Maddow_Show,https://archive.org/download/MSNBCW_20120214_090000_The_Rachel_Maddow_Show/MSNBCW_20120214_090000_The_Rachel_Maddow_Show.thumbs/MSNBCW_20120214_090000_The_Rachel_Maddow_Show_003536.jpg,"let's ad newt gingrich sitting on a couch with nancy pelosi to demand action on climate change. that should be in there. why isn't that in there? back in 2000 he got married. let's add the wife number two and add in the beginning of his"
https://archive.org/details/MSNBCW_20120223_220000_Hardball_With_Chris_Matthews#start/3523/end/3558,2/23/2012 22:58:58,MSNBC,Hardball With Chris Matthews,MSNBCW_20120223_220000_Hardball_With_Chris_Matthews,https://archive.org/download/MSNBCW_20120223_220000_Hardball_With_Chris_Matthews/MSNBCW_20120223_220000_Hardball_With_Chris_Matthews.thumbs/MSNBCW_20120223_220000_Hardball_With_Chris_Matthews_003506.jpg,"believes in this so-called phony theology santorum derides from his electoral pulpit. here's someone who believes in climate change and what we need to do about it. it's someone addressing diplomats from around the world just last month. quote, environmental protection and the connection between"
https://archive.org/details/MSNBCW_20120224_000000_Hardball_With_Chris_Matthews#start/3506/end/3541,2/24/2012 0:58:41,MSNBC,Hardball With Chris Matthews,MSNBCW_20120224_000000_Hardball_With_Chris_Matthews,https://archive.org/download/MSNBCW_20120224_000000_Hardball_With_Chris_Matthews/MSNBCW_20120224_000000_Hardball_With_Chris_Matthews.thumbs/MSNBCW_20120224_000000_Hardball_With_Chris_Matthews_003507.jpg,"climate change. what we're doing to effect it. any way, it's all phony, he says, this serious concern about what we're doing to the earth. all this part of a phony theology. well, i wonder who else believes in this so-called theology."
https://archive.org/details/MSNBCW_20120209_200000_Martin_Bashir#start/531/end/566,2/9/2012 20:09:06,MSNBC,Martin Bashir,MSNBCW_20120209_200000_Martin_Bashir,https://archive.org/download/MSNBCW_20120209_200000_Martin_Bashir/MSNBCW_20120209_200000_Martin_Bashir.thumbs/MSNBCW_20120209_200000_Martin_Bashir_000510.jpg,"rights or climate change or your own health care bill, but when you do it for all of them in the span of an election cycle, it causes people to wonder, left, right and center, who are you. he did it over the span of"
https://archive.org/details/MSNBCW_20120208_210000_The_Dylan_Ratigan_Show#start/381/end/416,2/8/2012 21:06:36,MSNBC,The Dylan Ratigan Show,MSNBCW_20120208_210000_The_Dylan_Ratigan_Show,https://archive.org/download/MSNBCW_20120208_210000_The_Dylan_Ratigan_Show/MSNBCW_20120208_210000_The_Dylan_Ratigan_Show.thumbs/MSNBCW_20120208_210000_The_Dylan_Ratigan_Show_000356.jpg,"it sits on hundreds of billions of dollars per year. and in addition, there is the cost of climate change, which is going to be borne mainly by our children and grandchildren. the climate is already beginning to change. the way we should deal with this"
https://archive.org/details/MSNBCW_20120208_000000_Hardball_With_Chris_Matthews#start/1728/end/1763,2/8/2012 0:29:03,MSNBC,Hardball With Chris Matthews,MSNBCW_20120208_000000_Hardball_With_Chris_Matthews,https://archive.org/download/MSNBCW_20120208_000000_Hardball_With_Chris_Matthews/MSNBCW_20120208_000000_Hardball_With_Chris_Matthews.thumbs/MSNBCW_20120208_000000_Hardball_With_Chris_Matthews_001706.jpg,"mirror, mirror on the wall who is the rightest of them all? i was the perfect candidate. and finally, so much for science. in the final push to rack up votes in today's contest, rick santorum took to the microphone to call out the obama administration for putting politics ahead of science on the topic of global warming. you know what's coming now. let's listen."
https://archive.org/details/MSNBCW_20120223_220000_Hardball_With_Chris_Matthews#start/3507/end/3542,2/23/2012 22:58:42,MSNBC,Hardball With Chris Matthews,MSNBCW_20120223_220000_Hardball_With_Chris_Matthews,https://archive.org/download/MSNBCW_20120223_220000_Hardball_With_Chris_Matthews/MSNBCW_20120223_220000_Hardball_With_Chris_Matthews.thumbs/MSNBCW_20120223_220000_Hardball_With_Chris_Matthews_003506.jpg,"about the concern that scientists and most thinking people have with climate change. and what we're doing to affect it. it's all phony, he says, this serious concern about what we're doing to the earth, all this part of a phony theology. well, so i wonder who else"
https://archive.org/details/MSNBCW_20120214_050000_The_Rachel_Maddow_Show#start/3574/end/3609,2/14/2012 5:59:49,MSNBC,The Rachel Maddow Show,MSNBCW_20120214_050000_The_Rachel_Maddow_Show,https://archive.org/download/MSNBCW_20120214_050000_The_Rachel_Maddow_Show/MSNBCW_20120214_050000_The_Rachel_Maddow_Show.thumbs/MSNBCW_20120214_050000_The_Rachel_Maddow_Show_003566.jpg,"let's go to '08. let's add gingrich sitting on a couch with nancy pelosi to demand action on climate change. that should definitely be in there. why is that not in there? back in 2000, he got married, but something is missing. let's go back to the divorce"
https://archive.org/details/MSNBCW_20120224_070000_Hardball_With_Chris_Matthews#start/3494/end/3529,2/24/2012 7:58:29,MSNBC,Hardball With Chris Matthews,MSNBCW_20120224_070000_Hardball_With_Chris_Matthews,https://archive.org/download/MSNBCW_20120224_070000_Hardball_With_Chris_Matthews/MSNBCW_20120224_070000_Hardball_With_Chris_Matthews.thumbs/MSNBCW_20120224_070000_Hardball_With_Chris_Matthews_003475.jpg,"santorum called this concern for a healthy planet a religion that puts the earth above man. i suppose he's talking about the concern that scientists and most thinking people have with climate change. what we're doing to effect it. any way, it's all phony, he says, this serious concern about"
https://archive.org/details/MSNBCW_20120222_110000_Morning_Joe#start/4064/end/4099,2/22/2012 12:07:59,MSNBC,Morning Joe,MSNBCW_20120222_110000_Morning_Joe,https://archive.org/download/MSNBCW_20120222_110000_Morning_Joe/MSNBCW_20120222_110000_Morning_Joe.thumbs/MSNBCW_20120222_110000_Morning_Joe_004047.jpg,"issues. if you argue that environmental debate is theology on the one side, right and wrong, how can you come to a compromise about what we should do about climate change? it makes no sense in a democracy and it's a scary prospect. so as we head into another"
https://archive.org/details/MSNBCW_20120201_110000_Morning_Joe#start/6542/end/6577,2/1/2012 12:49:17,MSNBC,Morning Joe,MSNBCW_20120201_110000_Morning_Joe,https://archive.org/download/MSNBCW_20120201_110000_Morning_Joe/MSNBCW_20120201_110000_Morning_Joe.thumbs/MSNBCW_20120201_110000_Morning_Joe_006536.jpg,"the guy who sat down with nancy pelosi arguing for climate change legislation. he was the guy who called paul ryan's medicare plan right-wing social engineering. and we just found out -- i think it was yesterday that up at least until 2009, and that wasn't very long ago, he was"
https://archive.org/details/MSNBCW_20120210_140000_The_Daily_Rundown#start/2770/end/2805,2/10/2012 14:46:25,MSNBC,The Daily Rundown,MSNBCW_20120210_140000_The_Daily_Rundown,https://archive.org/download/MSNBCW_20120210_140000_The_Daily_Rundown/MSNBCW_20120210_140000_The_Daily_Rundown.thumbs/MSNBCW_20120210_140000_The_Daily_Rundown_002756.jpg,"rick santorum has a record that is similar dissimilar to the base right? when he was in the senate he was considered a big government conservative. newt gingrich used to believe in climate change. but they know how to sell it. they know how to say the words. they know how to speak the"
