﻿URL,MatchDateTime,Station,Show,IAShowID,IAPreviewThumb,Snippet
https://archive.org/details/MSNBCW_20160420_180000_The_Place_for_Politics_2016#start/407/end/442,4/20/2016 18:07:02,MSNBC,The Place for Politics 2016,MSNBCW_20160420_180000_The_Place_for_Politics_2016,https://archive.org/download/MSNBCW_20160420_180000_The_Place_for_Politics_2016/MSNBCW_20160420_180000_The_Place_for_Politics_2016.thumbs/MSNBCW_20160420_180000_The_Place_for_Politics_2016_000387.jpg,"andrea mitchell. i think they should take a step back and restrain from the rhetoric we heard from the spokespeople last night. let's hear about real issues, college education and healthcare and climate change and whether we take and have a carbon tax."
https://archive.org/details/MSNBCW_20160426_030000_Sanders_Town_Hall#start/861/end/896,4/26/2016 3:14:36,MSNBC,Sanders Town Hall,MSNBCW_20160426_030000_Sanders_Town_Hall,https://archive.org/download/MSNBCW_20160426_030000_Sanders_Town_Hall/MSNBCW_20160426_030000_Sanders_Town_Hall.thumbs/MSNBCW_20160426_030000_Sanders_Town_Hall_000838.jpg,"have to explain to millions of young people and a lot of other people that climate change is a real crisis and she is going to have to come on board and say yeah, i know it's hard but i al going to pass a carbon tax."
https://archive.org/details/MSNBCW_20160401_000000_All_In_With_Chris_Hayes#start/2682/end/2717,4/1/2016 0:44:57,MSNBC,All In With Chris Hayes,MSNBCW_20160401_000000_All_In_With_Chris_Hayes,https://archive.org/download/MSNBCW_20160401_000000_All_In_With_Chris_Hayes/MSNBCW_20160401_000000_All_In_With_Chris_Hayes.thumbs/MSNBCW_20160401_000000_All_In_With_Chris_Hayes_002607.jpg,"no thanks. for me. it's aleve. here's a story that might seem a little off topic but seemed pretty important to me. what if scientists are wrong about global warming?"
https://archive.org/details/MSNBCW_20160405_100000_Morning_Joe#start/6629/end/6664,4/5/2016 11:50:44,MSNBC,Morning Joe,MSNBCW_20160405_100000_Morning_Joe,https://archive.org/download/MSNBCW_20160405_100000_Morning_Joe/MSNBCW_20160405_100000_Morning_Joe.thumbs/MSNBCW_20160405_100000_Morning_Joe_006627.jpg,"publicly taken a position to do something about climate change. not one. now, when you look at the country as a whole, united states of america, more than 65%, 68% or so of the american people believe climate change is"
https://archive.org/details/MSNBCW_20160408_040000_The_Rachel_Maddow_Show#start/1851/end/1886,4/8/2016 4:31:06,MSNBC,The Rachel Maddow Show,MSNBCW_20160408_040000_The_Rachel_Maddow_Show,https://archive.org/download/MSNBCW_20160408_040000_The_Rachel_Maddow_Show/MSNBCW_20160408_040000_The_Rachel_Maddow_Show.thumbs/MSNBCW_20160408_040000_The_Rachel_Maddow_Show_001827.jpg,"ants in jar. we'd rather have the important issues. i hope we talk about immigration reform and climate change given"
https://archive.org/details/MSNBCW_20160408_080000_The_Rachel_Maddow_Show#start/1812/end/1847,4/8/2016 8:30:27,MSNBC,The Rachel Maddow Show,MSNBCW_20160408_080000_The_Rachel_Maddow_Show,https://archive.org/download/MSNBCW_20160408_080000_The_Rachel_Maddow_Show/MSNBCW_20160408_080000_The_Rachel_Maddow_Show.thumbs/MSNBCW_20160408_080000_The_Rachel_Maddow_Show_001798.jpg,"debates? i hope in the debates there's more issues discussed than what we've heard. would like to see the candidates discuss climate change than they"
https://archive.org/details/MSNBCW_20160427_170000_The_Place_for_Politics_2016#start/3219/end/3254,4/27/2016 17:53:54,MSNBC,The Place for Politics 2016,MSNBCW_20160427_170000_The_Place_for_Politics_2016,https://archive.org/download/MSNBCW_20160427_170000_The_Place_for_Politics_2016/MSNBCW_20160427_170000_The_Place_for_Politics_2016.thumbs/MSNBCW_20160427_170000_The_Place_for_Politics_2016_003208.jpg,"media world. media world worries about these things. real world does not. real word worries about how their kids will go to college, about: about climate change and the"
https://archive.org/details/MSNBCW_20160427_010000_The_Place_for_Politics_2016#start/1335/end/1370,4/27/2016 1:22:30,MSNBC,The Place for Politics 2016,MSNBCW_20160427_010000_The_Place_for_Politics_2016,https://archive.org/download/MSNBCW_20160427_010000_The_Place_for_Politics_2016/MSNBCW_20160427_010000_The_Place_for_Politics_2016.thumbs/MSNBCW_20160427_010000_The_Place_for_Politics_2016_001318.jpg,"hard-working terror-hating muslim americans, who we need in the fight against radicalization and both of the top candidates in the republican party deny climate change even exist."
https://archive.org/details/MSNBCW_20160408_000000_All_In_With_Chris_Hayes#start/2418/end/2453,4/8/2016 0:40:33,MSNBC,All In With Chris Hayes,MSNBCW_20160408_000000_All_In_With_Chris_Hayes,https://archive.org/download/MSNBCW_20160408_000000_All_In_With_Chris_Hayes/MSNBCW_20160408_000000_All_In_With_Chris_Hayes.thumbs/MSNBCW_20160408_000000_All_In_With_Chris_Hayes_002397.jpg,"your bronx visa? you're not allowed in the bronx. why do you come to the bronx, an immigrant community with such an anti-immigrant stance? we're a country of immigrants. why do you say climate change"
https://archive.org/details/MSNBCW_20160411_190000_The_Place_for_Politics_2016#start/2761/end/2796,4/11/2016 19:46:16,MSNBC,The Place for Politics 2016,MSNBCW_20160411_190000_The_Place_for_Politics_2016,https://archive.org/download/MSNBCW_20160411_190000_The_Place_for_Politics_2016/MSNBCW_20160411_190000_The_Place_for_Politics_2016.thumbs/MSNBCW_20160411_190000_The_Place_for_Politics_2016_002758.jpg,"he's going to be in rome talking about climate change. he's very excited about that, but it's also an exciting time for him to escape new york and he can talk about something close to his heart, climate"
https://archive.org/details/MSNBCW_20160404_160000_Andrea_Mitchell_Reports#start/842/end/877,4/4/2016 16:14:17,MSNBC,Andrea Mitchell Reports,MSNBCW_20160404_160000_Andrea_Mitchell_Reports,https://archive.org/download/MSNBCW_20160404_160000_Andrea_Mitchell_Reports/MSNBCW_20160404_160000_Andrea_Mitchell_Reports.thumbs/MSNBCW_20160404_160000_Andrea_Mitchell_Reports_000837.jpg,"this country that are republicans, because the democratic party and our nominee, who i think are hillary clinton, will make the case that we will improve people's lives economically, giving their kids the education they deserve, taking on climate change, and"
https://archive.org/details/MSNBCW_20160411_230000_Hardball_With_Chris_Matthews#start/654/end/689,4/11/2016 23:11:09,MSNBC,Hardball With Chris Matthews,MSNBCW_20160411_230000_Hardball_With_Chris_Matthews,https://archive.org/download/MSNBCW_20160411_230000_Hardball_With_Chris_Matthews/MSNBCW_20160411_230000_Hardball_With_Chris_Matthews.thumbs/MSNBCW_20160411_230000_Hardball_With_Chris_Matthews_000627.jpg,"tough? look, i think the bottom line is some of the charges don't hold water. i spoke to this previously. here's someone who led the charge for the united states to bring the global community together to end climate change."
https://archive.org/details/MSNBCW_20160426_070000_Sanders_Town_Hall#start/326/end/361,4/26/2016 7:05:41,MSNBC,Sanders Town Hall,MSNBCW_20160426_070000_Sanders_Town_Hall,https://archive.org/download/MSNBCW_20160426_070000_Sanders_Town_Hall/MSNBCW_20160426_070000_Sanders_Town_Hall.thumbs/MSNBCW_20160426_070000_Sanders_Town_Hall_000327.jpg,"people we got to talk about. why is the middle class declining for the last 35 years? are we happy? 58% of all new income is going to the top 1%. are we doing enough to address the crisis of climate change and"
https://archive.org/details/MSNBCW_20160428_060000_Hardball_With_Chris_Matthews#start/1593/end/1628,4/28/2016 6:26:48,MSNBC,Hardball With Chris Matthews,MSNBCW_20160428_060000_Hardball_With_Chris_Matthews,https://archive.org/download/MSNBCW_20160428_060000_Hardball_With_Chris_Matthews/MSNBCW_20160428_060000_Hardball_With_Chris_Matthews.thumbs/MSNBCW_20160428_060000_Hardball_With_Chris_Matthews_001587.jpg,"do you think that president obama is weak? i don't think we're weak. i think we're weak in minds of people who view american power as the extension of our military prowess. there's nothing about the paris climate change agreement that"
https://archive.org/details/MSNBCW_20160426_100000_Morning_Joe#start/2549/end/2584,4/26/2016 10:42:44,MSNBC,Morning Joe,MSNBCW_20160426_100000_Morning_Joe,https://archive.org/download/MSNBCW_20160426_100000_Morning_Joe/MSNBCW_20160426_100000_Morning_Joe.thumbs/MSNBCW_20160426_100000_Morning_Joe_002548.jpg,"generation. but they're not voting. they are voting. when you look at the exit polls 71% of young people voted for him over the course of the past cycle. we've seen four or five point shifts across a variety of issues around climate change,"
https://archive.org/details/MSNBCW_20160427_050000_The_Place_for_Politics_2016#start/1419/end/1454,4/27/2016 5:23:54,MSNBC,The Place for Politics 2016,MSNBCW_20160427_050000_The_Place_for_Politics_2016,https://archive.org/download/MSNBCW_20160427_050000_The_Place_for_Politics_2016/MSNBCW_20160427_050000_The_Place_for_Politics_2016.thumbs/MSNBCW_20160427_050000_The_Place_for_Politics_2016_001407.jpg,"minimum hour wage, breaking up wall street financial institutions, and passing a carbon tax so we can effectively address the planetary crisis of climate change. the sanders campaign committing to not drop out, to stay in the"
https://archive.org/details/MSNBCW_20160420_160000_The_Place_for_Politics_2016#start/743/end/778,4/20/2016 16:12:38,MSNBC,The Place for Politics 2016,MSNBCW_20160420_160000_The_Place_for_Politics_2016,https://archive.org/download/MSNBCW_20160420_160000_The_Place_for_Politics_2016/MSNBCW_20160420_160000_The_Place_for_Politics_2016.thumbs/MSNBCW_20160420_160000_The_Place_for_Politics_2016_000718.jpg,"overwhelmingly. they should take a step back and restrain the rhetoric we heard from some of the spokes people last night. let's have a debate on the real issues like college education, health care for all, like how the take on climate change, whether we should have a carbon tax. that's the debate bernie sanders wants and i hope we get it from"
https://archive.org/details/MSNBCW_20160401_070000_All_In_With_Chris_Hayes#start/2801/end/2836,4/1/2016 7:46:56,MSNBC,All In With Chris Hayes,MSNBCW_20160401_070000_All_In_With_Chris_Hayes,https://archive.org/download/MSNBCW_20160401_070000_All_In_With_Chris_Hayes/MSNBCW_20160401_070000_All_In_With_Chris_Hayes.thumbs/MSNBCW_20160401_070000_All_In_With_Chris_Hayes_002787.jpg,"more we allow increase in greenhouse gases to push us outside of things we've experienced in the past, the greater the risk of these frankenstein surprises whether it's change in sea level, rang of possibilities."
https://archive.org/details/MSNBCW_20160401_000000_All_In_With_Chris_Hayes#start/2799/end/2834,4/1/2016 0:46:54,MSNBC,All In With Chris Hayes,MSNBCW_20160401_000000_All_In_With_Chris_Hayes,https://archive.org/download/MSNBCW_20160401_000000_All_In_With_Chris_Hayes/MSNBCW_20160401_000000_All_In_With_Chris_Hayes.thumbs/MSNBCW_20160401_000000_All_In_With_Chris_Hayes_002787.jpg,"more we allow increase in greenhouse gases to push us outside of things we've experienced in the past, the greater the risk of these frankenstein surprises whether it's change in sea level, rang of possibilities."
https://archive.org/details/MSNBCW_20160401_030000_All_In_With_Chris_Hayes#start/2836/end/2871,4/1/2016 3:47:31,MSNBC,All In With Chris Hayes,MSNBCW_20160401_030000_All_In_With_Chris_Hayes,https://archive.org/download/MSNBCW_20160401_030000_All_In_With_Chris_Hayes/MSNBCW_20160401_030000_All_In_With_Chris_Hayes.thumbs/MSNBCW_20160401_030000_All_In_With_Chris_Hayes_002817.jpg,"more we allow increase in greenhouse gases to push us outside of things we've experienced in the past, the greater the risk of these frankenstein surprises whether it's change in sea level, rang of possibilities. the different between two"
https://archive.org/details/MSNBCW_20160427_020000_The_Place_for_Politics_2016#start/1668/end/1703,4/27/2016 2:28:03,MSNBC,The Place for Politics 2016,MSNBCW_20160427_020000_The_Place_for_Politics_2016,https://archive.org/download/MSNBCW_20160427_020000_The_Place_for_Politics_2016/MSNBCW_20160427_020000_The_Place_for_Politics_2016.thumbs/MSNBCW_20160427_020000_The_Place_for_Politics_2016_001647.jpg,"careful. the single, it is not global warming. president obama said the biggest threat to our country is global warming. give me a break. the biggest threat is nuclear. we can't let iran get a nuclear"
https://archive.org/details/MSNBCW_20160404_150000_MSNBC_Live_With_Tamron_Hall#start/1431/end/1466,4/4/2016 15:24:06,MSNBC,MSNBC Live With Tamron Hall,MSNBCW_20160404_150000_MSNBC_Live_With_Tamron_Hall,https://archive.org/download/MSNBCW_20160404_150000_MSNBC_Live_With_Tamron_Hall/MSNBCW_20160404_150000_MSNBC_Live_With_Tamron_Hall.thumbs/MSNBCW_20160404_150000_MSNBC_Live_With_Tamron_Hall_001407.jpg,"global warming. okay. no, think of it. i mean, he actually said that. i went back and i said, please check, because maybe he said it as a joke. maybe he said it -- he said global warming is our biggest"
https://archive.org/details/MSNBCW_20160404_150000_MSNBC_Live_With_Tamron_Hall#start/1447/end/1482,4/4/2016 15:24:22,MSNBC,MSNBC Live With Tamron Hall,MSNBCW_20160404_150000_MSNBC_Live_With_Tamron_Hall,https://archive.org/download/MSNBCW_20160404_150000_MSNBC_Live_With_Tamron_Hall/MSNBCW_20160404_150000_MSNBC_Live_With_Tamron_Hall.thumbs/MSNBCW_20160404_150000_MSNBC_Live_With_Tamron_Hall_001437.jpg,"problem. okay. we have problems, okay. we have big problems. we may have a global warming problem, but it will be of the nuclear variety if we don't have smart people in office and soon. and soon. global warming is not our"
https://archive.org/details/MSNBCW_20160413_160000_The_Place_for_Politics_2016#start/775/end/810,4/13/2016 16:13:10,MSNBC,The Place for Politics 2016,MSNBCW_20160413_160000_The_Place_for_Politics_2016,https://archive.org/download/MSNBCW_20160413_160000_The_Place_for_Politics_2016/MSNBCW_20160413_160000_The_Place_for_Politics_2016.thumbs/MSNBCW_20160413_160000_The_Place_for_Politics_2016_000748.jpg,"you're welcome. you stand alone for supporting your fellow senator? you bet. bernie sanders has been a very bold and very determined voice on the biggest issues facing america. whether it has been restructuring our financial system, campaign cash, global"
https://archive.org/details/MSNBCW_20160424_150000_The_Place_for_Politics_2016#start/522/end/557,4/24/2016 15:08:57,MSNBC,The Place for Politics 2016,MSNBCW_20160424_150000_The_Place_for_Politics_2016,https://archive.org/download/MSNBCW_20160424_150000_The_Place_for_Politics_2016/MSNBCW_20160424_150000_The_Place_for_Politics_2016.thumbs/MSNBCW_20160424_150000_The_Place_for_Politics_2016_000508.jpg,"i should add, by the way, given the urgency of climate change and the economic opportunities of clean energy both of our nations have sign the paris climate change agreement and agree it needs to be implemented"
https://archive.org/details/MSNBCW_20160427_230000_Hardball_With_Chris_Matthews#start/2041/end/2076,4/27/2016 23:34:16,MSNBC,Hardball With Chris Matthews,MSNBCW_20160427_230000_Hardball_With_Chris_Matthews,https://archive.org/download/MSNBCW_20160427_230000_Hardball_With_Chris_Matthews/MSNBCW_20160427_230000_Hardball_With_Chris_Matthews.thumbs/MSNBCW_20160427_230000_Hardball_With_Chris_Matthews_002037.jpg,"glob global warming policy. like no federal law against fracking, would he push that"
https://archive.org/details/MSNBCW_20160426_070000_Sanders_Town_Hall#start/953/end/988,4/26/2016 7:16:08,MSNBC,Sanders Town Hall,MSNBCW_20160426_070000_Sanders_Town_Hall,https://archive.org/download/MSNBCW_20160426_070000_Sanders_Town_Hall/MSNBCW_20160426_070000_Sanders_Town_Hall.thumbs/MSNBCW_20160426_070000_Sanders_Town_Hall_000927.jpg,"today moved so far to the right they are way, way out of touch where where the american people are. these are people who almost without exception do not even recognize the reality of climate"
https://archive.org/details/MSNBCW_20160426_010000_Clinton_Town_Hall#start/605/end/640,4/26/2016 1:10:20,MSNBC,Clinton Town Hall,MSNBCW_20160426_010000_Clinton_Town_Hall,https://archive.org/download/MSNBCW_20160426_010000_Clinton_Town_Hall/MSNBCW_20160426_010000_Clinton_Town_Hall.thumbs/MSNBCW_20160426_010000_Clinton_Town_Hall_000597.jpg,"we don't know what the final outcome is. it could get really normal real fast. yeah, well. that would be worth seeing. you know, i tweeted i really am not looking for endorsements from people who deny climate"
https://archive.org/details/MSNBCW_20160402_000000_All_In_With_Chris_Hayes#start/2890/end/2925,4/2/2016 0:48:25,MSNBC,All In With Chris Hayes,MSNBCW_20160402_000000_All_In_With_Chris_Hayes,https://archive.org/download/MSNBCW_20160402_000000_All_In_With_Chris_Hayes/MSNBCW_20160402_000000_All_In_With_Chris_Hayes.thumbs/MSNBCW_20160402_000000_All_In_With_Chris_Hayes_002878.jpg,"we don't get a handle on greenhouse gas emissions that this planet will be facing disasterous problems in years to come. on this day in 2013, bernie sanders was the first guest on a show called 'all in' with chris"
https://archive.org/details/MSNBCW_20160401_130000_The_Place_for_Politics_2016#start/1502/end/1537,4/1/2016 13:25:17,MSNBC,The Place for Politics 2016,MSNBCW_20160401_130000_The_Place_for_Politics_2016,https://archive.org/download/MSNBCW_20160401_130000_The_Place_for_Politics_2016/MSNBCW_20160401_130000_The_Place_for_Politics_2016.thumbs/MSNBCW_20160401_130000_The_Place_for_Politics_2016_001498.jpg,"kr criticized. that's a record on climate change that's admirable and produced results and that's what we should be debating here. who could produce results that would really get things done on climate change. you guys are going back. you added events to the schedule"
https://archive.org/details/MSNBCW_20160426_080000_Clinton_Town_Hall#start/604/end/639,4/26/2016 8:10:19,MSNBC,Clinton Town Hall,MSNBCW_20160426_080000_Clinton_Town_Hall,https://archive.org/download/MSNBCW_20160426_080000_Clinton_Town_Hall/MSNBCW_20160426_080000_Clinton_Town_Hall.thumbs/MSNBCW_20160426_080000_Clinton_Town_Hall_000597.jpg,"it's not over yet. we don't know what the final outcome is. it could get really normal real fast. yeah, well. that would be worth seeing. you know, i tweeted i really am not looking for endorsements from people who deny climate"
https://archive.org/details/MSNBCW_20160406_020000_The_Last_Word_With_Lawrence_ODonnell#start/1770/end/1805,4/6/2016 2:29:45,MSNBC,The Last Word With Lawrence ODonnell,MSNBCW_20160406_020000_The_Last_Word_With_Lawrence_ODonnell,https://archive.org/download/MSNBCW_20160406_020000_The_Last_Word_With_Lawrence_ODonnell/MSNBCW_20160406_020000_The_Last_Word_With_Lawrence_ODonnell.thumbs/MSNBCW_20160406_020000_The_Last_Word_With_Lawrence_ODonnell_001767.jpg,"climate change? [cheers and applause] bernie!"
https://archive.org/details/MSNBCW_20160429_230000_Hardball_With_Chris_Matthews#start/3141/end/3176,4/29/2016 23:52:36,MSNBC,Hardball With Chris Matthews,MSNBCW_20160429_230000_Hardball_With_Chris_Matthews,https://archive.org/download/MSNBCW_20160429_230000_Hardball_With_Chris_Matthews/MSNBCW_20160429_230000_Hardball_With_Chris_Matthews.thumbs/MSNBCW_20160429_230000_Hardball_With_Chris_Matthews_003117.jpg,"i got to watch lori david and sheryl crow teach karl rove about global warming. i swear lori david had a diagram"
https://archive.org/details/MSNBCW_20160427_070000_The_Place_for_Politics_2016#start/1425/end/1460,4/27/2016 7:24:00,MSNBC,The Place for Politics 2016,MSNBCW_20160427_070000_The_Place_for_Politics_2016,https://archive.org/download/MSNBCW_20160427_070000_The_Place_for_Politics_2016/MSNBCW_20160427_070000_The_Place_for_Politics_2016.thumbs/MSNBCW_20160427_070000_The_Place_for_Politics_2016_001407.jpg,"trade problem, ending fracking in our country, making public colleges tuition free and passing a carbon tax to effectively address the planetary crisis. sanders campaign vowing not to"
https://archive.org/details/MSNBCW_20160427_160000_The_Place_for_Politics_2016#start/3369/end/3404,4/27/2016 16:56:24,MSNBC,The Place for Politics 2016,MSNBCW_20160427_160000_The_Place_for_Politics_2016,https://archive.org/download/MSNBCW_20160427_160000_The_Place_for_Politics_2016/MSNBCW_20160427_160000_The_Place_for_Politics_2016.thumbs/MSNBCW_20160427_160000_The_Place_for_Politics_2016_003358.jpg,"global warming. we will spend what we need to rebuild our military. it is the single, cheapest investment we can make. we will purchase and build the"
https://archive.org/details/MSNBCW_20160402_030000_All_In_With_Chris_Hayes#start/2878/end/2913,4/2/2016 3:48:13,MSNBC,All In With Chris Hayes,MSNBCW_20160402_030000_All_In_With_Chris_Hayes,https://archive.org/download/MSNBCW_20160402_030000_All_In_With_Chris_Hayes/MSNBCW_20160402_030000_All_In_With_Chris_Hayes.thumbs/MSNBCW_20160402_030000_All_In_With_Chris_Hayes_002817.jpg,"i'll tell you what, chris, it really raises the broader question. that is whether we continue to be a carbon based economy. whether we finally recognize if we don't get a handle on greenhouse gas emissions that this planet will be facing disasterous problems in years to come. on this day in 2013, bernie"
https://archive.org/details/MSNBCW_20160415_030000_The_Place_for_Politics_2016#start/3535/end/3570,4/15/2016 3:59:10,MSNBC,The Place for Politics 2016,MSNBCW_20160415_030000_The_Place_for_Politics_2016,https://archive.org/download/MSNBCW_20160415_030000_The_Place_for_Politics_2016/MSNBCW_20160415_030000_The_Place_for_Politics_2016.thumbs/MSNBCW_20160415_030000_The_Place_for_Politics_2016_003538.jpg,"laying the ground for the general election. he heard her talk about ted cruz and donald trump and abortion and also global warming. she was talking about being the"
https://archive.org/details/MSNBCW_20160427_163400_The_Place_for_Politics_2016#start/1326/end/1361,4/27/2016 16:56:21,MSNBC,The Place for Politics 2016,MSNBCW_20160427_163400_The_Place_for_Politics_2016,https://archive.org/download/MSNBCW_20160427_163400_The_Place_for_Politics_2016/MSNBCW_20160427_163400_The_Place_for_Politics_2016.thumbs/MSNBCW_20160427_163400_The_Place_for_Politics_2016_001317.jpg,"we're asking our generals and military leaders to worry about global warming. we will spend what we need to rebuild our military. it is the single, cheapest investment we can make."
https://archive.org/details/MSNBCW_20160426_070000_Sanders_Town_Hall#start/876/end/911,4/26/2016 7:14:51,MSNBC,Sanders Town Hall,MSNBCW_20160426_070000_Sanders_Town_Hall,https://archive.org/download/MSNBCW_20160426_070000_Sanders_Town_Hall/MSNBCW_20160426_070000_Sanders_Town_Hall.thumbs/MSNBCW_20160426_070000_Sanders_Town_Hall_000867.jpg,"have to come on board and say yeah, i know it's hard but i al going to pass a carbon tax. the point i'm making is it is incumbent upon secretary clinton to reach out to my supporters"
https://archive.org/details/MSNBCW_20160426_050000_Sanders_Town_Hall#start/864/end/899,4/26/2016 5:14:39,MSNBC,Sanders Town Hall,MSNBCW_20160426_050000_Sanders_Town_Hall,https://archive.org/download/MSNBCW_20160426_050000_Sanders_Town_Hall/MSNBCW_20160426_050000_Sanders_Town_Hall.thumbs/MSNBCW_20160426_050000_Sanders_Town_Hall_000867.jpg,"yeah, i know it's hard but i al going to pass a carbon tax. the point i'm making is it is incumbent upon secretary clinton to reach out to my supporters and all of the american people"
https://archive.org/details/MSNBCW_20160427_010000_The_Place_for_Politics_2016#start/1260/end/1295,4/27/2016 1:21:15,MSNBC,The Place for Politics 2016,MSNBCW_20160427_010000_The_Place_for_Politics_2016,https://archive.org/download/MSNBCW_20160427_010000_The_Place_for_Politics_2016/MSNBCW_20160427_010000_The_Place_for_Politics_2016.thumbs/MSNBCW_20160427_010000_The_Place_for_Politics_2016_001258.jpg,"ground war in the middle east. and bedemocrats agree that climate change is an urgent threat."
https://archive.org/details/MSNBCW_20160401_030000_All_In_With_Chris_Hayes#start/2725/end/2760,4/1/2016 3:45:40,MSNBC,All In With Chris Hayes,MSNBCW_20160401_030000_All_In_With_Chris_Hayes,https://archive.org/download/MSNBCW_20160401_030000_All_In_With_Chris_Hayes/MSNBCW_20160401_030000_All_In_With_Chris_Hayes.thumbs/MSNBCW_20160401_030000_All_In_With_Chris_Hayes_002667.jpg,"here's a story that might seem a little off topic but seemed pretty important to me. what if scientists are wrong about global warming? meaning they have been underestimating how bad it's going to be."
https://archive.org/details/MSNBCW_20160428_060000_Hardball_With_Chris_Matthews#start/2036/end/2071,4/28/2016 6:34:11,MSNBC,Hardball With Chris Matthews,MSNBCW_20160428_060000_Hardball_With_Chris_Matthews,https://archive.org/download/MSNBCW_20160428_060000_Hardball_With_Chris_Matthews/MSNBCW_20160428_060000_Hardball_With_Chris_Matthews.thumbs/MSNBCW_20160428_060000_Hardball_With_Chris_Matthews_002037.jpg,"i think the types of things we'll see are huge emphasize on global warming policy. like no federal law against fracking, would he push that far? absolutely. on trade he will push her a lot"
https://archive.org/details/MSNBCW_20160426_000000_Sanders_Town_Hall#start/878/end/913,4/26/2016 0:14:53,MSNBC,Sanders Town Hall,MSNBCW_20160426_000000_Sanders_Town_Hall,https://archive.org/download/MSNBCW_20160426_000000_Sanders_Town_Hall/MSNBCW_20160426_000000_Sanders_Town_Hall.thumbs/MSNBCW_20160426_000000_Sanders_Town_Hall_000867.jpg,"yeah, i know it's hard but i al going to pass a carbon tax. the point i'm making is it is incumbent upon secretary clinton to reach out to my supporters and all of the american people with an agenda they believe will"
https://archive.org/details/MSNBCW_20160415_070000_All_In_With_Chris_Hayes#start/3558/end/3593,4/15/2016 7:59:33,MSNBC,All In With Chris Hayes,MSNBCW_20160415_070000_All_In_With_Chris_Hayes,https://archive.org/download/MSNBCW_20160415_070000_All_In_With_Chris_Hayes/MSNBCW_20160415_070000_All_In_With_Chris_Hayes.thumbs/MSNBCW_20160415_070000_All_In_With_Chris_Hayes_003537.jpg,"and also global warming. she was talking about being the great unifier. with bernie it was laying the ground for why he lost. he said i'm telling truth on the power. that's how he started the race."
https://archive.org/details/MSNBCW_20160414_080000_The_Rachel_Maddow_Show#start/2025/end/2060,4/14/2016 8:34:00,MSNBC,The Rachel Maddow Show,MSNBCW_20160414_080000_The_Rachel_Maddow_Show,https://archive.org/download/MSNBCW_20160414_080000_The_Rachel_Maddow_Show/MSNBCW_20160414_080000_The_Rachel_Maddow_Show.thumbs/MSNBCW_20160414_080000_The_Rachel_Maddow_Show_002007.jpg,"we need to go and that's in key areas such as tackling global warming, taking on campaign finances and creating living wage jobs across america. those three things are top concerns and i feel like bernie"
https://archive.org/details/MSNBCW_20160430_020000_Hardball_With_Chris_Matthews#start/3136/end/3171,4/30/2016 2:52:31,MSNBC,Hardball With Chris Matthews,MSNBCW_20160430_020000_Hardball_With_Chris_Matthews,https://archive.org/download/MSNBCW_20160430_020000_Hardball_With_Chris_Matthews/MSNBCW_20160430_020000_Hardball_With_Chris_Matthews.thumbs/MSNBCW_20160430_020000_Hardball_With_Chris_Matthews_003118.jpg,"be -- watch lori david and sheryl crow teach karl rove about global warming. i swear, lori david had a whiteboard in her evening bag. she pulled it up, sheryl had the statistics and i saw karl doing"
https://archive.org/details/MSNBCW_20160414_040000_The_Rachel_Maddow_Show#start/2043/end/2078,4/14/2016 4:34:18,MSNBC,The Rachel Maddow Show,MSNBCW_20160414_040000_The_Rachel_Maddow_Show,https://archive.org/download/MSNBCW_20160414_040000_The_Rachel_Maddow_Show/MSNBCW_20160414_040000_The_Rachel_Maddow_Show.thumbs/MSNBCW_20160414_040000_The_Rachel_Maddow_Show_002037.jpg,"fierce and the most bold in laying out the vision for where we need to go and that's in key areas such as tackling global warming, taking on campaign finances and creating living wage jobs across america."
https://archive.org/details/MSNBCW_20160408_080000_The_Rachel_Maddow_Show#start/1859/end/1894,4/8/2016 8:31:14,MSNBC,The Rachel Maddow Show,MSNBCW_20160408_080000_The_Rachel_Maddow_Show,https://archive.org/download/MSNBCW_20160408_080000_The_Rachel_Maddow_Show/MSNBCW_20160408_080000_The_Rachel_Maddow_Show.thumbs/MSNBCW_20160408_080000_The_Rachel_Maddow_Show_001858.jpg,"issues. i hope we talk about immigration reform and climate change given what new yorkers went through with hurricane sandy and"
https://archive.org/details/MSNBCW_20160426_000000_Sanders_Town_Hall#start/863/end/898,4/26/2016 0:14:38,MSNBC,Sanders Town Hall,MSNBCW_20160426_000000_Sanders_Town_Hall,https://archive.org/download/MSNBCW_20160426_000000_Sanders_Town_Hall/MSNBCW_20160426_000000_Sanders_Town_Hall.thumbs/MSNBCW_20160426_000000_Sanders_Town_Hall_000837.jpg,"people that climate change is a real crisis and she is going to have to come on board and say"
https://archive.org/details/MSNBCW_20160408_010000_The_Rachel_Maddow_Show#start/1826/end/1861,4/8/2016 1:30:41,MSNBC,The Rachel Maddow Show,MSNBCW_20160408_010000_The_Rachel_Maddow_Show,https://archive.org/download/MSNBCW_20160408_010000_The_Rachel_Maddow_Show/MSNBCW_20160408_010000_The_Rachel_Maddow_Show.thumbs/MSNBCW_20160408_010000_The_Rachel_Maddow_Show_001827.jpg,"we've heard. would like to see the candidates discuss climate change than they have in past debates. there's almost, there gets to be"
https://archive.org/details/MSNBCW_20160413_100000_Morning_Joe#start/4932/end/4967,4/13/2016 11:22:27,MSNBC,Morning Joe,MSNBCW_20160413_100000_Morning_Joe,https://archive.org/download/MSNBCW_20160413_100000_Morning_Joe/MSNBCW_20160413_100000_Morning_Joe.thumbs/MSNBCW_20160413_100000_Morning_Joe_004917.jpg,"really his baby in the affordable care act. he has proceeded to be a wonderful leader for veterans and certainly on -- when it comes to global warming he is the person who understands that if we are going to take this on,"
https://archive.org/details/MSNBCW_20160414_220000_With_All_Due_Respect#start/3480/end/3515,4/14/2016 22:58:15,MSNBC,With All Due Respect,MSNBCW_20160414_220000_With_All_Due_Respect,https://archive.org/download/MSNBCW_20160414_220000_With_All_Due_Respect/MSNBCW_20160414_220000_With_All_Due_Respect.thumbs/MSNBCW_20160414_220000_With_All_Due_Respect_003478.jpg,"keystone. against, bernie against. what about ordinary people can fight global warming, doesn't bernie sanders want to spend millions of dollars on solar home as soon as. correct me if i'm wrong, it's not as if anyone own ace solar"
https://archive.org/details/MSNBCW_20160414_010000_The_Rachel_Maddow_Show#start/2038/end/2073,4/14/2016 1:34:13,MSNBC,The Rachel Maddow Show,MSNBCW_20160414_010000_The_Rachel_Maddow_Show,https://archive.org/download/MSNBCW_20160414_010000_The_Rachel_Maddow_Show/MSNBCW_20160414_010000_The_Rachel_Maddow_Show.thumbs/MSNBCW_20160414_010000_The_Rachel_Maddow_Show_002038.jpg,"been the clearest, the most fierce and the most bold in laying out the vision for where we need go to go and that's in areas such as tackling global warming, taking on campaign finances and creating living wage jobs across america."
https://archive.org/details/MSNBCW_20160428_140000_The_Place_for_Politics_2016#start/2249/end/2284,4/28/2016 14:37:44,MSNBC,The Place for Politics 2016,MSNBCW_20160428_140000_The_Place_for_Politics_2016,https://archive.org/download/MSNBCW_20160428_140000_The_Place_for_Politics_2016/MSNBCW_20160428_140000_The_Place_for_Politics_2016.thumbs/MSNBCW_20160428_140000_The_Place_for_Politics_2016_002247.jpg,"weapons, the power of weaponry is the single problem our world has and not global warming like our president said, the power of weapons in particular nuclear. i'll be the last to use it. i will not be a happy trigger"
https://archive.org/details/MSNBCW_20160425_090000_First_Look#start/1598/end/1633,4/25/2016 9:26:53,MSNBC,First Look,MSNBCW_20160425_090000_First_Look,https://archive.org/download/MSNBCW_20160425_090000_First_Look/MSNBCW_20160425_090000_First_Look.thumbs/MSNBCW_20160425_090000_First_Look_001587.jpg,"climate change. these are things that we share. it's born of common experience. and this is what i want to talk to you about today."
https://archive.org/details/MSNBCW_20160401_130000_The_Place_for_Politics_2016#start/1484/end/1519,4/1/2016 13:24:59,MSNBC,The Place for Politics 2016,MSNBCW_20160401_130000_The_Place_for_Politics_2016,https://archive.org/download/MSNBCW_20160401_130000_The_Place_for_Politics_2016/MSNBCW_20160401_130000_The_Place_for_Politics_2016.thumbs/MSNBCW_20160401_130000_The_Place_for_Politics_2016_001468.jpg,"limits on carbon pollution which pave the way for climate change in november in paris. an agreement by the way in fairness, senator sanders have"
https://archive.org/details/MSNBCW_20160406_020000_The_Last_Word_With_Lawrence_ODonnell#start/1737/end/1772,4/6/2016 2:29:12,MSNBC,The Last Word With Lawrence ODonnell,MSNBCW_20160406_020000_The_Last_Word_With_Lawrence_ODonnell,https://archive.org/download/MSNBCW_20160406_020000_The_Last_Word_With_Lawrence_ODonnell/MSNBCW_20160406_020000_The_Last_Word_With_Lawrence_ODonnell.thumbs/MSNBCW_20160406_020000_The_Last_Word_With_Lawrence_ODonnell_001737.jpg,"happen when the scientists all over our country who study climate change and scientists all over the world are in virtual anonymous agreement that"
https://archive.org/details/MSNBCW_20160404_150000_MSNBC_Live_With_Tamron_Hall#start/1462/end/1497,4/4/2016 15:24:37,MSNBC,MSNBC Live With Tamron Hall,MSNBCW_20160404_150000_MSNBC_Live_With_Tamron_Hall,https://archive.org/download/MSNBCW_20160404_150000_MSNBC_Live_With_Tamron_Hall/MSNBCW_20160404_150000_MSNBC_Live_With_Tamron_Hall.thumbs/MSNBCW_20160404_150000_MSNBC_Live_With_Tamron_Hall_001437.jpg,"biggest problem, folks. believe me. do you ever notice they have global warming, they have extreme weather. they have named it so many different, now i hear they call it extreme weather a little bit more. but they have changed the name so often, right, so often."
https://archive.org/details/MSNBCW_20160418_130000_MSNBC_Live_With_Jose_Diaz-Balart#start/1735/end/1770,4/18/2016 13:29:10,MSNBC,MSNBC Live With Jose Diaz-Balart,MSNBCW_20160418_130000_MSNBC_Live_With_Jose_Diaz-Balart,https://archive.org/download/MSNBCW_20160418_130000_MSNBC_Live_With_Jose_Diaz-Balart/MSNBCW_20160418_130000_MSNBC_Live_With_Jose_Diaz-Balart.thumbs/MSNBCW_20160418_130000_MSNBC_Live_With_Jose_Diaz-Balart_001707.jpg,"they wanted to be on the winning side. they took the safe endorsement. but when it comes to key issues facing america, whether it's on the trade agreement, whether it's on global warming, whether it's cash in politics, the corruption really of our political system by citizens"
https://archive.org/details/MSNBCW_20160406_140000_The_Place_for_Politics_2016#start/1810/end/1845,4/6/2016 14:30:25,MSNBC,The Place for Politics 2016,MSNBCW_20160406_140000_The_Place_for_Politics_2016,https://archive.org/download/MSNBCW_20160406_140000_The_Place_for_Politics_2016/MSNBCW_20160406_140000_The_Place_for_Politics_2016.thumbs/MSNBCW_20160406_140000_The_Place_for_Politics_2016_001797.jpg,"over. my question would be for the 18 million people who are covered right now by it, is that really in their best interests. we talk about global warming. hillary clinton went out and negotiated this paris climate conference agreement. bernie sanders just opposes it."
https://archive.org/details/MSNBCW_20160427_000000_The_Place_for_Politics_2016#start/3162/end/3197,4/27/2016 0:52:57,MSNBC,The Place for Politics 2016,MSNBCW_20160427_000000_The_Place_for_Politics_2016,https://archive.org/download/MSNBCW_20160427_000000_The_Place_for_Politics_2016/MSNBCW_20160427_000000_The_Place_for_Politics_2016.thumbs/MSNBCW_20160427_000000_The_Place_for_Politics_2016_003148.jpg,"it's been devastating our manufacturing jobs in america. that's what bernie sanders has been talking about for years. you saw in the papers today, the impact of global warming in a variety of ways. he's been saying we have to pivot fast off of fossil fuels."
https://archive.org/details/MSNBCW_20160408_040000_The_Rachel_Maddow_Show#start/1817/end/1852,4/8/2016 4:30:32,MSNBC,The Rachel Maddow Show,MSNBCW_20160408_040000_The_Rachel_Maddow_Show,https://archive.org/download/MSNBCW_20160408_040000_The_Rachel_Maddow_Show/MSNBCW_20160408_040000_The_Rachel_Maddow_Show.thumbs/MSNBCW_20160408_040000_The_Rachel_Maddow_Show_001797.jpg,"would like to see the candidates discuss climate change than they have in past debates. there's almost, there gets to be a sot of ticky tackiness."
https://archive.org/details/MSNBCW_20160426_050000_Sanders_Town_Hall#start/848/end/883,4/26/2016 5:14:23,MSNBC,Sanders Town Hall,MSNBCW_20160426_050000_Sanders_Town_Hall,https://archive.org/download/MSNBCW_20160426_050000_Sanders_Town_Hall/MSNBCW_20160426_050000_Sanders_Town_Hall.thumbs/MSNBCW_20160426_050000_Sanders_Town_Hall_000837.jpg,"young people and a lot of other people that climate change is a real crisis and she is going to have to come on board and say"
https://archive.org/details/MSNBCW_20160408_190000_The_Place_for_Politics_2016#start/1842/end/1877,4/8/2016 19:30:57,MSNBC,The Place for Politics 2016,MSNBCW_20160408_190000_The_Place_for_Politics_2016,https://archive.org/download/MSNBCW_20160408_190000_The_Place_for_Politics_2016/MSNBCW_20160408_190000_The_Place_for_Politics_2016.thumbs/MSNBCW_20160408_190000_The_Place_for_Politics_2016_001827.jpg,"climate change. i think we have a picture of it from the head of this pontifical academy. i think it's official, and it looks very official, but we're"
https://archive.org/details/MSNBCW_20160419_100000_Morning_Joe#start/10420/end/10455,4/19/2016 12:53:55,MSNBC,Morning Joe,MSNBCW_20160419_100000_Morning_Joe,https://archive.org/download/MSNBCW_20160419_100000_Morning_Joe/MSNBCW_20160419_100000_Morning_Joe.thumbs/MSNBCW_20160419_100000_Morning_Joe_010407.jpg,"bunch of other things. not only climate change but universal health care. free tuition. i feel like he's speaking to, i guess, our generation of people. honest, integrity and"
https://archive.org/details/MSNBCW_20160420_090000_First_Look#start/915/end/950,4/20/2016 9:15:30,MSNBC,First Look,MSNBCW_20160420_090000_First_Look,https://archive.org/download/MSNBCW_20160420_090000_First_Look/MSNBCW_20160420_090000_First_Look.thumbs/MSNBCW_20160420_090000_First_Look_000897.jpg,"a row in the month of april, ever. well, maybe that whole global warming thing is really happening? you think? i don't know. you guys are the experts, not me. see how i avoided that? another aftershock this morning in ecuador and it was big. measuring 6.1 with the epicenter"
https://archive.org/details/MSNBCW_20160420_160000_The_Place_for_Politics_2016#start/1428/end/1463,4/20/2016 16:24:03,MSNBC,The Place for Politics 2016,MSNBCW_20160420_160000_The_Place_for_Politics_2016,https://archive.org/download/MSNBCW_20160420_160000_The_Place_for_Politics_2016/MSNBCW_20160420_160000_The_Place_for_Politics_2016.thumbs/MSNBCW_20160420_160000_The_Place_for_Politics_2016_001408.jpg,"that the white house remains in democratic hands. that we have a president who believes that global warming is real and wants to do something about it, focused on helping young people afford a college education, getting the minimum wage up again. there are so much that unites"
https://archive.org/details/MSNBCW_20160427_030000_The_Place_for_Politics_2016#start/1398/end/1433,4/27/2016 3:23:33,MSNBC,The Place for Politics 2016,MSNBCW_20160427_030000_The_Place_for_Politics_2016,https://archive.org/download/MSNBCW_20160427_030000_The_Place_for_Politics_2016/MSNBCW_20160427_030000_The_Place_for_Politics_2016.thumbs/MSNBCW_20160427_030000_The_Place_for_Politics_2016_001378.jpg,"medicare for our health care system, and making public colleges and universities tuition free. and address the climate change. the sanders campaign, committed to stay in the race until the end."
https://archive.org/details/MSNBCW_20160427_230000_Hardball_With_Chris_Matthews#start/1603/end/1638,4/27/2016 23:26:58,MSNBC,Hardball With Chris Matthews,MSNBCW_20160427_230000_Hardball_With_Chris_Matthews,https://archive.org/download/MSNBCW_20160427_230000_Hardball_With_Chris_Matthews/MSNBCW_20160427_230000_Hardball_With_Chris_Matthews.thumbs/MSNBCW_20160427_230000_Hardball_With_Chris_Matthews_001587.jpg,"people who view american power as the extension of our military prowess. there's nothing about the paris climate change agreement that suggests america is weak. we're expressing our power through diplomacy."
https://archive.org/details/MSNBCW_20160426_070000_Sanders_Town_Hall#start/853/end/888,4/26/2016 7:14:28,MSNBC,Sanders Town Hall,MSNBCW_20160426_070000_Sanders_Town_Hall,https://archive.org/download/MSNBCW_20160426_070000_Sanders_Town_Hall/MSNBCW_20160426_070000_Sanders_Town_Hall.thumbs/MSNBCW_20160426_070000_Sanders_Town_Hall_000837.jpg,"i think secretary clinton will have to explain to millions of young people and a lot of other people that climate change is a real crisis and she is going to"
https://archive.org/details/MSNBCW_20160426_100000_Morning_Joe#start/6453/end/6488,4/26/2016 11:47:48,MSNBC,Morning Joe,MSNBCW_20160426_100000_Morning_Joe,https://archive.org/download/MSNBCW_20160426_100000_Morning_Joe/MSNBCW_20160426_100000_Morning_Joe.thumbs/MSNBCW_20160426_100000_Morning_Joe_006448.jpg,"understand. that climate change is the great environmental crisis of our time, than we have got to take on the fossil fuel industry, transform our energy system away from coal and sustainable"
https://archive.org/details/MSNBCW_20160425_093000_Way_Too_Early#start/872/end/907,4/25/2016 9:44:47,MSNBC,Way Too Early,MSNBCW_20160425_093000_Way_Too_Early,https://archive.org/download/MSNBCW_20160425_093000_Way_Too_Early/MSNBCW_20160425_093000_Way_Too_Early.thumbs/MSNBCW_20160425_093000_Way_Too_Early_000868.jpg,"off every single one of iran's paths to a nuclear bomb, part of a shared vision of a world without nuclear weapons. in paris, the most ambitious agreement in history to fight climate change. [ applause ]  _          _"
https://archive.org/details/MSNBCW_20160408_040000_The_Rachel_Maddow_Show#start/1659/end/1694,4/8/2016 4:27:54,MSNBC,The Rachel Maddow Show,MSNBCW_20160408_040000_The_Rachel_Maddow_Show,https://archive.org/download/MSNBCW_20160408_040000_The_Rachel_Maddow_Show/MSNBCW_20160408_040000_The_Rachel_Maddow_Show.thumbs/MSNBCW_20160408_040000_The_Rachel_Maddow_Show_001647.jpg,"i had some great friends that helped me. i'm proud of the issues we gave voice to, particularly immigration reform, climate change, the gun safety issue. also, the plight of america's cities."
https://archive.org/details/MSNBCW_20160401_130000_The_Place_for_Politics_2016#start/1468/end/1503,4/1/2016 13:24:43,MSNBC,The Place for Politics 2016,MSNBCW_20160401_130000_The_Place_for_Politics_2016,https://archive.org/download/MSNBCW_20160401_130000_The_Place_for_Politics_2016/MSNBCW_20160401_130000_The_Place_for_Politics_2016.thumbs/MSNBCW_20160401_130000_The_Place_for_Politics_2016_001468.jpg,"work in that industry and have given that money. the fact is on climate change and one candidate in this race led the effort to get countries like china and brazil to agree"
https://archive.org/details/MSNBCW_20160405_230000_Hardball_With_Chris_Matthews#start/3586/end/3621,4/6/2016 0:00:01,MSNBC,Hardball With Chris Matthews,MSNBCW_20160405_230000_Hardball_With_Chris_Matthews,https://archive.org/download/MSNBCW_20160405_230000_Hardball_With_Chris_Matthews/MSNBCW_20160405_230000_Hardball_With_Chris_Matthews.thumbs/MSNBCW_20160405_230000_Hardball_With_Chris_Matthews_003567.jpg,"iraq, libya, syria and who knows where else. how do we protect our environment from the real dangers of climate change. and lest we not forget, how do we ensure domestic tranquility"
https://archive.org/details/MSNBCW_20160412_060000_Hardball_With_Chris_Matthews#start/652/end/687,4/12/2016 6:11:07,MSNBC,Hardball With Chris Matthews,MSNBCW_20160412_060000_Hardball_With_Chris_Matthews,https://archive.org/download/MSNBCW_20160412_060000_Hardball_With_Chris_Matthews/MSNBCW_20160412_060000_Hardball_With_Chris_Matthews.thumbs/MSNBCW_20160412_060000_Hardball_With_Chris_Matthews_000627.jpg,"hold water. i spoke to this previously. here's someone who led the charge for the united states to bring the global community together to end climate change. what the president and hillary"
https://archive.org/details/MSNBCW_20160422_160000_The_Place_for_Politics_2016#start/192/end/227,4/22/2016 16:03:27,MSNBC,The Place for Politics 2016,MSNBCW_20160422_160000_The_Place_for_Politics_2016,https://archive.org/download/MSNBCW_20160422_160000_The_Place_for_Politics_2016/MSNBCW_20160422_160000_The_Place_for_Politics_2016.thumbs/MSNBCW_20160422_160000_The_Place_for_Politics_2016_000177.jpg,"nuclear weapon. we secured the first on climate change being signed today by over 150 governments at the united nation. we transformed the way we use our aid and diplomacy and our"
https://archive.org/details/MSNBCW_20160426_060000_Clinton_Town_Hall#start/594/end/629,4/26/2016 6:10:09,MSNBC,Clinton Town Hall,MSNBCW_20160426_060000_Clinton_Town_Hall,https://archive.org/download/MSNBCW_20160426_060000_Clinton_Town_Hall/MSNBCW_20160426_060000_Clinton_Town_Hall.thumbs/MSNBCW_20160426_060000_Clinton_Town_Hall_000597.jpg,"that would be worth seeing. you know, i tweeted i really am not looking for endorsements from people who deny climate change and who have the views that the koch brothers have had"
https://archive.org/details/MSNBCW_20160401_070000_All_In_With_Chris_Hayes#start/2693/end/2728,4/1/2016 7:45:08,MSNBC,All In With Chris Hayes,MSNBCW_20160401_070000_All_In_With_Chris_Hayes,https://archive.org/download/MSNBCW_20160401_070000_All_In_With_Chris_Hayes/MSNBCW_20160401_070000_All_In_With_Chris_Hayes.thumbs/MSNBCW_20160401_070000_All_In_With_Chris_Hayes_002607.jpg,"ask your doctor about cialis and a $200 savings card. here's a story that might seem a little off topic but seemed pretty important to me. what if scientists are wrong about global warming? meaning they have been underestimating how bad it's going to be. there's new evidence that's exactly what's happening and the"
https://archive.org/details/MSNBCW_20160404_150000_MSNBC_Live_With_Tamron_Hall#start/945/end/980,4/4/2016 15:16:00,MSNBC,MSNBC Live With Tamron Hall,MSNBCW_20160404_150000_MSNBC_Live_With_Tamron_Hall,https://archive.org/download/MSNBCW_20160404_150000_MSNBC_Live_With_Tamron_Hall/MSNBCW_20160404_150000_MSNBC_Live_With_Tamron_Hall.thumbs/MSNBCW_20160404_150000_MSNBC_Live_With_Tamron_Hall_000927.jpg,"sanders campaign of lying about her record on climate change. the 'new york times' also analyzed it, and other independent analysts have said that they are misrepresenting my record. i'm just not going to -- i feel            _"
https://archive.org/details/MSNBCW_20160408_030000_All_In_With_Chris_Hayes#start/2429/end/2464,4/8/2016 3:40:44,MSNBC,All In With Chris Hayes,MSNBCW_20160408_030000_All_In_With_Chris_Hayes,https://archive.org/download/MSNBCW_20160408_030000_All_In_With_Chris_Hayes/MSNBCW_20160408_030000_All_In_With_Chris_Hayes.thumbs/MSNBCW_20160408_030000_All_In_With_Chris_Hayes_002428.jpg,"an immigrant community with such an anti-immigrant stance? we're a country of immigrants. why do you say climate change doesn't exist? it's not likely the trip he planned. he is following the footstep of"
https://archive.org/details/MSNBCW_20160408_070000_All_In_With_Chris_Hayes#start/2424/end/2459,4/8/2016 7:40:39,MSNBC,All In With Chris Hayes,MSNBCW_20160408_070000_All_In_With_Chris_Hayes,https://archive.org/download/MSNBCW_20160408_070000_All_In_With_Chris_Hayes/MSNBCW_20160408_070000_All_In_With_Chris_Hayes.thumbs/MSNBCW_20160408_070000_All_In_With_Chris_Hayes_002427.jpg,"why do you say climate change doesn't exist? it's not likely the trip he planned. he is following the footstep of his idle. ted cruz got shouted at while ronald reagan did the shouting."
https://archive.org/details/MSNBCW_20160426_070000_Sanders_Town_Hall#start/1398/end/1433,4/26/2016 7:23:33,MSNBC,Sanders Town Hall,MSNBCW_20160426_070000_Sanders_Town_Hall,https://archive.org/download/MSNBCW_20160426_070000_Sanders_Town_Hall/MSNBCW_20160426_070000_Sanders_Town_Hall.thumbs/MSNBCW_20160426_070000_Sanders_Town_Hall_001377.jpg,"country rather than china. making sure that women do not continue to earn 79 cents on the dollar compared to men. aggressively addressing climate change or making sure public colleges or universities are tuition free."
https://archive.org/details/MSNBCW_20160426_000000_Sanders_Town_Hall#start/1394/end/1429,4/26/2016 0:23:29,MSNBC,Sanders Town Hall,MSNBCW_20160426_000000_Sanders_Town_Hall,https://archive.org/download/MSNBCW_20160426_000000_Sanders_Town_Hall/MSNBCW_20160426_000000_Sanders_Town_Hall.thumbs/MSNBCW_20160426_000000_Sanders_Town_Hall_001377.jpg,"america starts investing in this country rather than china. making sure that women do not continue to earn 79 cents on the dollar compared to men. aggressively addressing climate change or making sure public"
https://archive.org/details/MSNBCW_20160408_100000_Morning_Joe#start/2971/end/3006,4/8/2016 10:49:46,MSNBC,Morning Joe,MSNBCW_20160408_100000_Morning_Joe,https://archive.org/download/MSNBCW_20160408_100000_Morning_Joe/MSNBCW_20160408_100000_Morning_Joe.thumbs/MSNBCW_20160408_100000_Morning_Joe_002968.jpg,"to happen. so what happens? well, the -- i call this a slow motion crisis and slow motion crises are the hardest kinds of crises for democracy to work on. climate change is another. it doesn't seem that urgent."
https://archive.org/details/MSNBCW_20160408_010000_The_Rachel_Maddow_Show#start/1875/end/1910,4/8/2016 1:31:30,MSNBC,The Rachel Maddow Show,MSNBCW_20160408_010000_The_Rachel_Maddow_Show,https://archive.org/download/MSNBCW_20160408_010000_The_Rachel_Maddow_Show/MSNBCW_20160408_010000_The_Rachel_Maddow_Show.thumbs/MSNBCW_20160408_010000_The_Rachel_Maddow_Show_001857.jpg,"issues. i hope we talk about immigration reform and climate change given what new yorkers went through with hurricane sandy and criminal justice reform. these are all issues that are ripe for discussion here in new"
https://archive.org/details/MSNBCW_20160416_120000_The_Place_for_Politics_2016#start/2078/end/2113,4/16/2016 12:34:53,MSNBC,The Place for Politics 2016,MSNBCW_20160416_120000_The_Place_for_Politics_2016,https://archive.org/download/MSNBCW_20160416_120000_The_Place_for_Politics_2016/MSNBCW_20160416_120000_The_Place_for_Politics_2016.thumbs/MSNBCW_20160416_120000_The_Place_for_Politics_2016_002068.jpg,"and thanked him for his leadership on bringing attention to economic justice issues around the world and also climate change. now, of course, because senator sanders is running for president i had to ask him about the"
https://archive.org/details/MSNBCW_20160416_110000_The_Place_for_Politics_2016#start/476/end/511,4/16/2016 11:08:11,MSNBC,The Place for Politics 2016,MSNBCW_20160416_110000_The_Place_for_Politics_2016,https://archive.org/download/MSNBCW_20160416_110000_The_Place_for_Politics_2016/MSNBCW_20160416_110000_The_Place_for_Politics_2016.thumbs/MSNBCW_20160416_110000_The_Place_for_Politics_2016_000477.jpg,"he runs the academy where bernie sanders spoke. the discussions centered on climate change and income inequality as bern benefit as he said expressed his appreciate yapgs and his angst to the pope for leading the way in these"
https://archive.org/details/MSNBCW_20160401_220000_With_All_Due_Respect#start/3417/end/3452,4/1/2016 22:57:12,MSNBC,With All Due Respect,MSNBCW_20160401_220000_With_All_Due_Respect,https://archive.org/download/MSNBCW_20160401_220000_With_All_Due_Respect/MSNBCW_20160401_220000_With_All_Due_Respect.thumbs/MSNBCW_20160401_220000_With_All_Due_Respect_003417.jpg,"hillary has taken money from some people who work in the oil and gas industry. bernie has too. both have robust plans to the climate change. it's a silly attack. one by a candidate that is"
https://archive.org/details/MSNBCW_20160408_140000_The_Place_for_Politics_2016#start/356/end/391,4/8/2016 14:06:11,MSNBC,The Place for Politics 2016,MSNBCW_20160408_140000_The_Place_for_Politics_2016,https://archive.org/download/MSNBCW_20160408_140000_The_Place_for_Politics_2016/MSNBCW_20160408_140000_The_Place_for_Politics_2016.thumbs/MSNBCW_20160408_140000_The_Place_for_Politics_2016_000357.jpg,"leader on climate change and making a point from a moral perspective it is absolutely imperative we leave this planet in a way that is healthy and habitable for future generations. so i am excited that i will be"
https://archive.org/details/MSNBCW_20160415_140000_The_Place_for_Politics_2016#start/2928/end/2963,4/15/2016 14:49:03,MSNBC,The Place for Politics 2016,MSNBCW_20160415_140000_The_Place_for_Politics_2016,https://archive.org/download/MSNBCW_20160415_140000_The_Place_for_Politics_2016/MSNBCW_20160415_140000_The_Place_for_Politics_2016.thumbs/MSNBCW_20160415_140000_The_Place_for_Politics_2016_002907.jpg,"made sense. in particular to pope francis, who is someone bernie sanders feels very much a kinship with in large part because of their positions on climate change and income inequality. he praised pope francis for"
https://archive.org/details/MSNBCW_20160415_140000_The_Place_for_Politics_2016#start/3334/end/3369,4/15/2016 14:55:49,MSNBC,The Place for Politics 2016,MSNBCW_20160415_140000_The_Place_for_Politics_2016,https://archive.org/download/MSNBCW_20160415_140000_The_Place_for_Politics_2016/MSNBCW_20160415_140000_The_Place_for_Politics_2016.thumbs/MSNBCW_20160415_140000_The_Place_for_Politics_2016_003327.jpg,"principles into our economy, and there is no area where that is clearer than in the area of climate change. the greed of the fossil fuel industry is literally destroying our planet. the scientists are virtually"
https://archive.org/details/MSNBCW_20160415_140000_The_Place_for_Politics_2016#start/3352/end/3387,4/15/2016 14:56:07,MSNBC,The Place for Politics 2016,MSNBCW_20160415_140000_The_Place_for_Politics_2016,https://archive.org/download/MSNBCW_20160415_140000_The_Place_for_Politics_2016/MSNBCW_20160415_140000_The_Place_for_Politics_2016.thumbs/MSNBCW_20160415_140000_The_Place_for_Politics_2016_003327.jpg,"unanimous. climate change is real, and it is caused by human activity. it is already causing devastating problems all over this planet and whether the fossil fuel industry likes it or not, we have got to transform"
https://archive.org/details/MSNBCW_20160415_160000_The_Place_for_Politics_2016#start/165/end/200,4/15/2016 16:03:00,MSNBC,The Place for Politics 2016,MSNBCW_20160415_160000_The_Place_for_Politics_2016,https://archive.org/download/MSNBCW_20160415_160000_The_Place_for_Politics_2016/MSNBCW_20160415_160000_The_Place_for_Politics_2016.thumbs/MSNBCW_20160415_160000_The_Place_for_Politics_2016_000147.jpg,"danny freeman did a really nice job there talking about climate change as well and another change that pope francis has focused on. but sanders really identifying with the way pope francis led this church and was quite"
https://archive.org/details/MSNBCW_20160411_100000_Morning_Joe#start/10345/end/10380,4/11/2016 12:52:40,MSNBC,Morning Joe,MSNBCW_20160411_100000_Morning_Joe,https://archive.org/download/MSNBCW_20160411_100000_Morning_Joe/MSNBCW_20160411_100000_Morning_Joe.thumbs/MSNBCW_20160411_100000_Morning_Joe_010348.jpg,"that, you know, i'm convinced that if we had more global citizens active in our world then every single one of the major challenges we face from conflict, climate change, disease, these challenges they become voluntarily ofable and"
https://archive.org/details/MSNBCW_20160414_010000_The_Rachel_Maddow_Show#start/2912/end/2947,4/14/2016 1:48:47,MSNBC,The Rachel Maddow Show,MSNBCW_20160414_010000_The_Rachel_Maddow_Show,https://archive.org/download/MSNBCW_20160414_010000_The_Rachel_Maddow_Show/MSNBCW_20160414_010000_The_Rachel_Maddow_Show.thumbs/MSNBCW_20160414_010000_The_Rachel_Maddow_Show_002908.jpg,"outspoken in criticizing senator sanders record and some of his more resent comments. we heard him single out climate change and income and equality as two things that motivated him in terms of making the endorsement for senator sanders."
https://archive.org/details/MSNBCW_20160419_100000_Morning_Joe#start/5058/end/5093,4/19/2016 11:24:33,MSNBC,Morning Joe,MSNBCW_20160419_100000_Morning_Joe,https://archive.org/download/MSNBCW_20160419_100000_Morning_Joe/MSNBCW_20160419_100000_Morning_Joe.thumbs/MSNBCW_20160419_100000_Morning_Joe_005037.jpg,"climate change. she with president obama built us to the -- first state to support a keystone. i thought it was pretty -- i think that's forward thinking. because the state department the determined that keystone will be"
https://archive.org/details/MSNBCW_20160408_080000_The_Rachel_Maddow_Show#start/1656/end/1691,4/8/2016 8:27:51,MSNBC,The Rachel Maddow Show,MSNBCW_20160408_080000_The_Rachel_Maddow_Show,https://archive.org/download/MSNBCW_20160408_080000_The_Rachel_Maddow_Show/MSNBCW_20160408_080000_The_Rachel_Maddow_Show.thumbs/MSNBCW_20160408_080000_The_Rachel_Maddow_Show_001648.jpg,"donald trump, i would have been decide myself. i'm glad i tried. i had some great friends that helped me. i'm proud of the issues we gave voice to, particularly immigration reform, climate change, the gun safety issue."
https://archive.org/details/MSNBCW_20160415_160000_The_Place_for_Politics_2016#start/1001/end/1036,4/15/2016 16:16:56,MSNBC,The Place for Politics 2016,MSNBCW_20160415_160000_The_Place_for_Politics_2016,https://archive.org/download/MSNBCW_20160415_160000_The_Place_for_Politics_2016/MSNBCW_20160415_160000_The_Place_for_Politics_2016.thumbs/MSNBCW_20160415_160000_The_Place_for_Politics_2016_000987.jpg,"is climate change. when he got the information, it was not a political decision. i can tell you, i was not involved in it. it's not a political trip. the campaign will pay for it. last night's debate."
https://archive.org/details/MSNBCW_20160428_100000_Morning_Joe#start/6621/end/6656,4/28/2016 11:50:36,MSNBC,Morning Joe,MSNBCW_20160428_100000_Morning_Joe,https://archive.org/download/MSNBCW_20160428_100000_Morning_Joe/MSNBCW_20160428_100000_Morning_Joe.thumbs/MSNBCW_20160428_100000_Morning_Joe_006597.jpg,"minimum wage, secretary clinton is for $12 minimum wage. i'm very firmly against fracking and concerned about climate change, secretary clinton has really supported fracking. as secretary of state very effectively. there are a lot of differences"
https://archive.org/details/MSNBCW_20160426_050000_Sanders_Town_Hall#start/320/end/355,4/26/2016 5:05:35,MSNBC,Sanders Town Hall,MSNBCW_20160426_050000_Sanders_Town_Hall,https://archive.org/download/MSNBCW_20160426_050000_Sanders_Town_Hall/MSNBCW_20160426_050000_Sanders_Town_Hall.thumbs/MSNBCW_20160426_050000_Sanders_Town_Hall_000297.jpg,"to the top 1%. are we doing enough to address the crisis of climate change and make sure the planet we leave our children and grandchildren is a planet. are we happy with a corrupt campaign finance system with"
https://archive.org/details/MSNBCW_20160426_050000_Sanders_Town_Hall#start/941/end/976,4/26/2016 5:15:56,MSNBC,Sanders Town Hall,MSNBCW_20160426_050000_Sanders_Town_Hall,https://archive.org/download/MSNBCW_20160426_050000_Sanders_Town_Hall/MSNBCW_20160426_050000_Sanders_Town_Hall.thumbs/MSNBCW_20160426_050000_Sanders_Town_Hall_000927.jpg,"they are way, way out of touch where where the american people are. these are people who almost without exception do not even recognize the reality of climate change let alone want to do anything about it."
https://archive.org/details/MSNBCW_20160415_140000_The_Place_for_Politics_2016#start/3526/end/3561,4/15/2016 14:59:01,MSNBC,The Place for Politics 2016,MSNBCW_20160415_140000_The_Place_for_Politics_2016,https://archive.org/download/MSNBCW_20160415_140000_The_Place_for_Politics_2016/MSNBCW_20160415_140000_The_Place_for_Politics_2016.thumbs/MSNBCW_20160415_140000_The_Place_for_Politics_2016_003507.jpg,"i have long been a supporter of the economic vision of pope francis, his views on climate change have played a profound role. let me tell you i'm a member of the senate committee on the"
https://archive.org/details/MSNBCW_20160408_010000_The_Rachel_Maddow_Show#start/1667/end/1702,4/8/2016 1:28:02,MSNBC,The Rachel Maddow Show,MSNBCW_20160408_010000_The_Rachel_Maddow_Show,https://archive.org/download/MSNBCW_20160408_010000_The_Rachel_Maddow_Show/MSNBCW_20160408_010000_The_Rachel_Maddow_Show.thumbs/MSNBCW_20160408_010000_The_Rachel_Maddow_Show_001647.jpg,"donald trump, i would have been decide myself. i'm glad i tried. i had some great friends that helped me. i'm proud of the issues we gave voice to, particularly immigration reform, climate change, the gun safety issue. also, the plight of america's"
https://archive.org/details/MSNBCW_20160401_150000_The_Place_for_Politics_2016#start/2084/end/2119,4/1/2016 15:34:59,MSNBC,The Place for Politics 2016,MSNBCW_20160401_150000_The_Place_for_Politics_2016,https://archive.org/download/MSNBCW_20160401_150000_The_Place_for_Politics_2016/MSNBCW_20160401_150000_The_Place_for_Politics_2016.thumbs/MSNBCW_20160401_150000_The_Place_for_Politics_2016_002067.jpg,"sanders is alleging that some kind of quid pro quo, where is the quo? she's been against having fossil fuel companies expand their production. she's been wanting to crack down on them, a leader on climate change. so there's nothing to this is"
https://archive.org/details/MSNBCW_20160414_080000_The_Rachel_Maddow_Show#start/2880/end/2915,4/14/2016 8:48:15,MSNBC,The Rachel Maddow Show,MSNBCW_20160414_080000_The_Rachel_Maddow_Show,https://archive.org/download/MSNBCW_20160414_080000_The_Rachel_Maddow_Show/MSNBCW_20160414_080000_The_Rachel_Maddow_Show.thumbs/MSNBCW_20160414_080000_The_Rachel_Maddow_Show_002877.jpg,"general election candidate. you mentioned the issue of guns. obviously, that's been a point of contention and you've been outspoken in criticizing senator sanders record and some of his more resent comments. we heard him single out climate change and income and equality"
https://archive.org/details/MSNBCW_20160406_020000_The_Last_Word_With_Lawrence_ODonnell#start/1753/end/1788,4/6/2016 2:29:28,MSNBC,The Last Word With Lawrence ODonnell,MSNBCW_20160406_020000_The_Last_Word_With_Lawrence_ODonnell,https://archive.org/download/MSNBCW_20160406_020000_The_Last_Word_With_Lawrence_ODonnell/MSNBCW_20160406_020000_The_Last_Word_With_Lawrence_ODonnell.thumbs/MSNBCW_20160406_020000_The_Last_Word_With_Lawrence_ODonnell_001737.jpg,"climate change is real, that it is caused by human activity, that it is already causing devastating problems in our country and around the world, how do we have a republican party that refuses to even acknowledge the reality of"
https://archive.org/details/MSNBCW_20160414_160000_The_Place_for_Politics_2016#start/1410/end/1445,4/14/2016 16:23:45,MSNBC,The Place for Politics 2016,MSNBCW_20160414_160000_The_Place_for_Politics_2016,https://archive.org/download/MSNBCW_20160414_160000_The_Place_for_Politics_2016/MSNBCW_20160414_160000_The_Place_for_Politics_2016.thumbs/MSNBCW_20160414_160000_The_Place_for_Politics_2016_001408.jpg,"everybody is talking about climate change. what he will do is the reason they're running is they're not on the same page. they have very different points of view on many, many issues and they will bring the country to"
https://archive.org/details/MSNBCW_20160404_160000_Andrea_Mitchell_Reports#start/808/end/843,4/4/2016 16:13:43,MSNBC,Andrea Mitchell Reports,MSNBCW_20160404_160000_Andrea_Mitchell_Reports,https://archive.org/download/MSNBCW_20160404_160000_Andrea_Mitchell_Reports/MSNBCW_20160404_160000_Andrea_Mitchell_Reports.thumbs/MSNBCW_20160404_160000_Andrea_Mitchell_Reports_000807.jpg,"that's not the kind of campaign he said he was going to run. if he wants a debate about climate change, there's one candidate who got something done. but that's hillary clinton. i know. but she was in copenhagen with"
https://archive.org/details/MSNBCW_20160404_080000_Meet_the_Press#start/614/end/649,4/4/2016 8:10:29,MSNBC,Meet the Press,MSNBCW_20160404_080000_Meet_the_Press,https://archive.org/download/MSNBCW_20160404_080000_Meet_the_Press/MSNBCW_20160404_080000_Meet_the_Press.thumbs/MSNBCW_20160404_080000_Meet_the_Press_000597.jpg,"climate change. and i have been working to try to move us away from fossil fuels for many years. when ias in the senate i introduced legislation toake away the subsidies. i voted against dick cheney's energy bill in 2005."
https://archive.org/details/MSNBCW_20160422_210000_MTP_Daily#start/2096/end/2131,4/22/2016 21:35:11,MSNBC,MTP Daily,MSNBCW_20160422_210000_MTP_Daily,https://archive.org/download/MSNBCW_20160422_210000_MTP_Daily/MSNBCW_20160422_210000_MTP_Daily.thumbs/MSNBCW_20160422_210000_MTP_Daily_002097.jpg,"especially green earth day. more than 150 countries signed the paris agreement on climate change at the u.n. the where. it is windsor castle. today president obama and the first lady had lunch with queen elizabeth, and this was one day"
https://archive.org/details/MSNBCW_20160425_100000_Morning_Joe#start/1912/end/1947,4/25/2016 10:32:07,MSNBC,Morning Joe,MSNBCW_20160425_100000_Morning_Joe,https://archive.org/download/MSNBCW_20160425_100000_Morning_Joe/MSNBCW_20160425_100000_Morning_Joe.thumbs/MSNBCW_20160425_100000_Morning_Joe_001887.jpg,"class, that we ought to figure out ways to pay workers more, to make our environment cleaner and address climate change, if they had the answers, it would make them almost like the other side. i think the arrogance to"
https://archive.org/details/MSNBCW_20160426_040000_Clinton_Town_Hall#start/615/end/650,4/26/2016 4:10:30,MSNBC,Clinton Town Hall,MSNBCW_20160426_040000_Clinton_Town_Hall,https://archive.org/download/MSNBCW_20160426_040000_Clinton_Town_Hall/MSNBCW_20160426_040000_Clinton_Town_Hall.thumbs/MSNBCW_20160426_040000_Clinton_Town_Hall_000597.jpg,"yeah, well. that would be worth seeing. you know, i tweeted i really am not looking for endorsements from people who deny climate change and who have the views that the koch brothers have had for so many years so i'm going"
https://archive.org/details/MSNBCW_20160420_020000_The_Last_Word_With_Lawrence_ODonnell#start/1636/end/1671,4/20/2016 2:27:31,MSNBC,The Last Word With Lawrence ODonnell,MSNBCW_20160420_020000_The_Last_Word_With_Lawrence_ODonnell,https://archive.org/download/MSNBCW_20160420_020000_The_Last_Word_With_Lawrence_ODonnell/MSNBCW_20160420_020000_The_Last_Word_With_Lawrence_ODonnell.thumbs/MSNBCW_20160420_020000_The_Last_Word_With_Lawrence_ODonnell_001618.jpg,"there are many places across our country where children and families are at risk from the water they drink and the air they breathe. let's combat climate change and make america the clean energy super power of the 21st century."
https://archive.org/details/MSNBCW_20160412_210000_MTP_Daily#start/2581/end/2616,4/12/2016 21:43:16,MSNBC,MTP Daily,MSNBCW_20160412_210000_MTP_Daily,https://archive.org/download/MSNBCW_20160412_210000_MTP_Daily/MSNBCW_20160412_210000_MTP_Daily.thumbs/MSNBCW_20160412_210000_MTP_Daily_002577.jpg,"social policy, right? whether it's on climate change or gay rights, what's the -- and today you're lending your hand to the issue of the war on drugs. where's this headed? and is -- do you want more corporations to join you on this? yes."
https://archive.org/details/MSNBCW_20160426_030000_Sanders_Town_Hall#start/1404/end/1439,4/26/2016 3:23:39,MSNBC,Sanders Town Hall,MSNBCW_20160426_030000_Sanders_Town_Hall,https://archive.org/download/MSNBCW_20160426_030000_Sanders_Town_Hall/MSNBCW_20160426_030000_Sanders_Town_Hall.thumbs/MSNBCW_20160426_030000_Sanders_Town_Hall_001378.jpg,"making sure that women do not continue to earn 79 cents on the dollar compared to men. aggressively addressing climate change or making sure public colleges or universities are tuition free. that is not going to be done by congress itself."
https://archive.org/details/MSNBCW_20160426_050000_Sanders_Town_Hall#start/1384/end/1419,4/26/2016 5:23:19,MSNBC,Sanders Town Hall,MSNBCW_20160426_050000_Sanders_Town_Hall,https://archive.org/download/MSNBCW_20160426_050000_Sanders_Town_Hall/MSNBCW_20160426_050000_Sanders_Town_Hall.thumbs/MSNBCW_20160426_050000_Sanders_Town_Hall_001377.jpg,"america starts investing in this country rather than china. making sure that women do not continue to earn 79 cents on the dollar compared to men. aggressively addressing climate change or making sure public colleges or universities are tuition free."
https://archive.org/details/MSNBCW_20160403_180000_Meet_the_Press#start/615/end/650,4/3/2016 18:10:30,MSNBC,Meet the Press,MSNBCW_20160403_180000_Meet_the_Press,https://archive.org/download/MSNBCW_20160403_180000_Meet_the_Press/MSNBCW_20160403_180000_Meet_the_Press.thumbs/MSNBCW_20160403_180000_Meet_the_Press_000597.jpg,"lying about my record. what are they lying about? well, let me first say that, you know, i'm used to criticism. i've been taking it for a very long time. but i care passionately about climate change. and i have been working to try"
https://archive.org/details/MSNBCW_20160408_150000_The_Place_for_Politics_2016#start/923/end/958,4/8/2016 15:15:38,MSNBC,The Place for Politics 2016,MSNBCW_20160408_150000_The_Place_for_Politics_2016,https://archive.org/download/MSNBCW_20160408_150000_The_Place_for_Politics_2016/MSNBCW_20160408_150000_The_Place_for_Politics_2016.thumbs/MSNBCW_20160408_150000_The_Place_for_Politics_2016_000897.jpg,"in the reality of climate change, let alone doing something about it. i think when the american people understand it, the republican party becomes a fringe party. now, on the other hand, you have other republicans who i think are sensible, more conservative than i am, obviously."
https://archive.org/details/MSNBCW_20160415_140000_The_Place_for_Politics_2016#start/3544/end/3579,4/15/2016 14:59:19,MSNBC,The Place for Politics 2016,MSNBCW_20160415_140000_The_Place_for_Politics_2016,https://archive.org/download/MSNBCW_20160415_140000_The_Place_for_Politics_2016/MSNBCW_20160415_140000_The_Place_for_Politics_2016.thumbs/MSNBCW_20160415_140000_The_Place_for_Politics_2016_003537.jpg,"environment. pope francis has played a profound role in turning many people's minds around about the urgency of the moment in terms of dealing with climate change. when i received this invitation -- yeah, i know it's talk taking me away from the campaign trail for a day."
https://archive.org/details/MSNBCW_20160412_060000_Hardball_With_Chris_Matthews#start/664/end/699,4/12/2016 6:11:19,MSNBC,Hardball With Chris Matthews,MSNBCW_20160412_060000_Hardball_With_Chris_Matthews,https://archive.org/download/MSNBCW_20160412_060000_Hardball_With_Chris_Matthews/MSNBCW_20160412_060000_Hardball_With_Chris_Matthews.thumbs/MSNBCW_20160412_060000_Hardball_With_Chris_Matthews_000657.jpg,"clinton did in terms of china and in terms of the march to the paris accord, biggest thing we've seen in years in terms of addressing climate change. on top of that, her campaign platform calls for taking away tax breaks from fossil fuel companies."
https://archive.org/details/MSNBCW_20160413_140000_The_Place_for_Politics_2016#start/1139/end/1174,4/13/2016 14:19:14,MSNBC,The Place for Politics 2016,MSNBCW_20160413_140000_The_Place_for_Politics_2016,https://archive.org/download/MSNBCW_20160413_140000_The_Place_for_Politics_2016/MSNBCW_20160413_140000_The_Place_for_Politics_2016.thumbs/MSNBCW_20160413_140000_The_Place_for_Politics_2016_001138.jpg,"but let me also say this is not just a major economic issue, which it certainly is. i'll tell you what it is also. i'm a member of the u.s. senate committee on the environment. and anyone who tells you that climate change is not real is"
https://archive.org/details/MSNBCW_20160426_160000_The_Place_for_Politics_2016#start/1247/end/1282,4/26/2016 16:21:02,MSNBC,The Place for Politics 2016,MSNBCW_20160426_160000_The_Place_for_Politics_2016,https://archive.org/download/MSNBCW_20160426_160000_The_Place_for_Politics_2016/MSNBCW_20160426_160000_The_Place_for_Politics_2016.thumbs/MSNBCW_20160426_160000_The_Place_for_Politics_2016_001227.jpg,"at the end when democrats look at the threats that republicans mean to working americans and families by opposing things like equal pay and opposing a raise in the minimum wage and denying climate change exists and just like in 2008 when more than 90%"
https://archive.org/details/MSNBCW_20160426_000000_Sanders_Town_Hall#start/956/end/991,4/26/2016 0:16:11,MSNBC,Sanders Town Hall,MSNBCW_20160426_000000_Sanders_Town_Hall,https://archive.org/download/MSNBCW_20160426_000000_Sanders_Town_Hall/MSNBCW_20160426_000000_Sanders_Town_Hall.thumbs/MSNBCW_20160426_000000_Sanders_Town_Hall_000957.jpg,"today moved so far to the right they are way, way out of touch where where the american people are. these are people who almost without exception do not even recognize the reality of climate change let alone want to do anything about it."
https://archive.org/details/MSNBCW_20160426_000000_Sanders_Town_Hall#start/339/end/374,4/26/2016 0:05:54,MSNBC,Sanders Town Hall,MSNBCW_20160426_000000_Sanders_Town_Hall,https://archive.org/download/MSNBCW_20160426_000000_Sanders_Town_Hall/MSNBCW_20160426_000000_Sanders_Town_Hall.thumbs/MSNBCW_20160426_000000_Sanders_Town_Hall_000327.jpg,"the crisis of climate change and make sure the planet we leave our children and grandchildren is a planet. are we happy with a corrupt campaign finance system with super pacs and billionaires buying elections? those are the issues we have got to focus on."
https://archive.org/details/MSNBCW_20160415_180000_The_Place_for_Politics_2016#start/195/end/230,4/15/2016 18:03:30,MSNBC,The Place for Politics 2016,MSNBCW_20160415_180000_The_Place_for_Politics_2016,https://archive.org/download/MSNBCW_20160415_180000_The_Place_for_Politics_2016/MSNBCW_20160415_180000_The_Place_for_Politics_2016.thumbs/MSNBCW_20160415_180000_The_Place_for_Politics_2016_000177.jpg,"issued a cyclical on-climate change. bernie sanders said again that the world needs to move away from an economy built on fossil fuels, that fossil fuels need to stay in the ground and that we need to do a better job of protecting our planet."
https://archive.org/details/MSNBCW_20160411_230000_Hardball_With_Chris_Matthews#start/670/end/705,4/11/2016 23:11:25,MSNBC,Hardball With Chris Matthews,MSNBCW_20160411_230000_Hardball_With_Chris_Matthews,https://archive.org/download/MSNBCW_20160411_230000_Hardball_With_Chris_Matthews/MSNBCW_20160411_230000_Hardball_With_Chris_Matthews.thumbs/MSNBCW_20160411_230000_Hardball_With_Chris_Matthews_000657.jpg,"what the president and hillary clinton did in terms of china and in terms of the march to the paris accord, biggest thing we've seen in years in terms of addressing climate change. on top of that, her campaign platform calls for taking away tax breaks from fossil fuel"
https://archive.org/details/MSNBCW_20160411_100000_Morning_Joe#start/10455/end/10490,4/11/2016 12:54:30,MSNBC,Morning Joe,MSNBCW_20160411_100000_Morning_Joe,https://archive.org/download/MSNBCW_20160411_100000_Morning_Joe/MSNBCW_20160411_100000_Morning_Joe.thumbs/MSNBCW_20160411_100000_Morning_Joe_010438.jpg,"huge global issues are receiving it seems to me almost no discussion whatsoever on the campaign trail in this campaign, not talking about global poverty, climate change largely. what can your group do to try to influence in a nonpartisan or bipartisan way to influence the actual discussion that's taking"
https://archive.org/details/MSNBCW_20160407_190000_The_Place_for_Politics_2016#start/3085/end/3120,4/7/2016 19:51:40,MSNBC,The Place for Politics 2016,MSNBCW_20160407_190000_The_Place_for_Politics_2016,https://archive.org/download/MSNBCW_20160407_190000_The_Place_for_Politics_2016/MSNBCW_20160407_190000_The_Place_for_Politics_2016.thumbs/MSNBCW_20160407_190000_The_Place_for_Politics_2016_003058.jpg,"against climate change. it is remarkable what you can do with your talents and it doesn't always get a lot of publicity but you can make a meaningful difference. one of the reasons i wanted to come back is to recruit you, to stay engaged, get involved, make"
https://archive.org/details/MSNBCW_20160403_130000_The_Place_for_Politics_2016#start/1493/end/1528,4/3/2016 13:25:08,MSNBC,The Place for Politics 2016,MSNBCW_20160403_130000_The_Place_for_Politics_2016,https://archive.org/download/MSNBCW_20160403_130000_The_Place_for_Politics_2016/MSNBCW_20160403_130000_The_Place_for_Politics_2016.thumbs/MSNBCW_20160403_130000_The_Place_for_Politics_2016_001468.jpg,"lady of the united states of america, the u.s. senator, secretary of state, even as secretary of state a lot of the things that senator sanders is talking about in terms of climate change, she led the effort. and so what we're seeing right now is secretary clinton really"
https://archive.org/details/MSNBCW_20160408_010000_The_Rachel_Maddow_Show#start/1925/end/1960,4/8/2016 1:32:20,MSNBC,The Rachel Maddow Show,MSNBCW_20160408_010000_The_Rachel_Maddow_Show,https://archive.org/download/MSNBCW_20160408_010000_The_Rachel_Maddow_Show/MSNBCW_20160408_010000_The_Rachel_Maddow_Show.thumbs/MSNBCW_20160408_010000_The_Rachel_Maddow_Show_001917.jpg,"meryl. i'm going to be be doing some teaching in the fall at a couple of universities in and around maryland. i'm going to be throwing my energies into climate change and to voting rights and to the future of america cities and do that from the highest and most"
https://archive.org/details/MSNBCW_20160415_140000_The_Place_for_Politics_2016#start/857/end/892,4/15/2016 14:14:32,MSNBC,The Place for Politics 2016,MSNBCW_20160415_140000_The_Place_for_Politics_2016,https://archive.org/download/MSNBCW_20160415_140000_The_Place_for_Politics_2016/MSNBCW_20160415_140000_The_Place_for_Politics_2016.thumbs/MSNBCW_20160415_140000_The_Place_for_Politics_2016_000837.jpg,"this is a chance of a lifetime. it is an opportunity for bernie sanders to talk about the issues that are very near and dear to his heart, such as income inequality and climate change, two issues where he agrees with pope francis. it also gives the sanders"
https://archive.org/details/MSNBCW_20160414_040000_The_Rachel_Maddow_Show#start/2908/end/2943,4/14/2016 4:48:43,MSNBC,The Rachel Maddow Show,MSNBCW_20160414_040000_The_Rachel_Maddow_Show,https://archive.org/download/MSNBCW_20160414_040000_The_Rachel_Maddow_Show/MSNBCW_20160414_040000_The_Rachel_Maddow_Show.thumbs/MSNBCW_20160414_040000_The_Rachel_Maddow_Show_002907.jpg,"hillary clinton. it will make her a stronger general election candidate. you mentioned the issue of guns. obviously, that's been a point of contention and you've been outspoken in criticizing senator sanders record and some of his more resent comments. we heard him single out climate change and income and equality"
https://archive.org/details/MSNBCW_20160414_220000_With_All_Due_Respect#start/3450/end/3485,4/14/2016 22:57:45,MSNBC,With All Due Respect,MSNBCW_20160414_220000_With_All_Due_Respect,https://archive.org/download/MSNBCW_20160414_220000_With_All_Due_Respect/MSNBCW_20160414_220000_With_All_Due_Respect.thumbs/MSNBCW_20160414_220000_With_All_Due_Respect_003448.jpg,"63% think climate change is a serious threat. wrong. a poll for everything. 2% of americans think compared with every other issue. the environment should get top priority. democrats do care. the only problem is, correct me if i'm wrong, hillary and bernie agree on a lot of policy."
https://archive.org/details/MSNBCW_20160425_080000_Meet_the_Press#start/1285/end/1320,4/25/2016 8:21:40,MSNBC,Meet the Press,MSNBCW_20160425_080000_Meet_the_Press,https://archive.org/download/MSNBCW_20160425_080000_Meet_the_Press/MSNBCW_20160425_080000_Meet_the_Press.thumbs/MSNBCW_20160425_080000_Meet_the_Press_001287.jpg,"divides us. i think the fact that all of us are in agreement that donald trump would be a disaster for this country if he became president, unites us. the fact that we understand, for example, that climate change is real while republican opponents ignore that reality unites us."
https://archive.org/details/MSNBCW_20160408_080000_The_Rachel_Maddow_Show#start/1916/end/1951,4/8/2016 8:32:11,MSNBC,The Rachel Maddow Show,MSNBCW_20160408_080000_The_Rachel_Maddow_Show,https://archive.org/download/MSNBCW_20160408_080000_The_Rachel_Maddow_Show/MSNBCW_20160408_080000_The_Rachel_Maddow_Show.thumbs/MSNBCW_20160408_080000_The_Rachel_Maddow_Show_001888.jpg,"i'm going to be be doing some teaching in the fall at a couple of universities in and around maryland. i'm going to be throwing my energies into climate change and to voting rights and to the future of america cities and do that from the highest and most"
https://archive.org/details/MSNBCW_20160425_060000_Meet_the_Press#start/1287/end/1322,4/25/2016 6:21:42,MSNBC,Meet the Press,MSNBCW_20160425_060000_Meet_the_Press,https://archive.org/download/MSNBCW_20160425_060000_Meet_the_Press/MSNBCW_20160425_060000_Meet_the_Press.thumbs/MSNBCW_20160425_060000_Meet_the_Press_001287.jpg,"divides us. i think the fact that all of us are in agreement that donald trump would be a disaster for this country if he became president, unites us. the fact that we understand, for example, that climate change is real while republican opponents ignore that reality unites us."
https://archive.org/details/MSNBCW_20160415_150000_The_Place_for_Politics_2016#start/36/end/71,4/15/2016 15:00:51,MSNBC,The Place for Politics 2016,MSNBCW_20160415_150000_The_Place_for_Politics_2016,https://archive.org/download/MSNBCW_20160415_150000_The_Place_for_Politics_2016/MSNBCW_20160415_150000_The_Place_for_Politics_2016.thumbs/MSNBCW_20160415_150000_The_Place_for_Politics_2016_000057.jpg,"he was talking about the church's views on climate change and also this pope. he made that quick trip. there have been a number of questions this week as we look at the poll numbers here in new york, and if we look at things like the delegate count, there's"
https://archive.org/details/MSNBCW_20160424_180000_Meet_the_Press#start/1309/end/1344,4/24/2016 18:22:04,MSNBC,Meet the Press,MSNBCW_20160424_180000_Meet_the_Press,https://archive.org/download/MSNBCW_20160424_180000_Meet_the_Press/MSNBCW_20160424_180000_Meet_the_Press.thumbs/MSNBCW_20160424_180000_Meet_the_Press_001287.jpg,"i think there's a lot that divides us. i think the fact that all of us are in agreement that donald trump would be a disaster for this country if he became president, unites us. the fact that we understand, for example, that climate change is real while republican opponents"
https://archive.org/details/MSNBCW_20160426_030000_Sanders_Town_Hall#start/330/end/365,4/26/2016 3:05:45,MSNBC,Sanders Town Hall,MSNBCW_20160426_030000_Sanders_Town_Hall,https://archive.org/download/MSNBCW_20160426_030000_Sanders_Town_Hall/MSNBCW_20160426_030000_Sanders_Town_Hall.thumbs/MSNBCW_20160426_030000_Sanders_Town_Hall_000328.jpg,"people we got to talk about. why is the middle class declining for the last 35 years? are we happy? 58% of all new income is going to the top 1%. are we doing enough to address the crisis of climate change and make sure the planet we leave"
https://archive.org/details/MSNBCW_20160426_030000_Sanders_Town_Hall#start/960/end/995,4/26/2016 3:16:15,MSNBC,Sanders Town Hall,MSNBCW_20160426_030000_Sanders_Town_Hall,https://archive.org/download/MSNBCW_20160426_030000_Sanders_Town_Hall/MSNBCW_20160426_030000_Sanders_Town_Hall.thumbs/MSNBCW_20160426_030000_Sanders_Town_Hall_000958.jpg,"they are way, way out of touch where where the american people are. these are people who almost without exception do not even recognize the reality of climate change let alone want to do anything about it. they want to cut social security and give tax breaks to"
https://archive.org/details/MSNBCW_20160415_140000_The_Place_for_Politics_2016#start/3632/end/3667,4/15/2016 15:00:47,MSNBC,The Place for Politics 2016,MSNBCW_20160415_140000_The_Place_for_Politics_2016,https://archive.org/download/MSNBCW_20160415_140000_The_Place_for_Politics_2016/MSNBCW_20160415_140000_The_Place_for_Politics_2016.thumbs/MSNBCW_20160415_140000_The_Place_for_Politics_2016_003627.jpg,"words he said that was so moving he could not refuse to come. he was talking about the church's views on climate change and also this pope. he made that quick trip. there have been a number of questions this week as we look at the poll numbers here in new"
https://archive.org/details/MSNBCW_20160416_140000_The_Place_for_Politics_2016#start/409/end/444,4/16/2016 14:07:04,MSNBC,The Place for Politics 2016,MSNBCW_20160416_140000_The_Place_for_Politics_2016,https://archive.org/download/MSNBCW_20160416_140000_The_Place_for_Politics_2016/MSNBCW_20160416_140000_The_Place_for_Politics_2016.thumbs/MSNBCW_20160416_140000_The_Place_for_Politics_2016_000387.jpg,"that debate, particularly on the issue of climate change, where the republicans don't even believe in science going and making those clear contrasts. yeah, and hugh, i'll come back to you on that. it is true that the amount of time spent between bernie sanders and hillary clinton attacking each other did allow"
https://archive.org/details/MSNBCW_20160427_150000_The_Place_for_Politics_2016#start/1489/end/1524,4/27/2016 15:25:04,MSNBC,The Place for Politics 2016,MSNBCW_20160427_150000_The_Place_for_Politics_2016,https://archive.org/download/MSNBCW_20160427_150000_The_Place_for_Politics_2016/MSNBCW_20160427_150000_The_Place_for_Politics_2016.thumbs/MSNBCW_20160427_150000_The_Place_for_Politics_2016_001468.jpg,"morning by his communications director who travels with him for the first time really looking at the platform. he calls this a movement. what are the priorities of this movement, from climate change to pay equity to health care. what will he prioritize and what is realistic. they're also looking at the"
https://archive.org/details/MSNBCW_20160426_150000_The_Place_for_Politics_2016#start/1964/end/1999,4/26/2016 15:32:59,MSNBC,The Place for Politics 2016,MSNBCW_20160426_150000_The_Place_for_Politics_2016,https://archive.org/download/MSNBCW_20160426_150000_The_Place_for_Politics_2016/MSNBCW_20160426_150000_The_Place_for_Politics_2016.thumbs/MSNBCW_20160426_150000_The_Place_for_Politics_2016_001947.jpg,"much as democrats we share the common values and what we need our next president to do, to fight climate change, to hold wall street accountable, to raise the minimum wage, so we're all going to have a role to play in that. and i think what's really important is in 2008, you know,"
https://archive.org/details/MSNBCW_20160426_150000_The_Place_for_Politics_2016#start/2105/end/2140,4/26/2016 15:35:20,MSNBC,The Place for Politics 2016,MSNBCW_20160426_150000_The_Place_for_Politics_2016,https://archive.org/download/MSNBCW_20160426_150000_The_Place_for_Politics_2016/MSNBCW_20160426_150000_The_Place_for_Politics_2016.thumbs/MSNBCW_20160426_150000_The_Place_for_Politics_2016_002097.jpg,"inequality, universal health care, climate change would have been raised to the level they are without senator bernie sanders in this race. but if we look at what his message has been for the campaign trail so far through this primary and just look at the basic math out of this and"
https://archive.org/details/MSNBCW_20160415_180000_The_Place_for_Politics_2016#start/177/end/212,4/15/2016 18:03:12,MSNBC,The Place for Politics 2016,MSNBCW_20160415_180000_The_Place_for_Politics_2016,https://archive.org/download/MSNBCW_20160415_180000_The_Place_for_Politics_2016/MSNBCW_20160415_180000_The_Place_for_Politics_2016.thumbs/MSNBCW_20160415_180000_The_Place_for_Politics_2016_000177.jpg,"pontifical school of social sciences today. it was a speech that very closely mirrored what he said in the united states. a short version, it was only about 10 minutes or so, but he focused on, first of all, climate change. no surprise here because pope francis in the past year has"
https://archive.org/details/MSNBCW_20160408_040000_The_Rachel_Maddow_Show#start/1922/end/1957,4/8/2016 4:32:17,MSNBC,The Rachel Maddow Show,MSNBCW_20160408_040000_The_Rachel_Maddow_Show,https://archive.org/download/MSNBCW_20160408_040000_The_Rachel_Maddow_Show/MSNBCW_20160408_040000_The_Rachel_Maddow_Show.thumbs/MSNBCW_20160408_040000_The_Rachel_Maddow_Show_001917.jpg,"i'm going to be throwing my energies into climate change and to voting rights and to the future of america cities and do that from the highest and most important office in the land and that is the office of citizen. that's what i'm going to be doing. i look forward, hopefully, to being part of the healing that's"
https://archive.org/details/MSNBCW_20160405_100000_Morning_Joe#start/6551/end/6586,4/5/2016 11:49:26,MSNBC,Morning Joe,MSNBCW_20160405_100000_Morning_Joe,https://archive.org/download/MSNBCW_20160405_100000_Morning_Joe/MSNBCW_20160405_100000_Morning_Joe.thumbs/MSNBCW_20160405_100000_Morning_Joe_006537.jpg,"let's talk about climate change. you're here to give a big speech on that. who can you persuade in america? the country is so divided on this issue. so many people who don't see this as you do as a big threat that the u.s. needs to lead on. who do you persuade and how do"
