﻿URL,MatchDateTime,Station,Show,IAShowID,IAPreviewThumb,Snippet
https://archive.org/details/MSNBC_20110528_120000_MSNBC_News_Live#start/2714/end/2749,5/28/2011 12:45:29,MSNBC,MSNBC News Live,MSNBC_20110528_120000_MSNBC_News_Live,https://archive.org/download/MSNBC_20110528_120000_MSNBC_News_Live/MSNBC_20110528_120000_MSNBC_News_Live.thumbs/MSNBC_20110528_120000_MSNBC_News_Live_002694.jpg,"lot of basic research dollars into this clean energy space because we think it's going to be important not only for our individual countries but for dealing with greenhouse gases and climb change. -- climate change.            _"
https://archive.org/details/MSNBC_20110527_220000_MSNBC_Live#start/1760/end/1795,5/27/2011 22:29:35,MSNBC,MSNBC Live,MSNBC_20110527_220000_MSNBC_Live,https://archive.org/download/MSNBC_20110527_220000_MSNBC_Live/MSNBC_20110527_220000_MSNBC_Live.thumbs/MSNBC_20110527_220000_MSNBC_Live_001735.jpg,"the state then funded 12 large-scale solar projects expected to produce enough electricity to power 20000 clubs. and the greenhouse gases have"
https://archive.org/details/MSNBC_20110512_230000_Hardball_With_Chris_Matthews#start/2296/end/2331,5/12/2011 23:38:31,MSNBC,Hardball With Chris Matthews,MSNBC_20110512_230000_Hardball_With_Chris_Matthews,https://archive.org/download/MSNBC_20110512_230000_Hardball_With_Chris_Matthews/MSNBC_20110512_230000_Hardball_With_Chris_Matthews.thumbs/MSNBC_20110512_230000_Hardball_With_Chris_Matthews_002274.jpg,"what's remarkable to me is that such a disparate group of people come together, my son said that having me and senator kennedy on the same stage will behind the same piece of landmark legislation will help slow global warming."
https://archive.org/details/MSNBC_20110518_200000_The_Dylan_Ratigan_Show#start/1350/end/1385,5/18/2011 20:22:45,MSNBC,The Dylan Ratigan Show,MSNBC_20110518_200000_The_Dylan_Ratigan_Show,https://archive.org/download/MSNBC_20110518_200000_The_Dylan_Ratigan_Show/MSNBC_20110518_200000_The_Dylan_Ratigan_Show.thumbs/MSNBC_20110518_200000_The_Dylan_Ratigan_Show_001345.jpg,"well, i have a related idea, i think ezra's point is a good one. i think what this country needs is real move tonight lower the voting age to 10 because we need a way to galvanize discussion on the fact that everything from the debt to climate change to"
https://archive.org/details/MSNBC_20110506_160000_MSNBC_News_Live#start/2060/end/2095,5/6/2011 16:34:35,MSNBC,MSNBC News Live,MSNBC_20110506_160000_MSNBC_News_Live,https://archive.org/download/MSNBC_20110506_160000_MSNBC_News_Live/MSNBC_20110506_160000_MSNBC_News_Live.thumbs/MSNBC_20110506_160000_MSNBC_News_Live_002035.jpg,"gain or the most to lose in this. you know, it's not clear if he really gained or lost. he was strong on president obama when talking about him. but the problem for tim pawlenty is that, you know, he had a lot of tough questions asked of him, in particular of climate change,"
https://archive.org/details/MSNBC_20110523_220000_MSNBC_Live#start/298/end/333,5/23/2011 22:05:13,MSNBC,MSNBC Live,MSNBC_20110523_220000_MSNBC_Live,https://archive.org/download/MSNBC_20110523_220000_MSNBC_Live/MSNBC_20110523_220000_MSNBC_Live.thumbs/MSNBC_20110523_220000_MSNBC_Live_000270.jpg,"patina of bipartisanship. you look at someone like jon huntsman who i think is a -- who's kind of artfully explained he didn't mean it on global warming and climate change, because you can't do it right now with this economy, who said,"
https://archive.org/details/MSNBC_20110526_230000_Hardball_With_Chris_Matthews#start/1724/end/1759,5/26/2011 23:28:59,MSNBC,Hardball With Chris Matthews,MSNBC_20110526_230000_Hardball_With_Chris_Matthews,https://archive.org/download/MSNBC_20110526_230000_Hardball_With_Chris_Matthews/MSNBC_20110526_230000_Hardball_With_Chris_Matthews.thumbs/MSNBC_20110526_230000_Hardball_With_Chris_Matthews_001645.jpg," flash! ah ahh. back to 'hardball.' now to the sideshow. first up, we know that rain forests are our best allies in reducing greenhouse gases. so here is dana rohrabacher"
https://archive.org/details/MSNBC_20110527_220000_MSNBC_Live#start/1730/end/1765,5/27/2011 22:29:05,MSNBC,MSNBC Live,MSNBC_20110527_220000_MSNBC_Live,https://archive.org/download/MSNBC_20110527_220000_MSNBC_Live/MSNBC_20110527_220000_MSNBC_Live.thumbs/MSNBC_20110527_220000_MSNBC_Live_001705.jpg,"greenhouse gas initiative, a program that he set amounts to a tax. the whole system is not working as it was intended to work. it's a failure. we have an obligation to reduce our greenhouse gas emissions. we're going to do it in the"
https://archive.org/details/MSNBC_20110527_060000_Hardball_With_Chris_Matthews#start/1713/end/1748,5/27/2011 6:28:48,MSNBC,Hardball With Chris Matthews,MSNBC_20110527_060000_Hardball_With_Chris_Matthews,https://archive.org/download/MSNBC_20110527_060000_Hardball_With_Chris_Matthews/MSNBC_20110527_060000_Hardball_With_Chris_Matthews.thumbs/MSNBC_20110527_060000_Hardball_With_Chris_Matthews_001705.jpg,"forests are our best allies in reducing greenhouse gases. so here is dana rohrabacher talking about how to get rid of the rain forest. quote, is there some thought being given to subsidizing the clearing, in order for some countries to eliminate that"
https://archive.org/details/MSNBC_20110526_230000_Hardball_With_Chris_Matthews#start/1739/end/1774,5/26/2011 23:29:14,MSNBC,Hardball With Chris Matthews,MSNBC_20110526_230000_Hardball_With_Chris_Matthews,https://archive.org/download/MSNBC_20110526_230000_Hardball_With_Chris_Matthews/MSNBC_20110526_230000_Hardball_With_Chris_Matthews.thumbs/MSNBC_20110526_230000_Hardball_With_Chris_Matthews_001735.jpg,"talking about how to get rid of the rain forest. quote, is there some thought being given to subsidizing the clearing, in order for some countries to eliminate that production of greenhouse gases? yes, it's just as ridiculous as it sounds. politico checked with a climate"
https://archive.org/details/MSNBC_20110527_060000_Hardball_With_Chris_Matthews#start/1729/end/1764,5/27/2011 6:29:04,MSNBC,Hardball With Chris Matthews,MSNBC_20110527_060000_Hardball_With_Chris_Matthews,https://archive.org/download/MSNBC_20110527_060000_Hardball_With_Chris_Matthews/MSNBC_20110527_060000_Hardball_With_Chris_Matthews.thumbs/MSNBC_20110527_060000_Hardball_With_Chris_Matthews_001705.jpg,"production of greenhouse gases? yes, it's just as ridiculous as it sounds. politico checked with a climate expert who confirmed that trees, far from being the problem, actually end up absorbing large amounts of carb been dioxide. you may want to let congressman rohrabacher know that."
https://archive.org/details/MSNBC_20110516_200000_The_Dylan_Ratigan_Show#start/1857/end/1892,5/16/2011 20:31:12,MSNBC,The Dylan Ratigan Show,MSNBC_20110516_200000_The_Dylan_Ratigan_Show,https://archive.org/download/MSNBC_20110516_200000_The_Dylan_Ratigan_Show/MSNBC_20110516_200000_The_Dylan_Ratigan_Show.thumbs/MSNBC_20110516_200000_The_Dylan_Ratigan_Show_001830.jpg,"to do stupid things. i feel like i would love to write a book called wolfowitz, gore, paulson, obama about scaring us into the iraq war. trying to stair us into passing some bloeb al warming -- global       _"
https://archive.org/details/MSNBC_20110526_200000_The_Dylan_Ratigan_Show#start/2349/end/2384,5/26/2011 20:39:24,MSNBC,The Dylan Ratigan Show,MSNBC_20110526_200000_The_Dylan_Ratigan_Show,https://archive.org/download/MSNBC_20110526_200000_The_Dylan_Ratigan_Show/MSNBC_20110526_200000_The_Dylan_Ratigan_Show.thumbs/MSNBC_20110526_200000_The_Dylan_Ratigan_Show_002304.jpg,"its unique itch shield technology lasts longer than the leading cream. for 12 hour protection. for long lasting protection try cortaid. tree huggers of america, this might be hard to hear. but cot way it stop global"
https://archive.org/details/MSNBC_20110524_220000_MSNBC_Live#start/3264/end/3299,5/24/2011 22:54:39,MSNBC,MSNBC Live,MSNBC_20110524_220000_MSNBC_Live,https://archive.org/download/MSNBC_20110524_220000_MSNBC_Live/MSNBC_20110524_220000_MSNBC_Live.thumbs/MSNBC_20110524_220000_MSNBC_Live_003240.jpg,"on here? you said this sun believable and unprecedented, three. f 5s and possibly an ef 4, what in the world is going on? everyone, i can't walk down the block without somebody asking me is this climate"
https://archive.org/details/MSNBC_20110521_000000_The_Last_Word#start/359/end/394,5/21/2011 0:06:14,MSNBC,The Last Word,MSNBC_20110521_000000_The_Last_Word,https://archive.org/download/MSNBC_20110521_000000_The_Last_Word/MSNBC_20110521_000000_The_Last_Word.thumbs/MSNBC_20110521_000000_The_Last_Word_000360.jpg,"on climate change -- do you believe that climate change is caused in part by human behavior? i think the scientific community would suggest that to be the case. i think in a world like we have, we should be deferring to the scientific community and not the"
https://archive.org/details/MSNBC_20110526_210000_Hardball_With_Chris_Matthews#start/1711/end/1746,5/26/2011 21:28:46,MSNBC,Hardball With Chris Matthews,MSNBC_20110526_210000_Hardball_With_Chris_Matthews,https://archive.org/download/MSNBC_20110526_210000_Hardball_With_Chris_Matthews/MSNBC_20110526_210000_Hardball_With_Chris_Matthews.thumbs/MSNBC_20110526_210000_Hardball_With_Chris_Matthews_001710.jpg,"back to 'hardball.' now on a side show, first up, we know that rain forests are our best alally in reducing greenhouse gas. so here is dana rohrabacher"
https://archive.org/details/MSNBC_20110523_180000_News_Nation#start/2098/end/2133,5/23/2011 18:35:13,MSNBC,News Nation,MSNBC_20110523_180000_News_Nation,https://archive.org/download/MSNBC_20110523_180000_News_Nation/MSNBC_20110523_180000_News_Nation.thumbs/MSNBC_20110523_180000_News_Nation_000020.jpg,"we're getting hail and high winds right now from texas, i believe, all the way through the midwest. is this a result of climate change or an effect of climate change? well, i can't speak for hurricanes, but for tornadoes and super cells, i don't think we can prove whether or not the"
https://archive.org/details/MSNBC_20110524_220000_MSNBC_Live#start/3295/end/3330,5/24/2011 22:55:10,MSNBC,MSNBC Live,MSNBC_20110524_220000_MSNBC_Live,https://archive.org/download/MSNBC_20110524_220000_MSNBC_Live/MSNBC_20110524_220000_MSNBC_Live.thumbs/MSNBC_20110524_220000_MSNBC_Live_003270.jpg,"i tell you it is climate change and then i couldn't prove it or tell you has nothing to do with climate change and i comment prove it either, the science isn't there to prove the individual events are tied with what's going on in the atmosphere. it is just un -- unfortunately -- i got you on that, bill"
https://archive.org/details/MSNBC_20110526_180000_News_Nation#start/2508/end/2543,5/26/2011 18:42:03,MSNBC,News Nation,MSNBC_20110526_180000_News_Nation,https://archive.org/download/MSNBC_20110526_180000_News_Nation/MSNBC_20110526_180000_News_Nation.thumbs/MSNBC_20110526_180000_News_Nation_002484.jpg,"it is due out june 8th. and republican governor chris christie of new jersey is pulls his state out of a ten-state regional greenhouse gas program. he calls the program a failure and says it's infective at"
https://archive.org/details/MSNBC_20110520_220000_MSNBC_Live#start/476/end/511,5/20/2011 22:08:11,MSNBC,MSNBC Live,MSNBC_20110520_220000_MSNBC_Live,https://archive.org/download/MSNBC_20110520_220000_MSNBC_Live/MSNBC_20110520_220000_MSNBC_Live.thumbs/MSNBC_20110520_220000_MSNBC_Live_000480.jpg,"what's happened to the republican party there? what happens is back then you get cap and trade, global warming, everybody is for it. a lot of the republicans, like"
https://archive.org/details/MSNBC_20110525_040000_The_Rachel_Maddow_Show#start/1871/end/1906,5/25/2011 4:31:26,MSNBC,The Rachel Maddow Show,MSNBC_20110525_040000_The_Rachel_Maddow_Show,https://archive.org/download/MSNBC_20110525_040000_The_Rachel_Maddow_Show/MSNBC_20110525_040000_The_Rachel_Maddow_Show.thumbs/MSNBC_20110525_040000_The_Rachel_Maddow_Show_001860.jpg,"change it. so pawlenty used to believe in doing something about global warming. before he didn't. romney has his change. newt gingrich said on medicare, this ryan proposal was a bad"
https://archive.org/details/MSNBC_20110531_220000_MSNBC_Live#start/1786/end/1821,5/31/2011 22:30:01,MSNBC,MSNBC Live,MSNBC_20110531_220000_MSNBC_Live,https://archive.org/download/MSNBC_20110531_220000_MSNBC_Live/MSNBC_20110531_220000_MSNBC_Live.thumbs/MSNBC_20110531_220000_MSNBC_Live_001770.jpg,"environmental protection agency. he voted for the bunnell tote cut the epa's funding by about a third. he also voted to ban funding for the e too. enforce any regulations related to greenhouse gas emissions. but as think progress reports, barletta suddenly thinks the epa"
https://archive.org/details/MSNBC_20110526_200000_The_Dylan_Ratigan_Show#start/2236/end/2271,5/26/2011 20:37:31,MSNBC,The Dylan Ratigan Show,MSNBC_20110526_200000_The_Dylan_Ratigan_Show,https://archive.org/download/MSNBC_20110526_200000_The_Dylan_Ratigan_Show/MSNBC_20110526_200000_The_Dylan_Ratigan_Show.thumbs/MSNBC_20110526_200000_The_Dylan_Ratigan_Show_002154.jpg,"told, trees are to blame for global warming. just kidding, but the lawmakers seriously pedaling this bopper, next. she felt lost. until the combination of three good probiotics in phillips' colon health"
https://archive.org/details/MSNBC_20110518_060000_Hardball_With_Chris_Matthews#start/270/end/305,5/18/2011 6:04:45,MSNBC,Hardball With Chris Matthews,MSNBC_20110518_060000_Hardball_With_Chris_Matthews,https://archive.org/download/MSNBC_20110518_060000_Hardball_With_Chris_Matthews/MSNBC_20110518_060000_Hardball_With_Chris_Matthews.thumbs/MSNBC_20110518_060000_Hardball_With_Chris_Matthews_000270.jpg,"where you can't cop to evolutioning? global warming i can sort of understand though not really if you read three things in your life, aid understand that it is really happening, but evolution,"
https://archive.org/details/MSNBC_20110523_180000_News_Nation#start/2145/end/2180,5/23/2011 18:36:00,MSNBC,News Nation,MSNBC_20110523_180000_News_Nation,https://archive.org/download/MSNBC_20110523_180000_News_Nation/MSNBC_20110523_180000_News_Nation.thumbs/MSNBC_20110523_180000_News_Nation_000020.jpg,"we were talking about global warming. dr. howard bluestein from the university of oklahoma. thank you so much. thank you. right now president obama and the first lady are still in dublin where the president"
https://archive.org/details/MSNBC_20110513_060000_Hardball_With_Chris_Matthews#start/2311/end/2346,5/13/2011 6:38:46,MSNBC,Hardball With Chris Matthews,MSNBC_20110513_060000_Hardball_With_Chris_Matthews,https://archive.org/download/MSNBC_20110513_060000_Hardball_With_Chris_Matthews/MSNBC_20110513_060000_Hardball_With_Chris_Matthews.thumbs/MSNBC_20110513_060000_Hardball_With_Chris_Matthews_002310.jpg,"landmark legislation will help slow global warming. that's because hell has frozen over. he jumped on his own line there. he was a moderate governor of massachusetts as you'd have to be as a republican."
https://archive.org/details/MSNBC_20110518_060000_Hardball_With_Chris_Matthews#start/2488/end/2523,5/18/2011 6:41:43,MSNBC,Hardball With Chris Matthews,MSNBC_20110518_060000_Hardball_With_Chris_Matthews,https://archive.org/download/MSNBC_20110518_060000_Hardball_With_Chris_Matthews/MSNBC_20110518_060000_Hardball_With_Chris_Matthews.thumbs/MSNBC_20110518_060000_Hardball_With_Chris_Matthews_002460.jpg,"right crowd. you're absolutely right. she could win the nomination, not but not the general election, only 15 to 20% of the people are people that don't believe global warming is happening are homophobic bigots"
https://archive.org/details/MSNBC_20110525_080000_The_Rachel_Maddow_Show#start/1876/end/1911,5/25/2011 8:31:31,MSNBC,The Rachel Maddow Show,MSNBC_20110525_080000_The_Rachel_Maddow_Show,https://archive.org/download/MSNBC_20110525_080000_The_Rachel_Maddow_Show/MSNBC_20110525_080000_The_Rachel_Maddow_Show.thumbs/MSNBC_20110525_080000_The_Rachel_Maddow_Show_001860.jpg,"change it. so pawlenty used to believe in doing something about global warming before he didn't. newt gingrich said on medicare that this ryan proposal was a bad idea. his problem is he just took the position prematurely because"
https://archive.org/details/MSNBC_20110517_230000_Hardball_With_Chris_Matthews#start/2478/end/2513,5/17/2011 23:41:33,MSNBC,Hardball With Chris Matthews,MSNBC_20110517_230000_Hardball_With_Chris_Matthews,https://archive.org/download/MSNBC_20110517_230000_Hardball_With_Chris_Matthews/MSNBC_20110517_230000_Hardball_With_Chris_Matthews.thumbs/MSNBC_20110517_230000_Hardball_With_Chris_Matthews_002453.jpg,"you're absolutely right. she could win the nomination, not but not the general election, only 15 to 20% of the people are people that don't believe global warming is happening are homophobic bigots that sort of stuff, the people"
https://archive.org/details/MSNBC_20110511_130000_The_Daily_Rundown#start/2363/end/2398,5/11/2011 13:39:38,MSNBC,The Daily Rundown,MSNBC_20110511_130000_The_Daily_Rundown,https://archive.org/download/MSNBC_20110511_130000_The_Daily_Rundown/MSNBC_20110511_130000_The_Daily_Rundown.thumbs/MSNBC_20110511_130000_The_Daily_Rundown_002340.jpg,"example of a pragmatic policymaker. we can agree or disagree on the facts more information is known now about the bad scholarship behind alleged global warming than was known then. if that's the worst that anyone"
https://archive.org/details/MSNBC_20110517_210000_Hardball_With_Chris_Matthews#start/2494/end/2529,5/17/2011 21:41:49,MSNBC,Hardball With Chris Matthews,MSNBC_20110517_210000_Hardball_With_Chris_Matthews,https://archive.org/download/MSNBC_20110517_210000_Hardball_With_Chris_Matthews/MSNBC_20110517_210000_Hardball_With_Chris_Matthews.thumbs/MSNBC_20110517_210000_Hardball_With_Chris_Matthews_002490.jpg,"caucuses are the far right crowd. you're right. she could potentially win the nomination but she can't win the general election. 15 to 20% of the country, that don't believe the global warming, home foamic bigots,"
https://archive.org/details/MSNBC_20110517_010000_The_Rachel_Maddow_Show#start/251/end/286,5/17/2011 1:04:26,MSNBC,The Rachel Maddow Show,MSNBC_20110517_010000_The_Rachel_Maddow_Show,https://archive.org/download/MSNBC_20110517_010000_The_Rachel_Maddow_Show/MSNBC_20110517_010000_The_Rachel_Maddow_Show.thumbs/MSNBC_20110517_010000_The_Rachel_Maddow_Show_000240.jpg,"and trade for global warming. he's voted against his own position on intervening in libya. th it is a survivorable thing for a presidential candidate to get confused about his or her position on a specific thing or"
https://archive.org/details/MSNBC_20110526_180000_News_Nation#start/2525/end/2560,5/26/2011 18:42:20,MSNBC,News Nation,MSNBC_20110526_180000_News_Nation,https://archive.org/download/MSNBC_20110526_180000_News_Nation/MSNBC_20110526_180000_News_Nation.thumbs/MSNBC_20110526_180000_News_Nation_002514.jpg,"combatting global warming. and big praise for congressman paul ryan from wisconsin. just as his plan was rejected by a 40-57 vote, former vice president dick cheney says, quote, i worship the ground that paul ryan walks on."
https://archive.org/details/MSNBC_20110523_180000_News_Nation#start/2112/end/2147,5/23/2011 18:35:27,MSNBC,News Nation,MSNBC_20110523_180000_News_Nation,https://archive.org/download/MSNBC_20110523_180000_News_Nation/MSNBC_20110523_180000_News_Nation.thumbs/MSNBC_20110523_180000_News_Nation_000020.jpg,"occurrences of all these bad events this year are due to global warming whatsoever. they could be simply due to natural variability. after all, when we think back to some of the other historic events like april 30th, 1974, of"
https://archive.org/details/MSNBC_20110512_210000_Hardball_With_Chris_Matthews#start/2325/end/2360,5/12/2011 21:39:00,MSNBC,Hardball With Chris Matthews,MSNBC_20110512_210000_Hardball_With_Chris_Matthews,https://archive.org/download/MSNBC_20110512_210000_Hardball_With_Chris_Matthews/MSNBC_20110512_210000_Hardball_With_Chris_Matthews.thumbs/MSNBC_20110512_210000_Hardball_With_Chris_Matthews_002304.jpg,"help slow global warming. that's because hell is frozen over. he jumped on his own line there. he was a modern governor of massachusetts as you'd have to be as a republican. he sort of trims his sails, if he has any sails."
https://archive.org/details/MSNBC_20110517_080000_The_Rachel_Maddow_Show#start/234/end/269,5/17/2011 8:04:09,MSNBC,The Rachel Maddow Show,MSNBC_20110517_080000_The_Rachel_Maddow_Show,https://archive.org/download/MSNBC_20110517_080000_The_Rachel_Maddow_Show/MSNBC_20110517_080000_The_Rachel_Maddow_Show.thumbs/MSNBC_20110517_080000_The_Rachel_Maddow_Show_000236.jpg,"this morning he put out a web video denouncing the individual mandate in health care reform. newt gingrich has come out against his own advocacy as cap and trade for global warming. he's voted against his own position on intervening in"
https://archive.org/details/MSNBC_20110521_000000_The_Last_Word#start/513/end/548,5/21/2011 0:08:48,MSNBC,The Last Word,MSNBC_20110521_000000_The_Last_Word,https://archive.org/download/MSNBC_20110521_000000_The_Last_Word/MSNBC_20110521_000000_The_Last_Word.thumbs/MSNBC_20110521_000000_The_Last_Word_000510.jpg,"and then he answers other questions in something that in a zone that is not considered republican orthodox and can get you in trouble only with republicans on global warming and gay rights, for example. yeah, that's right. huntsman, one of the reasons"
https://archive.org/details/MSNBC_20110517_210000_Hardball_With_Chris_Matthews#start/989/end/1024,5/17/2011 21:16:44,MSNBC,Hardball With Chris Matthews,MSNBC_20110517_210000_Hardball_With_Chris_Matthews,https://archive.org/download/MSNBC_20110517_210000_Hardball_With_Chris_Matthews/MSNBC_20110517_210000_Hardball_With_Chris_Matthews.thumbs/MSNBC_20110517_210000_Hardball_With_Chris_Matthews_000990.jpg,"there because what sort of a country is this where you can't cop to evolution? i mean, global warming i sort of understand though not really if you read three things in your life, you understand but evolution i thought we settled"
https://archive.org/details/MSNBC_20110504_080000_The_Rachel_Maddow_Show#start/1468/end/1503,5/4/2011 8:24:43,MSNBC,The Rachel Maddow Show,MSNBC_20110504_080000_The_Rachel_Maddow_Show,https://archive.org/download/MSNBC_20110504_080000_The_Rachel_Maddow_Show/MSNBC_20110504_080000_The_Rachel_Maddow_Show.thumbs/MSNBC_20110504_080000_The_Rachel_Maddow_Show_001465.jpg,"osama bin laden story to advance whatever your particular prepackaged political point might be about torture or interrogation or intelligence gathering or the presidency of george w. bush or the presidency of barack obama or global warming or light rail or whatever, caution."
https://archive.org/details/MSNBC_20110504_010000_The_Rachel_Maddow_Show#start/1479/end/1514,5/4/2011 1:24:54,MSNBC,The Rachel Maddow Show,MSNBC_20110504_010000_The_Rachel_Maddow_Show,https://archive.org/download/MSNBC_20110504_010000_The_Rachel_Maddow_Show/MSNBC_20110504_010000_The_Rachel_Maddow_Show.thumbs/MSNBC_20110504_010000_The_Rachel_Maddow_Show_001470.jpg,"might be about torture or intelligence or interrogation or the presidency of george w. bush or global warming or light rail or whatever, caution. think twice. think three times. whether it is the fog of war or sloppiness or we're just going"
https://archive.org/details/MSNBC_20110525_010000_The_Rachel_Maddow_Show#start/2798/end/2833,5/25/2011 1:46:53,MSNBC,The Rachel Maddow Show,MSNBC_20110525_010000_The_Rachel_Maddow_Show,https://archive.org/download/MSNBC_20110525_010000_The_Rachel_Maddow_Show/MSNBC_20110525_010000_The_Rachel_Maddow_Show.thumbs/MSNBC_20110525_010000_The_Rachel_Maddow_Show_002790.jpg,"party, where conservatives want the party to be you have to change it. so pawlenty used to believe in doing something about global warming. before he didn't. romney has his change. newt gingrich said on medicare, this ryan proposal was aç bad"
https://archive.org/details/MSNBC_20110521_010000_The_Rachel_Maddow_Show#start/671/end/706,5/21/2011 1:11:26,MSNBC,The Rachel Maddow Show,MSNBC_20110521_010000_The_Rachel_Maddow_Show,https://archive.org/download/MSNBC_20110521_010000_The_Rachel_Maddow_Show/MSNBC_20110521_010000_The_Rachel_Maddow_Show.thumbs/MSNBC_20110521_010000_The_Rachel_Maddow_Show_000656.jpg,"huntsman stood up remarkably to our legislature and others in the republican party on issues like climate change. he signed on to the western climate initiative, a regional cap and trade program joining"
https://archive.org/details/MSNBC_20110521_000000_The_Last_Word#start/962/end/997,5/21/2011 0:16:17,MSNBC,The Last Word,MSNBC_20110521_000000_The_Last_Word,https://archive.org/download/MSNBC_20110521_000000_The_Last_Word/MSNBC_20110521_000000_The_Last_Word.thumbs/MSNBC_20110521_000000_The_Last_Word_000960.jpg,"getting any traction. saying that, you know, climate change very well could be manmade and we should pay attention to the scientists. saying nice things about gay rights and the fact that gay"
https://archive.org/details/MSNBC_20110523_170000_Andrea_Mitchell_Reports#start/2834/end/2869,5/23/2011 17:47:29,MSNBC,Andrea Mitchell Reports,MSNBC_20110523_170000_Andrea_Mitchell_Reports,https://archive.org/download/MSNBC_20110523_170000_Andrea_Mitchell_Reports/MSNBC_20110523_170000_Andrea_Mitchell_Reports.thumbs/MSNBC_20110523_170000_Andrea_Mitchell_Reports_002820.jpg,"and devastating tornado season? could climate change be the reason? i'll talk with an expert with thoughts on this just ahead on 'newsnation.' on the longest european trip of his presidency, president"
https://archive.org/details/MSNBC_20110527_200000_The_Dylan_Ratigan_Show#start/3123/end/3158,5/27/2011 20:52:18,MSNBC,The Dylan Ratigan Show,MSNBC_20110527_200000_The_Dylan_Ratigan_Show,https://archive.org/download/MSNBC_20110527_200000_The_Dylan_Ratigan_Show/MSNBC_20110527_200000_The_Dylan_Ratigan_Show.thumbs/MSNBC_20110527_200000_The_Dylan_Ratigan_Show_003114.jpg,"raise carbon tax et cetera to prices rise on this dirty energy but dividend it back through much bigger cuts in payroll taxes to average americans are held harmless. we got to run but is that idea worth pursuing. it is worth pursuing maybe"
https://archive.org/details/MSNBC_20110526_210000_Hardball_With_Chris_Matthews#start/1536/end/1571,5/26/2011 21:25:51,MSNBC,Hardball With Chris Matthews,MSNBC_20110526_210000_Hardball_With_Chris_Matthews,https://archive.org/download/MSNBC_20110526_210000_Hardball_With_Chris_Matthews/MSNBC_20110526_210000_Hardball_With_Chris_Matthews.thumbs/MSNBC_20110526_210000_Hardball_With_Chris_Matthews_001500.jpg,"boy be r, are they back with the ways. how about this solution to global warming? cut down the forest. i think i got the wrong textbooks. this from congressman dana roar back. you're watching hard bell 'hardball' only on msnbc. [ male announcer ] in 2011, at&t is at work,"
https://archive.org/details/MSNBC_20110511_220000_MSNBC_Live#start/127/end/162,5/11/2011 22:02:22,MSNBC,MSNBC Live,MSNBC_20110511_220000_MSNBC_Live,https://archive.org/download/MSNBC_20110511_220000_MSNBC_Live/MSNBC_20110511_220000_MSNBC_Live.thumbs/MSNBC_20110511_220000_MSNBC_Live_000120.jpg,"tim pawlenty, of course, has flip flopped on climate change. donald trump has géipped flopped on, just about everything, and in a recent rare moment of clarity, mike huckabee admitted even ronald reagan couldn't win"
https://archive.org/details/MSNBC_20110511_200000_The_Dylan_Ratigan_Show#start/2108/end/2143,5/11/2011 20:35:23,MSNBC,The Dylan Ratigan Show,MSNBC_20110511_200000_The_Dylan_Ratigan_Show,https://archive.org/download/MSNBC_20110511_200000_The_Dylan_Ratigan_Show/MSNBC_20110511_200000_The_Dylan_Ratigan_Show.thumbs/MSNBC_20110511_200000_The_Dylan_Ratigan_Show_002095.jpg,"behavior. i want to ask you, shouldn't we be considering a carbon tax or cap and trade system, as dylan says, puts the true cost of energy on the backs of the consumers to change their behave years, reduce their use of all of these energy supplies but"
https://archive.org/details/MSNBC_20110523_180000_News_Nation#start/737/end/772,5/23/2011 18:12:32,MSNBC,News Nation,MSNBC_20110523_180000_News_Nation,https://archive.org/download/MSNBC_20110523_180000_News_Nation/MSNBC_20110523_180000_News_Nation.thumbs/MSNBC_20110523_180000_News_Nation_000020.jpg,"weather and tornadoes this season. alabama not terribly long ago, and now missouri, is climate change the reason? and be sure to watch nbc's brian williams as he anchors nbc news live from joplin, missouri. next on 'news nation.'"
https://archive.org/details/MSNBC_20110520_220000_MSNBC_Live#start/36/end/71,5/20/2011 22:00:51,MSNBC,MSNBC Live,MSNBC_20110520_220000_MSNBC_Live,https://archive.org/download/MSNBC_20110520_220000_MSNBC_Live/MSNBC_20110520_220000_MSNBC_Live.thumbs/MSNBC_20110520_220000_MSNBC_Live_000030.jpg,"scream there. ods is a knee-jerk reaction that causes opposition to anything obama says or does. we've seen it on all kinds of issues from climate change, super republicans have wholesale changed their positions simply"
https://archive.org/details/MSNBC_20110520_190000_Martin_Bashir#start/2163/end/2198,5/20/2011 19:36:18,MSNBC,Martin Bashir,MSNBC_20110520_190000_Martin_Bashir,https://archive.org/download/MSNBC_20110520_190000_Martin_Bashir/MSNBC_20110520_190000_Martin_Bashir.thumbs/MSNBC_20110520_190000_Martin_Bashir_002160.jpg,"war or global warming, there's a lot of different verses of this, but the narratives are always the same. that is the world will end in my time and i am one of the few chosen ones that's going to come out the other end. i call this the"
https://archive.org/details/MSNBC_20110517_230000_Hardball_With_Chris_Matthews#start/265/end/300,5/17/2011 23:04:40,MSNBC,Hardball With Chris Matthews,MSNBC_20110517_230000_Hardball_With_Chris_Matthews,https://archive.org/download/MSNBC_20110517_230000_Hardball_With_Chris_Matthews/MSNBC_20110517_230000_Hardball_With_Chris_Matthews.thumbs/MSNBC_20110517_230000_Hardball_With_Chris_Matthews_000266.jpg,"he is setting the table for a run there. what sort of a country is this where you can't cop to evolutioning? global warming i can sort of understand though not really if you read three things in your life, aid understand that it is really happening, but evolution, i thought we settled this with"
https://archive.org/details/MSNBC_20110504_040000_The_Rachel_Maddow_Show#start/1487/end/1522,5/4/2011 4:25:02,MSNBC,The Rachel Maddow Show,MSNBC_20110504_040000_The_Rachel_Maddow_Show,https://archive.org/download/MSNBC_20110504_040000_The_Rachel_Maddow_Show/MSNBC_20110504_040000_The_Rachel_Maddow_Show.thumbs/MSNBC_20110504_040000_The_Rachel_Maddow_Show_001464.jpg,"george w. bush or the presidency of barack obama or global warming or light rail or whatever, caution. think twice. think three times. whether it is the fog of war or sloppiness or we're just going to have to be patient about this, it is clear that we do not yet have the definitive account"
https://archive.org/details/MSNBC_20110523_180000_News_Nation#start/2083/end/2118,5/23/2011 18:34:58,MSNBC,News Nation,MSNBC_20110523_180000_News_Nation,https://archive.org/download/MSNBC_20110523_180000_News_Nation/MSNBC_20110523_180000_News_Nation.thumbs/MSNBC_20110523_180000_News_Nation_000020.jpg,"that people will actually get struck. also, it could be just random chance. what about climate change? you have many people who see these severe storms and not just the tornadoes but the strength of hurricanes and even the severe storms."
https://archive.org/details/MSNBC_20110523_190010_Martin_Bashir#start/292/end/327,5/23/2011 19:05:17,MSNBC,Martin Bashir,MSNBC_20110523_190010_Martin_Bashir,https://archive.org/download/MSNBC_20110523_190010_Martin_Bashir/MSNBC_20110523_190010_Martin_Bashir.thumbs/MSNBC_20110523_190010_Martin_Bashir_000270.jpg,"tornado in philadelphia. so, you know, our weather, our climate change is such now that we are seeing this kind of weather not just in rural parts of our country, but in urban centers as well. al, as you look around, the"
https://archive.org/details/MSNBC_20110517_040000_The_Rachel_Maddow_Show#start/245/end/280,5/17/2011 4:04:20,MSNBC,The Rachel Maddow Show,MSNBC_20110517_040000_The_Rachel_Maddow_Show,https://archive.org/download/MSNBC_20110517_040000_The_Rachel_Maddow_Show/MSNBC_20110517_040000_The_Rachel_Maddow_Show.thumbs/MSNBC_20110517_040000_The_Rachel_Maddow_Show_000240.jpg,"and trade as policy to deal with global warming. he's vociferously against his own position on intervening in libya. it is a survivable thing for a presidential candidate to get confused about his or her position on a specific thing or even his or her mind on something over time. when it's every policy issue of"
https://archive.org/details/MSNBC_20110523_180000_News_Nation#start/1613/end/1648,5/23/2011 18:27:08,MSNBC,News Nation,MSNBC_20110523_180000_News_Nation,https://archive.org/download/MSNBC_20110523_180000_News_Nation/MSNBC_20110523_180000_News_Nation.thumbs/MSNBC_20110523_180000_News_Nation_000020.jpg,"night in iceland and a coating of ash covers a widespread area. it began erupting saturday. coming up, what's behind the historic rash of tornadoes this season? could climate change be the reason? but first, more reaction from joplin of what it felt like"
https://archive.org/details/MSNBC_20110511_130000_The_Daily_Rundown#start/2332/end/2367,5/11/2011 13:39:07,MSNBC,The Daily Rundown,MSNBC_20110511_130000_The_Daily_Rundown,https://archive.org/download/MSNBC_20110511_130000_The_Daily_Rundown/MSNBC_20110511_130000_The_Daily_Rundown.thumbs/MSNBC_20110511_130000_The_Daily_Rundown_002310.jpg,"the conundrum that is newt gingrich. it shows you why many people believe he can be a statesman. on the other hand how does he get through a republican primary talking about climate change with nancy pelosi? every candidate has said something that the base may or"
https://archive.org/details/MSNBC_20110513_150000_MSNBC_Live#start/2658/end/2693,5/13/2011 15:44:33,MSNBC,MSNBC Live,MSNBC_20110513_150000_MSNBC_Live,https://archive.org/download/MSNBC_20110513_150000_MSNBC_Live/MSNBC_20110513_150000_MSNBC_Live.thumbs/MSNBC_20110513_150000_MSNBC_Live_002633.jpg,"that's also the philosophy behind a new book titled 'adapt, the success always starts with failure.' and the author says it applies to everything from the hunt for osama bin laden to climate change policy to improving meals in schools. the author of this book is"
https://archive.org/details/MSNBC_20110511_130000_The_Daily_Rundown#start/1001/end/1036,5/11/2011 13:16:56,MSNBC,The Daily Rundown,MSNBC_20110511_130000_The_Daily_Rundown,https://archive.org/download/MSNBC_20110511_130000_The_Daily_Rundown/MSNBC_20110511_130000_The_Daily_Rundown.thumbs/MSNBC_20110511_130000_The_Daily_Rundown_000990.jpg,"he has political capital from the bin laden operation and i think he wants to use it. he wants to use it on the debt limit. he wants to use it hopefully on climate change and energy. and certainly on immigration reform. i like the arguments he made."
https://archive.org/details/MSNBC_20110511_130000_The_Daily_Rundown#start/2302/end/2337,5/11/2011 13:38:37,MSNBC,The Daily Rundown,MSNBC_20110511_130000_The_Daily_Rundown,https://archive.org/download/MSNBC_20110511_130000_The_Daily_Rundown/MSNBC_20110511_130000_The_Daily_Rundown.thumbs/MSNBC_20110511_130000_The_Daily_Rundown_002280.jpg,"lifelong democrat and speaker of the house. and i'm newt gingrich, lifelong republican and i used to be speaker. we don't always see eye to eye, do we, newt? no, but we do agree our country must take action to address climate change. we need cleaner forms of"
https://archive.org/details/MSNBC_20110523_230000_Hardball_With_Chris_Matthews#start/834/end/869,5/23/2011 23:14:09,MSNBC,Hardball With Chris Matthews,MSNBC_20110523_230000_Hardball_With_Chris_Matthews,https://archive.org/download/MSNBC_20110523_230000_Hardball_With_Chris_Matthews/MSNBC_20110523_230000_Hardball_With_Chris_Matthews.thumbs/MSNBC_20110523_230000_Hardball_With_Chris_Matthews_000810.jpg,"establishment in compared to years past. i see one guy that raised taxes on energy because he agreed with climate change. i see one guy that replicated the health care plan in massachusetts and supported it nationally, and i see a guy who swore allegiance to the president and broke it."
https://archive.org/details/MSNBC_20110522_130000_MSNBC_News_Live#start/2097/end/2132,5/22/2011 13:35:12,MSNBC,MSNBC News Live,MSNBC_20110522_130000_MSNBC_News_Live,https://archive.org/download/MSNBC_20110522_130000_MSNBC_News_Live/MSNBC_20110522_130000_MSNBC_News_Live.thumbs/MSNBC_20110522_130000_MSNBC_News_Live_002094.jpg,"with the mate yoe mission in libya, a big problem. prospects for pulling troops out of afghanistan. and there is going to be focus in japan as well and discussion about nuclear safety and climate change, and there is the possibility, of course, that along the way he will be"
https://archive.org/details/MSNBC_20110525_020000_The_Ed_Show#start/417/end/452,5/25/2011 2:07:12,MSNBC,The Ed Show,MSNBC_20110525_020000_The_Ed_Show,https://archive.org/download/MSNBC_20110525_020000_The_Ed_Show/MSNBC_20110525_020000_The_Ed_Show.thumbs/MSNBC_20110525_020000_The_Ed_Show_000390.jpg,"those that make sure you have clean water and food as well we have talked about many times before we'll do it later none this show as well that they really don't care about climate change, never have. and when nature as we're seeing right now wipes out your family,"
https://archive.org/details/MSNBC_20110520_150000_MSNBC_Live#start/656/end/691,5/20/2011 15:11:11,MSNBC,MSNBC Live,MSNBC_20110520_150000_MSNBC_Live,https://archive.org/download/MSNBC_20110520_150000_MSNBC_Live/MSNBC_20110520_150000_MSNBC_Live.thumbs/MSNBC_20110520_150000_MSNBC_Live_000655.jpg,"400 people polled said that they would pick jon huntsman as their presidential candidate. he does have a problem in the gop primaries of being tied to this administration, and his policies are quite moderate. he speaks about climate change, he believes the science behind it. he wants to do something about"
https://archive.org/details/MSNBC_20110524_060000_Hardball_With_Chris_Matthews#start/845/end/880,5/24/2011 6:14:20,MSNBC,Hardball With Chris Matthews,MSNBC_20110524_060000_Hardball_With_Chris_Matthews,https://archive.org/download/MSNBC_20110524_060000_Hardball_With_Chris_Matthews/MSNBC_20110524_060000_Hardball_With_Chris_Matthews.thumbs/MSNBC_20110524_060000_Hardball_With_Chris_Matthews_000840.jpg,"establishment in compared to years past. i see one guy that raised taxes on energy because he agreed with climate change. i see one guy that replicated the health care plan in massachusetts and supported it nationally, and i see a guy who swore allegiance to the president and broke it. i see problems with all three of these fellas. that's my view. you're the experts. you're writing the back."
https://archive.org/details/MSNBC_20110525_050000_The_Ed_Show#start/425/end/460,5/25/2011 5:07:20,MSNBC,The Ed Show,MSNBC_20110525_050000_The_Ed_Show,https://archive.org/download/MSNBC_20110525_050000_The_Ed_Show/MSNBC_20110525_050000_The_Ed_Show.thumbs/MSNBC_20110525_050000_The_Ed_Show_000420.jpg,"big banks, oil companies, or those that make sure you have clean water and food as well we have talked about many times before we'll do it later none this show as well that they really don't care about climate change, never have. and when nature as we're seeing right now wipes out your family, by the way, unless we can cut some spending, you're on your own. i think that's worth more talk later in the show. they'll tell you they're going to give tax cuts to the wealthy and you'll eventually get yours. this conservative philosophy is"
