﻿URL,MatchDateTime,Station,Show,IAShowID,IAPreviewThumb,Snippet
https://archive.org/details/MSNBC_20090716_030000_The_Rachel_Maddow_Show#start/2515/end/2550,7/16/2009 3:42:10,MSNBC,The Rachel Maddow Show,MSNBC_20090716_030000_The_Rachel_Maddow_Show,https://archive.org/download/MSNBC_20090716_030000_The_Rachel_Maddow_Show/MSNBC_20090716_030000_The_Rachel_Maddow_Show.thumbs/MSNBC_20090716_030000_The_Rachel_Maddow_Show_002490.jpg,"including the words global warming, climate change, carbon emissions, all things that figured into the questions you replayed her being asked a moment ago. she plays into i think what the republican minority is doing which is not so much having a global warming policy as having an opposition to a global"
https://archive.org/details/MSNBC_20090716_010000_The_Rachel_Maddow_Show#start/2533/end/2568,7/16/2009 1:42:28,MSNBC,The Rachel Maddow Show,MSNBC_20090716_010000_The_Rachel_Maddow_Show,https://archive.org/download/MSNBC_20090716_010000_The_Rachel_Maddow_Show/MSNBC_20090716_010000_The_Rachel_Maddow_Show.thumbs/MSNBC_20090716_010000_The_Rachel_Maddow_Show_002515.jpg,"including the words global warming, climate change, carbon emissions, all things that figured into the questions you replayed her being asked a moment ago. she plays into i think what the republican minority is doing which is not so much having a global warming policy as having an opposition to a global"
https://archive.org/details/MSNBC_20090727_170000_Andrea_Mitchell_Reports#start/110/end/145,7/27/2009 17:02:05,MSNBC,Andrea Mitchell Reports,MSNBC_20090727_170000_Andrea_Mitchell_Reports,https://archive.org/download/MSNBC_20090727_170000_Andrea_Mitchell_Reports/MSNBC_20090727_170000_Andrea_Mitchell_Reports.thumbs/MSNBC_20090727_170000_Andrea_Mitchell_Reports_000086.jpg,"putting more pressure on china to do more about climate change. the president says that the united states and china must work together as the two largest emitters of carbon dioxide. to put an end no global warming."
https://archive.org/details/MSNBC_20090715_200000_MSNBC_News_Live#start/2405/end/2440,7/15/2009 20:40:20,MSNBC,MSNBC News Live,MSNBC_20090715_200000_MSNBC_News_Live,https://archive.org/download/MSNBC_20090715_200000_MSNBC_News_Live/MSNBC_20090715_200000_MSNBC_News_Live.thumbs/MSNBC_20090715_200000_MSNBC_News_Live_002396.jpg,"op-ed, and i had to tell you, there were two words that did not appear in it, climate change or another two words, global warming. she wrote a whole piece about cap and trade without talking about the reason people want to put it in change. climate change, you'll remember"
https://archive.org/details/MSNBC_20090716_010000_The_Rachel_Maddow_Show#start/2456/end/2491,7/16/2009 1:41:11,MSNBC,The Rachel Maddow Show,MSNBC_20090716_010000_The_Rachel_Maddow_Show,https://archive.org/download/MSNBC_20090716_010000_The_Rachel_Maddow_Show/MSNBC_20090716_010000_The_Rachel_Maddow_Show.thumbs/MSNBC_20090716_010000_The_Rachel_Maddow_Show_002455.jpg,"tracking candidates' positions, a group called see through the podium. quote, john mccain and sarah palin have proposed a cap and trade system that would reduce greenhouse gas emissions. a climate cap and trade mechanism would set a limit on greenhouse gas emissions."
https://archive.org/details/MSNBC_20090727_210000_Hardball_With_Chris_Matthews#start/1745/end/1780,7/27/2009 21:29:20,MSNBC,Hardball With Chris Matthews,MSNBC_20090727_210000_Hardball_With_Chris_Matthews,https://archive.org/download/MSNBC_20090727_210000_Hardball_With_Chris_Matthews/MSNBC_20090727_210000_Hardball_With_Chris_Matthews.thumbs/MSNBC_20090727_210000_Hardball_With_Chris_Matthews_001736.jpg,"so we can safely store it. where it won't get into the atmosphere. exxonmobil is spending more than 100 million dollars. to build a plant that will demonstrate this process. i'm very optimistic about it. because this technology could be used. to reduce greenhouse gas emissions significantly."
https://archive.org/details/MSNBC_20090702_190000_MSNBC_News_Live#start/3097/end/3132,7/2/2009 19:51:52,MSNBC,MSNBC News Live,MSNBC_20090702_190000_MSNBC_News_Live,https://archive.org/download/MSNBC_20090702_190000_MSNBC_News_Live/MSNBC_20090702_190000_MSNBC_News_Live.thumbs/MSNBC_20090702_190000_MSNBC_News_Live_003086.jpg,"ma a lf headway with th climate change bill and right now democrats are playing into their hands by saying yes, energy prices are going to yrocket but we'll help yo out with the energy prices, but more importantly it's sometng we have to do to stave off climate change"
https://archive.org/details/MSNBC_20090715_200000_MSNBC_News_Live#start/2421/end/2456,7/15/2009 20:40:36,MSNBC,MSNBC News Live,MSNBC_20090715_200000_MSNBC_News_Live,https://archive.org/download/MSNBC_20090715_200000_MSNBC_News_Live/MSNBC_20090715_200000_MSNBC_News_Live.thumbs/MSNBC_20090715_200000_MSNBC_News_Live_002396.jpg,"during the campaign, she raised questions about whether climate change, global warming is really being caused by human activity and then quickly was shot down. i actually believe that she doesn't believe that climate change is occurring, and that we need not -- we don't have to"
https://archive.org/details/MSNBC_20090711_130000_MSNBC_News_Live#start/82/end/117,7/11/2009 13:01:37,MSNBC,MSNBC News Live,MSNBC_20090711_130000_MSNBC_News_Live,https://archive.org/download/MSNBC_20090711_130000_MSNBC_News_Live/MSNBC_20090711_130000_MSNBC_News_Live.thumbs/MSNBC_20090711_130000_MSNBC_News_Live_000056.jpg,"africa gives off less greenhouse gas than any other rt of the world, but it is threatenedy climate change. a warming planet will spread disease, shrk wate resources, andeete crps, creating coitions that produce more"
https://archive.org/details/MSNBC_20090720_170000_Andrea_Mitchell_Reports#start/2368/end/2403,7/20/2009 17:39:43,MSNBC,Andrea Mitchell Reports,MSNBC_20090720_170000_Andrea_Mitchell_Reports,https://archive.org/download/MSNBC_20090720_170000_Andrea_Mitchell_Reports/MSNBC_20090720_170000_Andrea_Mitchell_Reports.thumbs/MSNBC_20090720_170000_Andrea_Mitchell_Reports_002340.jpg,"visit of the obama white house in november to be the indian prime minister. also proceeding on the nuclear -- civilian nuclear power agreement, yet at the same time, the indian leaders pushed back hard against u.s. overtures on climate change."
https://archive.org/details/MSNBC_20090720_090000_Meet_the_Press#start/2585/end/2620,7/20/2009 9:43:20,MSNBC,Meet the Press,MSNBC_20090720_090000_Meet_the_Press,https://archive.org/download/MSNBC_20090720_090000_Meet_the_Press/MSNBC_20090720_090000_Meet_the_Press.thumbs/MSNBC_20090720_090000_Meet_the_Press_002576.jpg,"as much into this as perhaps he could and with all of the horse trading going on at the hill right now. right. the danger is when you see this last-minute horse trading, arm-twisting going on it usually makes the situation worse instead of better, we saw that with the climate change bill."
https://archive.org/details/MSNBC_20090709_190000_MSNBC_News_Live#start/711/end/746,7/9/2009 19:12:06,MSNBC,MSNBC News Live,MSNBC_20090709_190000_MSNBC_News_Live,https://archive.org/download/MSNBC_20090709_190000_MSNBC_News_Live/MSNBC_20090709_190000_MSNBC_News_Live.thumbs/MSNBC_20090709_190000_MSNBC_News_Live_000686.jpg,"occasion for the president to meet with these world d leerers, they have e esese ry high minded gos s ke climate change, thehe ecomom recession, but i in terer of concrete deliliveblbleshat will r rononatwith the american pepele, let's face i it's little short on ththatheheajor thining me out o climate"
https://archive.org/details/MSNBC_20090708_010000_The_Rachel_Maddow_Show#start/2284/end/2319,7/8/2009 1:38:19,MSNBC,The Rachel Maddow Show,MSNBC_20090708_010000_The_Rachel_Maddow_Show,https://archive.org/download/MSNBC_20090708_010000_The_Rachel_Maddow_Show/MSNBC_20090708_010000_The_Rachel_Maddow_Show.thumbs/MSNBC_20090708_010000_The_Rachel_Maddow_Show_002280.jpg,"there's the tter of the supremcourt nominee, sonia sotomayor. the'the climate change legislation, currently on the table, a version of ich has already passed the house. that means right now the fir time congress has ever dealt seriously with the issue of global warming. and there the great white whale of american legislation, that is health care refo."
https://archive.org/details/MSNBC_20090708_100000_Morning_Joe#start/4097/end/4132,7/8/2009 11:08:32,MSNBC,Morning Joe,MSNBC_20090708_100000_Morning_Joe,https://archive.org/download/MSNBC_20090708_100000_Morning_Joe/MSNBC_20090708_100000_Morning_Joe.thumbs/MSNBC_20090708_100000_Morning_Joe_004080.jpg,"global warming are adolf hitler. let's coulde clear. he couldbe saying that global warming poses a threat to the globe, that's the greest threat since nazism, that would be okay. it's okay. it's notomparing --  _"
https://archive.org/details/MSNBC_20090714_180000_MSNBC_News_Live#start/2004/end/2039,7/14/2009 18:33:39,MSNBC,MSNBC News Live,MSNBC_20090714_180000_MSNBC_News_Live,https://archive.org/download/MSNBC_20090714_180000_MSNBC_News_Live/MSNBC_20090714_180000_MSNBC_News_Live.thumbs/MSNBC_20090714_180000_MSNBC_News_Live_001976.jpg,"that greenhouse gases are an environmental nuisance. your panel in connecticut versus american electric power has sat on that case for 45 months or nearly three times the average of the second circuit. why, after four years, have you"
https://archive.org/details/MSNBC_20090708_100000_Morning_Joe#start/4614/end/4649,7/8/2009 11:17:09,MSNBC,Morning Joe,MSNBC_20090708_100000_Morning_Joe,https://archive.org/download/MSNBC_20090708_100000_Morning_Joe/MSNBC_20090708_100000_Morning_Joe.thumbs/MSNBC_20090708_100000_Morning_Joe_004590.jpg,"renewable soce. is thatll he sd? i've go sions of his- e're going to keepeading it. i thinkhat's okay. and ty say al gore -- the headline here is al gore dws on winston churchilln global"
https://archive.org/details/MSNBC_20090719_120000_MSNBC_News_Live#start/2739/end/2774,7/19/2009 12:45:54,MSNBC,MSNBC News Live,MSNBC_20090719_120000_MSNBC_News_Live,https://archive.org/download/MSNBC_20090719_120000_MSNBC_News_Live/MSNBC_20090719_120000_MSNBC_News_Live.thumbs/MSNBC_20090719_120000_MSNBC_News_Live_002726.jpg,"doing better now. secretary of state hillary clinton is visiting mumbai and new delhi today, the start of a three-day visit to india. clinton urged india to do more to tackle terrorism and global"
https://archive.org/details/MSNBC_20090719_130000_MSNBC_News_Live#start/2746/end/2781,7/19/2009 13:46:01,MSNBC,MSNBC News Live,MSNBC_20090719_130000_MSNBC_News_Live,https://archive.org/download/MSNBC_20090719_130000_MSNBC_News_Live/MSNBC_20090719_130000_MSNBC_News_Live.thumbs/MSNBC_20090719_130000_MSNBC_News_Live_002730.jpg,"was briefly hospitalized, but is now doing better. secretary of state hillary clinton visiting mumbai and new delhi today, the start of a three-day visit to india. clinton urged india, as well as other countries, to do more to tackle terrorism and global"
https://archive.org/details/MSNBC_20090714_100000_Morning_Joe#start/5463/end/5498,7/14/2009 11:31:18,MSNBC,Morning Joe,MSNBC_20090714_100000_Morning_Joe,https://archive.org/download/MSNBC_20090714_100000_Morning_Joe/MSNBC_20090714_100000_Morning_Joe.thumbs/MSNBC_20090714_100000_Morning_Joe_005448.jpg,"retain wealth there, you're seeing a massive investment in rural america which overtime will pay off. when you get to the discussion of climate change, there are benefit for agriculture and climate change, the offset program based on the house bill"
https://archive.org/details/MSNBC_20090709_100000_Morning_Joe#start/3879/end/3914,7/9/2009 11:04:54,MSNBC,Morning Joe,MSNBC_20090709_100000_Morning_Joe,https://archive.org/download/MSNBC_20090709_100000_Morning_Joe/MSNBC_20090709_100000_Morning_Joe.thumbs/MSNBC_20090709_100000_Morning_Joe_003866.jpg,"rejected demands too much the emissionof greenhouse gas by 2050. metime, capitol hill mbling th morning following a claim by some house dmocrats that the a has deceivecongress for years. according sev democrats"
https://archive.org/details/MSNBC_20090731_170000_Andrea_Mitchell_Reports#start/2069/end/2104,7/31/2009 17:34:44,MSNBC,Andrea Mitchell Reports,MSNBC_20090731_170000_Andrea_Mitchell_Reports,https://archive.org/download/MSNBC_20090731_170000_Andrea_Mitchell_Reports/MSNBC_20090731_170000_Andrea_Mitchell_Reports.thumbs/MSNBC_20090731_170000_Andrea_Mitchell_Reports_002066.jpg,"climate change bill than i am getting people to buy cars with this program. and in fact, this could have some good impact on climate change. thank you, ron insana. thank you, andrea. and with all of this action on the hill, kelly o'donnell, our congressional correspondent."
https://archive.org/details/MSNBC_20090715_000000_Countdown_With_Keith_Olbermann#start/3425/end/3460,7/15/2009 0:57:20,MSNBC,Countdown With Keith Olbermann,MSNBC_20090715_000000_Countdown_With_Keith_Olbermann,https://archive.org/download/MSNBC_20090715_000000_Countdown_With_Keith_Olbermann/MSNBC_20090715_000000_Countdown_With_Keith_Olbermann.thumbs/MSNBC_20090715_000000_Countdown_With_Keith_Olbermann_003326.jpg,"wake up ready for your day-ask your healthcare. as you know, the nation is currently in a state of abject crisis. a recent study by a board of irresponsible people found that americans were worried about in desending order, the economy, terrorism, mermaids, climate"
https://archive.org/details/MSNBC_20090720_060000_Meet_the_Press#start/3049/end/3084,7/20/2009 6:51:04,MSNBC,Meet the Press,MSNBC_20090720_060000_Meet_the_Press,https://archive.org/download/MSNBC_20090720_060000_Meet_the_Press/MSNBC_20090720_060000_Meet_the_Press.thumbs/MSNBC_20090720_060000_Meet_the_Press_003025.jpg,"there is rancur and petiness on both sides. it is small fries when there are big things to do, terrorism, global warming. but she isn't president."
https://archive.org/details/MSNBC_20090723_150000_MSNBC_News_Live#start/431/end/466,7/23/2009 15:07:26,MSNBC,MSNBC News Live,MSNBC_20090723_150000_MSNBC_News_Live,https://archive.org/download/MSNBC_20090723_150000_MSNBC_News_Live/MSNBC_20090723_150000_MSNBC_News_Live.thumbs/MSNBC_20090723_150000_MSNBC_News_Live_000416.jpg,"president put front and center in the agenda, climate change legislation. you're the chair of the environmental public works committee and the senate. do you think that we are going to get major climate change legislation? the reality is we spent so much and will continue to spend so much time on health care that"
https://archive.org/details/MSNBC_20090708_190000_MSNBC_News_Live#start/1047/end/1082,7/8/2009 19:17:42,MSNBC,MSNBC News Live,MSNBC_20090708_190000_MSNBC_News_Live,https://archive.org/download/MSNBC_20090708_190000_MSNBC_News_Live/MSNBC_20090708_190000_MSNBC_News_Live.thumbs/MSNBC_20090708_190000_MSNBC_News_Live_001015.jpg,"obama amereric hors adads not polititianans. stop global warming. thisis ivivio p poeded online. th i i ar kstste, ututh dadako. the signgns to thth r rig of"
https://archive.org/details/MSNBC_20090713_180000_MSNBC_News_Live#start/1782/end/1817,7/13/2009 18:29:57,MSNBC,MSNBC News Live,MSNBC_20090713_180000_MSNBC_News_Live,https://archive.org/download/MSNBC_20090713_180000_MSNBC_News_Live/MSNBC_20090713_180000_MSNBC_News_Live.thumbs/MSNBC_20090713_180000_MSNBC_News_Live_001765.jpg,"incorporated, involving the enronmental protection agency d clean water act has a special prominence now that we are debatin climate control and global warming. in the second circuit opinion,"
https://archive.org/details/MSNBC_20090716_030000_The_Rachel_Maddow_Show#start/2452/end/2487,7/16/2009 3:41:07,MSNBC,The Rachel Maddow Show,MSNBC_20090716_030000_The_Rachel_Maddow_Show,https://archive.org/download/MSNBC_20090716_030000_The_Rachel_Maddow_Show/MSNBC_20090716_030000_The_Rachel_Maddow_Show.thumbs/MSNBC_20090716_030000_The_Rachel_Maddow_Show_002430.jpg,"greenhouse gas emissions. a cap and trade system harnesses human ingenuity. you notice she didn't used to call it a cap and tax program like she does now? back when it was part of her platform as a candidate for vice president of the united states?"
https://archive.org/details/MSNBC_20090719_140000_MSNBC_News_Live#start/967/end/1002,7/19/2009 14:16:22,MSNBC,MSNBC News Live,MSNBC_20090719_140000_MSNBC_News_Live,https://archive.org/download/MSNBC_20090719_140000_MSNBC_News_Live/MSNBC_20090719_140000_MSNBC_News_Live.thumbs/MSNBC_20090719_140000_MSNBC_News_Live_000956.jpg,"new deli today. the start of a three-day trip to india. clinton urged india and other countries to do who are to tackle terrorism and global warming. ousted illinois governor rod"
https://archive.org/details/MSNBC_20090706_130000_Morning_Meeting#start/1345/end/1380,7/6/2009 13:22:40,MSNBC,Morning Meeting,MSNBC_20090706_130000_Morning_Meeting,https://archive.org/download/MSNBC_20090706_130000_Morning_Meeting/MSNBC_20090706_130000_Morning_Meeting.thumbs/MSNBC_20090706_130000_Morning_Meeting_001346.jpg,"and by the way, they ar letting us supply the troops afghanistan. and ird, issues like the spread of --ike global warming, environmtal -- yeah, the fact that we live the same planet."
https://archive.org/details/MSNBC_20090708_100000_Morning_Joe#start/4047/end/4082,7/8/2009 11:07:42,MSNBC,Morning Joe,MSNBC_20090708_100000_Morning_Joe,https://archive.org/download/MSNBC_20090708_100000_Morning_Joe/MSNBC_20090708_100000_Morning_Joe.thumbs/MSNBC_20090708_100000_Morning_Joe_004020.jpg,"oh, my god. according to the london times, mr. gore ioked winston churchils leadership ring world war ii as the calling against global warming. he also accused politician exploiting ignorance onhe issue to avoid difficult"
https://archive.org/details/MSNBC_20090730_200000_MSNBC_News_Live#start/2521/end/2556,7/30/2009 20:42:16,MSNBC,MSNBC News Live,MSNBC_20090730_200000_MSNBC_News_Live,https://archive.org/download/MSNBC_20090730_200000_MSNBC_News_Live/MSNBC_20090730_200000_MSNBC_News_Live.thumbs/MSNBC_20090730_200000_MSNBC_News_Live_002515.jpg,"to build a plant that will demonstrate this process. i'm very optimistic about it. because this technology could be used. to reduce greenhouse gas emissions significantly. five co-workers are working from the road using a mifi, a mobile hotspot that provides up to five shared wifi connections."
https://archive.org/details/MSNBC_20090716_030000_The_Rachel_Maddow_Show#start/2389/end/2424,7/16/2009 3:40:04,MSNBC,The Rachel Maddow Show,MSNBC_20090716_030000_The_Rachel_Maddow_Show,https://archive.org/download/MSNBC_20090716_030000_The_Rachel_Maddow_Show/MSNBC_20090716_030000_The_Rachel_Maddow_Show.thumbs/MSNBC_20090716_030000_The_Rachel_Maddow_Show_002370.jpg,"couric. john mccain proposed legislation calling for mandatory caps on global warming gases or co2 emissions. do you agree with that? i support his position on that absolutely. but he somewhat backtracked on the campaign trail saying the"
https://archive.org/details/MSNBC_20090724_000000_Countdown_With_Keith_Olbermann#start/3307/end/3342,7/24/2009 0:55:22,MSNBC,Countdown With Keith Olbermann,MSNBC_20090724_000000_Countdown_With_Keith_Olbermann,https://archive.org/download/MSNBC_20090724_000000_Countdown_With_Keith_Olbermann/MSNBC_20090724_000000_Countdown_With_Keith_Olbermann.thumbs/MSNBC_20090724_000000_Countdown_With_Keith_Olbermann_003295.jpg,"the nudge-nudge, wink, wink dance. this is not anything similar to what the senator in hoff said on global warming. is there an underlying racial component to all of this that liz cheney and others are"
https://archive.org/details/MSNBC_20090728_200000_MSNBC_News_Live#start/1958/end/1993,7/28/2009 20:32:53,MSNBC,MSNBC News Live,MSNBC_20090728_200000_MSNBC_News_Live,https://archive.org/download/MSNBC_20090728_200000_MSNBC_News_Live/MSNBC_20090728_200000_MSNBC_News_Live.thumbs/MSNBC_20090728_200000_MSNBC_News_Live_001946.jpg,"geithner to safeguard china's assets in the u.s. which total more than $800 billion. the two sides also signed an agreement promising greater cooperation in tackling global warming. that's it from cnbc, first in business worldwide. back to msnbc."
https://archive.org/details/MSNBC_20090716_030000_The_Rachel_Maddow_Show#start/2435/end/2470,7/16/2009 3:40:50,MSNBC,The Rachel Maddow Show,MSNBC_20090716_030000_The_Rachel_Maddow_Show,https://archive.org/download/MSNBC_20090716_030000_The_Rachel_Maddow_Show/MSNBC_20090716_030000_The_Rachel_Maddow_Show.thumbs/MSNBC_20090716_030000_The_Rachel_Maddow_Show_002430.jpg,"reasons but has been preserved in time by a group focused on tracking candidates' positions, a group called see through the podium. quote, john mccain and sarah palin have proposed a cap and trade system that would reduce greenhouse gas emissions. a climate cap and trade mechanism would set a limit on"
https://archive.org/details/MSNBC_20090709_180000_MSNBC_News_Live#start/2254/end/2289,7/9/2009 18:37:49,MSNBC,MSNBC News Live,MSNBC_20090709_180000_MSNBC_News_Live,https://archive.org/download/MSNBC_20090709_180000_MSNBC_News_Live/MSNBC_20090709_180000_MSNBC_News_Live.thumbs/MSNBC_20090709_180000_MSNBC_News_Live_002247.jpg,"challen challengg president obama to stop global warming. they were all arrested. park rangers spent an hour getting the banner down off of unt rushmore. pret impressive though. it's ck, el nino, that weather phenomeno that can cause problems with weatr"
https://archive.org/details/MSNBC_20090717_130000_Morning_Meeting#start/3288/end/3323,7/17/2009 13:55:03,MSNBC,Morning Meeting,MSNBC_20090717_130000_Morning_Meeting,https://archive.org/download/MSNBC_20090717_130000_Morning_Meeting/MSNBC_20090717_130000_Morning_Meeting.thumbs/MSNBC_20090717_130000_Morning_Meeting_003265.jpg,"june 2nd, warmest month on record throughout the whole world going back to 1880. remember how it was cool everywhere else? why is that? the oceans are warm and may have to do with global warming and the atmosphere being warmer."
https://archive.org/details/MSNBC_20090729_150000_MSNBC_News_Live#start/570/end/605,7/29/2009 15:09:45,MSNBC,MSNBC News Live,MSNBC_20090729_150000_MSNBC_News_Live,https://archive.org/download/MSNBC_20090729_150000_MSNBC_News_Live/MSNBC_20090729_150000_MSNBC_News_Live.thumbs/MSNBC_20090729_150000_MSNBC_News_Live_000565.jpg,"policies that will mean economic growth. let me give you an example. if we pass strong energy independence legislation which means that, finally, we move away from global warming, we will create thousands and millions of jobs in this new"
https://archive.org/details/MSNBC_20090716_010000_The_Rachel_Maddow_Show#start/2317/end/2352,7/16/2009 1:38:52,MSNBC,The Rachel Maddow Show,MSNBC_20090716_010000_The_Rachel_Maddow_Show,https://archive.org/download/MSNBC_20090716_010000_The_Rachel_Maddow_Show/MSNBC_20090716_010000_The_Rachel_Maddow_Show.thumbs/MSNBC_20090716_010000_The_Rachel_Maddow_Show_002305.jpg,"her audition is essentially a wonky op-ed published in 'the washington post' decrying the cap and trade provision in the president's energy plan, which would reduce the emissions that cause global warming. governor palin's op-ed of course includes a swipe at the sh"
https://archive.org/details/MSNBC_20090719_150000_MSNBC_News_Live#start/2732/end/2767,7/19/2009 15:45:47,MSNBC,MSNBC News Live,MSNBC_20090719_150000_MSNBC_News_Live,https://archive.org/download/MSNBC_20090719_150000_MSNBC_News_Live/MSNBC_20090719_150000_MSNBC_News_Live.thumbs/MSNBC_20090719_150000_MSNBC_News_Live_002730.jpg,"three-day visit to india. clinton urged india as well as other countries to do more to tackle terrorism and global warming. secretary clinton is the most senior obama administration official to visit india. you could be the new owner of the infamous water gate hotel."
https://archive.org/details/MSNBC_20090716_030000_The_Rachel_Maddow_Show#start/2305/end/2340,7/16/2009 3:38:40,MSNBC,The Rachel Maddow Show,MSNBC_20090716_030000_The_Rachel_Maddow_Show,https://archive.org/download/MSNBC_20090716_030000_The_Rachel_Maddow_Show/MSNBC_20090716_030000_The_Rachel_Maddow_Show.thumbs/MSNBC_20090716_030000_The_Rachel_Maddow_Show_002280.jpg,"would reduce the emissions that cause global warming. governor palin's op-ed of course includes a swipe at the chattering class. that would be me and there is for the record exactly one unnecessary exclamation point in the op-ed."
https://archive.org/details/MSNBC_20090724_020000_Countdown_With_Keith_Olbermann#start/3313/end/3348,7/24/2009 2:55:28,MSNBC,Countdown With Keith Olbermann,MSNBC_20090724_020000_Countdown_With_Keith_Olbermann,https://archive.org/download/MSNBC_20090724_020000_Countdown_With_Keith_Olbermann/MSNBC_20090724_020000_Countdown_With_Keith_Olbermann.thumbs/MSNBC_20090724_020000_Countdown_With_Keith_Olbermann_003297.jpg,"this is not anything similar to what senator imhoff said on global warming. is there an underlying racial component to all of this that liz cheney and others are fuelling? as we know, we elected barack obama to be president. there's a nasty stew of racism"
https://archive.org/details/MSNBC_20090716_010000_The_Rachel_Maddow_Show#start/2410/end/2445,7/16/2009 1:40:25,MSNBC,The Rachel Maddow Show,MSNBC_20090716_010000_The_Rachel_Maddow_Show,https://archive.org/download/MSNBC_20090716_010000_The_Rachel_Maddow_Show/MSNBC_20090716_010000_The_Rachel_Maddow_Show.thumbs/MSNBC_20090716_010000_The_Rachel_Maddow_Show_002396.jpg,"legislation calling for mandatory caps on global warming gases or co2 emissions. do you agree with that? i support his position on that absolutely. but he somewhat backtracked on the campaign trail saying the caps wouldn't be mandatory. what do you think? do you think voluntary caps go"
https://archive.org/details/MSNBC_20090720_090000_Meet_the_Press#start/3060/end/3095,7/20/2009 9:51:15,MSNBC,Meet the Press,MSNBC_20090720_090000_Meet_the_Press,https://archive.org/download/MSNBC_20090720_090000_Meet_the_Press/MSNBC_20090720_090000_Meet_the_Press.thumbs/MSNBC_20090720_090000_Meet_the_Press_003056.jpg,"big things to do, terrorism, global warming. but she isn't president. we have a couple minutes left, i took my son to the all-star game in st. louis this week h a terrific time and i thought baseball did something really great. we have video of it, before the"
https://archive.org/details/MSNBC_20090714_100000_Morning_Joe#start/5291/end/5326,7/14/2009 11:28:26,MSNBC,Morning Joe,MSNBC_20090714_100000_Morning_Joe,https://archive.org/download/MSNBC_20090714_100000_Morning_Joe/MSNBC_20090714_100000_Morning_Joe.thumbs/MSNBC_20090714_100000_Morning_Joe_005268.jpg,"then the infrastructure and long-term, in rural america there is real possible with broadband and discussion of climate change, new rural economy, trust me, it will be"
https://archive.org/details/MSNBC_20090723_150000_MSNBC_News_Live#start/1602/end/1637,7/23/2009 15:26:57,MSNBC,MSNBC News Live,MSNBC_20090723_150000_MSNBC_News_Live,https://archive.org/download/MSNBC_20090723_150000_MSNBC_News_Live/MSNBC_20090723_150000_MSNBC_News_Live.thumbs/MSNBC_20090723_150000_MSNBC_News_Live_001585.jpg,"affordable, and more available energy. i was surprised when senator boxer mentioned as a reason for the climate change bill to reduce foreign oil imports. the obama administration"
https://archive.org/details/MSNBC_20090708_100000_Morning_Joe#start/4015/end/4050,7/8/2009 11:07:10,MSNBC,Morning Joe,MSNBC_20090708_100000_Morning_Joe,https://archive.org/download/MSNBC_20090708_100000_Morning_Joe/MSNBC_20090708_100000_Morning_Joe.thumbs/MSNBC_20090708_100000_Morning_Joe_003990.jpg,"appeals fight while intaining executivprivilege. newscast. yawn during my i not yawning. i'm groaning. okay. you maygroan. and former vice esident al gorecomparing the fight against climate change tthe -- huh? why now?                 _"
https://archive.org/details/MSNBC_20090724_050000_Countdown_With_Keith_Olbermann#start/3308/end/3343,7/24/2009 5:55:23,MSNBC,Countdown With Keith Olbermann,MSNBC_20090724_050000_Countdown_With_Keith_Olbermann,https://archive.org/download/MSNBC_20090724_050000_Countdown_With_Keith_Olbermann/MSNBC_20090724_050000_Countdown_With_Keith_Olbermann.thumbs/MSNBC_20090724_050000_Countdown_With_Keith_Olbermann_003295.jpg,"the political advantage of doing the nudge-nudge, wink-wink dance on this type of thing. this is not anything similar to what senator imhoff said on global warming. is there an underlying racial component to all of this that liz cheney and others are fuelling? as we know, we elected barack obama to be president."
https://archive.org/details/MSNBC_20090713_060000_Meet_the_Press#start/3386/end/3421,7/13/2009 6:56:41,MSNBC,Meet the Press,MSNBC_20090713_060000_Meet_the_Press,https://archive.org/download/MSNBC_20090713_060000_Meet_the_Press/MSNBC_20090713_060000_Meet_the_Press.thumbs/MSNBC_20090713_060000_Meet_the_Press_003386.jpg,"they saidde'e'lleal with climate change and t therorobl of a nucucarar inn, andhe n. -- s he doingnynythg ght? i want to stitick on this. ouou there be accountability forlllleg tortutu yr honor"
https://archive.org/details/MSNBC_20090727_180000_MSNBC_News_Live#start/661/end/696,7/27/2009 18:11:16,MSNBC,MSNBC News Live,MSNBC_20090727_180000_MSNBC_News_Live,https://archive.org/download/MSNBC_20090727_180000_MSNBC_News_Live/MSNBC_20090727_180000_MSNBC_News_Live.thumbs/MSNBC_20090727_180000_MSNBC_News_Live_000656.jpg,"tonight, 9:00 eastern. president obama says the u.s.-china relationship will mold the 21st century. two days after talks are underway on issues like the economy and climate change and nuclear weapons."
https://archive.org/details/MSNBC_20090715_060000_The_Rachel_Maddow_Show#start/43/end/78,7/15/2009 6:00:58,MSNBC,The Rachel Maddow Show,MSNBC_20090715_060000_The_Rachel_Maddow_Show,https://archive.org/download/MSNBC_20090715_060000_The_Rachel_Maddow_Show/MSNBC_20090715_060000_The_Rachel_Maddow_Show.thumbs/MSNBC_20090715_060000_The_Rachel_Maddow_Show_000026.jpg,"centaur prevention. the list is, economy, health care, terrorism, mermaids, climate change, centaurs, cat women, iraq -- iraq is like eighth on the list. and centaurs can only be felled by magic crossbows."
https://archive.org/details/MSNBC_20090708_100000_Morning_Joe#start/4722/end/4757,7/8/2009 11:18:57,MSNBC,Morning Joe,MSNBC_20090708_100000_Morning_Joe,https://archive.org/download/MSNBC_20090708_100000_Morning_Joe/MSNBC_20090708_100000_Morning_Joe.thumbs/MSNBC_20090708_100000_Morning_Joe_004710.jpg,"ahe president overseas tripnd much more. firswe'll talk to a congressman, boy, hs got -- he's got attack ads already being launcd agnst him on his vote regarding the climate change bl. naing onon ud r."
https://archive.org/details/MSNBC_20090710_100000_Morning_Joe#start/8386/end/8421,7/10/2009 12:20:01,MSNBC,Morning Joe,MSNBC_20090710_100000_Morning_Joe,https://archive.org/download/MSNBC_20090710_100000_Morning_Joe/MSNBC_20090710_100000_Morning_Joe.thumbs/MSNBC_20090710_100000_Morning_Joe_008370.jpg,"alone. the threat of climate change can't beontain by borders on a map. and the eft of loose nucar materials could le t the exterminion of any city on eah. reckless actions by few have"
https://archive.org/details/MSNBC_20090710_100000_Morning_Joe#start/8697/end/8732,7/10/2009 12:25:12,MSNBC,Morning Joe,MSNBC_20090710_100000_Morning_Joe,https://archive.org/download/MSNBC_20090710_100000_Morning_Joe/MSNBC_20090710_100000_Morning_Joe.thumbs/MSNBC_20090710_100000_Morning_Joe_008670.jpg,"we did not reach agreementn everyissue. and we still have much work ahead on climate change. but these achievements are highly meaningful, and they'll gerate significant momentu as head into the talkst copenhagen andbeyond."
https://archive.org/details/MSNBC_20090710_150000_MSNBC_News_Live#start/1267/end/1302,7/10/2009 15:21:22,MSNBC,MSNBC News Live,MSNBC_20090710_150000_MSNBC_News_Live,https://archive.org/download/MSNBC_20090710_150000_MSNBC_News_Live/MSNBC_20090710_150000_MSNBC_News_Live.thumbs/MSNBC_20090710_150000_MSNBC_News_Live_001255.jpg,"week, two of his leslative priories climate change and health care, both in congress. new poll from the beweth state of oo say the president's approval rating has plunged 13 points in t months."
https://archive.org/details/MSNBC_20090716_210000_Hardball_With_Chris_Matthews#start/2007/end/2042,7/16/2009 21:33:42,MSNBC,Hardball With Chris Matthews,MSNBC_20090716_210000_Hardball_With_Chris_Matthews,https://archive.org/download/MSNBC_20090716_210000_Hardball_With_Chris_Matthews/MSNBC_20090716_210000_Hardball_With_Chris_Matthews.thumbs/MSNBC_20090716_210000_Hardball_With_Chris_Matthews_002006.jpg,"sarah palin has making on climate change. how much have they raised. $100000. see how the left is laughing all the way to the bank on sarah palin? 100k in just 124 hours. villainizing the lady from"
https://archive.org/details/MSNBC_20090715_010000_The_Rachel_Maddow_Show#start/46/end/81,7/15/2009 1:01:01,MSNBC,The Rachel Maddow Show,MSNBC_20090715_010000_The_Rachel_Maddow_Show,https://archive.org/download/MSNBC_20090715_010000_The_Rachel_Maddow_Show/MSNBC_20090715_010000_The_Rachel_Maddow_Show.thumbs/MSNBC_20090715_010000_The_Rachel_Maddow_Show_000030.jpg,"finally been settled, we can concentrate on the most pressing issue, facing human kind, centaur prevention. the list is, economy, health care, terrorism, mermaids, climate change, centaurs, cat women, iraq -- iraq is like eighth on the list."
https://archive.org/details/MSNBC_20090715_020000_Countdown_With_Keith_Olbermann#start/3431/end/3466,7/15/2009 2:57:26,MSNBC,Countdown With Keith Olbermann,MSNBC_20090715_020000_Countdown_With_Keith_Olbermann,https://archive.org/download/MSNBC_20090715_020000_Countdown_With_Keith_Olbermann/MSNBC_20090715_020000_Countdown_With_Keith_Olbermann.thumbs/MSNBC_20090715_020000_Countdown_With_Keith_Olbermann_003326.jpg,"as you know, the nation is currently in a state of abject crisis. a recent study by a board of irresponsible people found that americans were worried about in descending order, the economy, terrorism, mermaids, climate change, centaurs, cat women,"
https://archive.org/details/MSNBC_20090710_150000_MSNBC_News_Live#start/612/end/647,7/10/2009 15:10:27,MSNBC,MSNBC News Live,MSNBC_20090710_150000_MSNBC_News_Live,https://archive.org/download/MSNBC_20090710_150000_MSNBC_News_Live/MSNBC_20090710_150000_MSNBC_News_Live.thumbs/MSNBC_20090710_150000_MSNBC_News_Live_000596.jpg,"whil he's onis glol trip where climate change i quite the issue. sannah guthrie in italy, thk you so muc when we come bac we will talk with two democrats both whom seemo have a bone to pic with thpresident."
https://archive.org/details/MSNBC_20090710_100000_Morning_Joe#start/2810/end/2845,7/10/2009 10:47:05,MSNBC,Morning Joe,MSNBC_20090710_100000_Morning_Joe,https://archive.org/download/MSNBC_20090710_100000_Morning_Joe/MSNBC_20090710_100000_Morning_Joe.thumbs/MSNBC_20090710_100000_Morning_Joe_002790.jpg,"e climate change bill. i bet a higher number would vote against secon stimulus. this issue is toxic and this ques real skill. what's the tipping pnt when all of sudden it's no longer bu's fult and it's his fault now?"
https://archive.org/details/MSNBC_20090715_030000_The_Rachel_Maddow_Show#start/48/end/83,7/15/2009 3:01:03,MSNBC,The Rachel Maddow Show,MSNBC_20090715_030000_The_Rachel_Maddow_Show,https://archive.org/download/MSNBC_20090715_030000_The_Rachel_Maddow_Show/MSNBC_20090715_030000_The_Rachel_Maddow_Show.thumbs/MSNBC_20090715_030000_The_Rachel_Maddow_Show_000026.jpg,"but now that these things have finally been settled, we can concentrate on the most pressing issue, facing human kind, centaur prevention. the list is, economy, health care, terrorism, mermaids, climate change, centaurs, cat women, iraq -- iraq is like eighth on the list."
https://archive.org/details/MSNBC_20090720_170000_Andrea_Mitchell_Reports#start/2383/end/2418,7/20/2009 17:39:58,MSNBC,Andrea Mitchell Reports,MSNBC_20090720_170000_Andrea_Mitchell_Reports,https://archive.org/download/MSNBC_20090720_170000_Andrea_Mitchell_Reports/MSNBC_20090720_170000_Andrea_Mitchell_Reports.thumbs/MSNBC_20090720_170000_Andrea_Mitchell_Reports_002370.jpg,"they're basically saying, no go. that they don't expect as a developing nation to make the kinds of concessions and make the kinds of improvements and reforms on climate change that the u.s. is demanding. yeah, you know, first of all,"
https://archive.org/details/MSNBC_20090709_150000_MSNBC_News_Live#start/2507/end/2542,7/9/2009 15:42:02,MSNBC,MSNBC News Live,MSNBC_20090709_150000_MSNBC_News_Live,https://archive.org/download/MSNBC_20090709_150000_MSNBC_News_Live/MSNBC_20090709_150000_MSNBC_News_Live.thumbs/MSNBC_20090709_150000_MSNBC_News_Live_002486.jpg,"today. thankyou. ben jealous,,reside of the naacp nvening 100th conventioio beginning satuturday a runninin through nene week. > coming up, who shld foot the billor climate change? that's wh thth are aing at the e g-8 suit in italy."
https://archive.org/details/MSNBC_20090727_130000_Morning_Meeting#start/601/end/636,7/27/2009 13:10:16,MSNBC,Morning Meeting,MSNBC_20090727_130000_Morning_Meeting,https://archive.org/download/MSNBC_20090727_130000_Morning_Meeting/MSNBC_20090727_130000_Morning_Meeting.thumbs/MSNBC_20090727_130000_Morning_Meeting_000596.jpg,"reporter: i have gotten some preview of what secretary geithner will say in his opening statement. he is going to talk about how the u.s. and china together are the ones that have to deal with climate change and the global economy."
https://archive.org/details/MSNBC_20090715_050000_Countdown_With_Keith_Olbermann#start/2576/end/2611,7/15/2009 5:43:11,MSNBC,Countdown With Keith Olbermann,MSNBC_20090715_050000_Countdown_With_Keith_Olbermann,https://archive.org/download/MSNBC_20090715_050000_Countdown_With_Keith_Olbermann/MSNBC_20090715_050000_Countdown_With_Keith_Olbermann.thumbs/MSNBC_20090715_050000_Countdown_With_Keith_Olbermann_002550.jpg,"world of right-wing opposition, particularly corporate opposition, to things like health care, domestically, and climate change legislation. there's a lot of money to be had there and there's a whole sort of cottage industry that's been set up on the right in corporate"
https://archive.org/details/MSNBC_20090717_040000_Hardball_With_Chris_Matthews#start/1982/end/2017,7/17/2009 4:33:17,MSNBC,Hardball With Chris Matthews,MSNBC_20090717_040000_Hardball_With_Chris_Matthews,https://archive.org/download/MSNBC_20090717_040000_Hardball_With_Chris_Matthews/MSNBC_20090717_040000_Hardball_With_Chris_Matthews.thumbs/MSNBC_20090717_040000_Hardball_With_Chris_Matthews_001976.jpg,"moveon.org sent out a e-mail this week asking for money to counter the false claims she is making on climate change. how much did they raise in # 4 hours after putting that e-mail out? according to moveon.org, $100000. see how the left is laughing all"
https://archive.org/details/MSNBC_20090720_060000_Meet_the_Press#start/2589/end/2624,7/20/2009 6:43:24,MSNBC,Meet the Press,MSNBC_20090720_060000_Meet_the_Press,https://archive.org/download/MSNBC_20090720_060000_Meet_the_Press/MSNBC_20090720_060000_Meet_the_Press.thumbs/MSNBC_20090720_060000_Meet_the_Press_002575.jpg,"right now. right. the danger is when you see this last-minute horse trading, arm-twisting going on it usually makes the situation worse instead of better, we saw that with the climate change bill. wolffe, the convention is he's on the ropes on health"
https://archive.org/details/MSNBC_20090708_100000_Morning_Joe#start/4030/end/4065,7/8/2009 11:07:25,MSNBC,Morning Joe,MSNBC_20090708_100000_Morning_Joe,https://archive.org/download/MSNBC_20090708_100000_Morning_Joe/MSNBC_20090708_100000_Morning_Joe.thumbs/MSNBC_20090708_100000_Morning_Joe_004020.jpg,"don't say this. go ahead. is this a real ing? back up the prmpter. i'll read it all over again. i'm going to try a read this. and foer vice president al gore is comparing th fight against climate change to the struggle against nazi gmany."
https://archive.org/details/MSNBC_20090710_100000_Morning_Joe#start/596/end/631,7/10/2009 10:10:11,MSNBC,Morning Joe,MSNBC_20090710_100000_Morning_Joe,https://archive.org/download/MSNBC_20090710_100000_Morning_Joe/MSNBC_20090710_100000_Morning_Joe.thumbs/MSNBC_20090710_100000_Morning_Joe_000570.jpg,"you don't have e bigger deveng xhes involved so that's why they couldn't get these deals on climate change and they're all sort oframe workto keetalking for when e g-20 meets in pittsburgh. but then today is about symbols. he's going to ha an dience"
https://archive.org/details/MSNBC_20090702_180000_MSNBC_News_Live#start/2415/end/2450,7/2/2009 18:40:30,MSNBC,MSNBC News Live,MSNBC_20090702_180000_MSNBC_News_Live,https://archive.org/download/MSNBC_20090702_180000_MSNBC_News_Live/MSNBC_20090702_180000_MSNBC_News_Live.thumbs/MSNBC_20090702_180000_MSNBC_News_Live_002396.jpg,"represesentitis passed ann traordinary piece off gigislion that would make renewawablenener the profitable kind of energy in america. it willedede our dependance on foreign oil. it will prevent the rst nsnseqnces of climate change and above all, itit h hds the promise of millions of new job,"
https://archive.org/details/MSNBC_20090704_110000_MSNBC_News_Live#start/1893/end/1928,7/4/2009 11:31:48,MSNBC,MSNBC News Live,MSNBC_20090704_110000_MSNBC_News_Live,https://archive.org/download/MSNBC_20090704_110000_MSNBC_News_Live/MSNBC_20090704_110000_MSNBC_News_Live.thumbs/MSNBC_20090704_110000_MSNBC_News_Live_001886.jpg,"to meet with t governor with his wife. and the alaska's congressional delegation had no advance notice this. e of our senators met wit the governor on wednesday. they talked about things like missile dense and climate change legislion, but the idea of hertepping down never came"
https://archive.org/details/MSNBC_20090726_180000_Meet_the_Press#start/2139/end/2174,7/26/2009 18:35:54,MSNBC,Meet the Press,MSNBC_20090726_180000_Meet_the_Press,https://archive.org/download/MSNBC_20090726_180000_Meet_the_Press/MSNBC_20090726_180000_Meet_the_Press.thumbs/MSNBC_20090726_180000_Meet_the_Press_002130.jpg,"efforts on climate change. i could not have possibly given the attention that we need to the in-depth way that is required for all of this. and the feeling on the part of much of the world that the prior administration, for understandable reasons, focused"
https://archive.org/details/MSNBC_20090727_170000_Andrea_Mitchell_Reports#start/2675/end/2710,7/27/2009 17:44:50,MSNBC,Andrea Mitchell Reports,MSNBC_20090727_170000_Andrea_Mitchell_Reports,https://archive.org/download/MSNBC_20090727_170000_Andrea_Mitchell_Reports/MSNBC_20090727_170000_Andrea_Mitchell_Reports.thumbs/MSNBC_20090727_170000_Andrea_Mitchell_Reports_002666.jpg,"aren't satisfied with. the speaker has really put a positive face on this. and she's surprised before, she's been able to produce the climate change vote and other compromises. savannah, at the white house, there's this new dispute that has flown up over the weekend"
https://archive.org/details/MSNBC_20090722_170000_Andrea_Mitchell_Reports#start/998/end/1033,7/22/2009 17:16:53,MSNBC,Andrea Mitchell Reports,MSNBC_20090722_170000_Andrea_Mitchell_Reports,https://archive.org/download/MSNBC_20090722_170000_Andrea_Mitchell_Reports/MSNBC_20090722_170000_Andrea_Mitchell_Reports.thumbs/MSNBC_20090722_170000_Andrea_Mitchell_Reports_000986.jpg,"the senate is going to do, the house members are reluctant to walk off the plank, having done this on stimulus and climate change without knowing where the senate is coming down. you're asking members of the house to make a vote in favor of"
https://archive.org/details/MSNBC_20090715_020000_Countdown_With_Keith_Olbermann#start/2577/end/2612,7/15/2009 2:43:12,MSNBC,Countdown With Keith Olbermann,MSNBC_20090715_020000_Countdown_With_Keith_Olbermann,https://archive.org/download/MSNBC_20090715_020000_Countdown_With_Keith_Olbermann/MSNBC_20090715_020000_Countdown_With_Keith_Olbermann.thumbs/MSNBC_20090715_020000_Countdown_With_Keith_Olbermann_002576.jpg,"tons of money, six figures, for sure, to come speak to them. and there's a lot of money sloshing around right now, the world of right-wing opposition, particularly corporate opposition, to things like health care, domestically, and climate change legislation. there's a lot of money to be had"
https://archive.org/details/MSNBC_20090709_100000_Morning_Joe#start/564/end/599,7/9/2009 10:09:39,MSNBC,Morning Joe,MSNBC_20090709_100000_Morning_Joe,https://archive.org/download/MSNBC_20090709_100000_Morning_Joe/MSNBC_20090709_100000_Morning_Joe.thumbs/MSNBC_20090709_100000_Morning_Joe_000566.jpg,"t going to play along g and then the climatehange thing is inresting in this respecect. fofor years rope loved to beat up on ameca sayingg th weret doing enough on climate change. we, the u u.s. has signed on to tougher prerestrictctions and n it's china anand india at are"
https://archive.org/details/MSNBC_20090709_100000_Morning_Joe#start/4421/end/4456,7/9/2009 11:13:56,MSNBC,Morning Joe,MSNBC_20090709_100000_Morning_Joe,https://archive.org/download/MSNBC_20090709_100000_Morning_Joe/MSNBC_20090709_100000_Morning_Joe.thumbs/MSNBC_20090709_100000_Morning_Joe_004406.jpg,"plusive and add one more to it, egypt. itinvited egypt. eyill all get together and issues are climate change as they were yesterday as well as the world economy we saw somethingf a finesse th climate ange thg-8 all agreed to try to keep temperatures om rising more thatwo degrees."
https://archive.org/details/MSNBC_20090709_100000_Morning_Joe#start/7887/end/7922,7/9/2009 12:11:42,MSNBC,Morning Joe,MSNBC_20090709_100000_Morning_Joe,https://archive.org/download/MSNBC_20090709_100000_Morning_Joe/MSNBC_20090709_100000_Morning_Joe.thumbs/MSNBC_20090709_100000_Morning_Joe_007885.jpg,"feldstein a conservatative economist sasaid we neeed a stimulus bill. no r republica if the house ted for it. on climate change w which i mor of a regional fht than partis one, most reblicans vod against it. but ii don't want to throw fire at thihis tuation."
https://archive.org/details/MSNBC_20090710_200000_MSNBC_News_Live#start/3033/end/3068,7/10/2009 20:50:48,MSNBC,MSNBC News Live,MSNBC_20090710_200000_MSNBC_News_Live,https://archive.org/download/MSNBC_20090710_200000_MSNBC_News_Live/MSNBC_20090710_200000_MSNBC_News_Live.thumbs/MSNBC_20090710_200000_MSNBC_News_Live_003025.jpg,"issues he. there aressues that this country is facing, hlth care. climate change, blah, blh, blah, but you have to know what went wrong a if pple broke the law. i don't get tis meality that, okay, well, the peoplespoke, let's move on and dust it under the rug because the dirt ill"
https://archive.org/details/MSNBC_20090708_150000_MSNBC_News_Live#start/16/end/51,7/8/2009 15:00:31,MSNBC,MSNBC News Live,MSNBC_20090708_150000_MSNBC_News_Live,https://archive.org/download/MSNBC_20090708_150000_MSNBC_News_Live/MSNBC_20090708_150000_MSNBC_News_Live.thumbs/MSNBC_20090708_150000_MSNBC_News_Live_000027.jpg,"the worldconomy and climate change issn day's agenda but what t president wants fromom the group isis a toug statement iran. juststn as weust told yo the health care industry h has stru a mar deal with the obama admininistrati. vice preresident ben just anunced the hospitatals will commit to saving about $150"
https://archive.org/details/MSNBC_20090715_050000_Countdown_With_Keith_Olbermann#start/3428/end/3463,7/15/2009 5:57:23,MSNBC,Countdown With Keith Olbermann,MSNBC_20090715_050000_Countdown_With_Keith_Olbermann,https://archive.org/download/MSNBC_20090715_050000_Countdown_With_Keith_Olbermann/MSNBC_20090715_050000_Countdown_With_Keith_Olbermann.thumbs/MSNBC_20090715_050000_Countdown_With_Keith_Olbermann_003360.jpg,"as you know, the nation is currently in a state of abject crisis. a recent study by a board of irresponsible people found that americans were worried about in descending order, the economy, health care, terrorism, mermaids, climate change, centaurs, cat women, iraq, north korea, spidermen, man-cows, werewolves,"
https://archive.org/details/MSNBC_20090715_000000_Countdown_With_Keith_Olbermann#start/2582/end/2617,7/15/2009 0:43:17,MSNBC,Countdown With Keith Olbermann,MSNBC_20090715_000000_Countdown_With_Keith_Olbermann,https://archive.org/download/MSNBC_20090715_000000_Countdown_With_Keith_Olbermann/MSNBC_20090715_000000_Countdown_With_Keith_Olbermann.thumbs/MSNBC_20090715_000000_Countdown_With_Keith_Olbermann_002576.jpg,"particularly corporate opposition, to things like health care, domestically, and climate change legislation. there's a lot of money to be had there and there's a whole sort of cottage industry that's been set up on the right in corporate america to oppose those kinds of reforms. that's a place that seems like"
https://archive.org/details/MSNBC_20090720_170000_Andrea_Mitchell_Reports#start/2459/end/2494,7/20/2009 17:41:14,MSNBC,Andrea Mitchell Reports,MSNBC_20090720_170000_Andrea_Mitchell_Reports,https://archive.org/download/MSNBC_20090720_170000_Andrea_Mitchell_Reports/MSNBC_20090720_170000_Andrea_Mitchell_Reports.thumbs/MSNBC_20090720_170000_Andrea_Mitchell_Reports_002460.jpg,"have to be a little patient on the idea of a grand climate change treaty. mike o'hanlon on foreign policy from brookingings, thanks so much. and straight ahead, will kopg meet the president's self-imposed august deadline for passing health care or for at least coming out with health care proposals that could then"
https://archive.org/details/MSNBC_20090709_100000_Morning_Joe#start/280/end/315,7/9/2009 10:04:55,MSNBC,Morning Joe,MSNBC_20090709_100000_Morning_Joe,https://archive.org/download/MSNBC_20090709_100000_Morning_Joe/MSNBC_20090709_100000_Morning_Joe.thumbs/MSNBC_20090709_100000_Morning_Joe_000266.jpg,"novoy. monica, so great to s you. it's greaeat to be w with yo. reporter: rigight no presidet ama at the g-8 summmmit i itatay working with fellolow leaderto confrontnt probls facing nations arnd the globe. at t top of the agenda, climate change andhe world economy. just a moment we'e'll be"
https://archive.org/details/MSNBC_20090709_100000_Morning_Joe#start/3865/end/3900,7/9/2009 11:04:40,MSNBC,Morning Joe,MSNBC_20090709_100000_Morning_Joe,https://archive.org/download/MSNBC_20090709_100000_Morning_Joe/MSNBC_20090709_100000_Morning_Joe.thumbs/MSNBC_20090709_100000_Morning_Joe_003866.jpg,"at the g-8 summit in italy workingith fellow leaders to coront problems facing leaders arouhe globe. at the top of the agenda climate change and the world economy. oba is hoping to make his mark by chairing discussio on the environment buhopes of agreeing onmtious goals have ched after china andindia"
https://archive.org/details/MSNBC_20090731_210000_Hardball_With_Chris_Matthews#start/1303/end/1338,7/31/2009 21:21:58,MSNBC,Hardball With Chris Matthews,MSNBC_20090731_210000_Hardball_With_Chris_Matthews,https://archive.org/download/MSNBC_20090731_210000_Hardball_With_Chris_Matthews/MSNBC_20090731_210000_Hardball_With_Chris_Matthews.thumbs/MSNBC_20090731_210000_Hardball_With_Chris_Matthews_001286.jpg,"you suggest to have a major focus from him in terms of big drive in august. i think your larger point is krek. in general, across the board, whether it was stimulus, climate change, or now health care, i think the organization of the left has not been what the white house would have hoped and"
https://archive.org/details/MSNBC_20090731_230000_Hardball_With_Chris_Matthews#start/1312/end/1347,7/31/2009 23:22:07,MSNBC,Hardball With Chris Matthews,MSNBC_20090731_230000_Hardball_With_Chris_Matthews,https://archive.org/download/MSNBC_20090731_230000_Hardball_With_Chris_Matthews/MSNBC_20090731_230000_Hardball_With_Chris_Matthews.thumbs/MSNBC_20090731_230000_Hardball_With_Chris_Matthews_001286.jpg,"you suggest, to have a major focus from him in terms of big drive in august. i think your larger point is correct. in general, across the board, whether it was stimulus, climate change, or now health care, i think the organization of the left has not been what the white house would have hoped and expected."
https://archive.org/details/MSNBC_20090720_170000_Andrea_Mitchell_Reports#start/2413/end/2448,7/20/2009 17:40:28,MSNBC,Andrea Mitchell Reports,MSNBC_20090720_170000_Andrea_Mitchell_Reports,https://archive.org/download/MSNBC_20090720_170000_Andrea_Mitchell_Reports/MSNBC_20090720_170000_Andrea_Mitchell_Reports.thumbs/MSNBC_20090720_170000_Andrea_Mitchell_Reports_002400.jpg,"and i think she's right to dedicate a trip to a very important country, the largest democracy in the world and so on. she better spend a lot of time on pakistan as well, and i believe she is, but i have no issue with this decision. in terms of the climate change agreement, this just goes to"
https://archive.org/details/MSNBC_20090720_220000_The_Ed_Show#start/529/end/564,7/20/2009 22:09:04,MSNBC,The Ed Show,MSNBC_20090720_220000_The_Ed_Show,https://archive.org/download/MSNBC_20090720_220000_The_Ed_Show/MSNBC_20090720_220000_The_Ed_Show.thumbs/MSNBC_20090720_220000_The_Ed_Show_000506.jpg,"on climate change, now they're very squeamish about this. the twist for you, ed, it may be that the house, not only will they wait on their break to get this done, they may wait until the senate goes. so they know that they're not out on the ledge all by themselves. what would motivate a blue"
https://archive.org/details/MSNBC_20090723_150000_MSNBC_News_Live#start/1572/end/1607,7/23/2009 15:26:27,MSNBC,MSNBC News Live,MSNBC_20090723_150000_MSNBC_News_Live,https://archive.org/download/MSNBC_20090723_150000_MSNBC_News_Live/MSNBC_20090723_150000_MSNBC_News_Live.thumbs/MSNBC_20090723_150000_MSNBC_News_Live_001556.jpg,"barack obama's, by the first six months. governor barbour, what else would you like to see on the national agenda right now. we're obviously spending a lot of time talking about health care. climate change is also out there. if you were advising the president or even advising some of the leaders in the house and"
