﻿URL,MatchDateTime,Station,Show,IAShowID,IAPreviewThumb,Snippet
https://archive.org/details/MSNBC_20100129_110000_Morning_Joe#start/1011/end/1046,1/29/2010 11:17:06,MSNBC,Morning Joe,MSNBC_20100129_110000_Morning_Joe,https://archive.org/download/MSNBC_20100129_110000_Morning_Joe/MSNBC_20100129_110000_Morning_Joe.thumbs/MSNBC_20100129_110000_Morning_Joe_001013.jpg,"change. i didn't know that. they have really come around for a carbon tax. bin laden is a regal gore. he says that climate change is"
https://archive.org/details/MSNBC_20100105_110000_Morning_Joe#start/10049/end/10084,1/5/2010 13:47:44,MSNBC,Morning Joe,MSNBC_20100105_110000_Morning_Joe,https://archive.org/download/MSNBC_20100105_110000_Morning_Joe/MSNBC_20100105_110000_Morning_Joe.thumbs/MSNBC_20100105_110000_Morning_Joe_010046.jpg,"to? not yet. it may come through the climate change connection. people are aware of the risks of climate change. certainly john kerry someois on those. and climate change and water are related to each other. climate change exacerbates the"
https://archive.org/details/MSNBC_20100129_230000_The_Ed_Show#start/188/end/223,1/29/2010 23:03:23,MSNBC,The Ed Show,MSNBC_20100129_230000_The_Ed_Show,https://archive.org/download/MSNBC_20100129_230000_The_Ed_Show/MSNBC_20100129_230000_The_Ed_Show.thumbs/MSNBC_20100129_230000_The_Ed_Show_000180.jpg,"alleged mastermind in lower manhattan. plus, osama bin laden is criticizing america on climate change."
https://archive.org/details/MSNBC_20100129_234246_The_Ed_Show#start/981/end/1016,1/29/2010 23:59:22,MSNBC,The Ed Show,MSNBC_20100129_234246_The_Ed_Show,https://archive.org/download/MSNBC_20100129_234246_The_Ed_Show/MSNBC_20100129_234246_The_Ed_Show.thumbs/MSNBC_20100129_234246_The_Ed_Show_000960.jpg,"what does senate and al gore have in common? apparently osama bin laden is now concerned with the climate change."
https://archive.org/details/MSNBC_20100126_030000_Countdown_With_Keith_Olbermann#start/2562/end/2597,1/26/2010 3:42:57,MSNBC,Countdown With Keith Olbermann,MSNBC_20100126_030000_Countdown_With_Keith_Olbermann,https://archive.org/download/MSNBC_20100126_030000_Countdown_With_Keith_Olbermann/MSNBC_20100126_030000_Countdown_With_Keith_Olbermann.thumbs/MSNBC_20100126_030000_Countdown_With_Keith_Olbermann_002546.jpg,"climate change but on financial reform, even health care, could really put obama back in the driver's seat, but he really is pretty far from that seat at this point in time. and what is the white house's role in this as particularly as it relates to climate change?"
https://archive.org/details/MSNBC_20100119_210000_The_Dylan_Ratigan_Show#start/1515/end/1550,1/19/2010 21:25:30,MSNBC,The Dylan Ratigan Show,MSNBC_20100119_210000_The_Dylan_Ratigan_Show,https://archive.org/download/MSNBC_20100119_210000_The_Dylan_Ratigan_Show/MSNBC_20100119_210000_The_Dylan_Ratigan_Show.thumbs/MSNBC_20100119_210000_The_Dylan_Ratigan_Show_001493.jpg,"interpretation, which is, i was working and the people on this video weren't. exactly. however, that's not the case in this instance. you see toure's here, and courtney back with us. welcome back. thank you. the weather is better here than in l.a. global warming?"
https://archive.org/details/MSNBC_20100126_110000_Morning_Joe#start/10468/end/10503,1/26/2010 13:54:43,MSNBC,Morning Joe,MSNBC_20100126_110000_Morning_Joe,https://archive.org/download/MSNBC_20100126_110000_Morning_Joe/MSNBC_20100126_110000_Morning_Joe.thumbs/MSNBC_20100126_110000_Morning_Joe_010432.jpg,"somewhere in america. the slightest breeze harbors immense power. the tallest buildings leave the lightest footprints. a fifty-ton train makes barely a mark on the environment. and a country facing climate change"
https://archive.org/details/MSNBC_20100127_140000_The_Daily_Rundown#start/863/end/898,1/27/2010 14:14:38,MSNBC,The Daily Rundown,MSNBC_20100127_140000_The_Daily_Rundown,https://archive.org/download/MSNBC_20100127_140000_The_Daily_Rundown/MSNBC_20100127_140000_The_Daily_Rundown.thumbs/MSNBC_20100127_140000_The_Daily_Rundown_000840.jpg,"somewhere in america. the slightest breeze harbors immense power. the tallest buildings leave the lightest footprints. a fifty-ton train makes barely a mark on the environment. and a country facing climate change"
https://archive.org/details/MSNBC_20100128_150000_MSNBC_News_Live#start/2054/end/2089,1/28/2010 15:34:29,MSNBC,MSNBC News Live,MSNBC_20100128_150000_MSNBC_News_Live,https://archive.org/download/MSNBC_20100128_150000_MSNBC_News_Live/MSNBC_20100128_150000_MSNBC_News_Live.thumbs/MSNBC_20100128_150000_MSNBC_News_Live_000061.jpg,"somewhere in america. the slightest breeze harbors immense power. the tallest buildings leave the lightest footprints. a fifty-ton train makes barely a mark on the environment. and a country facing climate change"
https://archive.org/details/MSNBC_20100129_020000_The_Rachel_Maddow_Show#start/3428/end/3463,1/29/2010 2:57:23,MSNBC,The Rachel Maddow Show,MSNBC_20100129_020000_The_Rachel_Maddow_Show,https://archive.org/download/MSNBC_20100129_020000_The_Rachel_Maddow_Show/MSNBC_20100129_020000_The_Rachel_Maddow_Show.thumbs/MSNBC_20100129_020000_The_Rachel_Maddow_Show_003420.jpg,"somewhere in america. the slightest breeze harbors immense power. the tallest buildings leave the lightest footprints. a fifty-ton train makes barely a mark on the environment. and a country facing climate change"
https://archive.org/details/MSNBC_20100129_110000_Morning_Joe#start/996/end/1031,1/29/2010 11:16:51,MSNBC,Morning Joe,MSNBC_20100129_110000_Morning_Joe,https://archive.org/download/MSNBC_20100129_110000_Morning_Joe/MSNBC_20100129_110000_Morning_Joe.thumbs/MSNBC_20100129_110000_Morning_Joe_000953.jpg,"bring the kids. they want to spend a summer in afghanistan, you talk about climate change, and the kids will come. you know, next day he'll be talking about the jersey shore. good thing that al qaeda is on board on the issue of climate"
https://archive.org/details/MSNBC_20100108_140000_Morning_Meeting#start/832/end/867,1/8/2010 14:14:07,MSNBC,Morning Meeting,MSNBC_20100108_140000_Morning_Meeting,https://archive.org/download/MSNBC_20100108_140000_Morning_Meeting/MSNBC_20100108_140000_Morning_Meeting.thumbs/MSNBC_20100108_140000_Morning_Meeting_000806.jpg,"that goes into the whole global warming thing too. i don't know how many people have come up to me and said, where's al gore? it's really about climate change, about more extreme"
https://archive.org/details/MSNBC_20100107_010000_Countdown_With_Keith_Olbermann#start/3098/end/3133,1/7/2010 1:51:53,MSNBC,Countdown With Keith Olbermann,MSNBC_20100107_010000_Countdown_With_Keith_Olbermann,https://archive.org/download/MSNBC_20100107_010000_Countdown_With_Keith_Olbermann/MSNBC_20100107_010000_Countdown_With_Keith_Olbermann.thumbs/MSNBC_20100107_010000_Countdown_With_Keith_Olbermann_003085.jpg,"researching global warming. well, the lunatic fringe always happy to rely on press releases rather than doing any reporting or thinking exploded. fox news.com screamed, 'cia resources diverted to climate change.' hannity quoted barrasso of"
https://archive.org/details/MSNBC_20100121_190000_MSNBC_News_Live#start/843/end/878,1/21/2010 19:14:18,MSNBC,MSNBC News Live,MSNBC_20100121_190000_MSNBC_News_Live,https://archive.org/download/MSNBC_20100121_190000_MSNBC_News_Live/MSNBC_20100121_190000_MSNBC_News_Live.thumbs/MSNBC_20100121_190000_MSNBC_News_Live_000840.jpg,"the scientists are apologizing for glaring mistakes and worlded most authoritative reports on global warming. mistakes in the 2007 report by united nations intergovernmental panel on climate change. they say mistakes were more to"
https://archive.org/details/MSNBC_20100107_110000_Morning_Joe#start/10523/end/10558,1/7/2010 13:55:38,MSNBC,Morning Joe,MSNBC_20100107_110000_Morning_Joe,https://archive.org/download/MSNBC_20100107_110000_Morning_Joe/MSNBC_20100107_110000_Morning_Joe.thumbs/MSNBC_20100107_110000_Morning_Joe_010495.jpg,"the dirtiest coal companies in the country promoting clean coal which is a myth, the idea we can somehow burn coal and have it be clean at the same time. what's happened over the past couple years? al gore's movie came out, a lot of attention on climate change."
https://archive.org/details/MSNBC_20100129_110000_Morning_Joe#start/4450/end/4485,1/29/2010 12:14:25,MSNBC,Morning Joe,MSNBC_20100129_110000_Morning_Joe,https://archive.org/download/MSNBC_20100129_110000_Morning_Joe/MSNBC_20100129_110000_Morning_Joe.thumbs/MSNBC_20100129_110000_Morning_Joe_004433.jpg,"he blames the united states and other industrialized nations for climate change. calling global warming 'an actual fact.' just what we need. just what you guys need. you know what? this guy -- i get a feeling that he is a republican, because, of"
https://archive.org/details/MSNBC_20100108_020000_The_Rachel_Maddow_Show#start/1645/end/1680,1/8/2010 2:27:40,MSNBC,The Rachel Maddow Show,MSNBC_20100108_020000_The_Rachel_Maddow_Show,https://archive.org/download/MSNBC_20100108_020000_The_Rachel_Maddow_Show/MSNBC_20100108_020000_The_Rachel_Maddow_Show.thumbs/MSNBC_20100108_020000_The_Rachel_Maddow_Show_001646.jpg,"over this. i despair over this because there are real fights to have over the response to terrorism. you know, there are real fights to have over health reform. what did we do? we followed the republicans' lead and spent all that time talking about death panels which is made up. government takeover. and on climate change."
https://archive.org/details/MSNBC_20100126_010000_Countdown_With_Keith_Olbermann#start/1445/end/1480,1/26/2010 1:24:20,MSNBC,Countdown With Keith Olbermann,MSNBC_20100126_010000_Countdown_With_Keith_Olbermann,https://archive.org/download/MSNBC_20100126_010000_Countdown_With_Keith_Olbermann/MSNBC_20100126_010000_Countdown_With_Keith_Olbermann.thumbs/MSNBC_20100126_010000_Countdown_With_Keith_Olbermann_001436.jpg,"clobbered by two possible republican opponents according to the latest polling there and so-called centrist democrats like blanche lincoln of arkansas are facing down the mid terms by moving to the right. senator lincoln saying she will line up with republicans to block new proposed greenhouse"
https://archive.org/details/MSNBC_20100127_110000_Morning_Joe#start/10635/end/10670,1/27/2010 13:57:30,MSNBC,Morning Joe,MSNBC_20100127_110000_Morning_Joe,https://archive.org/download/MSNBC_20100127_110000_Morning_Joe/MSNBC_20100127_110000_Morning_Joe.thumbs/MSNBC_20100127_110000_Morning_Joe_010612.jpg,"alaska trying to strip the epa's authority to regulate greenhouse gases. so some traditional allies are turning into foes in this battle. tim dickinson, another provocative piece. thanks for coming in to share it with us. it's in the new issue of 'rolling stone,' the one that has mika very excited."
https://archive.org/details/MSNBC_20100129_110000_Morning_Joe#start/981/end/1016,1/29/2010 11:16:36,MSNBC,Morning Joe,MSNBC_20100129_110000_Morning_Joe,https://archive.org/download/MSNBC_20100129_110000_Morning_Joe/MSNBC_20100129_110000_Morning_Joe.thumbs/MSNBC_20100129_110000_Morning_Joe_000953.jpg,"audiotape said to be the voice of osama bin laden. nbc has not confirmed if it was recorded by bin laden. he blames the united states and other industrialized nations for climate change. he's getting into climate change. oh, that's a good way to"
https://archive.org/details/MSNBC_20100126_060000_Countdown_With_Keith_Olbermann#start/1443/end/1478,1/26/2010 6:24:18,MSNBC,Countdown With Keith Olbermann,MSNBC_20100126_060000_Countdown_With_Keith_Olbermann,https://archive.org/download/MSNBC_20100126_060000_Countdown_With_Keith_Olbermann/MSNBC_20100126_060000_Countdown_With_Keith_Olbermann.thumbs/MSNBC_20100126_060000_Countdown_With_Keith_Olbermann_001436.jpg,"so-called centrist democrats like blanche lincoln of arkansas are facing down the midterms by moving to the right. senator lincoln saying she will line up with republicans to block new proposed greenhouse gas rules from the epa."
https://archive.org/details/MSNBC_20100105_110000_Morning_Joe#start/9986/end/10021,1/5/2010 13:46:41,MSNBC,Morning Joe,MSNBC_20100105_110000_Morning_Joe,https://archive.org/download/MSNBC_20100105_110000_Morning_Joe/MSNBC_20100105_110000_Morning_Joe.thumbs/MSNBC_20100105_110000_Morning_Joe_009985.jpg,"same way you take it out. basic fairness. if you do those two things, i'm sure you would see an enormous increase in productivity in the way that we use water and therefore growth in our economy. it seems to be like one of those giant issues like climate"
https://archive.org/details/MSNBC_20100129_150000_MSNBC_News_Live#start/683/end/718,1/29/2010 15:11:38,MSNBC,MSNBC News Live,MSNBC_20100129_150000_MSNBC_News_Live,https://archive.org/download/MSNBC_20100129_150000_MSNBC_News_Live/MSNBC_20100129_150000_MSNBC_News_Live.thumbs/MSNBC_20100129_150000_MSNBC_News_Live_000660.jpg,"a new audio tape reportedly from osama bin laden blaming the united states and others for global warming. the voice is apparently calling for the world to boycott"
https://archive.org/details/MSNBC_20100126_030000_Countdown_With_Keith_Olbermann#start/1440/end/1475,1/26/2010 3:24:15,MSNBC,Countdown With Keith Olbermann,MSNBC_20100126_030000_Countdown_With_Keith_Olbermann,https://archive.org/download/MSNBC_20100126_030000_Countdown_With_Keith_Olbermann/MSNBC_20100126_030000_Countdown_With_Keith_Olbermann.thumbs/MSNBC_20100126_030000_Countdown_With_Keith_Olbermann_001436.jpg,"republican opponents, according to the latest polling there and so-called centrist democrats like blanche lincoln of arkansas are facing down the midterms by moving to the right. senator lincoln saying she will line up with republicans to block new proposed greenhouse gas rules from the epa."
https://archive.org/details/MSNBC_20100129_230000_The_Ed_Show#start/1888/end/1923,1/29/2010 23:31:43,MSNBC,The Ed Show,MSNBC_20100129_230000_The_Ed_Show,https://archive.org/download/MSNBC_20100129_230000_The_Ed_Show/MSNBC_20100129_230000_The_Ed_Show.thumbs/MSNBC_20100129_230000_The_Ed_Show_001830.jpg,"drugster a tape that blames america for global warming, he decided to take the low rent approach and use the tape to compare democrats to terrorists. it gets harder and harder to"
https://archive.org/details/MSNBC_20100104_110000_Morning_Joe#start/6227/end/6262,1/4/2010 12:44:02,MSNBC,Morning Joe,MSNBC_20100104_110000_Morning_Joe,https://archive.org/download/MSNBC_20100104_110000_Morning_Joe/MSNBC_20100104_110000_Morning_Joe.thumbs/MSNBC_20100104_110000_Morning_Joe_006180.jpg,"looking at it in retrospect, probably did us a favor. we had an administration not as focused as it should be on terrorism. that is understandable. they are focused on health care and global warming and the economy."
https://archive.org/details/MSNBC_20100107_110000_Morning_Joe#start/10411/end/10446,1/7/2010 13:53:46,MSNBC,Morning Joe,MSNBC_20100107_110000_Morning_Joe,https://archive.org/download/MSNBC_20100107_110000_Morning_Joe/MSNBC_20100107_110000_Morning_Joe.thumbs/MSNBC_20100107_110000_Morning_Joe_010405.jpg,"legislation will still fall tragically short, but climate scientists tell us need to be done to avoid the looming chaos. in that sense the battle over global warming may already be over. your very provocative cover,"
https://archive.org/details/MSNBC_20100107_060000_Countdown_With_Keith_Olbermann#start/3086/end/3121,1/7/2010 6:51:41,MSNBC,Countdown With Keith Olbermann,MSNBC_20100107_060000_Countdown_With_Keith_Olbermann,https://archive.org/download/MSNBC_20100107_060000_Countdown_With_Keith_Olbermann/MSNBC_20100107_060000_Countdown_With_Keith_Olbermann.thumbs/MSNBC_20100107_060000_Countdown_With_Keith_Olbermann_003086.jpg,"of our nation's most elite intelligence gathering agencies to divert their resources to environmental scientists researching global warming. well, the lunatic fringe always happy to rely on press releases rather than doing any reporting or thinking exploded."
https://archive.org/details/MSNBC_20100127_110000_Morning_Joe#start/10508/end/10543,1/27/2010 13:55:23,MSNBC,Morning Joe,MSNBC_20100127_110000_Morning_Joe,https://archive.org/download/MSNBC_20100127_110000_Morning_Joe/MSNBC_20100127_110000_Morning_Joe.thumbs/MSNBC_20100127_110000_Morning_Joe_010492.jpg,"sort of conventional pollutants and smog and are taking care of clean water, but also very carefully bringing climate pollution into the epa's mandate and preparing to act if congress doesn't on reining in global warming pollution. tim, i've barely gotten over"
https://archive.org/details/MSNBC_20100119_210000_The_Dylan_Ratigan_Show#start/1529/end/1564,1/19/2010 21:25:44,MSNBC,The Dylan Ratigan Show,MSNBC_20100119_210000_The_Dylan_Ratigan_Show,https://archive.org/download/MSNBC_20100119_210000_The_Dylan_Ratigan_Show/MSNBC_20100119_210000_The_Dylan_Ratigan_Show.thumbs/MSNBC_20100119_210000_The_Dylan_Ratigan_Show_001493.jpg,"i'm not even going there. who knows. anyway, we will show you the story, we can't determine global warming, but we can decide of who did the best job of not working today. take a listen. toure, of course, took the win"
https://archive.org/details/MSNBC_20100127_110000_Morning_Joe#start/10554/end/10589,1/27/2010 13:56:09,MSNBC,Morning Joe,MSNBC_20100127_110000_Morning_Joe,https://archive.org/download/MSNBC_20100127_110000_Morning_Joe/MSNBC_20100127_110000_Morning_Joe.thumbs/MSNBC_20100127_110000_Morning_Joe_010552.jpg,"getting coal right and, frankly, phasing out a coal-powered industry is what's going to be the major fight about global warming. so this is an area where she's treading carefully, but they've pulled the permit on the largest mountaintop removal coal mine in"
https://archive.org/details/MSNBC_20100104_090000_Meet_the_Press#start/3114/end/3149,1/4/2010 9:52:09,MSNBC,Meet the Press,MSNBC_20100104_090000_Meet_the_Press,https://archive.org/download/MSNBC_20100104_090000_Meet_the_Press/MSNBC_20100104_090000_Meet_the_Press.thumbs/MSNBC_20100104_090000_Meet_the_Press_003087.jpg,"decade on so many levels the answer is no. there are fewer jobs, we feel less safe, there is a series of markers. on the other hand, the potential for renewal is in this decade. we looked about the global warming thing, taking that"
https://archive.org/details/MSNBC_20100104_110000_Morning_Joe#start/1324/end/1359,1/4/2010 11:22:19,MSNBC,Morning Joe,MSNBC_20100104_110000_Morning_Joe,https://archive.org/download/MSNBC_20100104_110000_Morning_Joe/MSNBC_20100104_110000_Morning_Joe.thumbs/MSNBC_20100104_110000_Morning_Joe_001316.jpg,"health care and global warming and the economy. that's very understandable. secondly, we weren't really focused on yemen and the terrible things happening there, now we are, and that's a good thing. and thirdly there, are holes obviously in the system, wasn't working well."
https://archive.org/details/MSNBC_20100105_110000_Morning_Joe#start/10065/end/10100,1/5/2010 13:48:00,MSNBC,Morning Joe,MSNBC_20100105_110000_Morning_Joe,https://archive.org/download/MSNBC_20100105_110000_Morning_Joe/MSNBC_20100105_110000_Morning_Joe.thumbs/MSNBC_20100105_110000_Morning_Joe_010046.jpg,"water problem we have and turns them into catastrophes. but to solve the global warming problem, you need to use water for the carbon sequestration, for example, is very water intensive. joe is humble, but he's doing his part. he only showers once a week."
https://archive.org/details/MSNBC_20100128_020000_State_of_the_Union#start/2305/end/2340,1/28/2010 2:38:40,MSNBC,State of the Union,MSNBC_20100128_020000_State_of_the_Union,https://archive.org/download/MSNBC_20100128_020000_State_of_the_Union/MSNBC_20100128_020000_State_of_the_Union.thumbs/MSNBC_20100128_020000_State_of_the_Union_002280.jpg,"changes in a tough economy. i know that there are those who disagree with the overwhelming scientific evidence on climate change. but -- but here's the thing,"
https://archive.org/details/MSNBC_20100126_230000_The_Ed_Show#start/2970/end/3005,1/26/2010 23:49:45,MSNBC,The Ed Show,MSNBC_20100126_230000_The_Ed_Show,https://archive.org/download/MSNBC_20100126_230000_The_Ed_Show/MSNBC_20100126_230000_The_Ed_Show.thumbs/MSNBC_20100126_230000_The_Ed_Show_002933.jpg,"tonight, 1-877-ed-msnbc. st foot. a fifty-ton train makes barely a mark on the environment. and a country facing climate change finds climate solutions."
https://archive.org/details/MSNBC_20100129_110000_Morning_Joe#start/4483/end/4518,1/29/2010 12:14:58,MSNBC,Morning Joe,MSNBC_20100129_110000_Morning_Joe,https://archive.org/download/MSNBC_20100129_110000_Morning_Joe/MSNBC_20100129_110000_Morning_Joe.thumbs/MSNBC_20100129_110000_Morning_Joe_004433.jpg,"you didn't know where he stood on the carbon tax. next thing you know, he'll come out with an opinion on cape and trade. and he's taking the points also. a couple of weeks ago, he came out and took credit for"
https://archive.org/details/MSNBC_20100104_070000_Meet_the_Press#start/3114/end/3149,1/4/2010 7:52:09,MSNBC,Meet the Press,MSNBC_20100104_070000_Meet_the_Press,https://archive.org/download/MSNBC_20100104_070000_Meet_the_Press/MSNBC_20100104_070000_Meet_the_Press.thumbs/MSNBC_20100104_070000_Meet_the_Press_003087.jpg,"answer is no. there are fewer jobs, we feel less safe, there is a series of markers. on the other hand, the potential for renewal is in this decade. we looked about the global warming thing, taking that seriously, we have the first african-american president who"
https://archive.org/details/MSNBC_20100107_030000_Countdown_With_Keith_Olbermann#start/3091/end/3126,1/7/2010 3:51:46,MSNBC,Countdown With Keith Olbermann,MSNBC_20100107_030000_Countdown_With_Keith_Olbermann,https://archive.org/download/MSNBC_20100107_030000_Countdown_With_Keith_Olbermann/MSNBC_20100107_030000_Countdown_With_Keith_Olbermann.thumbs/MSNBC_20100107_030000_Countdown_With_Keith_Olbermann_003090.jpg,"revolt ant development, as terrorists continue to infiltrate america, the obama administration is tasking some of our nation's most elite intelligence gathering agencies to divert their resources to environmental scientists researching global warming. well, the lunatic fringe always happy to rely on press releases rather than doing any reporting"
https://archive.org/details/MSNBC_20100129_160000_MSNBC_News_Live#start/269/end/304,1/29/2010 16:04:44,MSNBC,MSNBC News Live,MSNBC_20100129_160000_MSNBC_News_Live,https://archive.org/download/MSNBC_20100129_160000_MSNBC_News_Live/MSNBC_20100129_160000_MSNBC_News_Live.thumbs/MSNBC_20100129_160000_MSNBC_News_Live_000270.jpg,"allegedly by osama bin laden. the subject, of all things, global warming. the speaker blames it on the u.s. and other industrial countries. another audio tape by bin laden just last weekend claimed al qaeda was, indeed, behind the christmas day bombing of the jetliner bound for detroit."
https://archive.org/details/MSNBC_20100127_220000_Hardball_With_Chris_Matthews#start/2859/end/2894,1/27/2010 22:47:54,MSNBC,Hardball With Chris Matthews,MSNBC_20100127_220000_Hardball_With_Chris_Matthews,https://archive.org/download/MSNBC_20100127_220000_Hardball_With_Chris_Matthews/MSNBC_20100127_220000_Hardball_With_Chris_Matthews.thumbs/MSNBC_20100127_220000_Hardball_With_Chris_Matthews_002813.jpg,"the tallest buildings leave the lightest footprints. a fifty-ton train makes barely a mark on the environment. and a country facing climate change finds climate solutions. somewhere in america,"
https://archive.org/details/MSNBC_20100129_110000_Morning_Joe#start/4513/end/4548,1/29/2010 12:15:28,MSNBC,Morning Joe,MSNBC_20100129_110000_Morning_Joe,https://archive.org/download/MSNBC_20100129_110000_Morning_Joe/MSNBC_20100129_110000_Morning_Joe.thumbs/MSNBC_20100129_110000_Morning_Joe_004493.jpg,"osama bin laden on chicago mate chan chicago mate chan climate change. in a long-awaited appearance before an iraq inquiry panel, blair said the 9/11 terror"
https://archive.org/details/MSNBC_20100113_010000_Countdown_With_Keith_Olbermann#start/2937/end/2972,1/13/2010 1:49:12,MSNBC,Countdown With Keith Olbermann,MSNBC_20100113_010000_Countdown_With_Keith_Olbermann,https://archive.org/download/MSNBC_20100113_010000_Countdown_With_Keith_Olbermann/MSNBC_20100113_010000_Countdown_With_Keith_Olbermann.thumbs/MSNBC_20100113_010000_Countdown_With_Keith_Olbermann_002936.jpg,"rachel that sounds like it came right out of the year 1957. climate change denial, rape jokes, gay bashing. anything else you'd like to slap your name on for money, tuck?"
https://archive.org/details/MSNBC_20100126_060000_Countdown_With_Keith_Olbermann#start/1292/end/1327,1/26/2010 6:21:47,MSNBC,Countdown With Keith Olbermann,MSNBC_20100126_060000_Countdown_With_Keith_Olbermann,https://archive.org/download/MSNBC_20100126_060000_Countdown_With_Keith_Olbermann/MSNBC_20100126_060000_Countdown_With_Keith_Olbermann.thumbs/MSNBC_20100126_060000_Countdown_With_Keith_Olbermann_001287.jpg,"the tallest buildings leave the lightest footprints. a fifty-ton train makes barely a mark on the environment. and a country facing climate change finds climate solutions. somewhere in america,"
https://archive.org/details/MSNBC_20100113_060000_Countdown_With_Keith_Olbermann#start/2960/end/2995,1/13/2010 6:49:35,MSNBC,Countdown With Keith Olbermann,MSNBC_20100113_060000_Countdown_With_Keith_Olbermann,https://archive.org/download/MSNBC_20100113_060000_Countdown_With_Keith_Olbermann/MSNBC_20100113_060000_Countdown_With_Keith_Olbermann.thumbs/MSNBC_20100113_060000_Countdown_With_Keith_Olbermann_002936.jpg,"funded by the 'washington post' to the tune of $3 million by foster friess who turns out to be a climate change denier. a columnist not tucker but matt labash whose first piece"
https://archive.org/details/MSNBC_20100126_040000_The_Rachel_Maddow_Show#start/3448/end/3483,1/26/2010 4:57:43,MSNBC,The Rachel Maddow Show,MSNBC_20100126_040000_The_Rachel_Maddow_Show,https://archive.org/download/MSNBC_20100126_040000_The_Rachel_Maddow_Show/MSNBC_20100126_040000_The_Rachel_Maddow_Show.thumbs/MSNBC_20100126_040000_The_Rachel_Maddow_Show_003414.jpg,"the tallest buildings leave the lightest footprints. a fifty-ton train makes barely a mark on the environment. and a country facing climate change finds climate solutions. somewhere in america, we've already answered"
https://archive.org/details/MSNBC_20100113_020000_The_Rachel_Maddow_Show#start/830/end/865,1/13/2010 2:14:05,MSNBC,The Rachel Maddow Show,MSNBC_20100113_020000_The_Rachel_Maddow_Show,https://archive.org/download/MSNBC_20100113_020000_The_Rachel_Maddow_Show/MSNBC_20100113_020000_The_Rachel_Maddow_Show.thumbs/MSNBC_20100113_020000_The_Rachel_Maddow_Show_000810.jpg,"ledbetter fair pay act. he lifted a ban on the stem cell research. and climate change leks that obama made one of the centerpieces of his campaign. in august, sonya sotomayor was"
https://archive.org/details/MSNBC_20100125_110000_Morning_Joe#start/3133/end/3168,1/25/2010 11:52:28,MSNBC,Morning Joe,MSNBC_20100125_110000_Morning_Joe,https://archive.org/download/MSNBC_20100125_110000_Morning_Joe/MSNBC_20100125_110000_Morning_Joe.thumbs/MSNBC_20100125_110000_Morning_Joe_003113.jpg,"the tallest buildings leave the lightest footprints. a fifty-ton train makes barely a mark on the environment. and a country facing climate change finds climate solutions. somewhere in america, we've already answered"
https://archive.org/details/MSNBC_20100128_210000_The_Dylan_Ratigan_Show#start/1021/end/1056,1/28/2010 21:17:16,MSNBC,The Dylan Ratigan Show,MSNBC_20100128_210000_The_Dylan_Ratigan_Show,https://archive.org/download/MSNBC_20100128_210000_The_Dylan_Ratigan_Show/MSNBC_20100128_210000_The_Dylan_Ratigan_Show.thumbs/MSNBC_20100128_210000_The_Dylan_Ratigan_Show_001020.jpg,"the slightest breeze harbors immense power. the tallest buildings leave the lightest footprints. a fifty-ton train makes barely a mark on the environment. and a country facing climate change finds climate solutions."
https://archive.org/details/MSNBC_20100127_050000_Hardball_With_Chris_Matthews#start/1504/end/1539,1/27/2010 5:25:19,MSNBC,Hardball With Chris Matthews,MSNBC_20100127_050000_Hardball_With_Chris_Matthews,https://archive.org/download/MSNBC_20100127_050000_Hardball_With_Chris_Matthews/MSNBC_20100127_050000_Hardball_With_Chris_Matthews.thumbs/MSNBC_20100127_050000_Hardball_With_Chris_Matthews_001500.jpg,"the tallest buildings leave the lightest footprints. a fifty-ton train makes barely a mark on the environment. and a country facing climate change finds climate solutions. somewhere in america, we've already answered"
https://archive.org/details/MSNBC_20100122_060000_Countdown_With_Keith_Olbermann#start/3326/end/3361,1/22/2010 6:55:41,MSNBC,Countdown With Keith Olbermann,MSNBC_20100122_060000_Countdown_With_Keith_Olbermann,https://archive.org/download/MSNBC_20100122_060000_Countdown_With_Keith_Olbermann/MSNBC_20100122_060000_Countdown_With_Keith_Olbermann.thumbs/MSNBC_20100122_060000_Countdown_With_Keith_Olbermann_003325.jpg,"liebermans, tea partiers are in the front aisle at the political prostitution store. they are especially discounted old favorites for their corporate masters like the first years of irreversible climate change fort conservatives the"
https://archive.org/details/MSNBC_20100128_030000_MSNBC_Special_Coverage#start/758/end/793,1/28/2010 3:12:53,MSNBC,MSNBC Special Coverage,MSNBC_20100128_030000_MSNBC_Special_Coverage,https://archive.org/download/MSNBC_20100128_030000_MSNBC_Special_Coverage/MSNBC_20100128_030000_MSNBC_Special_Coverage.thumbs/MSNBC_20100128_030000_MSNBC_Special_Coverage_000746.jpg,"we have gone from a bystander to a leader in the fight against climate change. we are helping developing countries to feed themselves and continuing the fight against hiv-aids. we are launching a new"
https://archive.org/details/MSNBC_20100128_000000_Hardball_With_Chris_Matthews#start/892/end/927,1/28/2010 0:15:07,MSNBC,Hardball With Chris Matthews,MSNBC_20100128_000000_Hardball_With_Chris_Matthews,https://archive.org/download/MSNBC_20100128_000000_Hardball_With_Chris_Matthews/MSNBC_20100128_000000_Hardball_With_Chris_Matthews.thumbs/MSNBC_20100128_000000_Hardball_With_Chris_Matthews_000870.jpg,"'hardball' on msnbc. a fifty-ton train makes barely a mark on the environment. and a country facing climate change finds climate solutions. somewhere in america, we've already answered some of the nation's toughest questions."
https://archive.org/details/MSNBC_20100107_110000_Morning_Joe#start/10362/end/10397,1/7/2010 13:52:57,MSNBC,Morning Joe,MSNBC_20100107_110000_Morning_Joe,https://archive.org/download/MSNBC_20100107_110000_Morning_Joe/MSNBC_20100107_110000_Morning_Joe.thumbs/MSNBC_20100107_110000_Morning_Joe_010345.jpg,"challenge. the question is our capacity to meet it. for while the reality of climate change is not in doubt, i have to be honest, as the world watches us today, i think our"
https://archive.org/details/MSNBC_20100126_010000_Countdown_With_Keith_Olbermann#start/2147/end/2182,1/26/2010 1:36:02,MSNBC,Countdown With Keith Olbermann,MSNBC_20100126_010000_Countdown_With_Keith_Olbermann,https://archive.org/download/MSNBC_20100126_010000_Countdown_With_Keith_Olbermann/MSNBC_20100126_010000_Countdown_With_Keith_Olbermann.thumbs/MSNBC_20100126_010000_Countdown_With_Keith_Olbermann_002126.jpg,"contribution to climate change what's the first thing the democrats should do? of course. negotiate the contents of that legislation with the republicans. because that works so wonderfully well with health care. announcer: cialis asks, when is it time."
https://archive.org/details/MSNBC_20100104_140000_Morning_Meeting#start/6740/end/6775,1/4/2010 15:52:35,MSNBC,Morning Meeting,MSNBC_20100104_140000_Morning_Meeting,https://archive.org/download/MSNBC_20100104_140000_Morning_Meeting/MSNBC_20100104_140000_Morning_Meeting.thumbs/MSNBC_20100104_140000_Morning_Meeting_006720.jpg,"for climate change and made us vote for health care reform. please, please, please don't give us a tough immigration vote. that would just kill us. and then others say, well, we've got to do something about the"
https://archive.org/details/MSNBC_20100107_030000_Countdown_With_Keith_Olbermann#start/3153/end/3188,1/7/2010 3:52:48,MSNBC,Countdown With Keith Olbermann,MSNBC_20100107_030000_Countdown_With_Keith_Olbermann,https://archive.org/download/MSNBC_20100107_030000_Countdown_With_Keith_Olbermann/MSNBC_20100107_030000_Countdown_With_Keith_Olbermann.thumbs/MSNBC_20100107_030000_Countdown_With_Keith_Olbermann_003150.jpg,"no resources diverted, none. but for some reason, an exxonmobil-funded phony think tank put out a press release saying the cia was now studying climate change instead of spies. i wonder why they did that?"
https://archive.org/details/MSNBC_20100129_234246_The_Ed_Show#start/715/end/750,1/29/2010 23:54:56,MSNBC,The Ed Show,MSNBC_20100129_234246_The_Ed_Show,https://archive.org/download/MSNBC_20100129_234246_The_Ed_Show/MSNBC_20100129_234246_The_Ed_Show.thumbs/MSNBC_20100129_234246_The_Ed_Show_000690.jpg,"and a country facing climate change finds climate solutions. somewhere in america, we've already answered some of the nation's toughest questions. and the over sixty thousand people of siemens are ready to do it again. siemens. answers."
https://archive.org/details/MSNBC_20100130_140000_MSNBC_News_Live#start/3085/end/3120,1/30/2010 14:51:40,MSNBC,MSNBC News Live,MSNBC_20100130_140000_MSNBC_News_Live,https://archive.org/download/MSNBC_20100130_140000_MSNBC_News_Live/MSNBC_20100130_140000_MSNBC_News_Live.thumbs/MSNBC_20100130_140000_MSNBC_News_Live_003060.jpg,"and a country facing climate change finds climate solutions. somewhere in america, we've already answered some of the nation's toughest questions. and the over sixty thousand people of siemens are ready to do it again. siemens."
https://archive.org/details/MSNBC_20100131_150000_MSNBC_News_Live#start/3011/end/3046,1/31/2010 15:50:26,MSNBC,MSNBC News Live,MSNBC_20100131_150000_MSNBC_News_Live,https://archive.org/download/MSNBC_20100131_150000_MSNBC_News_Live/MSNBC_20100131_150000_MSNBC_News_Live.thumbs/MSNBC_20100131_150000_MSNBC_News_Live_003000.jpg,"barely a mark on the environment. and a country facing climate change finds climate solutions. somewhere in america, we've already answered some of the nation's toughest questions. and the over sixty thousand people of siemens are ready to do it again."
https://archive.org/details/MSNBC_20100107_060000_Countdown_With_Keith_Olbermann#start/3102/end/3137,1/7/2010 6:51:57,MSNBC,Countdown With Keith Olbermann,MSNBC_20100107_060000_Countdown_With_Keith_Olbermann,https://archive.org/download/MSNBC_20100107_060000_Countdown_With_Keith_Olbermann/MSNBC_20100107_060000_Countdown_With_Keith_Olbermann.thumbs/MSNBC_20100107_060000_Countdown_With_Keith_Olbermann_003086.jpg,"fox news.com screamed, 'cia resources diverted to climate change.' hannity quoted barrasso of wyoming saying the cia shouldn't be spying on sea lions. a blogger wrote, they're going from spying on terrorists to spying on polar bears."
https://archive.org/details/MSNBC_20100126_170000_MSNBC_News_Live#start/1239/end/1274,1/26/2010 17:20:54,MSNBC,MSNBC News Live,MSNBC_20100126_170000_MSNBC_News_Live,https://archive.org/download/MSNBC_20100126_170000_MSNBC_News_Live/MSNBC_20100126_170000_MSNBC_News_Live.thumbs/MSNBC_20100126_170000_MSNBC_News_Live_001230.jpg,"looking for, sure, they like the idea of doing health care reform and they like the idea of addressing climate change but there's been this primal scream for washington, for the president, for congress to address specifically economy and"
https://archive.org/details/MSNBC_20100125_230000_The_Ed_Show#start/1030/end/1065,1/25/2010 23:17:25,MSNBC,The Ed Show,MSNBC_20100125_230000_The_Ed_Show,https://archive.org/download/MSNBC_20100125_230000_The_Ed_Show/MSNBC_20100125_230000_The_Ed_Show.thumbs/MSNBC_20100125_230000_The_Ed_Show_001020.jpg,"a fifty-ton train makes barely a mark on the environment. and a country facing climate change finds climate solutions. somewhere in america, we've already answered some of the nation's toughest questions. and the over sixty thousand people of siemens"
https://archive.org/details/MSNBC_20100126_010000_Countdown_With_Keith_Olbermann#start/1024/end/1059,1/26/2010 1:17:19,MSNBC,Countdown With Keith Olbermann,MSNBC_20100126_010000_Countdown_With_Keith_Olbermann,https://archive.org/download/MSNBC_20100126_010000_Countdown_With_Keith_Olbermann/MSNBC_20100126_010000_Countdown_With_Keith_Olbermann.thumbs/MSNBC_20100126_010000_Countdown_With_Keith_Olbermann_001016.jpg,"barely a mark on the environment. and a country facing climate change finds climate solutions. somewhere in america, we've already answered some of the nation's toughest questions. and the over sixty thousand people of siemens are ready to do it again."
https://archive.org/details/MSNBC_20100126_010000_Countdown_With_Keith_Olbermann#start/2513/end/2548,1/26/2010 1:42:08,MSNBC,Countdown With Keith Olbermann,MSNBC_20100126_010000_Countdown_With_Keith_Olbermann,https://archive.org/download/MSNBC_20100126_010000_Countdown_With_Keith_Olbermann/MSNBC_20100126_010000_Countdown_With_Keith_Olbermann.thumbs/MSNBC_20100126_010000_Countdown_With_Keith_Olbermann_002516.jpg,"here, while bargain with the republicans about climate change legislation and i'm assuming they want to do that because bargaining with them over health care reform went so very, very well? yeah, well, remember they spent months, months with the"
https://archive.org/details/MSNBC_20100126_200000_MSNBC_News_Live#start/1872/end/1907,1/26/2010 20:31:27,MSNBC,MSNBC News Live,MSNBC_20100126_200000_MSNBC_News_Live,https://archive.org/download/MSNBC_20100126_200000_MSNBC_News_Live/MSNBC_20100126_200000_MSNBC_News_Live.thumbs/MSNBC_20100126_200000_MSNBC_News_Live_001860.jpg,"barely a mark on the environment. and a country facing climate change finds climate solutions. somewhere in america we've already answered some of the nation's toughest questions. and the over sixty thousand people of siemens are ready to do it again."
https://archive.org/details/MSNBC_20100122_010000_Countdown_With_Keith_Olbermann#start/3334/end/3369,1/22/2010 1:55:49,MSNBC,Countdown With Keith Olbermann,MSNBC_20100122_010000_Countdown_With_Keith_Olbermann,https://archive.org/download/MSNBC_20100122_010000_Countdown_With_Keith_Olbermann/MSNBC_20100122_010000_Countdown_With_Keith_Olbermann.thumbs/MSNBC_20100122_010000_Countdown_With_Keith_Olbermann_003325.jpg,"be wonderful. the republicans, the conservatives, the joe liebermans, tea partiers are in the front aisle at the political prostitution store. they are especially discounted old favorites for their corporate masters like the first years of irreversible climate change fort conservatives the"
https://archive.org/details/MSNBC_20100123_130000_MSNBC_News_Live#start/1244/end/1279,1/23/2010 13:20:59,MSNBC,MSNBC News Live,MSNBC_20100123_130000_MSNBC_News_Live,https://archive.org/download/MSNBC_20100123_130000_MSNBC_News_Live/MSNBC_20100123_130000_MSNBC_News_Live.thumbs/MSNBC_20100123_130000_MSNBC_News_Live_001230.jpg,"thing nationally. so one group of people say, focus on the economy. get that, don't do health care. don't do climate change. focus on the economy. the other group is saying, the government's trying to do too much and they're upset about"
https://archive.org/details/MSNBC_20100126_150000_MSNBC_News_Live#start/838/end/873,1/26/2010 15:14:13,MSNBC,MSNBC News Live,MSNBC_20100126_150000_MSNBC_News_Live,https://archive.org/download/MSNBC_20100126_150000_MSNBC_News_Live/MSNBC_20100126_150000_MSNBC_News_Live.thumbs/MSNBC_20100126_150000_MSNBC_News_Live_000810.jpg,"a fifty-ton train makes barely a mark on the environment. and a country facing climate change finds climate solutions. somewhere in america, we've already answered some of the nation's toughest questions. and the over sixty thousand people of siemens"
https://archive.org/details/MSNBC_20100125_140000_The_Daily_Rundown#start/2595/end/2630,1/25/2010 14:43:30,MSNBC,The Daily Rundown,MSNBC_20100125_140000_The_Daily_Rundown,https://archive.org/download/MSNBC_20100125_140000_The_Daily_Rundown/MSNBC_20100125_140000_The_Daily_Rundown.thumbs/MSNBC_20100125_140000_The_Daily_Rundown_000960.jpg,"a fifty-ton train makes barely a mark on the environment. and a country facing climate change finds climate solutions. somewhere in america, we've already answered some of the nation's toughest questions. and the over sixty thousand people of siemens"
https://archive.org/details/MSNBC_20100129_140000_The_Daily_Rundown#start/1489/end/1524,1/29/2010 14:25:04,MSNBC,The Daily Rundown,MSNBC_20100129_140000_The_Daily_Rundown,https://archive.org/download/MSNBC_20100129_140000_The_Daily_Rundown/MSNBC_20100129_140000_The_Daily_Rundown.thumbs/MSNBC_20100129_140000_The_Daily_Rundown_001433.jpg,"children, i shot him. al jazeera, the arabic language network has released a new audiotape, purportedly of osama bin laden. the voice on that tape blames the united states for climate change and the global economic downturn. in haiti, two weeks after"
https://archive.org/details/MSNBC_20100107_110000_Morning_Joe#start/10492/end/10527,1/7/2010 13:55:07,MSNBC,Morning Joe,MSNBC_20100107_110000_Morning_Joe,https://archive.org/download/MSNBC_20100107_110000_Morning_Joe/MSNBC_20100107_110000_Morning_Joe.thumbs/MSNBC_20100107_110000_Morning_Joe_010465.jpg,"the climate change legislation. and john mccain? the flip-flopper. john mccain's really one of the most striking ones because mccain was for this very form of climate legislation called cap-and-trade in 2003, co-sponsored with joe lieberman,"
https://archive.org/details/MSNBC_20100108_200000_MSNBC_News_Live#start/1041/end/1076,1/8/2010 20:17:36,MSNBC,MSNBC News Live,MSNBC_20100108_200000_MSNBC_News_Live,https://archive.org/download/MSNBC_20100108_200000_MSNBC_News_Live/MSNBC_20100108_200000_MSNBC_News_Live.thumbs/MSNBC_20100108_200000_MSNBC_News_Live_001016.jpg,"economy and security and how we combat the threat of climate change and leave our children a planet safer than the one we inherited. harnessing new forms of energy will be one of the defining challenges of the 21st century."
https://archive.org/details/MSNBC_20100113_010000_Countdown_With_Keith_Olbermann#start/2923/end/2958,1/13/2010 1:48:58,MSNBC,Countdown With Keith Olbermann,MSNBC_20100113_010000_Countdown_With_Keith_Olbermann,https://archive.org/download/MSNBC_20100113_010000_Countdown_With_Keith_Olbermann/MSNBC_20100113_010000_Countdown_With_Keith_Olbermann.thumbs/MSNBC_20100113_010000_Countdown_With_Keith_Olbermann_002906.jpg,"a new website funded by the washington post by a man name foster friest who turns out to be a climate change denying. and a guy named matt la bash who compared traffic video cameras to rape, and had a joke about"
https://archive.org/details/MSNBC_20100125_180000_Andrea_Mitchell_Reports#start/2527/end/2562,1/25/2010 18:42:22,MSNBC,Andrea Mitchell Reports,MSNBC_20100125_180000_Andrea_Mitchell_Reports,https://archive.org/download/MSNBC_20100125_180000_Andrea_Mitchell_Reports/MSNBC_20100125_180000_Andrea_Mitchell_Reports.thumbs/MSNBC_20100125_180000_Andrea_Mitchell_Reports_002520.jpg,"barely a mark on the environment. and a country facing climate change finds climate solutions. somewhere in america, we've already answered some of the nation's toughest questions. and the over sixty thousand people of siemens are ready to do it again."
https://archive.org/details/MSNBC_20100113_030000_Countdown_With_Keith_Olbermann#start/2935/end/2970,1/13/2010 3:49:10,MSNBC,Countdown With Keith Olbermann,MSNBC_20100113_030000_Countdown_With_Keith_Olbermann,https://archive.org/download/MSNBC_20100113_030000_Countdown_With_Keith_Olbermann/MSNBC_20100113_030000_Countdown_With_Keith_Olbermann.thumbs/MSNBC_20100113_030000_Countdown_With_Keith_Olbermann_002905.jpg,"to the tune of $3 million by arthur friess who turns out to be a climate change denier. a columnist, whose first piece compared traffic cameras to rape and had a joke about rachel that sounds like it came right out of"
https://archive.org/details/MSNBC_20100113_030000_Countdown_With_Keith_Olbermann#start/2951/end/2986,1/13/2010 3:49:26,MSNBC,Countdown With Keith Olbermann,MSNBC_20100113_030000_Countdown_With_Keith_Olbermann,https://archive.org/download/MSNBC_20100113_030000_Countdown_With_Keith_Olbermann/MSNBC_20100113_030000_Countdown_With_Keith_Olbermann.thumbs/MSNBC_20100113_030000_Countdown_With_Keith_Olbermann_002940.jpg,"the year 1957. climate change denial, rape jokes, gay bashing. anything else you'd like to slap your name on for money, tuck? gonorrhea is available. our winner, congressman from south carolina, running for governor from that state, introducing for the second time"
https://archive.org/details/MSNBC_20100126_010000_Countdown_With_Keith_Olbermann#start/2565/end/2600,1/26/2010 1:43:00,MSNBC,Countdown With Keith Olbermann,MSNBC_20100126_010000_Countdown_With_Keith_Olbermann,https://archive.org/download/MSNBC_20100126_010000_Countdown_With_Keith_Olbermann/MSNBC_20100126_010000_Countdown_With_Keith_Olbermann.thumbs/MSNBC_20100126_010000_Countdown_With_Keith_Olbermann_002546.jpg,"to grab congress by their short little amendments at some point and really take control. and, you know, moving towards populism, not necessarily on climate change but on financial reform, even health care, could really put obama back in the driver's seat but he really is"
https://archive.org/details/MSNBC_20100107_030000_Countdown_With_Keith_Olbermann#start/3106/end/3141,1/7/2010 3:52:01,MSNBC,Countdown With Keith Olbermann,MSNBC_20100107_030000_Countdown_With_Keith_Olbermann,https://archive.org/download/MSNBC_20100107_030000_Countdown_With_Keith_Olbermann/MSNBC_20100107_030000_Countdown_With_Keith_Olbermann.thumbs/MSNBC_20100107_030000_Countdown_With_Keith_Olbermann_003090.jpg,"or thinking exploded. fox news.com screamed, 'cia resources diverted to climate change.' hannity quoted barrasso of wyoming saying the cia shouldn't be spying on sea lions. a blogger wrote, they're going from spying on terrorists to spying on polar bears. another blogger said the cia"
https://archive.org/details/MSNBC_20100123_130000_MSNBC_News_Live#start/1184/end/1219,1/23/2010 13:19:59,MSNBC,MSNBC News Live,MSNBC_20100123_130000_MSNBC_News_Live,https://archive.org/download/MSNBC_20100123_130000_MSNBC_News_Live/MSNBC_20100123_130000_MSNBC_News_Live.thumbs/MSNBC_20100123_130000_MSNBC_News_Live_001170.jpg,"turbulence. then you soo two contradictory things happening. one hand, a frustration democrats have been pushing health care to a lesser extent climate change and a time when people want to see a focus on the economy. remember when bill clinton said during the 1992 presidential"
https://archive.org/details/MSNBC_20100107_110000_Morning_Joe#start/10570/end/10605,1/7/2010 13:56:25,MSNBC,Morning Joe,MSNBC_20100107_110000_Morning_Joe,https://archive.org/download/MSNBC_20100107_110000_Morning_Joe/MSNBC_20100107_110000_Morning_Joe.thumbs/MSNBC_20100107_110000_Morning_Joe_010555.jpg,"lobbying campaign. this ties in to the segment just before that part of what we are dealing with here is a fundamental problem with how government is operating. responsiveness versus responsibility. the question of climate change is a long-term issue. when you have people like"
https://archive.org/details/MSNBC_20100119_190000_MSNBC_News_Live#start/1945/end/1980,1/19/2010 19:32:40,MSNBC,MSNBC News Live,MSNBC_20100119_190000_MSNBC_News_Live,https://archive.org/download/MSNBC_20100119_190000_MSNBC_News_Live/MSNBC_20100119_190000_MSNBC_News_Live.thumbs/MSNBC_20100119_190000_MSNBC_News_Live_000055.jpg,"science around climate change and talked about taking away elements of a woman's right to choose. think there has been a lot more engage order the ground in this than the health care plan and people of massachusetts particularly their immediate concern is they have -- we have            _"
https://archive.org/details/MSNBC_20100129_170000_MSNBC_News_Live#start/2998/end/3033,1/29/2010 17:50:13,MSNBC,MSNBC News Live,MSNBC_20100129_170000_MSNBC_News_Live,https://archive.org/download/MSNBC_20100129_170000_MSNBC_News_Live/MSNBC_20100129_170000_MSNBC_News_Live.thumbs/MSNBC_20100129_170000_MSNBC_News_Live_002970.jpg,"are still skeptical in some cases about climate change in our politics and in congress, the world's not skeptical about it. if we're going to be going after some of these big markets, they're going to be looking to see, is the united states the"
https://archive.org/details/MSNBC_20100129_140000_The_Daily_Rundown#start/1539/end/1574,1/29/2010 14:25:54,MSNBC,The Daily Rundown,MSNBC_20100129_140000_The_Daily_Rundown,https://archive.org/download/MSNBC_20100129_140000_The_Daily_Rundown/MSNBC_20100129_140000_The_Daily_Rundown.thumbs/MSNBC_20100129_140000_The_Daily_Rundown_001493.jpg,"that's pretty exciting. on the bin laden story, i guess his oil money didn't contribute to climate change. interesting to see him venture into other areas. no irony there on where he gets all his money as well. let's move to the 2010. the debate over ideological"
https://archive.org/details/MSNBC_20100122_030000_Countdown_With_Keith_Olbermann#start/3335/end/3370,1/22/2010 3:55:50,MSNBC,Countdown With Keith Olbermann,MSNBC_20100122_030000_Countdown_With_Keith_Olbermann,https://archive.org/download/MSNBC_20100122_030000_Countdown_With_Keith_Olbermann/MSNBC_20100122_030000_Countdown_With_Keith_Olbermann.thumbs/MSNBC_20100122_030000_Countdown_With_Keith_Olbermann_003326.jpg,"the front aisle at the political prostitution store. they are especially discounted old favorites for their corporate masters like the first years of irreversible climate change for the conservatives, the previously cold winter will grow delightful warm. only later will it be hot then unbearable then flames."
https://archive.org/details/MSNBC_20100119_050000_Countdown_With_Keith_Olbermann#start/2347/end/2382,1/19/2010 5:39:22,MSNBC,Countdown With Keith Olbermann,MSNBC_20100119_050000_Countdown_With_Keith_Olbermann,https://archive.org/download/MSNBC_20100119_050000_Countdown_With_Keith_Olbermann/MSNBC_20100119_050000_Countdown_With_Keith_Olbermann.thumbs/MSNBC_20100119_050000_Countdown_With_Keith_Olbermann_002336.jpg,"palin. it has been presented as an auger about everything from the republicans taking the senate back to the outcome of 2012. everything except disproving climate change and they probably just didn't feel like they needed to do that. assuming it is a republican win"
https://archive.org/details/MSNBC_20100126_060000_Countdown_With_Keith_Olbermann#start/2508/end/2543,1/26/2010 6:42:03,MSNBC,Countdown With Keith Olbermann,MSNBC_20100126_060000_Countdown_With_Keith_Olbermann,https://archive.org/download/MSNBC_20100126_060000_Countdown_With_Keith_Olbermann/MSNBC_20100126_060000_Countdown_With_Keith_Olbermann.thumbs/MSNBC_20100126_060000_Countdown_With_Keith_Olbermann_002486.jpg,"so to the original topic here, while bargain with the republicans about climate change legislation and i'm assuming they want to do that because bargaining with them over health care reform went so very, very well? yeah, well, remember they spent months, months with the"
https://archive.org/details/MSNBC_20100126_060000_Countdown_With_Keith_Olbermann#start/2558/end/2593,1/26/2010 6:42:53,MSNBC,Countdown With Keith Olbermann,MSNBC_20100126_060000_Countdown_With_Keith_Olbermann,https://archive.org/download/MSNBC_20100126_060000_Countdown_With_Keith_Olbermann/MSNBC_20100126_060000_Countdown_With_Keith_Olbermann.thumbs/MSNBC_20100126_060000_Countdown_With_Keith_Olbermann_002547.jpg,"to grab congress by their short little amendments at some point and really take control. and, you know, moving towards populism, not necessarily on climate change but on financial reform, even health care, could really put obama back in the driver's seat but he really is"
https://archive.org/details/MSNBC_20100126_010000_Countdown_With_Keith_Olbermann#start/2409/end/2444,1/26/2010 1:40:24,MSNBC,Countdown With Keith Olbermann,MSNBC_20100126_010000_Countdown_With_Keith_Olbermann,https://archive.org/download/MSNBC_20100126_010000_Countdown_With_Keith_Olbermann/MSNBC_20100126_010000_Countdown_With_Keith_Olbermann.thumbs/MSNBC_20100126_010000_Countdown_With_Keith_Olbermann_002396.jpg,"known as ruler of the universe. just like the position on universal health care he once had mr. brown was for climate change legislation before he was against it. the senator-elect tried to distance himself from his own 2008 massachusetts state senate vote to cap emissions while"
https://archive.org/details/MSNBC_20100107_110000_Morning_Joe#start/10428/end/10463,1/7/2010 13:54:03,MSNBC,Morning Joe,MSNBC_20100107_110000_Morning_Joe,https://archive.org/download/MSNBC_20100107_110000_Morning_Joe/MSNBC_20100107_110000_Morning_Joe.thumbs/MSNBC_20100107_110000_Morning_Joe_010405.jpg,"'you idiots.' who were you talking to? we were talking to 17 folks who we think are climate killers. people who have done the most or done the least -- you put warren buffett on that. warren buffett has not only trashed climate change legislation calling it a huge"
https://archive.org/details/MSNBC_20100119_230000_The_Ed_Show#start/2181/end/2216,1/19/2010 23:36:36,MSNBC,The Ed Show,MSNBC_20100119_230000_The_Ed_Show,https://archive.org/download/MSNBC_20100119_230000_The_Ed_Show/MSNBC_20100119_230000_The_Ed_Show.thumbs/MSNBC_20100119_230000_The_Ed_Show_002160.jpg,"nancy pelosi and harry reid, probably the two central figures in this, arrogantly tried to jam through an agenda that the american people weren't ready for. the president would have been wise to have taken not only the global climate change issue off the table but sit down very"
https://archive.org/details/MSNBC_20100113_140000_The_Daily_Rundown#start/1755/end/1790,1/13/2010 14:29:30,MSNBC,The Daily Rundown,MSNBC_20100113_140000_The_Daily_Rundown,https://archive.org/download/MSNBC_20100113_140000_The_Daily_Rundown/MSNBC_20100113_140000_The_Daily_Rundown.thumbs/MSNBC_20100113_140000_The_Daily_Rundown_001740.jpg,"woman's right to choose. and now 'the globe' says brown expressed skepticism that climate change is being caused by humans. no wonder brown's campaign is being supported by the same extremist group that backed sarah palin. well, this you go. reminder, he's a republican. now the national democratic"
https://archive.org/details/MSNBC_20100128_043000_The_Rachel_Maddow_Show#start/1858/end/1893,1/28/2010 5:01:13,MSNBC,The Rachel Maddow Show,MSNBC_20100128_043000_The_Rachel_Maddow_Show,https://archive.org/download/MSNBC_20100128_043000_The_Rachel_Maddow_Show/MSNBC_20100128_043000_The_Rachel_Maddow_Show.thumbs/MSNBC_20100128_043000_The_Rachel_Maddow_Show_000017.jpg,"jobs bill, financial reform, climate change. community colleges, all having passed the house, not having passed the senate, urging the senate to follow suit and pass these bills, too. also urging the senate to pass pay-go. is the senate in any position to follow through on that stuff?"
https://archive.org/details/MSNBC_20100107_110000_Morning_Joe#start/10649/end/10684,1/7/2010 13:57:44,MSNBC,Morning Joe,MSNBC_20100107_110000_Morning_Joe,https://archive.org/download/MSNBC_20100107_110000_Morning_Joe/MSNBC_20100107_110000_Morning_Joe.thumbs/MSNBC_20100107_110000_Morning_Joe_010645.jpg,"buffett. i have to say. i didn't expect that. in looking at his investments and his position on climate change legislation he's somebody who ought to know better. mika, would you like me to sign that for you? it is written in crimson red. thank you so much, eric, for"
https://archive.org/details/MSNBC_20100126_030000_Countdown_With_Keith_Olbermann#start/2144/end/2179,1/26/2010 3:35:59,MSNBC,Countdown With Keith Olbermann,MSNBC_20100126_030000_Countdown_With_Keith_Olbermann,https://archive.org/download/MSNBC_20100126_030000_Countdown_With_Keith_Olbermann/MSNBC_20100126_030000_Countdown_With_Keith_Olbermann.thumbs/MSNBC_20100126_030000_Countdown_With_Keith_Olbermann_002126.jpg,"comes to passing legislation to try to slow down mankind's contribution to climate change what's the first thing the democrats should do? of course. negotiate the contents of that legislation with the republicans. because that worked so wonderfully well with health care. i think i'll get him a cart. [ man ] wow!       _          _"
https://archive.org/details/MSNBC_20100126_030000_Countdown_With_Keith_Olbermann#start/2397/end/2432,1/26/2010 3:40:12,MSNBC,Countdown With Keith Olbermann,MSNBC_20100126_030000_Countdown_With_Keith_Olbermann,https://archive.org/download/MSNBC_20100126_030000_Countdown_With_Keith_Olbermann/MSNBC_20100126_030000_Countdown_With_Keith_Olbermann.thumbs/MSNBC_20100126_030000_Countdown_With_Keith_Olbermann_002396.jpg,"be colleague republican scott brown of massachusetts, also known as ruler of the universe. but just like the position on universal health care he once had mr. brown was for climate change legislation before he was against it. the senator-elect tried to distance himself from his own"
https://archive.org/details/MSNBC_20100126_030000_Countdown_With_Keith_Olbermann#start/2503/end/2538,1/26/2010 3:41:58,MSNBC,Countdown With Keith Olbermann,MSNBC_20100126_030000_Countdown_With_Keith_Olbermann,https://archive.org/download/MSNBC_20100126_030000_Countdown_With_Keith_Olbermann/MSNBC_20100126_030000_Countdown_With_Keith_Olbermann.thumbs/MSNBC_20100126_030000_Countdown_With_Keith_Olbermann_002486.jpg,"or maybe even deep views on many of these issues. so to the original topic here, while bargain with the republicans about climate change legislation -- and i'm assuming they want to do that because bargaining with them over health care reform went so very, very well? yeah, well, remember they"
https://archive.org/details/MSNBC_20100122_010000_Countdown_With_Keith_Olbermann#start/1029/end/1064,1/22/2010 1:17:24,MSNBC,Countdown With Keith Olbermann,MSNBC_20100122_010000_Countdown_With_Keith_Olbermann,https://archive.org/download/MSNBC_20100122_010000_Countdown_With_Keith_Olbermann/MSNBC_20100122_010000_Countdown_With_Keith_Olbermann.thumbs/MSNBC_20100122_010000_Countdown_With_Keith_Olbermann_001016.jpg,"own ads in support of a climate who denies climate change or big banks heavily funding an advertising blitz in support of a candidate who opposes the obama bank regulations or a mammoth internet company rolling out a massive ad campaign in support of a candidate who opposes added privacy"
https://archive.org/details/MSNBC_20100126_060000_Countdown_With_Keith_Olbermann#start/2173/end/2208,1/26/2010 6:36:28,MSNBC,Countdown With Keith Olbermann,MSNBC_20100126_060000_Countdown_With_Keith_Olbermann,https://archive.org/download/MSNBC_20100126_060000_Countdown_With_Keith_Olbermann/MSNBC_20100126_060000_Countdown_With_Keith_Olbermann.thumbs/MSNBC_20100126_060000_Countdown_With_Keith_Olbermann_002126.jpg,"mankind's kriction to climate change, what's the first thing democrats should do? of course, negotiate the contents of that legislation with the republicans because that worked so wonderfully well with health care. so many arthritis pain relievers --. i just want fewer pills and relief that lasts all day."
https://archive.org/details/MSNBC_20100113_060000_Countdown_With_Keith_Olbermann#start/2975/end/3010,1/13/2010 6:49:50,MSNBC,Countdown With Keith Olbermann,MSNBC_20100113_060000_Countdown_With_Keith_Olbermann,https://archive.org/download/MSNBC_20100113_060000_Countdown_With_Keith_Olbermann/MSNBC_20100113_060000_Countdown_With_Keith_Olbermann.thumbs/MSNBC_20100113_060000_Countdown_With_Keith_Olbermann_002966.jpg,"compared traffic cameras to rape and had a joke about rachel that sounds like it came right out of the year 1957. climate change denial, rape jokes, gay bashing. anything else you'd like to slap your name on for money, tuck? gonorrhea is still available. our winner, congressman gresham barrett from south carolina,"
https://archive.org/details/MSNBC_20100119_230000_The_Ed_Show#start/2227/end/2262,1/19/2010 23:37:22,MSNBC,The Ed Show,MSNBC_20100119_230000_The_Ed_Show,https://archive.org/download/MSNBC_20100119_230000_The_Ed_Show/MSNBC_20100119_230000_The_Ed_Show.thumbs/MSNBC_20100119_230000_The_Ed_Show_002220.jpg,"what's happening? no. i think they're gaining traction -- scott brown has gone out and said that he does not want to vote for this health care bill in its current fashion. he does not want to vote for global climate change. he does not believe in one-party rule in washington and that he"
https://archive.org/details/MSNBC_20100128_110000_Morning_Joe#start/10146/end/10181,1/28/2010 13:49:21,MSNBC,Morning Joe,MSNBC_20100128_110000_Morning_Joe,https://archive.org/download/MSNBC_20100128_110000_Morning_Joe/MSNBC_20100128_110000_Morning_Joe.thumbs/MSNBC_20100128_110000_Morning_Joe_010132.jpg,"president say here's all this new spending we're going to do, we're going to do health care, we want our energy climate change bill, and starting in 2011 we're going to have a spending freeze. that had to be frustrating to millions of americans. but we still welcome the call for fiscal discipline and we'll"
https://archive.org/details/MSNBC_20100127_170000_MSNBC_News_Live#start/242/end/277,1/27/2010 17:04:17,MSNBC,MSNBC News Live,MSNBC_20100127_170000_MSNBC_News_Live,https://archive.org/download/MSNBC_20100127_170000_MSNBC_News_Live/MSNBC_20100127_170000_MSNBC_News_Live.thumbs/MSNBC_20100127_170000_MSNBC_News_Live_000240.jpg,"now that's on hold. the question is where is that going to go? along with the climate change bill. along with high priority item signature items like financial reform that president obama has been trying to push through congress and now stalled there. we understand that the president is going to speak extensively"
https://archive.org/details/MSNBC_20100120_160000_MSNBC_News_Live#start/2882/end/2917,1/20/2010 16:48:17,MSNBC,MSNBC News Live,MSNBC_20100120_160000_MSNBC_News_Live,https://archive.org/download/MSNBC_20100120_160000_MSNBC_News_Live/MSNBC_20100120_160000_MSNBC_News_Live.thumbs/MSNBC_20100120_160000_MSNBC_News_Live_002880.jpg,"with the rank and file not onboard now with the leadership. and they are saying that this is a big message to us to slow down and try to figure out a new way of get thing done and more importantly, after a walking the plank on climate change, after walking the plank on health"
https://archive.org/details/MSNBC_20100107_110000_Morning_Joe#start/10460/end/10495,1/7/2010 13:54:35,MSNBC,Morning Joe,MSNBC_20100107_110000_Morning_Joe,https://archive.org/download/MSNBC_20100107_110000_Morning_Joe/MSNBC_20100107_110000_Morning_Joe.thumbs/MSNBC_20100107_110000_Morning_Joe_010435.jpg,"he's also added another 1 million shares of exxon mobile which is the biggest carbon polluter in the country. what do you expect him to invest in? windmills? if you think that climate change legislation is going to pass you might start moving towards greener energy and start moving away from some of the"
https://archive.org/details/MSNBC_20100122_060000_Countdown_With_Keith_Olbermann#start/1017/end/1052,1/22/2010 6:17:12,MSNBC,Countdown With Keith Olbermann,MSNBC_20100122_060000_Countdown_With_Keith_Olbermann,https://archive.org/download/MSNBC_20100122_060000_Countdown_With_Keith_Olbermann/MSNBC_20100122_060000_Countdown_With_Keith_Olbermann.thumbs/MSNBC_20100122_060000_Countdown_With_Keith_Olbermann_001015.jpg,"to spend unlimited sums on its own ads in support of a climate who denies climate change or big banks heavily funding an advertising blitz in support of a candidate who opposes the obama bank regulations or a mammoth internet company rolling out a massive ad campaign in support of a candidate who"
https://archive.org/details/MSNBC_20100122_140000_The_Daily_Rundown#start/2314/end/2349,1/22/2010 14:38:49,MSNBC,The Daily Rundown,MSNBC_20100122_140000_The_Daily_Rundown,https://archive.org/download/MSNBC_20100122_140000_The_Daily_Rundown/MSNBC_20100122_140000_The_Daily_Rundown.thumbs/MSNBC_20100122_140000_The_Daily_Rundown_002310.jpg,"including nancy pelosi, speaker, who are quite upset with the senate democratic leadership and the white house because their guys took a tough vote on climate change, on the public option as being part of health care reform, and what have they goat to show for it? they're not getting any backup."
https://archive.org/details/MSNBC_20100126_060000_Countdown_With_Keith_Olbermann#start/2399/end/2434,1/26/2010 6:40:14,MSNBC,Countdown With Keith Olbermann,MSNBC_20100126_060000_Countdown_With_Keith_Olbermann,https://archive.org/download/MSNBC_20100126_060000_Countdown_With_Keith_Olbermann/MSNBC_20100126_060000_Countdown_With_Keith_Olbermann.thumbs/MSNBC_20100126_060000_Countdown_With_Keith_Olbermann_002396.jpg,"win the support of their soon to be colleague republican scott brown of massachusetts also known as ruler of the universe. just like the position on universal health care he once had, mr. broin was for climate change legislation before he was against it. the senator-elect tried to distance himself from his own"
https://archive.org/details/MSNBC_20100103_190000_Meet_the_Press#start/3153/end/3188,1/3/2010 19:52:48,MSNBC,Meet the Press,MSNBC_20100103_190000_Meet_the_Press,https://archive.org/download/MSNBC_20100103_190000_Meet_the_Press/MSNBC_20100103_190000_Meet_the_Press.thumbs/MSNBC_20100103_190000_Meet_the_Press_003150.jpg,"going down so far. you know, if you ask people the question are you better off now than at the beginning of the decade on so many levels the answer is no. there are fewer jobs, we feel less safe, there is a series of markers. on the other hand, the potential for renewal is in this decade. we looked about the global warming thing, taking that seriously, we have the first"
https://archive.org/details/MSNBC_20100119_010000_Countdown_With_Keith_Olbermann#start/2346/end/2381,1/19/2010 1:39:21,MSNBC,Countdown With Keith Olbermann,MSNBC_20100119_010000_Countdown_With_Keith_Olbermann,https://archive.org/download/MSNBC_20100119_010000_Countdown_With_Keith_Olbermann/MSNBC_20100119_010000_Countdown_With_Keith_Olbermann.thumbs/MSNBC_20100119_010000_Countdown_With_Keith_Olbermann_002336.jpg,"story that fox news covered last week that was not about sarah palin. it has been presented as an auger about everything from the republicans taking the senate back to the outcome of 2012. everything except disproving climate change and they probably just didn't feel like they needed to do that. assuming it is a republican win"
https://archive.org/details/MSNBC_20100107_110000_Morning_Joe#start/10538/end/10573,1/7/2010 13:55:53,MSNBC,Morning Joe,MSNBC_20100107_110000_Morning_Joe,https://archive.org/download/MSNBC_20100107_110000_Morning_Joe/MSNBC_20100107_110000_Morning_Joe.thumbs/MSNBC_20100107_110000_Morning_Joe_010525.jpg,"but when you look at the polls, every single poll shows americans are moving away. is it just because the economy is bad and they don't want to think about it? give us clean jobs or dirty jobs. 1 in 3 americans think climate change legislation will impact jobs. 3 in 4 americans want some kind"
https://archive.org/details/MSNBC_20100108_040000_The_Rachel_Maddow_Show#start/1662/end/1697,1/8/2010 4:27:57,MSNBC,The Rachel Maddow Show,MSNBC_20100108_040000_The_Rachel_Maddow_Show,https://archive.org/download/MSNBC_20100108_040000_The_Rachel_Maddow_Show/MSNBC_20100108_040000_The_Rachel_Maddow_Show.thumbs/MSNBC_20100108_040000_The_Rachel_Maddow_Show_001646.jpg,"talking about death panels, which is made up. government takeover. and on climate change. there are a lot of interesting ways to talk about the right way to respond to that. but instead it's climategate, all made up. following the republican framing into nonsense land. and we've ended up talking about stuff that is not real instead"
https://archive.org/details/MSNBC_20100126_060000_Countdown_With_Keith_Olbermann#start/2574/end/2609,1/26/2010 6:43:09,MSNBC,Countdown With Keith Olbermann,MSNBC_20100126_060000_Countdown_With_Keith_Olbermann,https://archive.org/download/MSNBC_20100126_060000_Countdown_With_Keith_Olbermann/MSNBC_20100126_060000_Countdown_With_Keith_Olbermann.thumbs/MSNBC_20100126_060000_Countdown_With_Keith_Olbermann_002547.jpg,"pretty far from that seat at this point in time. and what is the white house's role in this particularly as it relates to climate change? the president going to leave this to the senate to work out the details again because again just like with health care reform when he stood back that went so very, very well?"
https://archive.org/details/MSNBC_20100126_010000_Countdown_With_Keith_Olbermann#start/2579/end/2614,1/26/2010 1:43:14,MSNBC,Countdown With Keith Olbermann,MSNBC_20100126_010000_Countdown_With_Keith_Olbermann,https://archive.org/download/MSNBC_20100126_010000_Countdown_With_Keith_Olbermann/MSNBC_20100126_010000_Countdown_With_Keith_Olbermann.thumbs/MSNBC_20100126_010000_Countdown_With_Keith_Olbermann_002576.jpg,"pretty far from that seat at this point in time. and what is the white house's role in this as particularly as it relates to climate change? the president going to leave this to the senate to work out the details again because again just like with health care reform when he stood back that went so very, very well?"
https://archive.org/details/MSNBC_20100122_030000_Countdown_With_Keith_Olbermann#start/1039/end/1074,1/22/2010 3:17:34,MSNBC,Countdown With Keith Olbermann,MSNBC_20100122_030000_Countdown_With_Keith_Olbermann,https://archive.org/download/MSNBC_20100122_030000_Countdown_With_Keith_Olbermann/MSNBC_20100122_030000_Countdown_With_Keith_Olbermann.thumbs/MSNBC_20100122_030000_Countdown_With_Keith_Olbermann_001016.jpg,"who denies climate change or big banks heavily funding an advertising blitz in support of a candidate who opposes the obama bank regulations or a mammoth internet company rolling out a massive ad campaign in support of a candidate who opposes added privacy protection. that is just a sliver of what might be unleashed by today's fresh new pile of a supreme court decision. not in some not too distant"
