﻿URL,MatchDateTime,Station,Show,IAShowID,IAPreviewThumb,Snippet
https://archive.org/details/MSNBC_20100929_080000_Countdown_With_Keith_Olbermann#start/2376/end/2411,9/29/2010 8:39:51,MSNBC,Countdown With Keith Olbermann,MSNBC_20100929_080000_Countdown_With_Keith_Olbermann,https://archive.org/download/MSNBC_20100929_080000_Countdown_With_Keith_Olbermann/MSNBC_20100929_080000_Countdown_With_Keith_Olbermann.thumbs/MSNBC_20100929_080000_Countdown_With_Keith_Olbermann_002370.jpg,"valero and tesoro, also two of the state's top polluters. they're behind an initiative on the november ballot called proposition 23, which would suspend our law to reduce greenhouse gas emissions."
https://archive.org/details/MSNBC_20100924_020000_Countdown_With_Keith_Olbermann#start/758/end/793,9/24/2010 2:12:53,MSNBC,Countdown With Keith Olbermann,MSNBC_20100924_020000_Countdown_With_Keith_Olbermann,https://archive.org/download/MSNBC_20100924_020000_Countdown_With_Keith_Olbermann/MSNBC_20100924_020000_Countdown_With_Keith_Olbermann.thumbs/MSNBC_20100924_020000_Countdown_With_Keith_Olbermann_000750.jpg,"things that you believe in, right? and things that are popular. a lot of things don't fall in that middle intersection. we should raise energy. we should raise the price of energy a tremendous amount to forestall global warming."
https://archive.org/details/MSNBC_20100901_200000_The_Dylan_Ratigan_Show#start/2533/end/2568,9/1/2010 20:42:28,MSNBC,The Dylan Ratigan Show,MSNBC_20100901_200000_The_Dylan_Ratigan_Show,https://archive.org/download/MSNBC_20100901_200000_The_Dylan_Ratigan_Show/MSNBC_20100901_200000_The_Dylan_Ratigan_Show.thumbs/MSNBC_20100901_200000_The_Dylan_Ratigan_Show_002514.jpg,"show on that network. there's no mention in any of the information and literature written by james jae lee referring to sarah palin or that show. his issues are directed to the discovery channel and how they cover global warming."
https://archive.org/details/MSNBC_20100924_080000_Countdown_With_Keith_Olbermann#start/747/end/782,9/24/2010 8:12:42,MSNBC,Countdown With Keith Olbermann,MSNBC_20100924_080000_Countdown_With_Keith_Olbermann,https://archive.org/download/MSNBC_20100924_080000_Countdown_With_Keith_Olbermann/MSNBC_20100924_080000_Countdown_With_Keith_Olbermann.thumbs/MSNBC_20100924_080000_Countdown_With_Keith_Olbermann_000720.jpg,"looking for this diagram, which is things that are good policy, things that you believe in, right? and things that are popular. a lot of things don't fall in that middle intersection. we should raise energy. we should raise the price of energy a tremendous amount to forestall global warming."
https://archive.org/details/MSNBC_20100902_100000_Morning_Joe#start/5762/end/5797,9/2/2010 11:36:17,MSNBC,Morning Joe,MSNBC_20100902_100000_Morning_Joe,https://archive.org/download/MSNBC_20100902_100000_Morning_Joe/MSNBC_20100902_100000_Morning_Joe.thumbs/MSNBC_20100902_100000_Morning_Joe_005751.jpg,"inside. we weren't sure if the gunman was going to come up the other floors or anything. reporter: police say james lee of maryland had a history of protesting in front of the discovery channel. handing out rambling leaflets calling for more programming about global warming and animal"
https://archive.org/details/MSNBC_20100909_030000_The_Rachel_Maddow_Show#start/3376/end/3411,9/9/2010 3:56:31,MSNBC,The Rachel Maddow Show,MSNBC_20100909_030000_The_Rachel_Maddow_Show,https://archive.org/download/MSNBC_20100909_030000_The_Rachel_Maddow_Show/MSNBC_20100909_030000_The_Rachel_Maddow_Show.thumbs/MSNBC_20100909_030000_The_Rachel_Maddow_Show_003354.jpg,"a year ago an astroturf group sent him letters pretending to be a hispanic group of virginia and state chapters of the naacp. the letters urged perriello to vote against climate change legislation."
https://archive.org/details/MSNBC_20100914_050000_Countdown_With_Keith_Olbermann#start/3476/end/3511,9/14/2010 5:58:11,MSNBC,Countdown With Keith Olbermann,MSNBC_20100914_050000_Countdown_With_Keith_Olbermann,https://archive.org/download/MSNBC_20100914_050000_Countdown_With_Keith_Olbermann/MSNBC_20100914_050000_Countdown_With_Keith_Olbermann.thumbs/MSNBC_20100914_050000_Countdown_With_Keith_Olbermann_003450.jpg,"let's not forget this guy has held office in delaware for 30 years, probably shaken every single hand in that state. democrats will probably try to present him as having tacked to the right a bit on abortion rights, climate change"
https://archive.org/details/MSNBC_20100930_030000_Countdown_With_Keith_Olbermann#start/2250/end/2285,9/30/2010 3:37:45,MSNBC,Countdown With Keith Olbermann,MSNBC_20100930_030000_Countdown_With_Keith_Olbermann,https://archive.org/download/MSNBC_20100930_030000_Countdown_With_Keith_Olbermann/MSNBC_20100930_030000_Countdown_With_Keith_Olbermann.thumbs/MSNBC_20100930_030000_Countdown_With_Keith_Olbermann_002160.jpg,"committee and the gop takes the house in november, they have the opportunity to get rid of it. in our third story, george sensenbrenner wants to keep a committee alive to show there is no such thing as climate change."
https://archive.org/details/MSNBC_20100915_130000_The_Daily_Rundown#start/2919/end/2954,9/15/2010 13:48:54,MSNBC,The Daily Rundown,MSNBC_20100915_130000_The_Daily_Rundown,https://archive.org/download/MSNBC_20100915_130000_The_Daily_Rundown/MSNBC_20100915_130000_The_Daily_Rundown.thumbs/MSNBC_20100915_130000_The_Daily_Rundown_002910.jpg,"course and had really gotten into the zeitgeist, about 85% of americans felt it was important. and the film itself was adopted as part of the curriculum in five countries around the world. and led to a number of bills and so on about climate change being"
https://archive.org/details/MSNBC_20100930_000000_Countdown_With_Keith_Olbermann#start/2246/end/2281,9/30/2010 0:37:41,MSNBC,Countdown With Keith Olbermann,MSNBC_20100930_000000_Countdown_With_Keith_Olbermann,https://archive.org/download/MSNBC_20100930_000000_Countdown_With_Keith_Olbermann/MSNBC_20100930_000000_Countdown_With_Keith_Olbermann.thumbs/MSNBC_20100930_000000_Countdown_With_Keith_Olbermann_002070.jpg,"go national. go like a pro. he voted against the committee's creation. his fellow republican members see no point to it. if the gop takes the house in november they'll have the opportunity to get rid of it. congressman jim sensenbrenner wants to keep a climate change"
https://archive.org/details/MSNBC_20100914_020000_Countdown_With_Keith_Olbermann#start/3475/end/3510,9/14/2010 2:58:10,MSNBC,Countdown With Keith Olbermann,MSNBC_20100914_020000_Countdown_With_Keith_Olbermann,https://archive.org/download/MSNBC_20100914_020000_Countdown_With_Keith_Olbermann/MSNBC_20100914_020000_Countdown_With_Keith_Olbermann.thumbs/MSNBC_20100914_020000_Countdown_With_Keith_Olbermann_003473.jpg,"to an extent. let's not forget this guy has held office in delaware for 30 years, probably shaken every single hand in that state. democrats will probably try to present him as having gone to the right a bit on abortion rights, climate change in his"
https://archive.org/details/MSNBC_20100930_000000_Countdown_With_Keith_Olbermann#start/2261/end/2296,9/30/2010 0:37:56,MSNBC,Countdown With Keith Olbermann,MSNBC_20100930_000000_Countdown_With_Keith_Olbermann,https://archive.org/download/MSNBC_20100930_000000_Countdown_With_Keith_Olbermann/MSNBC_20100930_000000_Countdown_With_Keith_Olbermann.thumbs/MSNBC_20100930_000000_Countdown_With_Keith_Olbermann_002250.jpg,"committee alive just to prove there is no such thing as climate change and so he can persecute those who know that there is. politico reporting that the 16-term congressman not only wants to keep the select committee on energy independence and global warming going but he is eying its top spot. the better from which to"
https://archive.org/details/MSNBC_20100920_100000_Morning_Joe#start/4203/end/4238,9/20/2010 11:10:18,MSNBC,Morning Joe,MSNBC_20100920_100000_Morning_Joe,https://archive.org/download/MSNBC_20100920_100000_Morning_Joe/MSNBC_20100920_100000_Morning_Joe.thumbs/MSNBC_20100920_100000_Morning_Joe_004200.jpg,"don't want to plight size this issue. as far as global warming goes, what global warming was a factor in pakistan. it's very important to recognize because the meltoff from the himalayas is growing."
https://archive.org/details/MSNBC_20100901_200000_The_Dylan_Ratigan_Show#start/1855/end/1890,9/1/2010 20:31:10,MSNBC,The Dylan Ratigan Show,MSNBC_20100901_200000_The_Dylan_Ratigan_Show,https://archive.org/download/MSNBC_20100901_200000_The_Dylan_Ratigan_Show/MSNBC_20100901_200000_The_Dylan_Ratigan_Show.thumbs/MSNBC_20100901_200000_The_Dylan_Ratigan_Show_001854.jpg,"in addition to being concerned about global warming, many of his demands include overpopulation, and so it does not and is not limited to, you know, this save the planet alone kind of a global warming, environmental. right. some of his most passionate"
https://archive.org/details/MSNBC_20100921_220000_The_Ed_Show#start/742/end/777,9/21/2010 22:12:37,MSNBC,The Ed Show,MSNBC_20100921_220000_The_Ed_Show,https://archive.org/download/MSNBC_20100921_220000_The_Ed_Show/MSNBC_20100921_220000_The_Ed_Show.thumbs/MSNBC_20100921_220000_The_Ed_Show_000720.jpg,"that john boehner, the empty suit tan man doesn't run government. that jim inhoff, who says that global warming is a hoax and we should not pay any attention to global warming that he doesn't take over the senate environmental committee that jeff sessions from alabama who"
https://archive.org/details/MSNBC_20100922_070000_The_Ed_Show#start/726/end/761,9/22/2010 7:12:21,MSNBC,The Ed Show,MSNBC_20100922_070000_The_Ed_Show,https://archive.org/download/MSNBC_20100922_070000_The_Ed_Show/MSNBC_20100922_070000_The_Ed_Show.thumbs/MSNBC_20100922_070000_The_Ed_Show_000720.jpg,"energy committee, as he will if the republicans gain control. that john boehner, the empty suit tan man doesn't run government. that jim inhoff, who says that global warming is a hoax and we should not pay any attention to global warming that he doesn't take over the senate"
https://archive.org/details/MSNBC_20100930_000000_Countdown_With_Keith_Olbermann#start/2512/end/2547,9/30/2010 0:42:07,MSNBC,Countdown With Keith Olbermann,MSNBC_20100930_000000_Countdown_With_Keith_Olbermann,https://archive.org/download/MSNBC_20100930_000000_Countdown_With_Keith_Olbermann/MSNBC_20100930_000000_Countdown_With_Keith_Olbermann.thumbs/MSNBC_20100930_000000_Countdown_With_Keith_Olbermann_002490.jpg,"climate change, supposed issue, the one issa brought up? how would the obama administration work on climate change legislation with the republican house full of people who are paid by big oil to deny that there is any climate change? well, i mean, there is no question that we're going to see"
https://archive.org/details/MSNBC_20100930_080000_Countdown_With_Keith_Olbermann#start/2507/end/2542,9/30/2010 8:42:02,MSNBC,Countdown With Keith Olbermann,MSNBC_20100930_080000_Countdown_With_Keith_Olbermann,https://archive.org/download/MSNBC_20100930_080000_Countdown_With_Keith_Olbermann/MSNBC_20100930_080000_Countdown_With_Keith_Olbermann.thumbs/MSNBC_20100930_080000_Countdown_With_Keith_Olbermann_002490.jpg,"this committee or other possibilities for examining the climate change, supposed issue, the one issa brought up? how would the obama administration work on climate change legislation with the republican house full of people who are paid by big oil to deny that there is any climate change? well, i mean, there is no question that we're going to see"
https://archive.org/details/MSNBC_20100930_080000_Countdown_With_Keith_Olbermann#start/1970/end/2005,9/30/2010 8:33:05,MSNBC,Countdown With Keith Olbermann,MSNBC_20100930_080000_Countdown_With_Keith_Olbermann,https://archive.org/download/MSNBC_20100930_080000_Countdown_With_Keith_Olbermann/MSNBC_20100930_080000_Countdown_With_Keith_Olbermann.thumbs/MSNBC_20100930_080000_Countdown_With_Keith_Olbermann_001740.jpg,"those fighting climate change. climate change, change. republican plans to turn a pro environmental committee into an investigation into pro environmentalists. the tweet of the day from mike king. what are delaware conservative moms going to tell their"
https://archive.org/details/MSNBC_20100930_030000_Countdown_With_Keith_Olbermann#start/2375/end/2410,9/30/2010 3:39:50,MSNBC,Countdown With Keith Olbermann,MSNBC_20100930_030000_Countdown_With_Keith_Olbermann,https://archive.org/download/MSNBC_20100930_030000_Countdown_With_Keith_Olbermann/MSNBC_20100930_030000_Countdown_With_Keith_Olbermann.thumbs/MSNBC_20100930_030000_Countdown_With_Keith_Olbermann_002370.jpg,"climate change. how much climate change is cause bide human activity and how much is cause bide a natural cycle? there has been countless studies and rulings finding that yes, there is a scientific consensus and yes, the cause is us."
https://archive.org/details/MSNBC_20100930_080000_Countdown_With_Keith_Olbermann#start/2361/end/2396,9/30/2010 8:39:36,MSNBC,Countdown With Keith Olbermann,MSNBC_20100930_080000_Countdown_With_Keith_Olbermann,https://archive.org/download/MSNBC_20100930_080000_Countdown_With_Keith_Olbermann/MSNBC_20100930_080000_Countdown_With_Keith_Olbermann.thumbs/MSNBC_20100930_080000_Countdown_With_Keith_Olbermann_002340.jpg,"was a stunt and vehicle to give a forum to markey and his views. he regarded the calls for legislative action on climate change as hyperbole and extremism. how much climate change is cause bide human activity and the natural cycle i don't think"
https://archive.org/details/MSNBC_20100915_130000_The_Daily_Rundown#start/2904/end/2939,9/15/2010 13:48:39,MSNBC,The Daily Rundown,MSNBC_20100915_130000_The_Daily_Rundown,https://archive.org/download/MSNBC_20100915_130000_The_Daily_Rundown/MSNBC_20100915_130000_The_Daily_Rundown.thumbs/MSNBC_20100915_130000_The_Daily_Rundown_002880.jpg,"films to date was 'an inconvenient truth.' and when we did the film in 2006, opinion about climate change and the country was about 35% of americans felt that climate change was an important issue, but a year and a half later, when the film had run the"
https://archive.org/details/MSNBC_20100930_080000_Countdown_With_Keith_Olbermann#start/2252/end/2287,9/30/2010 8:37:47,MSNBC,Countdown With Keith Olbermann,MSNBC_20100930_080000_Countdown_With_Keith_Olbermann,https://archive.org/download/MSNBC_20100930_080000_Countdown_With_Keith_Olbermann/MSNBC_20100930_080000_Countdown_With_Keith_Olbermann.thumbs/MSNBC_20100930_080000_Countdown_With_Keith_Olbermann_002250.jpg,"congressman jim sensenbrenner wants to keep a climate change committee alive just to prove there is no such thing as climate change and so he can persecute those who know that there is. politico reporting that the 16-term congressman not only wants to keep the select committee on energy independence"
https://archive.org/details/MSNBC_20100930_080000_Countdown_With_Keith_Olbermann#start/2410/end/2445,9/30/2010 8:40:25,MSNBC,Countdown With Keith Olbermann,MSNBC_20100930_080000_Countdown_With_Keith_Olbermann,https://archive.org/download/MSNBC_20100930_080000_Countdown_With_Keith_Olbermann/MSNBC_20100930_080000_Countdown_With_Keith_Olbermann.thumbs/MSNBC_20100930_080000_Countdown_With_Keith_Olbermann_002400.jpg,"have we seen as stark an example of this ever before? i don't think so. i mean, this is a committee that was created to educate congress on the issues of not just climate change but energy independence which even if you think climate change is a giant"
https://archive.org/details/MSNBC_20100930_000000_Countdown_With_Keith_Olbermann#start/1003/end/1038,9/30/2010 0:16:58,MSNBC,Countdown With Keith Olbermann,MSNBC_20100930_000000_Countdown_With_Keith_Olbermann,https://archive.org/download/MSNBC_20100930_000000_Countdown_With_Keith_Olbermann/MSNBC_20100930_000000_Countdown_With_Keith_Olbermann.thumbs/MSNBC_20100930_000000_Countdown_With_Keith_Olbermann_000990.jpg,"dedicated to investigating climate change and turn it into a committee giving a platform to climate change deniers and other tools of big oil. last time he raged. this time he won the 9/11 first responders bill passed the congress. his quoting inflammatory rhetoric makes it difficult for"
https://archive.org/details/MSNBC_20100930_000000_Countdown_With_Keith_Olbermann#start/2418/end/2453,9/30/2010 0:40:33,MSNBC,Countdown With Keith Olbermann,MSNBC_20100930_000000_Countdown_With_Keith_Olbermann,https://archive.org/download/MSNBC_20100930_000000_Countdown_With_Keith_Olbermann/MSNBC_20100930_000000_Countdown_With_Keith_Olbermann.thumbs/MSNBC_20100930_000000_Countdown_With_Keith_Olbermann_002400.jpg,"of this ever before? i don't think so. i mean, this is a committee that was created to educate congress on the issues of not just climate change but energy independence which even if you think climate change is a giant hoax hopefully you certainly know we face a huge energy"
https://archive.org/details/MSNBC_20100930_080000_Countdown_With_Keith_Olbermann#start/991/end/1026,9/30/2010 8:16:46,MSNBC,Countdown With Keith Olbermann,MSNBC_20100930_080000_Countdown_With_Keith_Olbermann,https://archive.org/download/MSNBC_20100930_080000_Countdown_With_Keith_Olbermann/MSNBC_20100930_080000_Countdown_With_Keith_Olbermann.thumbs/MSNBC_20100930_080000_Countdown_With_Keith_Olbermann_000990.jpg,"protected. now the republicans want to put him in the senate. if they take the house, his plan is to take a committee now dedicated to investigating climate change and turn it into a committee giving a platform to climate change deniers and other tools of big oil. last time he raged."
https://archive.org/details/MSNBC_20100930_000000_Countdown_With_Keith_Olbermann#start/2368/end/2403,9/30/2010 0:39:43,MSNBC,Countdown With Keith Olbermann,MSNBC_20100930_000000_Countdown_With_Keith_Olbermann,https://archive.org/download/MSNBC_20100930_000000_Countdown_With_Keith_Olbermann/MSNBC_20100930_000000_Countdown_With_Keith_Olbermann.thumbs/MSNBC_20100930_000000_Countdown_With_Keith_Olbermann_002340.jpg,"was a stunt and vehicle to give a forum to markey and his views. he regarded the calls for legislative action on climate change as hyperbole and extremism. how much climate change is cause bide human activity and the natural cycle i don't think there is a real consensus on. except that there have been"
https://archive.org/details/MSNBC_20100910_060000_The_Rachel_Maddow_Show#start/3187/end/3222,9/10/2010 6:53:22,MSNBC,The Rachel Maddow Show,MSNBC_20100910_060000_The_Rachel_Maddow_Show,https://archive.org/download/MSNBC_20100910_060000_The_Rachel_Maddow_Show/MSNBC_20100910_060000_The_Rachel_Maddow_Show.thumbs/MSNBC_20100910_060000_The_Rachel_Maddow_Show_003173.jpg,"way rich corporations and rich people try to get their way in american politics. by buying it. take, for example, california's proposition 23, california has a strict greenhouse gas reduction law. prop 23 would suspend that law and that, of course, would be"
https://archive.org/details/MSNBC_20100929_030000_Countdown_With_Keith_Olbermann#start/2402/end/2437,9/29/2010 3:40:17,MSNBC,Countdown With Keith Olbermann,MSNBC_20100929_030000_Countdown_With_Keith_Olbermann,https://archive.org/download/MSNBC_20100929_030000_Countdown_With_Keith_Olbermann/MSNBC_20100929_030000_Countdown_With_Keith_Olbermann.thumbs/MSNBC_20100929_030000_Countdown_With_Keith_Olbermann_002400.jpg,"the november ballot called proposition 23, which would suspend our law to reduce greenhouse gas emissions. but in reality, because of the fine print when it comes to unemployment, they really don't want to just suspend it, they want to kill this initiative,"
https://archive.org/details/MSNBC_20100901_190000_MSNBC_News_Live#start/3424/end/3459,9/1/2010 19:57:19,MSNBC,MSNBC News Live,MSNBC_20100901_190000_MSNBC_News_Live,https://archive.org/download/MSNBC_20100901_190000_MSNBC_News_Live/MSNBC_20100901_190000_MSNBC_News_Live.thumbs/MSNBC_20100901_190000_MSNBC_News_Live_003413.jpg,"animal planet, tlc, planet green, discovery produces some really wonderful programming on the concerns that face our planet when it comes to global warming or certain species"
https://archive.org/details/MSNBC_20100922_040000_Hardball_With_Chris_Matthews#start/377/end/412,9/22/2010 4:06:32,MSNBC,Hardball With Chris Matthews,MSNBC_20100922_040000_Hardball_With_Chris_Matthews,https://archive.org/download/MSNBC_20100922_040000_Hardball_With_Chris_Matthews/MSNBC_20100922_040000_Hardball_With_Chris_Matthews.thumbs/MSNBC_20100922_040000_Hardball_With_Chris_Matthews_000360.jpg,"there are 37 republican candidates for the senate. not one believes global warming is real and manmade, except for one, mike castle, the one she defeated in delaware."
https://archive.org/details/MSNBC_20100929_000000_Countdown_With_Keith_Olbermann#start/2410/end/2445,9/29/2010 0:40:25,MSNBC,Countdown With Keith Olbermann,MSNBC_20100929_000000_Countdown_With_Keith_Olbermann,https://archive.org/download/MSNBC_20100929_000000_Countdown_With_Keith_Olbermann/MSNBC_20100929_000000_Countdown_With_Keith_Olbermann.thumbs/MSNBC_20100929_000000_Countdown_With_Keith_Olbermann_002400.jpg,"greenhouse gas emissions. but in reality, because of the fine print when it comes to unemployment, they really don't want to just suspend it, they want to kill this initiative, they want to kill our laws. and while they're not creating a shale company, they are creating"
https://archive.org/details/MSNBC_20100921_210000_Hardball_With_Chris_Matthews#start/400/end/435,9/21/2010 21:06:55,MSNBC,Hardball With Chris Matthews,MSNBC_20100921_210000_Hardball_With_Chris_Matthews,https://archive.org/download/MSNBC_20100921_210000_Hardball_With_Chris_Matthews/MSNBC_20100921_210000_Hardball_With_Chris_Matthews.thumbs/MSNBC_20100921_210000_Hardball_With_Chris_Matthews_000390.jpg,"helped by stem cell research. there are 37 republican candidates for the senate. not one believes global warming is real and manmade, except for one, mike castle, the one she"
https://archive.org/details/MSNBC_20100914_180000_MSNBC_News_Live#start/2168/end/2203,9/14/2010 18:36:23,MSNBC,MSNBC News Live,MSNBC_20100914_180000_MSNBC_News_Live,https://archive.org/download/MSNBC_20100914_180000_MSNBC_News_Live/MSNBC_20100914_180000_MSNBC_News_Live.thumbs/MSNBC_20100914_180000_MSNBC_News_Live_002160.jpg,"forests in yellow stone national park, that they're being impacted by global warming. thus, the bears aren't looking for food and looking for other places to get an easy meal."
https://archive.org/details/MSNBC_20100930_030000_Countdown_With_Keith_Olbermann#start/77/end/112,9/30/2010 3:01:32,MSNBC,Countdown With Keith Olbermann,MSNBC_20100930_030000_Countdown_With_Keith_Olbermann,https://archive.org/download/MSNBC_20100930_030000_Countdown_With_Keith_Olbermann/MSNBC_20100930_030000_Countdown_With_Keith_Olbermann.thumbs/MSNBC_20100930_030000_Countdown_With_Keith_Olbermann_000060.jpg,"again. he wants to turn the select committee on energy and global warming into an investigation on green party initiatives and the climate gate. the 9/11 first responders bill"
https://archive.org/details/MSNBC_20100910_030000_The_Rachel_Maddow_Show#start/3171/end/3206,9/10/2010 3:53:06,MSNBC,The Rachel Maddow Show,MSNBC_20100910_030000_The_Rachel_Maddow_Show,https://archive.org/download/MSNBC_20100910_030000_The_Rachel_Maddow_Show/MSNBC_20100910_030000_The_Rachel_Maddow_Show.thumbs/MSNBC_20100910_030000_The_Rachel_Maddow_Show_003143.jpg,"own head on it, what are his other options? well, there's the traditional way rich corporations and rich people try to get their way in american politics. by buying it. take, for example, california's proposition 23, california has a strict greenhouse gas reduction law. prop 23 would suspend that law"
https://archive.org/details/MSNBC_20100910_010000_The_Rachel_Maddow_Show#start/3175/end/3210,9/10/2010 1:53:10,MSNBC,The Rachel Maddow Show,MSNBC_20100910_010000_The_Rachel_Maddow_Show,https://archive.org/download/MSNBC_20100910_010000_The_Rachel_Maddow_Show/MSNBC_20100910_010000_The_Rachel_Maddow_Show.thumbs/MSNBC_20100910_010000_The_Rachel_Maddow_Show_003173.jpg,"strict greenhouse gas reduction law. prop 23 would suspend that law and that, of course, would be awesome for companies that make a lot of money by making a lot of pollution. 97% of the funding for prop 23 so far comes from oil and chemical companies, including a"
https://archive.org/details/MSNBC_20100929_093000_Way_Too_Early_With_Willie_Geist#start/574/end/609,9/29/2010 9:39:49,MSNBC,Way Too Early With Willie Geist,MSNBC_20100929_093000_Way_Too_Early_With_Willie_Geist,https://archive.org/download/MSNBC_20100929_093000_Way_Too_Early_With_Willie_Geist/MSNBC_20100929_093000_Way_Too_Early_With_Willie_Geist.thumbs/MSNBC_20100929_093000_Way_Too_Early_With_Willie_Geist_000570.jpg,"sent by armed courier and sent to washington for future generations to study. lawrence o'donnell examines levi johnston on everything from global warming to evolution to afghanistan. it's so painful, you may have to"
https://archive.org/details/MSNBC_20100901_190000_MSNBC_News_Live#start/708/end/743,9/1/2010 19:12:03,MSNBC,MSNBC News Live,MSNBC_20100901_190000_MSNBC_News_Live,https://archive.org/download/MSNBC_20100901_190000_MSNBC_News_Live/MSNBC_20100901_190000_MSNBC_News_Live.thumbs/MSNBC_20100901_190000_MSNBC_News_Live_000686.jpg,"animal species and global warming. he did, in fact, start protests in february of 2008 to try to draw a bigger crowd, he threw some money into the air, and that caused quite a motion. -- commotion.       _"
https://archive.org/details/MSNBC_20100930_080000_Countdown_With_Keith_Olbermann#start/78/end/113,9/30/2010 8:01:33,MSNBC,Countdown With Keith Olbermann,MSNBC_20100930_080000_Countdown_With_Keith_Olbermann,https://archive.org/download/MSNBC_20100930_080000_Countdown_With_Keith_Olbermann/MSNBC_20100930_080000_Countdown_With_Keith_Olbermann.thumbs/MSNBC_20100930_080000_Countdown_With_Keith_Olbermann_000060.jpg,"if the republicans take the house he wants to turn the select committee on global warming into an investigation of obama's green power initiatives and of the so-called climategate. the 9/11 first responders bill finally passes."
https://archive.org/details/MSNBC_20100930_000000_Countdown_With_Keith_Olbermann#start/85/end/120,9/30/2010 0:01:40,MSNBC,Countdown With Keith Olbermann,MSNBC_20100930_000000_Countdown_With_Keith_Olbermann,https://archive.org/download/MSNBC_20100930_000000_Countdown_With_Keith_Olbermann/MSNBC_20100930_000000_Countdown_With_Keith_Olbermann.thumbs/MSNBC_20100930_000000_Countdown_With_Keith_Olbermann_000060.jpg,"if the republicans take the house he wants to turn the select committee on global warming into an investigation of obama's green power initiatives and of the so-called climategate. the 9/11 first responders bill finally passes."
https://archive.org/details/MSNBC_20100905_130000_MSNBC_News_Live#start/2894/end/2929,9/5/2010 13:48:29,MSNBC,MSNBC News Live,MSNBC_20100905_130000_MSNBC_News_Live,https://archive.org/download/MSNBC_20100905_130000_MSNBC_News_Live/MSNBC_20100905_130000_MSNBC_News_Live.thumbs/MSNBC_20100905_130000_MSNBC_News_Live_002874.jpg,"clearer economic vision and he can spur american creativity and innovation. i just got back from china, beijing, shanghai, and there are no global warming deniers over and and they are going gang busters on getting the green"
https://archive.org/details/MSNBC_20100901_180000_MSNBC_News_Live#start/3297/end/3332,9/1/2010 18:55:12,MSNBC,MSNBC News Live,MSNBC_20100901_180000_MSNBC_News_Live,https://archive.org/download/MSNBC_20100901_180000_MSNBC_News_Live/MSNBC_20100901_180000_MSNBC_News_Live.thumbs/MSNBC_20100901_180000_MSNBC_News_Live_003293.jpg,"this is the website he has. there's his picture. he says the discovery channel doesn't give enough attention to issues like global warming and overpopulation. and in essence, he accuses the discovery channel of hypocrisy for saying they cover"
https://archive.org/details/MSNBC_20100924_000000_Countdown_With_Keith_Olbermann#start/766/end/801,9/24/2010 0:13:01,MSNBC,Countdown With Keith Olbermann,MSNBC_20100924_000000_Countdown_With_Keith_Olbermann,https://archive.org/download/MSNBC_20100924_000000_Countdown_With_Keith_Olbermann/MSNBC_20100924_000000_Countdown_With_Keith_Olbermann.thumbs/MSNBC_20100924_000000_Countdown_With_Keith_Olbermann_000750.jpg,"we should raise the price of energy a tremendous amount to forestall global warming. i don't understand not wanting to take a vote on that. but this is popular. what's perverse is they've already taken a number of"
https://archive.org/details/MSNBC_20100930_000000_Countdown_With_Keith_Olbermann#start/2448/end/2483,9/30/2010 0:41:03,MSNBC,Countdown With Keith Olbermann,MSNBC_20100930_000000_Countdown_With_Keith_Olbermann,https://archive.org/download/MSNBC_20100930_000000_Countdown_With_Keith_Olbermann/MSNBC_20100930_000000_Countdown_With_Keith_Olbermann.thumbs/MSNBC_20100930_000000_Countdown_With_Keith_Olbermann_002430.jpg,"should be putting catalytic converters on cows as a solution to global warming. he thinks of this as a giant joke and has treated it as such for the last three years it's been around. as the speech of governor"
https://archive.org/details/MSNBC_20100929_020000_The_Last_Word#start/2488/end/2523,9/29/2010 2:41:43,MSNBC,The Last Word,MSNBC_20100929_020000_The_Last_Word,https://archive.org/download/MSNBC_20100929_020000_The_Last_Word/MSNBC_20100929_020000_The_Last_Word.thumbs/MSNBC_20100929_020000_The_Last_Word_002460.jpg,"times,' i don't watch a whole lot of news, i don't watch tv that often. okay. and what's your position on global warming? do you believe it's man made or not? no, i don't. you don't believe it's man made?"
https://archive.org/details/MSNBC_20100929_093000_Way_Too_Early_With_Willie_Geist#start/1468/end/1503,9/29/2010 9:54:43,MSNBC,Way Too Early With Willie Geist,MSNBC_20100929_093000_Way_Too_Early_With_Willie_Geist,https://archive.org/download/MSNBC_20100929_093000_Way_Too_Early_With_Willie_Geist/MSNBC_20100929_093000_Way_Too_Early_With_Willie_Geist.thumbs/MSNBC_20100929_093000_Way_Too_Early_With_Willie_Geist_001470.jpg,"he's running for mayor of alaska. and, boy, lawrence put him through the paces wanting his position on all of the issues that matter to the good people. what's your position on global warming. do you believe it's man made or"
https://archive.org/details/MSNBC_20100930_000000_Countdown_With_Keith_Olbermann#start/1971/end/2006,9/30/2010 0:33:06,MSNBC,Countdown With Keith Olbermann,MSNBC_20100930_000000_Countdown_With_Keith_Olbermann,https://archive.org/download/MSNBC_20100930_000000_Countdown_With_Keith_Olbermann/MSNBC_20100930_000000_Countdown_With_Keith_Olbermann.thumbs/MSNBC_20100930_000000_Countdown_With_Keith_Olbermann_001830.jpg," and i do  and i do  and i do. climate change, change. republican plans to turn a pro environmental committee into an investigation into pro"
https://archive.org/details/MSNBC_20100930_030000_Countdown_With_Keith_Olbermann#start/1973/end/2008,9/30/2010 3:33:08,MSNBC,Countdown With Keith Olbermann,MSNBC_20100930_030000_Countdown_With_Keith_Olbermann,https://archive.org/download/MSNBC_20100930_030000_Countdown_With_Keith_Olbermann/MSNBC_20100930_030000_Countdown_With_Keith_Olbermann.thumbs/MSNBC_20100930_030000_Countdown_With_Keith_Olbermann_001860.jpg,"tempur-pedic. the most highly recommended bed in america. . per climate change changed. they plan to turn a committee into an investigation on pro environmentalists."
https://archive.org/details/MSNBC_20100921_230000_Hardball_With_Chris_Matthews#start/387/end/422,9/21/2010 23:06:42,MSNBC,Hardball With Chris Matthews,MSNBC_20100921_230000_Hardball_With_Chris_Matthews,https://archive.org/download/MSNBC_20100921_230000_Hardball_With_Chris_Matthews/MSNBC_20100921_230000_Hardball_With_Chris_Matthews.thumbs/MSNBC_20100921_230000_Hardball_With_Chris_Matthews_000360.jpg,"but when you think about scientific issues facing this nation, people could be really helped by stem cell research. there are 37 republican candidates for the senate. not one believes global warming is real and manmade, except for one, mike castle, the one she defeated in delaware."
https://archive.org/details/MSNBC_20100929_050000_The_Last_Word#start/2484/end/2519,9/29/2010 5:41:39,MSNBC,The Last Word,MSNBC_20100929_050000_The_Last_Word,https://archive.org/download/MSNBC_20100929_050000_The_Last_Word/MSNBC_20100929_050000_The_Last_Word.thumbs/MSNBC_20100929_050000_The_Last_Word_002460.jpg,"i don't get 'the new york times,' i don't watch a whole lot of news, i don't watch tv that often. okay. and what's your position on global warming? do you believe it's man made or not? no, i don't. you don't believe it's man made?"
https://archive.org/details/MSNBC_20100930_080000_Countdown_With_Keith_Olbermann#start/2439/end/2474,9/30/2010 8:40:54,MSNBC,Countdown With Keith Olbermann,MSNBC_20100930_080000_Countdown_With_Keith_Olbermann,https://archive.org/download/MSNBC_20100930_080000_Countdown_With_Keith_Olbermann/MSNBC_20100930_080000_Countdown_With_Keith_Olbermann.thumbs/MSNBC_20100930_080000_Countdown_With_Keith_Olbermann_002430.jpg,"where he basically asked a scientist about whether we should be putting catalytic converters on cows as a solution to global warming. he thinks of this as a giant joke and has treated it as such for the last three years it's been around."
https://archive.org/details/MSNBC_20100929_100000_Morning_Joe#start/9486/end/9521,9/29/2010 12:38:21,MSNBC,Morning Joe,MSNBC_20100929_100000_Morning_Joe,https://archive.org/download/MSNBC_20100929_100000_Morning_Joe/MSNBC_20100929_100000_Morning_Joe.thumbs/MSNBC_20100929_100000_Morning_Joe_009480.jpg,"he did an interview. he did the real interview. as a candidate, lawrence felt that levi should have to answer tough questions on the central issues of our day. oh, my gosh. what's your position on global warming? do you believe it's manmade or"
https://archive.org/details/MSNBC_20100901_180000_MSNBC_News_Live#start/2149/end/2184,9/1/2010 18:36:04,MSNBC,MSNBC News Live,MSNBC_20100901_180000_MSNBC_News_Live,https://archive.org/download/MSNBC_20100901_180000_MSNBC_News_Live/MSNBC_20100901_180000_MSNBC_News_Live.thumbs/MSNBC_20100901_180000_MSNBC_News_Live_002125.jpg,"more to do environmental coverage, to talk about the threats to the globe to talk about global warming and the dangers of overpopulation, and he included on it, his website. and so federal officials say they believe this is the person who's inside the building now."
https://archive.org/details/MSNBC_20100916_150000_MSNBC_News_Live#start/3355/end/3390,9/16/2010 15:56:10,MSNBC,MSNBC News Live,MSNBC_20100916_150000_MSNBC_News_Live,https://archive.org/download/MSNBC_20100916_150000_MSNBC_News_Live/MSNBC_20100916_150000_MSNBC_News_Live.thumbs/MSNBC_20100916_150000_MSNBC_News_Live_003330.jpg,"well, these temperatures support that global warming is occurring, and it's not just these temperatures, you know. noaa observes a lot of areas. the amount of moisture in the atmosphere. the amount of glaciers that are retreating. the amount of sea ice that we"
https://archive.org/details/MSNBC_20100902_140000_MSNBC_News_Live#start/616/end/651,9/2/2010 14:10:31,MSNBC,MSNBC News Live,MSNBC_20100902_140000_MSNBC_News_Live,https://archive.org/download/MSNBC_20100902_140000_MSNBC_News_Live/MSNBC_20100902_140000_MSNBC_News_Live.thumbs/MSNBC_20100902_140000_MSNBC_News_Live_000596.jpg,"calling for more programming about global warming and animal extinction. after attracting crowds by throwing thousands of into the air, he was arrested in february of 2008 and pleaded guilty to disorderly conduct. lee told our nbc news producer he spent time preparing for this"
https://archive.org/details/MSNBC_20100902_150000_MSNBC_News_Live#start/517/end/552,9/2/2010 15:08:52,MSNBC,MSNBC News Live,MSNBC_20100902_150000_MSNBC_News_Live,https://archive.org/download/MSNBC_20100902_150000_MSNBC_News_Live/MSNBC_20100902_150000_MSNBC_News_Live.thumbs/MSNBC_20100902_150000_MSNBC_News_Live_000506.jpg,"protesting in front of the discovery channel. handing out leaflets calling for more programming about global warming and animal extinction. after attracting crowds by throwing thousands of dollars into the air, he was arrested in february of 2008 and pleaded guilty to disorderly conduct."
https://archive.org/details/MSNBC_20100923_190000_MSNBC_News_Live#start/2584/end/2619,9/23/2010 19:43:19,MSNBC,MSNBC News Live,MSNBC_20100923_190000_MSNBC_News_Live,https://archive.org/download/MSNBC_20100923_190000_MSNBC_News_Live/MSNBC_20100923_190000_MSNBC_News_Live.thumbs/MSNBC_20100923_190000_MSNBC_News_Live_002580.jpg,"regime of israel murders. let's now listen to mahmoud ahmadinejad. translator: the deterioration of world economy, climate change, and disregard for human aspirations to achieve justice"
https://archive.org/details/MSNBC_20100930_030000_Countdown_With_Keith_Olbermann#start/2422/end/2457,9/30/2010 3:40:37,MSNBC,Countdown With Keith Olbermann,MSNBC_20100930_030000_Countdown_With_Keith_Olbermann,https://archive.org/download/MSNBC_20100930_030000_Countdown_With_Keith_Olbermann/MSNBC_20100930_030000_Countdown_With_Keith_Olbermann.thumbs/MSNBC_20100930_030000_Countdown_With_Keith_Olbermann_002400.jpg,"the issues of not just climate change, but energy independence. i am hopeful that you know we face a huge energy problem. this was designed to raise"
https://archive.org/details/MSNBC_20100923_180000_MSNBC_News_Live#start/469/end/504,9/23/2010 18:08:04,MSNBC,MSNBC News Live,MSNBC_20100923_180000_MSNBC_News_Live,https://archive.org/download/MSNBC_20100923_180000_MSNBC_News_Live/MSNBC_20100923_180000_MSNBC_News_Live.thumbs/MSNBC_20100923_180000_MSNBC_News_Live_000450.jpg,"global economy, climate change and this year's natural disasters in haiti and pakistan. most of the speech focused on the israeli/palestinian conflict. each of us has a"
https://archive.org/details/MSNBC_20100930_080000_Countdown_With_Keith_Olbermann#start/2268/end/2303,9/30/2010 8:38:03,MSNBC,Countdown With Keith Olbermann,MSNBC_20100930_080000_Countdown_With_Keith_Olbermann,https://archive.org/download/MSNBC_20100930_080000_Countdown_With_Keith_Olbermann/MSNBC_20100930_080000_Countdown_With_Keith_Olbermann.thumbs/MSNBC_20100930_080000_Countdown_With_Keith_Olbermann_002250.jpg,"and global warming going but he is eyeing its top spot. the better from which to investigate climate, science, and the obama administration's green policies. sensenbrenner, a long-time climate science skeptic, is currently ranking republican of the committee, which is run by chairman ed markey of massachusetts."
https://archive.org/details/MSNBC_20100929_100000_Morning_Joe#start/3304/end/3339,9/29/2010 10:55:19,MSNBC,Morning Joe,MSNBC_20100929_100000_Morning_Joe,https://archive.org/download/MSNBC_20100929_100000_Morning_Joe/MSNBC_20100929_100000_Morning_Joe.thumbs/MSNBC_20100929_100000_Morning_Joe_003300.jpg,"'meet the press.' what's your position on global warming? do you believe it's man-made or not? no i don't. you don't believe it's man-made or you do believe it's man-made? i don't believe it's man-made. do you believe evolution should be taught as an"
https://archive.org/details/MSNBC_20100924_050000_Countdown_With_Keith_Olbermann#start/762/end/797,9/24/2010 5:12:57,MSNBC,Countdown With Keith Olbermann,MSNBC_20100924_050000_Countdown_With_Keith_Olbermann,https://archive.org/download/MSNBC_20100924_050000_Countdown_With_Keith_Olbermann/MSNBC_20100924_050000_Countdown_With_Keith_Olbermann.thumbs/MSNBC_20100924_050000_Countdown_With_Keith_Olbermann_000750.jpg,"and things that are popular. a lot of things don't fall in that middle intersection. we should raise energy. we should raise the price of energy a tremendous amount to forestall global warming. that's not popular. i understand not wanting to take a vote on that. but this is popular."
https://archive.org/details/MSNBC_20100914_180000_MSNBC_News_Live#start/2157/end/2192,9/14/2010 18:36:12,MSNBC,MSNBC News Live,MSNBC_20100914_180000_MSNBC_News_Live,https://archive.org/download/MSNBC_20100914_180000_MSNBC_News_Live/MSNBC_20100914_180000_MSNBC_News_Live.thumbs/MSNBC_20100914_180000_MSNBC_News_Live_002130.jpg,"this is happening for many reasons. also because some people believe global warming has something to do with the bears going into the different communities. a number of scientists out there. there's some evidence to suggest the resources that bears depend upon, for example, pine nuts which grow in high altitude"
https://archive.org/details/MSNBC_20100909_010000_The_Rachel_Maddow_Show#start/3379/end/3414,9/9/2010 1:56:34,MSNBC,The Rachel Maddow Show,MSNBC_20100909_010000_The_Rachel_Maddow_Show,https://archive.org/download/MSNBC_20100909_010000_The_Rachel_Maddow_Show/MSNBC_20100909_010000_The_Rachel_Maddow_Show.thumbs/MSNBC_20100909_010000_The_Rachel_Maddow_Show_003353.jpg,"and state chapters of the naacp. the letters urged perriello to vote against climate change legislation. the letters were fake. tea party groups camped out mr. perriello's virginia office, one"
https://archive.org/details/MSNBC_20100930_030000_Countdown_With_Keith_Olbermann#start/2513/end/2548,9/30/2010 3:42:08,MSNBC,Countdown With Keith Olbermann,MSNBC_20100930_030000_Countdown_With_Keith_Olbermann,https://archive.org/download/MSNBC_20100930_030000_Countdown_With_Keith_Olbermann/MSNBC_20100930_030000_Countdown_With_Keith_Olbermann.thumbs/MSNBC_20100930_030000_Countdown_With_Keith_Olbermann_002490.jpg,"up. how would the obama administration work to deny there is climate change? there is no question that we are going to see just hearing after hearing with folks like"
https://archive.org/details/MSNBC_20100923_140000_MSNBC_News_Live#start/596/end/631,9/23/2010 14:10:11,MSNBC,MSNBC News Live,MSNBC_20100923_140000_MSNBC_News_Live,https://archive.org/download/MSNBC_20100923_140000_MSNBC_News_Live/MSNBC_20100923_140000_MSNBC_News_Live.thumbs/MSNBC_20100923_140000_MSNBC_News_Live_000570.jpg,"climate change. after making historic investments in clean energy and efficiency at home, we help forge an accord in copenhagen that for the first time commits all major economies to reduce their emissions."
https://archive.org/details/MSNBC_20100930_080000_Countdown_With_Keith_Olbermann#start/2388/end/2423,9/30/2010 8:40:03,MSNBC,Countdown With Keith Olbermann,MSNBC_20100930_080000_Countdown_With_Keith_Olbermann,https://archive.org/download/MSNBC_20100930_080000_Countdown_With_Keith_Olbermann/MSNBC_20100930_080000_Countdown_With_Keith_Olbermann.thumbs/MSNBC_20100930_080000_Countdown_With_Keith_Olbermann_002370.jpg,"the senate not one supports legislative action on climate change. the one guy who did eliminated by christine o'donnell. joining me the environmental reporter from 'mother earth' magazine. thanks for joining me."
https://archive.org/details/MSNBC_20100930_030000_Countdown_With_Keith_Olbermann#start/2498/end/2533,9/30/2010 3:41:53,MSNBC,Countdown With Keith Olbermann,MSNBC_20100930_030000_Countdown_With_Keith_Olbermann,https://archive.org/download/MSNBC_20100930_030000_Countdown_With_Keith_Olbermann/MSNBC_20100930_030000_Countdown_With_Keith_Olbermann.thumbs/MSNBC_20100930_030000_Countdown_With_Keith_Olbermann_002490.jpg,"issues facing the country right now. what is this scenario if the republicans take the house and they come in on the other possibilities for examining the climate change that issa brought"
https://archive.org/details/MSNBC_20100916_150000_MSNBC_News_Live#start/3340/end/3375,9/16/2010 15:55:55,MSNBC,MSNBC News Live,MSNBC_20100916_150000_MSNBC_News_Live,https://archive.org/download/MSNBC_20100916_150000_MSNBC_News_Live/MSNBC_20100916_150000_MSNBC_News_Live.thumbs/MSNBC_20100916_150000_MSNBC_News_Live_003330.jpg,"is summer up here in the north, winter down there in the south. so that season was the warmest globally when you average those two hemispheres together. all right. so for the people that have the jury still out on whether global warming is a real deal or not, what is your opinion on that."
https://archive.org/details/MSNBC_20100926_150000_MSNBC_News_Live#start/2039/end/2074,9/26/2010 15:34:14,MSNBC,MSNBC News Live,MSNBC_20100926_150000_MSNBC_News_Live,https://archive.org/download/MSNBC_20100926_150000_MSNBC_News_Live/MSNBC_20100926_150000_MSNBC_News_Live.thumbs/MSNBC_20100926_150000_MSNBC_News_Live_002040.jpg,"oscar-winning documentary about global warming 'an inconvenient truth.' the truth about his latest film, guggenheim says, is that the topic scared him. i think i felt like a lot of parents when you think about public education. you read the paper and there's a lot of noise. it's complex. reporter: guggenheim had a"
https://archive.org/details/MSNBC_20100915_130000_The_Daily_Rundown#start/3075/end/3110,9/15/2010 13:51:30,MSNBC,The Daily Rundown,MSNBC_20100915_130000_The_Daily_Rundown,https://archive.org/download/MSNBC_20100915_130000_The_Daily_Rundown/MSNBC_20100915_130000_The_Daily_Rundown.thumbs/MSNBC_20100915_130000_The_Daily_Rundown_003060.jpg,"approached the filmmaker davis googen him and davis said, well, this is tougher than climate change. so, he had to think about this before he got involved but when we got davis involved in the"
https://archive.org/details/MSNBC_20100910_060000_The_Rachel_Maddow_Show#start/3456/end/3491,9/10/2010 6:57:51,MSNBC,The Rachel Maddow Show,MSNBC_20100910_060000_The_Rachel_Maddow_Show,https://archive.org/download/MSNBC_20100910_060000_The_Rachel_Maddow_Show/MSNBC_20100910_060000_The_Rachel_Maddow_Show.thumbs/MSNBC_20100910_060000_The_Rachel_Maddow_Show_003443.jpg,"done something like this. you might remember us reporting last august when they did this in houston. they held a supposedly regular citizens rally against climate change legislation, where the oil companies again bussed in"
https://archive.org/details/MSNBC_20100930_030000_Countdown_With_Keith_Olbermann#start/988/end/1023,9/30/2010 3:16:43,MSNBC,Countdown With Keith Olbermann,MSNBC_20100930_030000_Countdown_With_Keith_Olbermann,https://archive.org/download/MSNBC_20100930_030000_Countdown_With_Keith_Olbermann/MSNBC_20100930_030000_Countdown_With_Keith_Olbermann.thumbs/MSNBC_20100930_030000_Countdown_With_Keith_Olbermann_000990.jpg,"that employed them explaining business had to be protected. republicans want him in the senate. his plan to to take a committee on climate change and giveing it deniers and other tools in big"
https://archive.org/details/MSNBC_20100920_170000_Andrea_Mitchell_Reports#start/2892/end/2927,9/20/2010 17:48:27,MSNBC,Andrea Mitchell Reports,MSNBC_20100920_170000_Andrea_Mitchell_Reports,https://archive.org/download/MSNBC_20100920_170000_Andrea_Mitchell_Reports/MSNBC_20100920_170000_Andrea_Mitchell_Reports.thumbs/MSNBC_20100920_170000_Andrea_Mitchell_Reports_002880.jpg,"writes, as a result of the food crisis, and the poor will be hit first and worst by climate change. there should be no champagne toesz at this year's summit meeting. i think what we know and is"
https://archive.org/details/MSNBC_20100930_000000_Countdown_With_Keith_Olbermann#start/2402/end/2437,9/30/2010 0:40:17,MSNBC,Countdown With Keith Olbermann,MSNBC_20100930_000000_Countdown_With_Keith_Olbermann,https://archive.org/download/MSNBC_20100930_000000_Countdown_With_Keith_Olbermann/MSNBC_20100930_000000_Countdown_With_Keith_Olbermann.thumbs/MSNBC_20100930_000000_Countdown_With_Keith_Olbermann_002400.jpg,"the senate not one supports legislative action on climate change. the one guy who did eliminated by christine o'donnell. joining me the environmental reporter from 'mother earth' magazine. thanks for joining me. have we seen as stark an example"
https://archive.org/details/MSNBC_20100930_030000_Countdown_With_Keith_Olbermann#start/1717/end/1752,9/30/2010 3:28:52,MSNBC,Countdown With Keith Olbermann,MSNBC_20100930_030000_Countdown_With_Keith_Olbermann,https://archive.org/download/MSNBC_20100930_030000_Countdown_With_Keith_Olbermann/MSNBC_20100930_030000_Countdown_With_Keith_Olbermann.thumbs/MSNBC_20100930_030000_Countdown_With_Keith_Olbermann_001710.jpg,"indeed. well spoken again. thank you for your time and for being as public as you have been. thank you. today it is a small committee dedicated to publicizing climate change, but they want to turn it"
https://archive.org/details/MSNBC_20100920_100000_Morning_Joe#start/4126/end/4161,9/20/2010 11:09:01,MSNBC,Morning Joe,MSNBC_20100920_100000_Morning_Joe,https://archive.org/download/MSNBC_20100920_100000_Morning_Joe/MSNBC_20100920_100000_Morning_Joe.thumbs/MSNBC_20100920_100000_Morning_Joe_004110.jpg,"but this is the world we're creating because this year has been a year of devastating weather all over the world because of long-term climate change. this is an example of what's happening more and more. in some places you have these"
https://archive.org/details/MSNBC_20100914_080000_Countdown_With_Keith_Olbermann#start/3470/end/3505,9/14/2010 8:58:05,MSNBC,Countdown With Keith Olbermann,MSNBC_20100914_080000_Countdown_With_Keith_Olbermann,https://archive.org/download/MSNBC_20100914_080000_Countdown_With_Keith_Olbermann/MSNBC_20100914_080000_Countdown_With_Keith_Olbermann.thumbs/MSNBC_20100914_080000_Countdown_With_Keith_Olbermann_003450.jpg,"held office in delaware for 30 years, probably shaken every single hand in that state. democrats will probably try to present him as having tacked to the right a bit on abortion rights, climate change in his primary against miss o'donnell."
https://archive.org/details/MSNBC_20100930_000000_Countdown_With_Keith_Olbermann#start/1761/end/1796,9/30/2010 0:29:36,MSNBC,Countdown With Keith Olbermann,MSNBC_20100930_000000_Countdown_With_Keith_Olbermann,https://archive.org/download/MSNBC_20100930_000000_Countdown_With_Keith_Olbermann/MSNBC_20100930_000000_Countdown_With_Keith_Olbermann.thumbs/MSNBC_20100930_000000_Countdown_With_Keith_Olbermann_001740.jpg,"congressman wants to turn into a venue for witch hunt against those fighting climate change. i don't want you going out on those yet. and leave your phone in your purse, i don't want you texting. daddy. ok! ok, here you go."
https://archive.org/details/MSNBC_20100930_000000_Countdown_With_Keith_Olbermann#start/2383/end/2418,9/30/2010 0:39:58,MSNBC,Countdown With Keith Olbermann,MSNBC_20100930_000000_Countdown_With_Keith_Olbermann,https://archive.org/download/MSNBC_20100930_000000_Countdown_With_Keith_Olbermann/MSNBC_20100930_000000_Countdown_With_Keith_Olbermann.thumbs/MSNBC_20100930_000000_Countdown_With_Keith_Olbermann_002370.jpg,"countless studies and intergovernmental panels and rulings all finding, yes, there is a scientific consensus on climate change and, yes, the main cause is us. the consensus among republicans? out of all of the candidates vying for the 37 seats open in"
https://archive.org/details/MSNBC_20100930_080000_Countdown_With_Keith_Olbermann#start/2296/end/2331,9/30/2010 8:38:31,MSNBC,Countdown With Keith Olbermann,MSNBC_20100930_080000_Countdown_With_Keith_Olbermann,https://archive.org/download/MSNBC_20100930_080000_Countdown_With_Keith_Olbermann/MSNBC_20100930_080000_Countdown_With_Keith_Olbermann.thumbs/MSNBC_20100930_080000_Countdown_With_Keith_Olbermann_002280.jpg,"back in december. sensenbrenner calling for all climate change science to be reviewed based on the so-called climategate e-mails. private exchanges stolen from the university of east anglia in britain. the content of the stolen e-mails distorted and blown out"
https://archive.org/details/MSNBC_20100909_060000_The_Rachel_Maddow_Show#start/3383/end/3418,9/9/2010 6:56:38,MSNBC,The Rachel Maddow Show,MSNBC_20100909_060000_The_Rachel_Maddow_Show,https://archive.org/download/MSNBC_20100909_060000_The_Rachel_Maddow_Show/MSNBC_20100909_060000_The_Rachel_Maddow_Show.thumbs/MSNBC_20100909_060000_The_Rachel_Maddow_Show_003383.jpg,"group from virginia and from a chapter of naacp. it urged him to vote against climate change legislation. the letters were fake. they were frauds. tea party groups also camped outside his virginia office. one of them threatening to burn"
https://archive.org/details/MSNBC_20100923_150000_MSNBC_News_Live#start/236/end/271,9/23/2010 15:04:11,MSNBC,MSNBC News Live,MSNBC_20100923_150000_MSNBC_News_Live,https://archive.org/download/MSNBC_20100923_150000_MSNBC_News_Live/MSNBC_20100923_150000_MSNBC_News_Live.thumbs/MSNBC_20100923_150000_MSNBC_News_Live_000210.jpg,"his speech wrapped up just a little while ago and addressed a number of issues from the global economy, climate change and world disasters. a large part of his speech was devoted to the israeli/palestinian conflict. peace must be made by"
https://archive.org/details/MSNBC_20100929_000000_Countdown_With_Keith_Olbermann#start/67/end/102,9/29/2010 0:01:22,MSNBC,Countdown With Keith Olbermann,MSNBC_20100929_000000_Countdown_With_Keith_Olbermann,https://archive.org/download/MSNBC_20100929_000000_Countdown_With_Keith_Olbermann/MSNBC_20100929_000000_Countdown_With_Keith_Olbermann.thumbs/MSNBC_20100929_000000_Countdown_With_Keith_Olbermann_000060.jpg,"manipulate the will of the people and the public good. arnold schwarzenegger in defense of the california climate change laws under attack by big oil. the latest secret sharron angle does not want you to know. i'm not going to have any"
https://archive.org/details/MSNBC_20100910_010000_The_Rachel_Maddow_Show#start/3441/end/3476,9/10/2010 1:57:36,MSNBC,The Rachel Maddow Show,MSNBC_20100910_010000_The_Rachel_Maddow_Show,https://archive.org/download/MSNBC_20100910_010000_The_Rachel_Maddow_Show/MSNBC_20100910_010000_The_Rachel_Maddow_Show.thumbs/MSNBC_20100910_010000_The_Rachel_Maddow_Show_003443.jpg,"last august when they did this in houston. they held a supposedly regular citizens rally against climate change legislation, where the oil companies again bussed in their own employees. that time, they got busted because you could see the fine print on their signs."
https://archive.org/details/MSNBC_20100930_080000_Countdown_With_Keith_Olbermann#start/1744/end/1779,9/30/2010 8:29:19,MSNBC,Countdown With Keith Olbermann,MSNBC_20100930_080000_Countdown_With_Keith_Olbermann,https://archive.org/download/MSNBC_20100930_080000_Countdown_With_Keith_Olbermann/MSNBC_20100930_080000_Countdown_With_Keith_Olbermann.thumbs/MSNBC_20100930_080000_Countdown_With_Keith_Olbermann_001740.jpg,"again, thank youor your time and being as public as you have been with this. thank you. today it is a small committee dedicated mainly to publicizing climate change but if the gop wins one republican congressman wants to turn into a venue for witch hunt against"
https://archive.org/details/MSNBC_20100929_080000_Countdown_With_Keith_Olbermann#start/64/end/99,9/29/2010 8:01:19,MSNBC,Countdown With Keith Olbermann,MSNBC_20100929_080000_Countdown_With_Keith_Olbermann,https://archive.org/download/MSNBC_20100929_080000_Countdown_With_Keith_Olbermann/MSNBC_20100929_080000_Countdown_With_Keith_Olbermann.thumbs/MSNBC_20100929_080000_Countdown_With_Keith_Olbermann_000060.jpg,"people and the public good. arnold schwarzenegger in defense of the california climate change laws under attack by big oil. the latest secret sharron angle does not want you to know. i'm not going to have any more babies, but i get to pay"
https://archive.org/details/MSNBC_20100930_000000_Countdown_With_Keith_Olbermann#start/1747/end/1782,9/30/2010 0:29:22,MSNBC,Countdown With Keith Olbermann,MSNBC_20100930_000000_Countdown_With_Keith_Olbermann,https://archive.org/download/MSNBC_20100930_000000_Countdown_With_Keith_Olbermann/MSNBC_20100930_000000_Countdown_With_Keith_Olbermann.thumbs/MSNBC_20100930_000000_Countdown_With_Keith_Olbermann_001740.jpg,"victims out there. indeed. todd merrifield, well-spoken, again, thank you for your time and being as public as you have been with this. thank you. today it is a small committee dedicated mainly to publicizing climate change but if the gop wins one republican"
https://archive.org/details/MSNBC_20100930_000000_Countdown_With_Keith_Olbermann#start/2307/end/2342,9/30/2010 0:38:42,MSNBC,Countdown With Keith Olbermann,MSNBC_20100930_000000_Countdown_With_Keith_Olbermann,https://archive.org/download/MSNBC_20100930_000000_Countdown_With_Keith_Olbermann/MSNBC_20100930_000000_Countdown_With_Keith_Olbermann.thumbs/MSNBC_20100930_000000_Countdown_With_Keith_Olbermann_002280.jpg,"climate change science to be reviewed based on the so-called climategate e-mails. private exchanges stolen from the university of east anglia in britain. the content of the stolen e-mails distorted and blown out of proportion by the right at worst it's junk science and"
https://archive.org/details/MSNBC_20100929_030000_Countdown_With_Keith_Olbermann#start/71/end/106,9/29/2010 3:01:26,MSNBC,Countdown With Keith Olbermann,MSNBC_20100929_030000_Countdown_With_Keith_Olbermann,https://archive.org/download/MSNBC_20100929_030000_Countdown_With_Keith_Olbermann/MSNBC_20100929_030000_Countdown_With_Keith_Olbermann.thumbs/MSNBC_20100929_030000_Countdown_With_Keith_Olbermann_000060.jpg,"climate change laws under attack by big oil. the latest secret sharon angle does not want you to know. i'm not going to have any more babies but i sure get to pay for it on my insurance. actually, you and i pay for"
https://archive.org/details/MSNBC_20100910_030000_The_Rachel_Maddow_Show#start/3454/end/3489,9/10/2010 3:57:49,MSNBC,The Rachel Maddow Show,MSNBC_20100910_030000_The_Rachel_Maddow_Show,https://archive.org/download/MSNBC_20100910_030000_The_Rachel_Maddow_Show/MSNBC_20100910_030000_The_Rachel_Maddow_Show.thumbs/MSNBC_20100910_030000_The_Rachel_Maddow_Show_003443.jpg,"citizens rally against climate change legislation, where the oil companies again bussed in their own employees. that time, they got busted because you could see the fine print on their signs. what's that say at the regular person whose interests just happen to coincide with the"
https://archive.org/details/MSNBC_20100923_150000_MSNBC_News_Live#start/328/end/363,9/23/2010 15:05:43,MSNBC,MSNBC News Live,MSNBC_20100923_150000_MSNBC_News_Live,https://archive.org/download/MSNBC_20100923_150000_MSNBC_News_Live/MSNBC_20100923_150000_MSNBC_News_Live.thumbs/MSNBC_20100923_150000_MSNBC_News_Live_000300.jpg,"thomas. but he also talked about the economy, not only the global economy, but america's role in helping to right the economic ship. he talked about trade, climate change and it all ties in. here's more on what he had to say on that topic."
https://archive.org/details/MSNBC_20100915_130000_The_Daily_Rundown#start/1906/end/1941,9/15/2010 13:32:01,MSNBC,The Daily Rundown,MSNBC_20100915_130000_The_Daily_Rundown,https://archive.org/download/MSNBC_20100915_130000_The_Daily_Rundown/MSNBC_20100915_130000_The_Daily_Rundown.thumbs/MSNBC_20100915_130000_The_Daily_Rundown_001890.jpg,"freedom. plus, drunk in the cockpit? we're going to tell you about the latest pilot to have a few before getting behind the controls. oh, my god. and the inconvenient truth about education in america. the filmmakers behind that climate change documentary have now turned their sights to"
https://archive.org/details/MSNBC_20100920_100000_Morning_Joe#start/4173/end/4208,9/20/2010 11:09:48,MSNBC,Morning Joe,MSNBC_20100920_100000_Morning_Joe,https://archive.org/download/MSNBC_20100920_100000_Morning_Joe/MSNBC_20100920_100000_Morning_Joe.thumbs/MSNBC_20100920_100000_Morning_Joe_004170.jpg,"newspaper, the wall stre'wall s journal' says climate change is a myth. people that read this believe it and we're creating a world that is going to be extremely dangerous, and it's getting more dangerous all the time. and it's because we're pretending. dick's doing great work trying"
https://archive.org/details/MSNBC_20100930_000000_Countdown_With_Keith_Olbermann#start/2065/end/2100,9/30/2010 0:34:40,MSNBC,Countdown With Keith Olbermann,MSNBC_20100930_000000_Countdown_With_Keith_Olbermann,https://archive.org/download/MSNBC_20100930_000000_Countdown_With_Keith_Olbermann/MSNBC_20100930_000000_Countdown_With_Keith_Olbermann.thumbs/MSNBC_20100930_000000_Countdown_With_Keith_Olbermann_002040.jpg,"stunt inverting a house committee on climate change you'll wonder why it isn't jaime non-sensenbrenner. the new schedule is 8:00 and 11:00 eastern. now 5:00 and 8:00 p.m. pacific. ample parking day and night. sovereign of the security line. you never take an upgrade for granted."
https://archive.org/details/MSNBC_20100930_080000_Countdown_With_Keith_Olbermann#start/2048/end/2083,9/30/2010 8:34:23,MSNBC,Countdown With Keith Olbermann,MSNBC_20100930_080000_Countdown_With_Keith_Olbermann,https://archive.org/download/MSNBC_20100930_080000_Countdown_With_Keith_Olbermann/MSNBC_20100930_080000_Countdown_With_Keith_Olbermann.thumbs/MSNBC_20100930_080000_Countdown_With_Keith_Olbermann_002040.jpg,"colors i fear it will change course mid flight and go with a new pilot. his full name is actually frank james sensenbrenner jr. but after you hear his latest stunt inverting a house committee on climate change you'll wonder why it isn't jaime non-sensenbrenner."
https://archive.org/details/MSNBC_20100930_030000_Countdown_With_Keith_Olbermann#start/1734/end/1769,9/30/2010 3:29:09,MSNBC,Countdown With Keith Olbermann,MSNBC_20100930_030000_Countdown_With_Keith_Olbermann,https://archive.org/download/MSNBC_20100930_030000_Countdown_With_Keith_Olbermann/MSNBC_20100930_030000_Countdown_With_Keith_Olbermann.thumbs/MSNBC_20100930_030000_Countdown_With_Keith_Olbermann_001710.jpg,"into a venue for witch hunt who were fighting climate change. ahead. you never take an upgrade for granted. and you rent from national. because only national lets you choose any car in the aisle. and go. you can even take a full-size or above."
https://archive.org/details/MSNBC_20100914_000000_Countdown_With_Keith_Olbermann#start/3482/end/3517,9/14/2010 0:58:17,MSNBC,Countdown With Keith Olbermann,MSNBC_20100914_000000_Countdown_With_Keith_Olbermann,https://archive.org/download/MSNBC_20100914_000000_Countdown_With_Keith_Olbermann/MSNBC_20100914_000000_Countdown_With_Keith_Olbermann.thumbs/MSNBC_20100914_000000_Countdown_With_Keith_Olbermann_003484.jpg,"to an extent. let's not forget this guy has held office in delaware for 30 years, probably shaken every single hand in that state. democrats will probably try to present him as having gone to the right a bit on abortion rights, climate change in his primary against miss o'donnell. however, what could potentially"
https://archive.org/details/MSNBC_20100930_080000_Countdown_With_Keith_Olbermann#start/2376/end/2411,9/30/2010 8:39:51,MSNBC,Countdown With Keith Olbermann,MSNBC_20100930_080000_Countdown_With_Keith_Olbermann,https://archive.org/download/MSNBC_20100930_080000_Countdown_With_Keith_Olbermann/MSNBC_20100930_080000_Countdown_With_Keith_Olbermann.thumbs/MSNBC_20100930_080000_Countdown_With_Keith_Olbermann_002370.jpg,"there is a real consensus on. except that there have been countless studies and intergovernmental panels and rulings all finding, yes, there is a scientific consensus on climate change and, yes, the main cause is us. the consensus among republicans? out of all of the candidates vying for the 37 seats open in"
https://archive.org/details/MSNBC_20100930_080000_Countdown_With_Keith_Olbermann#start/2456/end/2491,9/30/2010 8:41:11,MSNBC,Countdown With Keith Olbermann,MSNBC_20100930_080000_Countdown_With_Keith_Olbermann,https://archive.org/download/MSNBC_20100930_080000_Countdown_With_Keith_Olbermann/MSNBC_20100930_080000_Countdown_With_Keith_Olbermann.thumbs/MSNBC_20100930_080000_Countdown_With_Keith_Olbermann_002430.jpg,"as the speech of governor schwarzenegger tuesday suggested when he called out big oil in california for basically trying to buy the repeal of climate change laws there the environment has to be target one for big oil especially with citizens united letting off the money leash. is there any defense against this?"
https://archive.org/details/MSNBC_20100930_000000_Countdown_With_Keith_Olbermann#start/2463/end/2498,9/30/2010 0:41:18,MSNBC,Countdown With Keith Olbermann,MSNBC_20100930_000000_Countdown_With_Keith_Olbermann,https://archive.org/download/MSNBC_20100930_000000_Countdown_With_Keith_Olbermann/MSNBC_20100930_000000_Countdown_With_Keith_Olbermann.thumbs/MSNBC_20100930_000000_Countdown_With_Keith_Olbermann_002460.jpg,"schwarzenegger tuesday suggested when he called out big oil in california for basically trying to buy the repeal of climate change laws there the environment has to be target one for big oil especially with citizens united letting off the money leash. is there any defense against this? i mean, absolutely the big"
https://archive.org/details/MSNBC_20100923_130000_The_Daily_Rundown#start/2466/end/2501,9/23/2010 13:41:21,MSNBC,The Daily Rundown,MSNBC_20100923_130000_The_Daily_Rundown,https://archive.org/download/MSNBC_20100923_130000_The_Daily_Rundown/MSNBC_20100923_130000_The_Daily_Rundown.thumbs/MSNBC_20100923_130000_The_Daily_Rundown_002460.jpg,"there is no chance you would see -- well, you might if you get away from talking about the climate change issue. that's the political hot spot. if you talk about clean energy and green energy, you'll get to the benefits that we're looking for on the climate side. but you'll do it in a way that"
