﻿URL,MatchDateTime,Station,Show,IAShowID,IAPreviewThumb,Snippet
https://archive.org/details/MSNBCW_20130316_010000_The_Rachel_Maddow_Show#start/2956/end/2991,3/16/2013 1:49:31,MSNBC,The Rachel Maddow Show,MSNBCW_20130316_010000_The_Rachel_Maddow_Show,https://archive.org/download/MSNBCW_20130316_010000_The_Rachel_Maddow_Show/MSNBCW_20130316_010000_The_Rachel_Maddow_Show.thumbs/MSNBCW_20130316_010000_The_Rachel_Maddow_Show_002956.jpg,"commanded about as much attention of the country as he ever will. president obama put climate change front and center. one of the first issues he talked about in detail in his inaugural address after first addressing the economic issues. he went right to climate change."
https://archive.org/details/MSNBCW_20130308_040000_The_Ed_Show#start/567/end/602,3/8/2013 4:09:42,MSNBC,The Ed Show,MSNBCW_20130308_040000_The_Ed_Show,https://archive.org/download/MSNBCW_20130308_040000_The_Ed_Show/MSNBCW_20130308_040000_The_Ed_Show.thumbs/MSNBCW_20130308_040000_The_Ed_Show_000555.jpg,"that vast numbers, vast numbers believe that the president was not born in the united states. dinosaurs and people occupied vast numbers deny climate change."
https://archive.org/details/MSNBCW_20130310_120000_Up_W_Chris_Hayes#start/6791/end/6826,3/10/2013 13:53:26,MSNBC,Up W Chris Hayes,MSNBCW_20130310_120000_Up_W_Chris_Hayes,https://archive.org/download/MSNBCW_20130310_120000_Up_W_Chris_Hayes/MSNBCW_20130310_120000_Up_W_Chris_Hayes.thumbs/MSNBCW_20130310_120000_Up_W_Chris_Hayes_006765.jpg,"change is happening is entering a close. we are about to enter what to do about it. republicans are the status toll that will quickly transition from denying that climate change"
https://archive.org/details/MSNBCW_20130313_010000_The_Rachel_Maddow_Show#start/2587/end/2622,3/13/2013 1:43:22,MSNBC,The Rachel Maddow Show,MSNBCW_20130313_010000_The_Rachel_Maddow_Show,https://archive.org/download/MSNBCW_20130313_010000_The_Rachel_Maddow_Show/MSNBCW_20130313_010000_The_Rachel_Maddow_Show.thumbs/MSNBCW_20130313_010000_The_Rachel_Maddow_Show_002565.jpg,"we're just acting like one. we should be investing as if we believe there will be a future. in edge kucation, research and development and to view with those problems staring us in the face such as climate change."
https://archive.org/details/MSNBCW_20130313_040000_The_Rachel_Maddow_Show#start/2460/end/2495,3/13/2013 4:41:15,MSNBC,The Rachel Maddow Show,MSNBCW_20130313_040000_The_Rachel_Maddow_Show,https://archive.org/download/MSNBCW_20130313_040000_The_Rachel_Maddow_Show/MSNBCW_20130313_040000_The_Rachel_Maddow_Show.thumbs/MSNBCW_20130313_040000_The_Rachel_Maddow_Show_002446.jpg,"be with you. when the republicans are trying to criticize or hold back this sort of investment, what impact do you think it is on innovation and new technologies that could help on issues of energy and climate change?"
https://archive.org/details/MSNBCW_20130321_220000_PoliticsNation#start/731/end/766,3/21/2013 22:12:26,MSNBC,PoliticsNation,MSNBCW_20130321_220000_PoliticsNation,https://archive.org/download/MSNBCW_20130321_220000_PoliticsNation/MSNBCW_20130321_220000_PoliticsNation.thumbs/MSNBCW_20130321_220000_PoliticsNation_000705.jpg,"someone that's a party that's saying things like that? that's not offering any solutions and i think that's part of the problem. cap and trade, which has been thoroughly demonized, that was a conservative idea. that's a market-based approach to dealing with climate change."
https://archive.org/details/MSNBCW_20130315_180000_News_Nation#start/2378/end/2413,3/15/2013 18:39:53,MSNBC,News Nation,MSNBCW_20130315_180000_News_Nation,https://archive.org/download/MSNBCW_20130315_180000_News_Nation/MSNBCW_20130315_180000_News_Nation.thumbs/MSNBCW_20130315_180000_News_Nation_002355.jpg,"he know. because the work you're doing today will end up in the products that we make and sell tomorrow. you're helping to secure our energy future. and if we do it well, then that will help us avoid some of the perils of climate change, it"
https://archive.org/details/MSNBCW_20130305_050000_The_Rachel_Maddow_Show#start/3068/end/3103,3/5/2013 5:51:23,MSNBC,The Rachel Maddow Show,MSNBCW_20130305_050000_The_Rachel_Maddow_Show,https://archive.org/download/MSNBCW_20130305_050000_The_Rachel_Maddow_Show/MSNBCW_20130305_050000_The_Rachel_Maddow_Show.thumbs/MSNBCW_20130305_050000_The_Rachel_Maddow_Show_003045.jpg,"sands oil into the united states from canada. hence the need for the state department to be involved since it crosses a border. it's an international matter. the pipeline crosses the border at montana and then runs clear down to the bottom of nebraska. for this pipeline, there is the mehta environmental issue of whether tar sands oil is the future we want given the global warming consequences."
https://archive.org/details/MSNBCW_20130326_030000_The_Ed_Show#start/3210/end/3245,3/26/2013 3:53:45,MSNBC,The Ed Show,MSNBCW_20130326_030000_The_Ed_Show,https://archive.org/download/MSNBCW_20130326_030000_The_Ed_Show/MSNBCW_20130326_030000_The_Ed_Show.thumbs/MSNBCW_20130326_030000_The_Ed_Show_003195.jpg,"our changing climate, perhaps we should point the finger at the actual human beings who have the power to do something about it. or maybe punxsutawney phil should look for some benefactors in the energy industry. that seems like the best way to avoid accountability on climate change."
https://archive.org/details/MSNBCW_20130313_040000_The_Rachel_Maddow_Show#start/2587/end/2622,3/13/2013 4:43:22,MSNBC,The Rachel Maddow Show,MSNBCW_20130313_040000_The_Rachel_Maddow_Show,https://archive.org/download/MSNBCW_20130313_040000_The_Rachel_Maddow_Show/MSNBCW_20130313_040000_The_Rachel_Maddow_Show.thumbs/MSNBCW_20130313_040000_The_Rachel_Maddow_Show_002566.jpg,"we can't afford not to deal with it and we're not a poor, impoverished nation. we're just acting like one. we should be investing as if we believe there will be a future. in education, research and development and to view with those problems staring us in the face such as climate change."
https://archive.org/details/MSNBCW_20130326_070000_The_Ed_Show#start/3213/end/3248,3/26/2013 7:53:48,MSNBC,The Ed Show,MSNBCW_20130326_070000_The_Ed_Show,https://archive.org/download/MSNBCW_20130326_070000_The_Ed_Show/MSNBCW_20130326_070000_The_Ed_Show.thumbs/MSNBCW_20130326_070000_The_Ed_Show_003195.jpg,"for the unpredictable nature of our changing climate, perhaps we should point the finger at the actual human beings who have the power to do something about it. or maybe punxsutawney phil should look for some benefactors in the energy industry. that seems like the best way to avoid accountability on climate change."
https://archive.org/details/MSNBCW_20130315_160000_NOW_With_Alex_Wagner#start/3458/end/3493,3/15/2013 16:57:53,MSNBC,NOW With Alex Wagner,MSNBCW_20130315_160000_NOW_With_Alex_Wagner,https://archive.org/download/MSNBCW_20130315_160000_NOW_With_Alex_Wagner/MSNBCW_20130315_160000_NOW_With_Alex_Wagner.thumbs/MSNBCW_20130315_160000_NOW_With_Alex_Wagner_003436.jpg,"will be difficult. he had a meeting with congressional democrats yesterday. henry waxman would not let him get out of the room without answering questions about climate change. good for him. i think when people go in to meet with obama in private, he talks about what he wants to do. he always goes back to climate"
https://archive.org/details/MSNBCW_20130304_170000_NOW_With_Alex_Wagner#start/3382/end/3417,3/4/2013 17:56:37,MSNBC,NOW With Alex Wagner,MSNBCW_20130304_170000_NOW_With_Alex_Wagner,https://archive.org/download/MSNBCW_20130304_170000_NOW_With_Alex_Wagner/MSNBCW_20130304_170000_NOW_With_Alex_Wagner.thumbs/MSNBCW_20130304_170000_NOW_With_Alex_Wagner_003375.jpg,"ben, it looks and sounds -- it seems as if the president is -- or the ground work has been laid for him to approve the pipeline. the question i have is how much other stuff is he going to have to make up? is he going to have to have concessions else where to make up for what climate change"
https://archive.org/details/MSNBCW_20130330_100000_The_Rachel_Maddow_Show#start/498/end/533,3/30/2013 10:08:33,MSNBC,The Rachel Maddow Show,MSNBCW_20130330_100000_The_Rachel_Maddow_Show,https://archive.org/download/MSNBCW_20130330_100000_The_Rachel_Maddow_Show/MSNBCW_20130330_100000_The_Rachel_Maddow_Show.thumbs/MSNBCW_20130330_100000_The_Rachel_Maddow_Show_000495.jpg,"republicans are debt set, die on a hill opposed to taxes being any part of bringing down the debt and the deficit. that's what they most want to be known for this year. while the proportion of latinos who disagree with them, who say tax increases should be a part of debt reduction is a whopping 83%. how about climate change which"
https://archive.org/details/MSNBCW_20130319_160000_NOW_With_Alex_Wagner#start/579/end/614,3/19/2013 16:09:54,MSNBC,NOW With Alex Wagner,MSNBCW_20130319_160000_NOW_With_Alex_Wagner,https://archive.org/download/MSNBCW_20130319_160000_NOW_With_Alex_Wagner/MSNBCW_20130319_160000_NOW_With_Alex_Wagner.thumbs/MSNBCW_20130319_160000_NOW_With_Alex_Wagner_000556.jpg,"because after all, it's an either/or thing, maybe we need more exploration, maybe there's global warming, maybe there's not global warming. it's only a 98-2 question, but 2% of the people say it's not"
https://archive.org/details/MSNBCW_20130304_150000_Jansing_and_Co.#start/712/end/747,3/4/2013 15:12:07,MSNBC,Jansing and Co.,MSNBCW_20130304_150000_Jansing_and_Co.,https://archive.org/download/MSNBCW_20130304_150000_Jansing_and_Co./MSNBCW_20130304_150000_Jansing_and_Co..thumbs/MSNBCW_20130304_150000_Jansing_and_Co._000706.jpg,"auk k aquifers. they have rerouted the pipeline, to is on that issue has been dealt with. the other is whether it will significantly release greenhouse gases. and the state department report seems to suggest if you don't do the keystone pipelines, those"
https://archive.org/details/MSNBCW_20130310_120000_Up_W_Chris_Hayes#start/6776/end/6811,3/10/2013 13:53:11,MSNBC,Up W Chris Hayes,MSNBCW_20130310_120000_Up_W_Chris_Hayes,https://archive.org/download/MSNBCW_20130310_120000_Up_W_Chris_Hayes/MSNBCW_20130310_120000_Up_W_Chris_Hayes.thumbs/MSNBCW_20130310_120000_Up_W_Chris_Hayes_006765.jpg,"change called six americas categorize opinions from alarmed to dismissive finds those who think it's harming people now in the u.s. comprise 70% of americans. the battle over whether climate"
https://archive.org/details/MSNBCW_20130323_160000_Weekends_With_Alex_Witt#start/3571/end/3606,3/23/2013 16:59:46,MSNBC,Weekends With Alex Witt,MSNBCW_20130323_160000_Weekends_With_Alex_Witt,https://archive.org/download/MSNBCW_20130323_160000_Weekends_With_Alex_Witt/MSNBCW_20130323_160000_Weekends_With_Alex_Witt.thumbs/MSNBCW_20130323_160000_Weekends_With_Alex_Witt_003556.jpg,"asserting the link between climate change and extreme weather. and in this case with these scientists, the specific link that they drew was between climate change and what's called hurricane surge. and in that particular"
https://archive.org/details/MSNBCW_20130310_120000_Up_W_Chris_Hayes#start/6759/end/6794,3/10/2013 13:52:54,MSNBC,Up W Chris Hayes,MSNBCW_20130310_120000_Up_W_Chris_Hayes,https://archive.org/download/MSNBCW_20130310_120000_Up_W_Chris_Hayes/MSNBCW_20130310_120000_Up_W_Chris_Hayes.thumbs/MSNBCW_20130310_120000_Up_W_Chris_Hayes_006735.jpg,"people are noticing the climate changes here. a poll released by the university of michigan noticed 51% of republicans agree the planet is warming from 33% in 2010. a long-term study on climate"
https://archive.org/details/MSNBCW_20130323_180000_MSNBC_Live#start/4973/end/5008,3/23/2013 19:23:08,MSNBC,MSNBC Live,MSNBCW_20130323_180000_MSNBC_Live,https://archive.org/download/MSNBCW_20130323_180000_MSNBC_Live/MSNBCW_20130323_180000_MSNBC_Live.thumbs/MSNBCW_20130323_180000_MSNBC_Live_004965.jpg,"climate change.' what do we know about the affect on climate change and the number of jobs created? on the jobs front that is something fairly easy to answer. when you luke at what transcanada told the state department, it is something like"
https://archive.org/details/MSNBCW_20130326_030000_The_Ed_Show#start/2942/end/2977,3/26/2013 3:49:17,MSNBC,The Ed Show,MSNBCW_20130326_030000_The_Ed_Show,https://archive.org/download/MSNBCW_20130326_030000_The_Ed_Show/MSNBCW_20130326_030000_The_Ed_Show.thumbs/MSNBCW_20130326_030000_The_Ed_Show_002925.jpg,"centrum. global warming and george bush's masterpiece. and, no, they are not one in the same. i will explain, coming up."
https://archive.org/details/MSNBCW_20130316_100000_The_Rachel_Maddow_Show#start/3191/end/3226,3/16/2013 10:53:26,MSNBC,The Rachel Maddow Show,MSNBCW_20130316_100000_The_Rachel_Maddow_Show,https://archive.org/download/MSNBCW_20130316_100000_The_Rachel_Maddow_Show/MSNBCW_20130316_100000_The_Rachel_Maddow_Show.thumbs/MSNBCW_20130316_100000_The_Rachel_Maddow_Show_003165.jpg,"that was the sub text when he nominated gina mccarthy to be head of the epa, because gina mccarthy aside from being one of mitt romney's top officials during his tenure as governor of massachusetts back when he accepted the science on climate"
https://archive.org/details/MSNBCW_20130316_100000_The_Rachel_Maddow_Show#start/2988/end/3023,3/16/2013 10:50:03,MSNBC,The Rachel Maddow Show,MSNBCW_20130316_100000_The_Rachel_Maddow_Show,https://archive.org/download/MSNBCW_20130316_100000_The_Rachel_Maddow_Show/MSNBCW_20130316_100000_The_Rachel_Maddow_Show.thumbs/MSNBCW_20130316_100000_The_Rachel_Maddow_Show_002985.jpg,"he went right to climate change. came before immigration before he talked about detail in war even. he did the same thing during his state of the union address less than a month later. after first tackling the economy. he went directly to climate change. i urge this congress to get"
https://archive.org/details/MSNBCW_20130326_030000_The_Ed_Show#start/3148/end/3183,3/26/2013 3:52:43,MSNBC,The Ed Show,MSNBCW_20130326_030000_The_Ed_Show,https://archive.org/download/MSNBCW_20130326_030000_The_Ed_Show/MSNBCW_20130326_030000_The_Ed_Show.thumbs/MSNBCW_20130326_030000_The_Ed_Show_003135.jpg,"dealing with direct action on climate change were introduced. zero passed. if phil is being slapped with misrepresentation of spring, what charge to levy on climate change denier senator james inhofe of oklahoma, a ranking member of the committee on the environment. the fact that all of this is"
https://archive.org/details/MSNBCW_20130302_130000_Up_W_Chris_Hayes#start/6745/end/6780,3/2/2013 14:52:40,MSNBC,Up W Chris Hayes,MSNBCW_20130302_130000_Up_W_Chris_Hayes,https://archive.org/download/MSNBCW_20130302_130000_Up_W_Chris_Hayes/MSNBCW_20130302_130000_Up_W_Chris_Hayes.thumbs/MSNBCW_20130302_130000_Up_W_Chris_Hayes_006736.jpg,"conclusive environmental reason the pipeline should be built despite the act that as denailed the show, abstracting oil providing more greenhouse gas emissions than more conventional forms do. now a public comment period followed by a review and"
https://archive.org/details/MSNBCW_20130304_170000_NOW_With_Alex_Wagner#start/732/end/767,3/4/2013 17:12:27,MSNBC,NOW With Alex Wagner,MSNBCW_20130304_170000_NOW_With_Alex_Wagner,https://archive.org/download/MSNBCW_20130304_170000_NOW_With_Alex_Wagner/MSNBCW_20130304_170000_NOW_With_Alex_Wagner.thumbs/MSNBCW_20130304_170000_NOW_With_Alex_Wagner_000705.jpg,"americans, and i think that there is a feeling that there are things they can do to get the secretary of defense more discretion so that military families and veteran services -- but the notion that in the entire pentagon budget there isn't a forgive me climate"
https://archive.org/details/MSNBCW_20130308_160000_MSNBC_Live#start/670/end/705,3/8/2013 16:11:25,MSNBC,MSNBC Live,MSNBCW_20130308_160000_MSNBC_Live,https://archive.org/download/MSNBCW_20130308_160000_MSNBC_Live/MSNBCW_20130308_160000_MSNBC_Live.thumbs/MSNBCW_20130308_160000_MSNBC_Live_000647.jpg,"john brennan from being appointed, which he was. why not join in the filibuster. right now i'm working on global warming, trying to see"
https://archive.org/details/MSNBCW_20130321_040000_The_Rachel_Maddow_Show#start/3516/end/3551,3/21/2013 4:58:51,MSNBC,The Rachel Maddow Show,MSNBCW_20130321_040000_The_Rachel_Maddow_Show,https://archive.org/download/MSNBCW_20130321_040000_The_Rachel_Maddow_Show/MSNBCW_20130321_040000_The_Rachel_Maddow_Show.thumbs/MSNBCW_20130321_040000_The_Rachel_Maddow_Show_003496.jpg,"happy vernal equinox. cherry blossoms in washington, maybe, depending on global warming, h&r block commercials making you worry about your taxes, and making everyone fill"
https://archive.org/details/MSNBCW_20130326_000000_The_Ed_Show#start/2942/end/2977,3/26/2013 0:49:17,MSNBC,The Ed Show,MSNBCW_20130326_000000_The_Ed_Show,https://archive.org/download/MSNBCW_20130326_000000_The_Ed_Show/MSNBCW_20130326_000000_The_Ed_Show.thumbs/MSNBCW_20130326_000000_The_Ed_Show_002926.jpg,"toot toot. [ male announcer ] find gevalia in the coffee aisle or at gevalia.com global warming and george bush's master piece. and no, they are not one in the same."
https://archive.org/details/MSNBCW_20130305_090000_The_Rachel_Maddow_Show#start/3070/end/3105,3/5/2013 9:51:25,MSNBC,The Rachel Maddow Show,MSNBCW_20130305_090000_The_Rachel_Maddow_Show,https://archive.org/download/MSNBCW_20130305_090000_The_Rachel_Maddow_Show/MSNBCW_20130305_090000_The_Rachel_Maddow_Show.thumbs/MSNBCW_20130305_090000_The_Rachel_Maddow_Show_003046.jpg,"mehta environmental issue of whether tar sands oil is the future we want given the global warming consequences. but also there is the less mehta environmental issue which is all"
https://archive.org/details/MSNBCW_20130317_140000_Melissa_Harris-Perry#start/4795/end/4830,3/17/2013 15:20:10,MSNBC,Melissa Harris-Perry,MSNBCW_20130317_140000_Melissa_Harris-Perry,https://archive.org/download/MSNBCW_20130317_140000_Melissa_Harris-Perry/MSNBCW_20130317_140000_Melissa_Harris-Perry.thumbs/MSNBCW_20130317_140000_Melissa_Harris-Perry_004785.jpg,"two when the heritage foundation is pushing global warming or trying to attack the epa. it comes back to the same similar agenda. i do get the sense they are"
https://archive.org/details/MSNBCW_20130321_080000_The_Rachel_Maddow_Show#start/3528/end/3563,3/21/2013 8:59:03,MSNBC,The Rachel Maddow Show,MSNBCW_20130321_080000_The_Rachel_Maddow_Show,https://archive.org/download/MSNBCW_20130321_080000_The_Rachel_Maddow_Show/MSNBCW_20130321_080000_The_Rachel_Maddow_Show.thumbs/MSNBCW_20130321_080000_The_Rachel_Maddow_Show_003525.jpg,"cherry blossoms in washington, maybe, depending on global warming, h&r block commercials making you worry about your taxes, and making everyone fill out an ncaa bracket. these are the ties that bind."
https://archive.org/details/MSNBCW_20130317_140000_Melissa_Harris-Perry#start/5077/end/5112,3/17/2013 15:24:52,MSNBC,Melissa Harris-Perry,MSNBCW_20130317_140000_Melissa_Harris-Perry,https://archive.org/download/MSNBCW_20130317_140000_Melissa_Harris-Perry/MSNBCW_20130317_140000_Melissa_Harris-Perry.thumbs/MSNBCW_20130317_140000_Melissa_Harris-Perry_005055.jpg,"office. what happens then, you have that leading to global warming. the science department is leading to the kochs direction. they can actually have an affect on academia where you are not"
https://archive.org/details/MSNBCW_20130326_070000_The_Ed_Show#start/2944/end/2979,3/26/2013 7:49:19,MSNBC,The Ed Show,MSNBCW_20130326_070000_The_Ed_Show,https://archive.org/download/MSNBCW_20130326_070000_The_Ed_Show/MSNBCW_20130326_070000_The_Ed_Show.thumbs/MSNBCW_20130326_070000_The_Ed_Show_002865.jpg,"driving mother earth to the brink of destruction. that is coming up next. global warming and george bush's masterpiece. and, no, they are not one in the same. i will explain, coming up."
https://archive.org/details/MSNBCW_20130323_180000_MSNBC_Live#start/4910/end/4945,3/23/2013 19:22:05,MSNBC,MSNBC Live,MSNBCW_20130323_180000_MSNBC_Live,https://archive.org/download/MSNBCW_20130323_180000_MSNBC_Live/MSNBCW_20130323_180000_MSNBC_Live.thumbs/MSNBCW_20130323_180000_MSNBC_Live_004905.jpg,"are these tar sands, these oil sands? well, they are more intense in terms of their greenhouse gas emissions, while there's a debate, you know, there's basically a lot of debate about what their ultimate impact s you are certainly talking about for example there are 10% more"
https://archive.org/details/MSNBCW_20130323_160000_Weekends_With_Alex_Witt#start/3491/end/3526,3/23/2013 16:58:26,MSNBC,Weekends With Alex Witt,MSNBCW_20130323_160000_Weekends_With_Alex_Witt,https://archive.org/download/MSNBCW_20130323_160000_Weekends_With_Alex_Witt/MSNBCW_20130323_160000_Weekends_With_Alex_Witt.thumbs/MSNBCW_20130323_160000_Weekends_With_Alex_Witt_003466.jpg,"carl davenport joins me from washington, d.c. we have the climatologists constantly warning us about the dire effects of global warming. what make this is unique? what's interesting about this report is it talks specifically"
https://archive.org/details/MSNBCW_20130304_170000_NOW_With_Alex_Wagner#start/3444/end/3479,3/4/2013 17:57:39,MSNBC,NOW With Alex Wagner,MSNBCW_20130304_170000_NOW_With_Alex_Wagner,https://archive.org/download/MSNBCW_20130304_170000_NOW_With_Alex_Wagner/MSNBCW_20130304_170000_NOW_With_Alex_Wagner.thumbs/MSNBCW_20130304_170000_NOW_With_Alex_Wagner_003435.jpg,"is going to continue pursuing an aggressive climate agenda at the epa well, and to ben's point about why he is not going to have to do something else. having that kind of opposition actually helps him. i mean, essentially if he has people who are opposing his picks on the grounds that he has such an aggressive climate"
https://archive.org/details/MSNBCW_20130309_170000_Weekends_With_Alex_Witt#start/5808/end/5843,3/9/2013 18:37:03,MSNBC,Weekends With Alex Witt,MSNBCW_20130309_170000_Weekends_With_Alex_Witt,https://archive.org/download/MSNBCW_20130309_170000_Weekends_With_Alex_Witt/MSNBCW_20130309_170000_Weekends_With_Alex_Witt.thumbs/MSNBCW_20130309_170000_Weekends_With_Alex_Witt_005806.jpg,"themselves? well, look, i am a bloomberg fan. here's a guy that is dealing with gun violence, infrastructure problems, global warming. he is -- when it comes to mayor, he is the chief provocateur in this country saying i'm not"
https://archive.org/details/MSNBCW_20130313_040000_The_Rachel_Maddow_Show#start/2680/end/2715,3/13/2013 4:44:55,MSNBC,The Rachel Maddow Show,MSNBCW_20130313_040000_The_Rachel_Maddow_Show,https://archive.org/download/MSNBCW_20130313_040000_The_Rachel_Maddow_Show/MSNBCW_20130313_040000_The_Rachel_Maddow_Show.thumbs/MSNBCW_20130313_040000_The_Rachel_Maddow_Show_002656.jpg,"investment. we can see that by historical comparisons here and strikingly through other countries. climate change, which is costly"
https://archive.org/details/MSNBCW_20130323_160000_Weekends_With_Alex_Witt#start/3585/end/3620,3/23/2013 17:00:00,MSNBC,Weekends With Alex Witt,MSNBCW_20130323_160000_Weekends_With_Alex_Witt,https://archive.org/download/MSNBCW_20130323_160000_Weekends_With_Alex_Witt/MSNBCW_20130323_160000_Weekends_With_Alex_Witt.thumbs/MSNBCW_20130323_160000_Weekends_With_Alex_Witt_003586.jpg,"phenomenon, there's actually a very strong link. what hurricane surge is is when you've got global warming and you've got rising sea level, just an inch or two higher sea level, then you get an increase in the amount of water that gets"
https://archive.org/details/MSNBCW_20130321_150000_MSNBC_Live#start/2873/end/2908,3/21/2013 15:48:08,MSNBC,MSNBC Live,MSNBCW_20130321_150000_MSNBC_Live,https://archive.org/download/MSNBCW_20130321_150000_MSNBC_Live/MSNBCW_20130321_150000_MSNBC_Live.thumbs/MSNBCW_20130321_150000_MSNBC_Live_002865.jpg,"went down and was this, that, or the other. said, that's like saying we shouldn't take the lead out of gasoline because it led to global warming. it wasn't the whole answer. combined, these are common sense approaches that ironically, mr."
https://archive.org/details/MSNBCW_20130309_020000_The_Rachel_Maddow_Show#start/173/end/208,3/9/2013 2:03:08,MSNBC,The Rachel Maddow Show,MSNBCW_20130309_020000_The_Rachel_Maddow_Show,https://archive.org/download/MSNBCW_20130309_020000_The_Rachel_Maddow_Show/MSNBCW_20130309_020000_The_Rachel_Maddow_Show.thumbs/MSNBCW_20130309_020000_The_Rachel_Maddow_Show_000165.jpg,"the epa got a new framing for their reason to exist when a new study in the journal science came out showing that the global warming news is really, really bad news. like global temperatures highest in 4000 years bad news."
https://archive.org/details/MSNBCW_20130313_010000_The_Rachel_Maddow_Show#start/2234/end/2269,3/13/2013 1:37:29,MSNBC,The Rachel Maddow Show,MSNBCW_20130313_010000_The_Rachel_Maddow_Show,https://archive.org/download/MSNBCW_20130313_010000_The_Rachel_Maddow_Show/MSNBCW_20130313_010000_The_Rachel_Maddow_Show.thumbs/MSNBCW_20130313_010000_The_Rachel_Maddow_Show_002235.jpg,"implementation of mr. romney's climate action plan to combat global warming. the terror piece was a plan for massachusetts to join with the other states in the northeast in a regional cap and trade system. that was mitt romney's plan to"
https://archive.org/details/MSNBCW_20130305_020000_The_Rachel_Maddow_Show#start/3071/end/3106,3/5/2013 2:51:26,MSNBC,The Rachel Maddow Show,MSNBCW_20130305_020000_The_Rachel_Maddow_Show,https://archive.org/download/MSNBCW_20130305_020000_The_Rachel_Maddow_Show/MSNBCW_20130305_020000_The_Rachel_Maddow_Show.thumbs/MSNBCW_20130305_020000_The_Rachel_Maddow_Show_003046.jpg,"for this pipeline, there is the mehta environmental issue of whether tar sands oil is the future we want given the global warming consequences. but also there is the less mehta environmental issue which is all about the land this pipeline"
https://archive.org/details/MSNBCW_20130313_040000_The_Rachel_Maddow_Show#start/2229/end/2264,3/13/2013 4:37:24,MSNBC,The Rachel Maddow Show,MSNBCW_20130313_040000_The_Rachel_Maddow_Show,https://archive.org/download/MSNBCW_20130313_040000_The_Rachel_Maddow_Show/MSNBCW_20130313_040000_The_Rachel_Maddow_Show.thumbs/MSNBCW_20130313_040000_The_Rachel_Maddow_Show_002206.jpg,"work for republican governor, mitt romney. she was a top environmental official in massachusetts under mitt romney and oversaw the implementation of mr. romney's climate action plan to combat global warming. the terror piece was a plan for massachusetts to join with the"
https://archive.org/details/MSNBCW_20130305_170000_NOW_With_Alex_Wagner#start/2648/end/2683,3/5/2013 17:44:23,MSNBC,NOW With Alex Wagner,MSNBCW_20130305_170000_NOW_With_Alex_Wagner,https://archive.org/download/MSNBCW_20130305_170000_NOW_With_Alex_Wagner/MSNBCW_20130305_170000_NOW_With_Alex_Wagner.thumbs/MSNBCW_20130305_170000_NOW_With_Alex_Wagner_002626.jpg,"to democrats, but it's interesting. cuccinelli obviously represents the worst of the republican party right now. he is a tea party troglodite. he doesn't believe in global warming. he doesn't believe women have any reproductive rights. he has sort of been left out"
https://archive.org/details/MSNBCW_20130316_010000_The_Rachel_Maddow_Show#start/2918/end/2953,3/16/2013 1:48:53,MSNBC,The Rachel Maddow Show,MSNBCW_20130316_010000_The_Rachel_Maddow_Show,https://archive.org/download/MSNBCW_20130316_010000_The_Rachel_Maddow_Show/MSNBCW_20130316_010000_The_Rachel_Maddow_Show.thumbs/MSNBCW_20130316_010000_The_Rachel_Maddow_Show_002926.jpg,"we will respond to the threat of climate change. knowing that failure to do so would betray our children and future generations."
https://archive.org/details/MSNBCW_20130318_210000_Hardball_With_Chris_Matthews#start/3194/end/3229,3/18/2013 21:53:29,MSNBC,Hardball With Chris Matthews,MSNBCW_20130318_210000_Hardball_With_Chris_Matthews,https://archive.org/download/MSNBCW_20130318_210000_Hardball_With_Chris_Matthews/MSNBCW_20130318_210000_Hardball_With_Chris_Matthews.thumbs/MSNBCW_20130318_210000_Hardball_With_Chris_Matthews_003195.jpg,"african-american or mixed race, they wouldn't be doing this birther nonsense, but these people live in a different universe, chris. they believe all sorts of things that aren't true. they believe the earth is 6000 years old, they believe the global warming isn't really happening."
https://archive.org/details/MSNBCW_20130319_060000_Hardball_With_Chris_Matthews#start/3217/end/3252,3/19/2013 6:53:52,MSNBC,Hardball With Chris Matthews,MSNBCW_20130319_060000_Hardball_With_Chris_Matthews,https://archive.org/download/MSNBCW_20130319_060000_Hardball_With_Chris_Matthews/MSNBCW_20130319_060000_Hardball_With_Chris_Matthews.thumbs/MSNBCW_20130319_060000_Hardball_With_Chris_Matthews_003195.jpg,"they believe that global warming isn't happening. they believe all sorts of things. if you want to find the people who are ruining the republican party, you go to cpac. i will leave you with one little observation. they had a seminar on minority"
https://archive.org/details/MSNBCW_20130308_110000_Morning_Joe#start/1839/end/1874,3/8/2013 11:30:54,MSNBC,Morning Joe,MSNBCW_20130308_110000_Morning_Joe,https://archive.org/download/MSNBCW_20130308_110000_Morning_Joe/MSNBCW_20130308_110000_Morning_Joe.thumbs/MSNBCW_20130308_110000_Morning_Joe_001815.jpg,"that global warming is a result of human activity. the data also suggests the planet will continue to get warmer for the foreseeable future, passing levels not seen since before the last ice age. be careful to criticize al gore. he was more right than wrong."
https://archive.org/details/MSNBCW_20130313_080000_The_Rachel_Maddow_Show#start/2215/end/2250,3/13/2013 8:37:10,MSNBC,The Rachel Maddow Show,MSNBCW_20130313_080000_The_Rachel_Maddow_Show,https://archive.org/download/MSNBCW_20130313_080000_The_Rachel_Maddow_Show/MSNBCW_20130313_080000_The_Rachel_Maddow_Show.thumbs/MSNBCW_20130313_080000_The_Rachel_Maddow_Show_002206.jpg,"implementation of mr. romney's climate action plan to combat global warming. the terror piece was a plan for massachusetts to join with the other states in the northeast in a regional cap and trade system. that was mitt romney's plan to be overseen by gina mccarthy,"
https://archive.org/details/MSNBCW_20130318_230000_Hardball_With_Chris_Matthews#start/3204/end/3239,3/18/2013 23:53:39,MSNBC,Hardball With Chris Matthews,MSNBCW_20130318_230000_Hardball_With_Chris_Matthews,https://archive.org/download/MSNBCW_20130318_230000_Hardball_With_Chris_Matthews/MSNBCW_20130318_230000_Hardball_With_Chris_Matthews.thumbs/MSNBCW_20130318_230000_Hardball_With_Chris_Matthews_003195.jpg,"they believe all sorts of things that aren't true. they believe the earth is 6000 years old. they believe that global warming isn't happening. they believe all sorts of things. if you want to find the people who are ruining the republican party, you go to cpac."
https://archive.org/details/MSNBCW_20130326_070000_The_Ed_Show#start/3153/end/3188,3/26/2013 7:52:48,MSNBC,The Ed Show,MSNBCW_20130326_070000_The_Ed_Show,https://archive.org/download/MSNBCW_20130326_070000_The_Ed_Show/MSNBCW_20130326_070000_The_Ed_Show.thumbs/MSNBCW_20130326_070000_The_Ed_Show_003135.jpg,"he predicted an early spring if phil is being slapped with misrepresentation of spring, what charge to levy on climate change denier senator james"
https://archive.org/details/MSNBCW_20130330_100000_The_Rachel_Maddow_Show#start/509/end/544,3/30/2013 10:08:44,MSNBC,The Rachel Maddow Show,MSNBCW_20130330_100000_The_Rachel_Maddow_Show,https://archive.org/download/MSNBCW_20130330_100000_The_Rachel_Maddow_Show/MSNBCW_20130330_100000_The_Rachel_Maddow_Show.thumbs/MSNBCW_20130330_100000_The_Rachel_Maddow_Show_000495.jpg,"republicans denounce as a hoax. if you ask latinos if climate change is a steerious problem, 74% of latinos say yes. latinos support gun safety legislations."
https://archive.org/details/MSNBCW_20130330_010000_The_Rachel_Maddow_Show#start/548/end/583,3/30/2013 1:09:23,MSNBC,The Rachel Maddow Show,MSNBCW_20130330_010000_The_Rachel_Maddow_Show,https://archive.org/download/MSNBCW_20130330_010000_The_Rachel_Maddow_Show/MSNBCW_20130330_010000_The_Rachel_Maddow_Show.thumbs/MSNBCW_20130330_010000_The_Rachel_Maddow_Show_000526.jpg,"if you ask latinos if climate change is a serious problem, 70% of latinos say yes. latinos support gun safety lejs lakes. 62% support high risk magazines."
https://archive.org/details/MSNBCW_20130302_130000_Up_W_Chris_Hayes#start/148/end/183,3/2/2013 13:02:43,MSNBC,Up W Chris Hayes,MSNBCW_20130302_130000_Up_W_Chris_Hayes,https://archive.org/download/MSNBCW_20130302_130000_Up_W_Chris_Hayes/MSNBCW_20130302_130000_Up_W_Chris_Hayes.thumbs/MSNBCW_20130302_130000_Up_W_Chris_Hayes_000136.jpg,"tomorrow's program. the state department with an environmental investment that the keystone contract would have little impact on climate change. i'm sitting down with top chef's"
https://archive.org/details/MSNBCW_20130306_000000_Hardball_With_Chris_Matthews#start/2447/end/2482,3/6/2013 0:41:02,MSNBC,Hardball With Chris Matthews,MSNBCW_20130306_000000_Hardball_With_Chris_Matthews,https://archive.org/download/MSNBCW_20130306_000000_Hardball_With_Chris_Matthews/MSNBCW_20130306_000000_Hardball_With_Chris_Matthews.thumbs/MSNBCW_20130306_000000_Hardball_With_Chris_Matthews_002445.jpg,"will do what he can through executive action, and one thing that is sort of teed up for him is climate change. specifically, through the environmental protection"
https://archive.org/details/MSNBCW_20130313_080000_The_Rachel_Maddow_Show#start/2681/end/2716,3/13/2013 8:44:56,MSNBC,The Rachel Maddow Show,MSNBCW_20130313_080000_The_Rachel_Maddow_Show,https://archive.org/download/MSNBCW_20130313_080000_The_Rachel_Maddow_Show/MSNBCW_20130313_080000_The_Rachel_Maddow_Show.thumbs/MSNBCW_20130313_080000_The_Rachel_Maddow_Show_002656.jpg,"comparisons here and strikingly through other countries. climate change, which is costly in lives and dollars if we don't deal with it, it's staring us in"
https://archive.org/details/MSNBCW_20130316_100000_The_Rachel_Maddow_Show#start/2937/end/2972,3/16/2013 10:49:12,MSNBC,The Rachel Maddow Show,MSNBCW_20130316_100000_The_Rachel_Maddow_Show,https://archive.org/download/MSNBCW_20130316_100000_The_Rachel_Maddow_Show/MSNBCW_20130316_100000_The_Rachel_Maddow_Show.thumbs/MSNBCW_20130316_100000_The_Rachel_Maddow_Show_002925.jpg,"ourselves, but to all posterity. we will respond to the threat of climate change. knowing that failure to do so would betray our children and future generations."
https://archive.org/details/MSNBCW_20130305_170000_NOW_With_Alex_Wagner#start/2498/end/2533,3/5/2013 17:41:53,MSNBC,NOW With Alex Wagner,MSNBCW_20130305_170000_NOW_With_Alex_Wagner,https://archive.org/download/MSNBCW_20130305_170000_NOW_With_Alex_Wagner/MSNBCW_20130305_170000_NOW_With_Alex_Wagner.thumbs/MSNBCW_20130305_170000_NOW_With_Alex_Wagner_002476.jpg,"the outcome less important it seems to this guy. if he has a war about everything, whether it's the affordable care act and he loses or, you know, as you know, he questions global warming. he has authorize the state police to check on citizenship. what about social security? right."
https://archive.org/details/MSNBCW_20130316_010000_The_Rachel_Maddow_Show#start/1555/end/1590,3/16/2013 1:26:10,MSNBC,The Rachel Maddow Show,MSNBCW_20130316_010000_The_Rachel_Maddow_Show,https://archive.org/download/MSNBCW_20130316_010000_The_Rachel_Maddow_Show/MSNBCW_20130316_010000_The_Rachel_Maddow_Show.thumbs/MSNBCW_20130316_010000_The_Rachel_Maddow_Show_001546.jpg,"ac aclu, thank you for coming in tonight. thank you. this one dave worth of psych al free major changes occurred in three areas of major politics and policy. same-sex marriage, capital punishment and global warming. all coming up today. all today. up next. a talking train."
https://archive.org/details/MSNBCW_20130313_010000_The_Rachel_Maddow_Show#start/2470/end/2505,3/13/2013 1:41:25,MSNBC,The Rachel Maddow Show,MSNBCW_20130313_010000_The_Rachel_Maddow_Show,https://archive.org/download/MSNBCW_20130313_010000_The_Rachel_Maddow_Show/MSNBCW_20130313_010000_The_Rachel_Maddow_Show.thumbs/MSNBCW_20130313_010000_The_Rachel_Maddow_Show_002475.jpg,"energy and climate change? i don't know how many wildfires, hurricanes, barges running aground in mississippi. tornados, it takes before people realize that facing up to is in"
https://archive.org/details/MSNBCW_20130304_230000_PoliticsNation#start/2889/end/2924,3/4/2013 23:48:24,MSNBC,PoliticsNation,MSNBCW_20130304_230000_PoliticsNation,https://archive.org/download/MSNBCW_20130304_230000_PoliticsNation/MSNBCW_20130304_230000_PoliticsNation.thumbs/MSNBCW_20130304_230000_PoliticsNation_002895.jpg,"they're almost the same from the press release. on the left is the fox graphic about a climate change musical. on the right is the one from the nrcc."
https://archive.org/details/MSNBCW_20130323_160000_Weekends_With_Alex_Witt#start/3554/end/3589,3/23/2013 16:59:29,MSNBC,Weekends With Alex Witt,MSNBCW_20130323_160000_Weekends_With_Alex_Witt,https://archive.org/download/MSNBCW_20130323_160000_Weekends_With_Alex_Witt/MSNBCW_20130323_160000_Weekends_With_Alex_Witt.thumbs/MSNBCW_20130323_160000_Weekends_With_Alex_Witt_003556.jpg,"gently tend to shy away from citing climate change. why the disconnect between the two assessments? alex, as the data stack up, we're actually seeing scientists becoming more confident about"
https://archive.org/details/MSNBCW_20130313_010000_The_Rachel_Maddow_Show#start/2704/end/2739,3/13/2013 1:45:19,MSNBC,The Rachel Maddow Show,MSNBCW_20130313_010000_The_Rachel_Maddow_Show,https://archive.org/download/MSNBCW_20130313_010000_The_Rachel_Maddow_Show/MSNBCW_20130313_010000_The_Rachel_Maddow_Show.thumbs/MSNBCW_20130313_010000_The_Rachel_Maddow_Show_002685.jpg,"comparisons here and strikingly through other countries. climate change, which is costly in lives and dollars if we don't deal with it, it's staring us in the face as something we need to"
https://archive.org/details/MSNBCW_20130313_080000_The_Rachel_Maddow_Show#start/2489/end/2524,3/13/2013 8:41:44,MSNBC,The Rachel Maddow Show,MSNBCW_20130313_080000_The_Rachel_Maddow_Show,https://archive.org/download/MSNBCW_20130313_080000_The_Rachel_Maddow_Show/MSNBCW_20130313_080000_The_Rachel_Maddow_Show.thumbs/MSNBCW_20130313_080000_The_Rachel_Maddow_Show_002476.jpg,"and for something as big a crisis as climate change, we should hope for a big payback. the common wisdom seems to be this president has a commitment to this issue, but the"
https://archive.org/details/MSNBCW_20130305_220000_Hardball_With_Chris_Matthews#start/2263/end/2298,3/5/2013 22:37:58,MSNBC,Hardball With Chris Matthews,MSNBCW_20130305_220000_Hardball_With_Chris_Matthews,https://archive.org/download/MSNBCW_20130305_220000_Hardball_With_Chris_Matthews/MSNBCW_20130305_220000_Hardball_With_Chris_Matthews.thumbs/MSNBCW_20130305_220000_Hardball_With_Chris_Matthews_002265.jpg,"of climate change knowing that the failure to do so would betray our children and future generations. overwhelming majorities of americans, americans who believe in the second amendment, have come together around common"
https://archive.org/details/MSNBCW_20130318_100000_Morning_Joe#start/6653/end/6688,3/18/2013 11:51:08,MSNBC,Morning Joe,MSNBCW_20130318_100000_Morning_Joe,https://archive.org/download/MSNBCW_20130318_100000_Morning_Joe/MSNBCW_20130318_100000_Morning_Joe.thumbs/MSNBCW_20130318_100000_Morning_Joe_006645.jpg,"the food industry and how it's linked to climate change and consumption. our national security in obesity. catch 'the need to know' on pbs this friday. check your local listings for time. emily, thanks."
https://archive.org/details/MSNBCW_20130313_010000_The_Rachel_Maddow_Show#start/2508/end/2543,3/13/2013 1:42:03,MSNBC,The Rachel Maddow Show,MSNBCW_20130313_010000_The_Rachel_Maddow_Show,https://archive.org/download/MSNBCW_20130313_010000_The_Rachel_Maddow_Show/MSNBCW_20130313_010000_The_Rachel_Maddow_Show.thumbs/MSNBCW_20130313_010000_The_Rachel_Maddow_Show_002505.jpg,"government doing it. it is not public interest to do so and it often pays back big and for something as big a crisis as climate change, we should hope for a big payback."
https://archive.org/details/MSNBCW_20130307_230000_PoliticsNation#start/3036/end/3071,3/7/2013 23:50:51,MSNBC,PoliticsNation,MSNBCW_20130307_230000_PoliticsNation,https://archive.org/download/MSNBCW_20130307_230000_PoliticsNation/MSNBCW_20130307_230000_PoliticsNation.thumbs/MSNBCW_20130307_230000_PoliticsNation_003015.jpg,"on reproductive freedom, you've got to make it look like you can't get pregnant from rape. and if you want to pass no legislation on climate change, you have to make up facts that"
https://archive.org/details/MSNBCW_20130313_040000_The_Rachel_Maddow_Show#start/2507/end/2542,3/13/2013 4:42:02,MSNBC,The Rachel Maddow Show,MSNBCW_20130313_040000_The_Rachel_Maddow_Show,https://archive.org/download/MSNBCW_20130313_040000_The_Rachel_Maddow_Show/MSNBCW_20130313_040000_The_Rachel_Maddow_Show.thumbs/MSNBCW_20130313_040000_The_Rachel_Maddow_Show_002506.jpg,"government doing it. it is not public interest to do so and it often pays back big and for something as big a crisis as climate change, we should hope for a big payback."
https://archive.org/details/MSNBCW_20130305_210000_Martin_Bashir#start/2999/end/3034,3/5/2013 21:50:14,MSNBC,Martin Bashir,MSNBCW_20130305_210000_Martin_Bashir,https://archive.org/download/MSNBCW_20130305_210000_Martin_Bashir/MSNBCW_20130305_210000_Martin_Bashir.thumbs/MSNBCW_20130305_210000_Martin_Bashir_002955.jpg,"delivered on his inaugural promise to devote his second term in part to climate change. his nominee to head the epa, gina mccarthy, has championed clean air initiatives. in fact, she worked for then"
https://archive.org/details/MSNBCW_20130305_190000_News_Nation#start/2284/end/2319,3/5/2013 19:38:19,MSNBC,News Nation,MSNBCW_20130305_190000_News_Nation,https://archive.org/download/MSNBCW_20130305_190000_News_Nation/MSNBCW_20130305_190000_News_Nation.thumbs/MSNBCW_20130305_190000_News_Nation_002266.jpg,"some -- i mean, epa's always going to be a lightning rod. they're involved in so many major rule makings, involved in the climate change effort. they're always to have their krit critics and gina mccarthy"
https://archive.org/details/MSNBCW_20130309_130000_Up_W_Chris_Hayes#start/6818/end/6853,3/9/2013 14:53:53,MSNBC,Up W Chris Hayes,MSNBCW_20130309_130000_Up_W_Chris_Hayes,https://archive.org/download/MSNBCW_20130309_130000_Up_W_Chris_Hayes/MSNBCW_20130309_130000_Up_W_Chris_Hayes.thumbs/MSNBCW_20130309_130000_Up_W_Chris_Hayes_006796.jpg,"level in the atmosphere, and that is the level we have already surpassed. in 2009, most nations took steps to limit the climate change to a total of 3.6 degrees fahrenheit over the preindustrial averages,"
https://archive.org/details/MSNBCW_20130313_040000_The_Rachel_Maddow_Show#start/2351/end/2386,3/13/2013 4:39:26,MSNBC,The Rachel Maddow Show,MSNBCW_20130313_040000_The_Rachel_Maddow_Show,https://archive.org/download/MSNBCW_20130313_040000_The_Rachel_Maddow_Show/MSNBCW_20130313_040000_The_Rachel_Maddow_Show.thumbs/MSNBCW_20130313_040000_The_Rachel_Maddow_Show_002326.jpg,"climate change is still a laugh line for one of two parties. republicans are opposed to doing anything about it. what is possible? some of what has been possible so far is encouraging the development of other forms of"
https://archive.org/details/MSNBCW_20130313_220000_PoliticsNation#start/1910/end/1945,3/13/2013 22:32:05,MSNBC,PoliticsNation,MSNBCW_20130313_220000_PoliticsNation,https://archive.org/download/MSNBCW_20130313_220000_PoliticsNation/MSNBCW_20130313_220000_PoliticsNation.thumbs/MSNBCW_20130313_220000_PoliticsNation_001905.jpg,"taking action against climate change. to taking action against gun violence. the nra is running ads today against commonsense gun safety measures which 90% of americans support. you know, shady groups with unnamed backers are already"
https://archive.org/details/MSNBCW_20130316_010000_The_Rachel_Maddow_Show#start/3176/end/3211,3/16/2013 1:53:11,MSNBC,The Rachel Maddow Show,MSNBCW_20130316_010000_The_Rachel_Maddow_Show,https://archive.org/download/MSNBCW_20130316_010000_The_Rachel_Maddow_Show/MSNBCW_20130316_010000_The_Rachel_Maddow_Show.thumbs/MSNBCW_20130316_010000_The_Rachel_Maddow_Show_003166.jpg,"nominated gina mccarthy to be head of the epa, because besides being one of mitt romney's top officials back when he accepted the science on climate change, aside from that, she is also the person most recently running the"
https://archive.org/details/MSNBCW_20130305_220000_Hardball_With_Chris_Matthews#start/2440/end/2475,3/5/2013 22:40:55,MSNBC,Hardball With Chris Matthews,MSNBCW_20130305_220000_Hardball_With_Chris_Matthews,https://archive.org/download/MSNBCW_20130305_220000_Hardball_With_Chris_Matthews/MSNBCW_20130305_220000_Hardball_With_Chris_Matthews.thumbs/MSNBCW_20130305_220000_Hardball_With_Chris_Matthews_002415.jpg,"president did say that when he can't get congress to act, he will do what he can through executive action, and one thing that is sort of teed up for him is climate change. specifically, through the"
https://archive.org/details/MSNBCW_20130306_200000_The_Cycle#start/1987/end/2022,3/6/2013 20:33:22,MSNBC,The Cycle,MSNBCW_20130306_200000_The_Cycle,https://archive.org/download/MSNBCW_20130306_200000_The_Cycle/MSNBCW_20130306_200000_The_Cycle.thumbs/MSNBCW_20130306_200000_The_Cycle_001966.jpg,"political capital. he can't go and do the other things that are important like immigration and like guns and climate change. creating these fake emergencies, killing the president's time, eating it up. isn't that what's going on here?"
https://archive.org/details/MSNBCW_20130315_190000_The_Cycle#start/315/end/350,3/15/2013 19:05:30,MSNBC,The Cycle,MSNBCW_20130315_190000_The_Cycle,https://archive.org/download/MSNBCW_20130315_190000_The_Cycle/MSNBCW_20130315_190000_The_Cycle.thumbs/MSNBCW_20130315_190000_The_Cycle_000316.jpg,"ties statements he's made behind closed doors to republicans and the statement that his press secretary, or spokesman made today, which suggested that pipelines don't contribute to climate change issues. that they would be more, or"
https://archive.org/details/MSNBCW_20130313_080000_The_Rachel_Maddow_Show#start/2312/end/2347,3/13/2013 8:38:47,MSNBC,The Rachel Maddow Show,MSNBCW_20130313_080000_The_Rachel_Maddow_Show,https://archive.org/download/MSNBCW_20130313_080000_The_Rachel_Maddow_Show/MSNBCW_20130313_080000_The_Rachel_Maddow_Show.thumbs/MSNBCW_20130313_080000_The_Rachel_Maddow_Show_002296.jpg,"do you see how it shoots straight up like it hasn't in 11000 years? at the time when the headlines look like that, but the idea of climate change is still a laugh line for one of two parties."
https://archive.org/details/MSNBCW_20130313_040000_The_Rachel_Maddow_Show#start/2573/end/2608,3/13/2013 4:43:08,MSNBC,The Rachel Maddow Show,MSNBCW_20130313_040000_The_Rachel_Maddow_Show,https://archive.org/download/MSNBCW_20130313_040000_The_Rachel_Maddow_Show/MSNBCW_20130313_040000_The_Rachel_Maddow_Show.thumbs/MSNBCW_20130313_040000_The_Rachel_Maddow_Show_002566.jpg,"encouraging. on climate change, i still don't see it. i don't know what it's going take for people to wake up. they're just saying over and over again, we can't afford that. we can't afford to deal with it."
https://archive.org/details/MSNBCW_20130316_100000_The_Rachel_Maddow_Show#start/3002/end/3037,3/16/2013 10:50:17,MSNBC,The Rachel Maddow Show,MSNBCW_20130316_100000_The_Rachel_Maddow_Show,https://archive.org/download/MSNBCW_20130316_100000_The_Rachel_Maddow_Show/MSNBCW_20130316_100000_The_Rachel_Maddow_Show.thumbs/MSNBCW_20130316_100000_The_Rachel_Maddow_Show_002985.jpg,"together, pursue a bipartisan market based solution to climate change. like the one john mccain and joe lieberman worked on to the a few years ago. but, if congress won't act soon to protect future generations, i will."
https://archive.org/details/MSNBCW_20130320_170000_Andrea_Mitchell_Reports#start/1247/end/1282,3/20/2013 17:21:02,MSNBC,Andrea Mitchell Reports,MSNBCW_20130320_170000_Andrea_Mitchell_Reports,https://archive.org/download/MSNBCW_20130320_170000_Andrea_Mitchell_Reports/MSNBCW_20130320_170000_Andrea_Mitchell_Reports.thumbs/MSNBCW_20130320_170000_Andrea_Mitchell_Reports_001246.jpg,"immigration, maybe on climate change potential. i'm going to need to go to them on other tough votes, and why do this now when it may not pass anyway? i know temperature gun control advocates are very upset, but"
https://archive.org/details/MSNBCW_20130324_160000_Weekends_With_Alex_Witt#start/922/end/957,3/24/2013 16:15:37,MSNBC,Weekends With Alex Witt,MSNBCW_20130324_160000_Weekends_With_Alex_Witt,https://archive.org/download/MSNBCW_20130324_160000_Weekends_With_Alex_Witt/MSNBCW_20130324_160000_Weekends_With_Alex_Witt.thumbs/MSNBCW_20130324_160000_Weekends_With_Alex_Witt_000915.jpg,"millions switched off their lights between 8:30 and 9:30 p.m. to raise awareness of climate change. next, forced entry happening more and more by the police. plus, budget battle. while the republicans stick to"
https://archive.org/details/MSNBCW_20130313_080000_The_Rachel_Maddow_Show#start/2570/end/2605,3/13/2013 8:43:05,MSNBC,The Rachel Maddow Show,MSNBCW_20130313_080000_The_Rachel_Maddow_Show,https://archive.org/download/MSNBCW_20130313_080000_The_Rachel_Maddow_Show/MSNBCW_20130313_080000_The_Rachel_Maddow_Show.thumbs/MSNBCW_20130313_080000_The_Rachel_Maddow_Show_002566.jpg,"believe there will be a future. in education, research and development and to view with those problems staring us in the face such as climate change. looking at this decision by tesla to early repay its loan at"
https://archive.org/details/MSNBCW_20130309_110000_The_Rachel_Maddow_Show#start/182/end/217,3/9/2013 11:03:17,MSNBC,The Rachel Maddow Show,MSNBCW_20130309_110000_The_Rachel_Maddow_Show,https://archive.org/download/MSNBCW_20130309_110000_The_Rachel_Maddow_Show/MSNBCW_20130309_110000_The_Rachel_Maddow_Show.thumbs/MSNBCW_20130309_110000_The_Rachel_Maddow_Show_000166.jpg,"study in the journal 'science' came out showing that the global warming news is really, really bad news. like global temperatures highest in 4000 years bad news. but we start tonight just east of denver, colorado. the town of aurora, colorado, which, of course, was the scene of a mass shooting in a movie theater this past july. 12 people were killed."
https://archive.org/details/MSNBCW_20130323_120000_Up_W_Chris_Hayes#start/6840/end/6875,3/23/2013 13:54:15,MSNBC,Up W Chris Hayes,MSNBCW_20130323_120000_Up_W_Chris_Hayes,https://archive.org/download/MSNBCW_20130323_120000_Up_W_Chris_Hayes/MSNBCW_20130323_120000_Up_W_Chris_Hayes.thumbs/MSNBCW_20130323_120000_Up_W_Chris_Hayes_006675.jpg,"is. so what do we know now that we didn't know last week? we now know just how extreme the impact of climate change may be for coastal cities. according to ne research if global temperatures rise by 2 degrees celsius, which is"
https://archive.org/details/MSNBCW_20130323_180000_MSNBC_Live#start/4770/end/4805,3/23/2013 19:19:45,MSNBC,MSNBC Live,MSNBCW_20130323_180000_MSNBC_Live,https://archive.org/download/MSNBCW_20130323_180000_MSNBC_Live/MSNBCW_20130323_180000_MSNBC_Live.thumbs/MSNBCW_20130323_180000_MSNBC_Live_004755.jpg,"through three u.s. states. you can see them right there, that oil would then filter existing pipelines to the texas gulf coast. building the pipeline is a major issue with climate change activists. last month, thousands marched outside the white house to"
https://archive.org/details/MSNBCW_20130326_030000_The_Ed_Show#start/196/end/231,3/26/2013 3:03:31,MSNBC,The Ed Show,MSNBCW_20130326_030000_The_Ed_Show,https://archive.org/download/MSNBCW_20130326_030000_The_Ed_Show/MSNBCW_20130326_030000_The_Ed_Show.thumbs/MSNBCW_20130326_030000_The_Ed_Show_000195.jpg,"#runfromrand. forget the shadow, punxsutawney phil may have the legal hammer coming down on his head. what's a little climate change when there are prognosticating groundhogs to worry about? everything he sets his mind to, he does, he wants to be good"
https://archive.org/details/MSNBCW_20130303_150000_Melissa_Harris-Perry#start/2314/end/2349,3/3/2013 15:38:49,MSNBC,Melissa Harris-Perry,MSNBCW_20130303_150000_Melissa_Harris-Perry,https://archive.org/download/MSNBCW_20130303_150000_Melissa_Harris-Perry/MSNBCW_20130303_150000_Melissa_Harris-Perry.thumbs/MSNBCW_20130303_150000_Melissa_Harris-Perry_002296.jpg,"project that a leading american climate scientist has said would be game over for the climate, and the state department said, nah, project doesn't seem to pose much an impact on climate change. makes you wonder if we have learned anything at all."
https://archive.org/details/MSNBCW_20130312_180000_News_Nation#start/490/end/525,3/12/2013 18:08:25,MSNBC,News Nation,MSNBCW_20130312_180000_News_Nation,https://archive.org/download/MSNBCW_20130312_180000_News_Nation/MSNBCW_20130312_180000_News_Nation.thumbs/MSNBCW_20130312_180000_News_Nation_000466.jpg,"on issues of sexuality like contraception and gay marriage rather than the prophetic teaching that's i go unite us like climate change or meeting the needs of the world's poor. we've heard a lot of talk about cardinal o'malley from"
https://archive.org/details/MSNBCW_20130315_160000_NOW_With_Alex_Wagner#start/3440/end/3475,3/15/2013 16:57:35,MSNBC,NOW With Alex Wagner,MSNBCW_20130315_160000_NOW_With_Alex_Wagner,https://archive.org/download/MSNBCW_20130315_160000_NOW_With_Alex_Wagner/MSNBCW_20130315_160000_NOW_With_Alex_Wagner.thumbs/MSNBCW_20130315_160000_NOW_With_Alex_Wagner_003436.jpg,"energy agenda, it's a big amount of money, he's not going to get it. it's very extraordinarily unlikely. climate change legislation is not going anywhere in this congress. and this is where he is trying to reaappropriate money and it"
https://archive.org/details/MSNBCW_20130316_010000_The_Rachel_Maddow_Show#start/2986/end/3021,3/16/2013 1:50:01,MSNBC,The Rachel Maddow Show,MSNBCW_20130316_010000_The_Rachel_Maddow_Show,https://archive.org/download/MSNBCW_20130316_010000_The_Rachel_Maddow_Show/MSNBCW_20130316_010000_The_Rachel_Maddow_Show.thumbs/MSNBCW_20130316_010000_The_Rachel_Maddow_Show_002986.jpg,"together, pursue a bipartisan marked based solution to climate change like the one john mccain and joe leiberman worked on together a few years ago. but, if congress won't act soon to protect future generations, i will. i will direct -- i will direct                 _"
https://archive.org/details/MSNBCW_20130307_230000_PoliticsNation#start/3052/end/3087,3/7/2013 23:51:07,MSNBC,PoliticsNation,MSNBCW_20130307_230000_PoliticsNation,https://archive.org/download/MSNBCW_20130307_230000_PoliticsNation/MSNBCW_20130307_230000_PoliticsNation.thumbs/MSNBCW_20130307_230000_PoliticsNation_003045.jpg,"there is no climate change. so their opinions are based on facts leading them to an conclusion, an then an opinion. they start with an opinion rather than builting an argument whether it's factual or not to justify a conclusion that"
https://archive.org/details/MSNBCW_20130313_080000_The_Rachel_Maddow_Show#start/2441/end/2476,3/13/2013 8:40:56,MSNBC,The Rachel Maddow Show,MSNBCW_20130313_080000_The_Rachel_Maddow_Show,https://archive.org/download/MSNBCW_20130313_080000_The_Rachel_Maddow_Show/MSNBCW_20130313_080000_The_Rachel_Maddow_Show.thumbs/MSNBCW_20130313_080000_The_Rachel_Maddow_Show_002416.jpg,"when the republicans are trying to criticize or hold back this sort of investment, what impact do you think it is on innovation and new technologies that could help on issues of energy and climate change? i don't know how many"
https://archive.org/details/MSNBCW_20130308_220000_Hardball_With_Chris_Matthews#start/106/end/141,3/8/2013 22:02:01,MSNBC,Hardball With Chris Matthews,MSNBCW_20130308_220000_Hardball_With_Chris_Matthews,https://archive.org/download/MSNBCW_20130308_220000_Hardball_With_Chris_Matthews/MSNBCW_20130308_220000_Hardball_With_Chris_Matthews.thumbs/MSNBCW_20130308_220000_Hardball_With_Chris_Matthews_000105.jpg,"republican rejection of science doesn't just apply to climate change. it also applies to the economy. thanks so much for watching today and all week. chris matthews and 'hardball' is next. a left turn on the drones. let's play 'hardball.'"
https://archive.org/details/MSNBCW_20130305_140000_The_Daily_Rundown#start/3456/end/3491,3/5/2013 14:57:51,MSNBC,The Daily Rundown,MSNBCW_20130305_140000_The_Daily_Rundown,https://archive.org/download/MSNBCW_20130305_140000_The_Daily_Rundown/MSNBCW_20130305_140000_The_Daily_Rundown.thumbs/MSNBCW_20130305_140000_The_Daily_Rundown_003437.jpg,"a lot of new yorkers very much stand by what they're trying to do on you gun control and climate change. if you look at the 100 biggest cities in the country, 92 mayoral seats. bloomberg, do you think these"
https://archive.org/details/MSNBCW_20130306_000000_Hardball_With_Chris_Matthews#start/2255/end/2290,3/6/2013 0:37:50,MSNBC,Hardball With Chris Matthews,MSNBCW_20130306_000000_Hardball_With_Chris_Matthews,https://archive.org/download/MSNBCW_20130306_000000_Hardball_With_Chris_Matthews/MSNBCW_20130306_000000_Hardball_With_Chris_Matthews.thumbs/MSNBCW_20130306_000000_Hardball_With_Chris_Matthews_002235.jpg,"term. in both his inaugural address and the state of the union, he outlined the specific goals that he has for the country. we will respond to the threat of climate change knowing that the failure to do so would"
https://archive.org/details/MSNBCW_20130305_170000_NOW_With_Alex_Wagner#start/2276/end/2311,3/5/2013 17:38:11,MSNBC,NOW With Alex Wagner,MSNBCW_20130305_170000_NOW_With_Alex_Wagner,https://archive.org/download/MSNBCW_20130305_170000_NOW_With_Alex_Wagner/MSNBCW_20130305_170000_NOW_With_Alex_Wagner.thumbs/MSNBCW_20130305_170000_NOW_With_Alex_Wagner_002266.jpg,"tea party provocature, and presumed nominee for virginia. most famous for suing the federal government over the affordable care act has a formidable track record. he is pro-life, anti-gay and a climate change denier. he is called the obama"
https://archive.org/details/MSNBCW_20130315_093000_Way_Too_Early#start/349/end/384,3/15/2013 9:36:04,MSNBC,Way Too Early,MSNBCW_20130315_093000_Way_Too_Early,https://archive.org/download/MSNBCW_20130315_093000_Way_Too_Early/MSNBCW_20130315_093000_Way_Too_Early.thumbs/MSNBCW_20130315_093000_Way_Too_Early_000346.jpg,"separate meetings with senate republicans and house democrats. the talks covered everything from gun violence and immigration to trade policy and climate change. they discussed the keystone pipeline, job creation, federal regulation and the middle east peace process. but like usual, the biggest"
https://archive.org/details/MSNBCW_20130316_010000_The_Rachel_Maddow_Show#start/3005/end/3040,3/16/2013 1:50:20,MSNBC,The Rachel Maddow Show,MSNBCW_20130316_010000_The_Rachel_Maddow_Show,https://archive.org/download/MSNBCW_20130316_010000_The_Rachel_Maddow_Show/MSNBCW_20130316_010000_The_Rachel_Maddow_Show.thumbs/MSNBCW_20130316_010000_The_Rachel_Maddow_Show_002986.jpg,"my cabinet to come up with executive actions we can take now and in the future to reduce pollution, prepare our communities for the consequences of climate change, and speed the transition to more sustainable sources of energy. it provoked both bouts of"
https://archive.org/details/MSNBCW_20130319_220000_PoliticsNation#start/3107/end/3142,3/19/2013 22:52:02,MSNBC,PoliticsNation,MSNBCW_20130319_220000_PoliticsNation,https://archive.org/download/MSNBCW_20130319_220000_PoliticsNation/MSNBCW_20130319_220000_PoliticsNation.thumbs/MSNBCW_20130319_220000_PoliticsNation_003105.jpg,"lindsey graham on climate change, actually cited the role of fox news and talk radio in boxing the republicans in and making it impossible to reach across the aisle and to show any progress on these issues. so there's definitely a"
https://archive.org/details/MSNBCW_20130323_180000_MSNBC_Live#start/4893/end/4928,3/23/2013 19:21:48,MSNBC,MSNBC Live,MSNBCW_20130323_180000_MSNBC_Live,https://archive.org/download/MSNBCW_20130323_180000_MSNBC_Live/MSNBCW_20130323_180000_MSNBC_Live.thumbs/MSNBCW_20130323_180000_MSNBC_Live_004875.jpg,"america and it will make climate change considerably worse faster. it will be the third new tar sands dedicated pipeline, which will locks into a dependence on this destructive, dirty source for years to come. 'how destructive and how dirty"
https://archive.org/details/MSNBCW_20130326_030000_The_Ed_Show#start/3133/end/3168,3/26/2013 3:52:28,MSNBC,The Ed Show,MSNBCW_20130326_030000_The_Ed_Show,https://archive.org/download/MSNBCW_20130326_030000_The_Ed_Show/MSNBCW_20130326_030000_The_Ed_Show.thumbs/MSNBCW_20130326_030000_The_Ed_Show_003105.jpg,"compare phil to the people who are actually paid to get a handle on our volatile climate. in the 112th congress, 57 bills dealing with direct action on climate change were introduced. zero passed. in the 112th congress, 57 bills"
https://archive.org/details/MSNBCW_20130326_000000_The_Ed_Show#start/3136/end/3171,3/26/2013 0:52:31,MSNBC,The Ed Show,MSNBCW_20130326_000000_The_Ed_Show,https://archive.org/download/MSNBCW_20130326_000000_The_Ed_Show/MSNBCW_20130326_000000_The_Ed_Show.thumbs/MSNBCW_20130326_000000_The_Ed_Show_003136.jpg,"compare phil to the people who are actually paid to get a handle on our volatile climate. in the 112th congress, 57 bills dealing with direct action on climate change were introduced. zero passed. if phil is being slapped with"
https://archive.org/details/MSNBCW_20130326_070000_The_Ed_Show#start/206/end/241,3/26/2013 7:03:41,MSNBC,The Ed Show,MSNBCW_20130326_070000_The_Ed_Show,https://archive.org/download/MSNBCW_20130326_070000_The_Ed_Show/MSNBCW_20130326_070000_The_Ed_Show.thumbs/MSNBCW_20130326_070000_The_Ed_Show_000195.jpg,"and they might just take the country to a scary, dark place. #runfromrand. forget the shadow, punxsutawney phil may have the legal hammer coming down on his head. what's a little climate change when there are prognosticating groundhogs to worry about?"
https://archive.org/details/MSNBCW_20130326_070000_The_Ed_Show#start/3134/end/3169,3/26/2013 7:52:29,MSNBC,The Ed Show,MSNBCW_20130326_070000_The_Ed_Show,https://archive.org/download/MSNBCW_20130326_070000_The_Ed_Show/MSNBCW_20130326_070000_The_Ed_Show.thumbs/MSNBCW_20130326_070000_The_Ed_Show_003135.jpg,"not too bad, especially when you compare phil to the people who are actually paid to get a handle on our volatile climate. in the 112th congress, 57 bills dealing with direct action on climate change were introduced. zero passed."
https://archive.org/details/MSNBCW_20130330_010000_The_Rachel_Maddow_Show#start/531/end/566,3/30/2013 1:09:06,MSNBC,The Rachel Maddow Show,MSNBCW_20130330_010000_The_Rachel_Maddow_Show,https://archive.org/download/MSNBCW_20130330_010000_The_Rachel_Maddow_Show/MSNBCW_20130330_010000_The_Rachel_Maddow_Show.thumbs/MSNBCW_20130330_010000_The_Rachel_Maddow_Show_000526.jpg,"any part of bringing down the debt and deficit. that's what they most want to be known for this year. while lat tinos who disagree say tax increases should be a part of debt reduction is 83%. how about climate change which republicans denounce as a hoax."
https://archive.org/details/MSNBCW_20130304_150000_Jansing_and_Co.#start/1916/end/1951,3/4/2013 15:32:11,MSNBC,Jansing and Co.,MSNBCW_20130304_150000_Jansing_and_Co.,https://archive.org/download/MSNBCW_20130304_150000_Jansing_and_Co./MSNBCW_20130304_150000_Jansing_and_Co..thumbs/MSNBCW_20130304_150000_Jansing_and_Co._001906.jpg,"ernie join us in that effort, my nomination to lead the environmental protection agency, lisa jackson and her team at the epa have helped us to reduce emissions of the dangerous carbon solutions that causes climate change, put in place the toughest new pollution standards"
https://archive.org/details/MSNBCW_20130313_010000_The_Rachel_Maddow_Show#start/2349/end/2384,3/13/2013 1:39:24,MSNBC,The Rachel Maddow Show,MSNBCW_20130313_010000_The_Rachel_Maddow_Show,https://archive.org/download/MSNBCW_20130313_010000_The_Rachel_Maddow_Show/MSNBCW_20130313_010000_The_Rachel_Maddow_Show.thumbs/MSNBCW_20130313_010000_The_Rachel_Maddow_Show_002325.jpg,"climate change is still a laugh line for one of two parties. republicans are opposed to doing anything about it. what is possible? some of what has been possible so far is encouraging the development of other forms of energy and other types of energy"
https://archive.org/details/MSNBCW_20130316_010000_The_Rachel_Maddow_Show#start/2970/end/3005,3/16/2013 1:49:45,MSNBC,The Rachel Maddow Show,MSNBCW_20130316_010000_The_Rachel_Maddow_Show,https://archive.org/download/MSNBCW_20130316_010000_The_Rachel_Maddow_Show/MSNBCW_20130316_010000_The_Rachel_Maddow_Show.thumbs/MSNBCW_20130316_010000_The_Rachel_Maddow_Show_002956.jpg,"came before immigration before he talked about detail in war even. he did the same thing during his state of the union address less than a month later. after first tackling the economy. he went directly to climate change. i urge this congress to get"
https://archive.org/details/MSNBCW_20130316_010000_The_Rachel_Maddow_Show#start/3159/end/3194,3/16/2013 1:52:54,MSNBC,The Rachel Maddow Show,MSNBCW_20130316_010000_The_Rachel_Maddow_Show,https://archive.org/download/MSNBCW_20130316_010000_The_Rachel_Maddow_Show/MSNBCW_20130316_010000_The_Rachel_Maddow_Show.thumbs/MSNBCW_20130316_010000_The_Rachel_Maddow_Show_003136.jpg,"and trade plan like john mccain and joe lieberman proposed, but if congress didn't act, he was. that was the sub text that hung in the air when he said he would act on climate change if congress did not. that was the sub text when he"
https://archive.org/details/MSNBCW_20130305_210000_Martin_Bashir#start/3015/end/3050,3/5/2013 21:50:30,MSNBC,Martin Bashir,MSNBCW_20130305_210000_Martin_Bashir,https://archive.org/download/MSNBCW_20130305_210000_Martin_Bashir/MSNBCW_20130305_210000_Martin_Bashir.thumbs/MSNBCW_20130305_210000_Martin_Bashir_003015.jpg,"massachusetts governor mitt romney back when he believed in climate change. of course, not everyone is a fan. republican senator jim inhofe of oklahoma says in a statement about her record, as head of the air office, mccarthy oversaw some of the epa's most costly"
https://archive.org/details/MSNBCW_20130316_100000_The_Rachel_Maddow_Show#start/3019/end/3054,3/16/2013 10:50:34,MSNBC,The Rachel Maddow Show,MSNBCW_20130316_100000_The_Rachel_Maddow_Show,https://archive.org/download/MSNBCW_20130316_100000_The_Rachel_Maddow_Show/MSNBCW_20130316_100000_The_Rachel_Maddow_Show.thumbs/MSNBCW_20130316_100000_The_Rachel_Maddow_Show_003015.jpg,"i will direct -- i will direct my cabinet to come up with executive actions we can take now and in the future to reduce pollution, prepare our communities for the consequences of climate change, and speed the transition to more sustainable sources of energy."
https://archive.org/details/MSNBCW_20130315_100000_Morning_Joe#start/3913/end/3948,3/15/2013 11:05:28,MSNBC,Morning Joe,MSNBCW_20130315_100000_Morning_Joe,https://archive.org/download/MSNBCW_20130315_100000_Morning_Joe/MSNBCW_20130315_100000_Morning_Joe.thumbs/MSNBCW_20130315_100000_Morning_Joe_003915.jpg,"everything from gun violence and immigration and trade policy and climate change and discussed the keystone pipeline and job creation and federal regulations. even the middle east peace process. but like usual, the biggest issues involved entitlements and taxes and whether the two sides"
https://archive.org/details/MSNBCW_20130321_130000_The_Daily_Rundown#start/1454/end/1489,3/21/2013 13:24:29,MSNBC,The Daily Rundown,MSNBCW_20130321_130000_The_Daily_Rundown,https://archive.org/download/MSNBCW_20130321_130000_The_Daily_Rundown/MSNBCW_20130321_130000_The_Daily_Rundown.thumbs/MSNBCW_20130321_130000_The_Daily_Rundown_001455.jpg,"but republicans in general, the energy issue has tended to be sort of stereotype as climate change. do republicans need to, as we are talking about sort of the need for republican renaissance, rebirth, call it what you will, do republicans need to think"
https://archive.org/details/MSNBCW_20130326_030000_The_Ed_Show#start/3164/end/3199,3/26/2013 3:52:59,MSNBC,The Ed Show,MSNBCW_20130326_030000_The_Ed_Show,https://archive.org/download/MSNBCW_20130326_030000_The_Ed_Show/MSNBCW_20130326_030000_The_Ed_Show.thumbs/MSNBCW_20130326_030000_The_Ed_Show_003165.jpg,"happening is due to man-made gases i really believe is the greatest hoax ever perpetrated on the american people. perhaps more troubling, senator inhofe told rachel maddow last year that he used to believe climate change was real, until he realized the solution"
https://archive.org/details/MSNBCW_20130326_000000_The_Ed_Show#start/3153/end/3188,3/26/2013 0:52:48,MSNBC,The Ed Show,MSNBCW_20130326_000000_The_Ed_Show,https://archive.org/download/MSNBCW_20130326_000000_The_Ed_Show/MSNBCW_20130326_000000_The_Ed_Show.thumbs/MSNBCW_20130326_000000_The_Ed_Show_003136.jpg,"misrepresentation of spring, what charge to levy on climate change denier senator james inhofe of oklahoma, a ranking member of the committee on the environment. the fact that all of this is happening is due to man-made gases i really believe is the"
https://archive.org/details/MSNBCW_20130313_080000_The_Rachel_Maddow_Show#start/2539/end/2574,3/13/2013 8:42:34,MSNBC,The Rachel Maddow Show,MSNBCW_20130313_080000_The_Rachel_Maddow_Show,https://archive.org/download/MSNBCW_20130313_080000_The_Rachel_Maddow_Show/MSNBCW_20130313_080000_The_Rachel_Maddow_Show.thumbs/MSNBCW_20130313_080000_The_Rachel_Maddow_Show_002536.jpg,"those were brought to the floor and passed with democratic votes. the speaker allowed that to happen, so that's, that's encouraging. on climate change, i still don't see it. i don't know what it's going take for people to wake up. they're just saying over and"
https://archive.org/details/MSNBCW_20130329_170000_Andrea_Mitchell_Reports#start/788/end/823,3/29/2013 17:13:23,MSNBC,Andrea Mitchell Reports,MSNBCW_20130329_170000_Andrea_Mitchell_Reports,https://archive.org/download/MSNBCW_20130329_170000_Andrea_Mitchell_Reports/MSNBCW_20130329_170000_Andrea_Mitchell_Reports.thumbs/MSNBCW_20130329_170000_Andrea_Mitchell_Reports_000765.jpg,"problem which is on the major issues of the day, immigration, climate change, jobs, taxes. the republican party is out of the mainstream and that's why they lost women voters by 11 points. that's why they lost youth voters you know by historic number. that's why 71% of latino voters"
https://archive.org/details/MSNBCW_20130323_160000_Weekends_With_Alex_Witt#start/3602/end/3637,3/23/2013 17:00:17,MSNBC,Weekends With Alex Witt,MSNBCW_20130323_160000_Weekends_With_Alex_Witt,https://archive.org/download/MSNBCW_20130323_160000_Weekends_With_Alex_Witt/MSNBCW_20130323_160000_Weekends_With_Alex_Witt.thumbs/MSNBCW_20130323_160000_Weekends_With_Alex_Witt_003586.jpg,"scooped up by a storm and flooded over the land. that's the hurricane surge, and in that case, you know, the rising sea level is very clear, and that's caused by climate change, and so that's an area where scientists are much more comfortable saying, no, the link"
https://archive.org/details/MSNBCW_20130326_000000_The_Ed_Show#start/213/end/248,3/26/2013 0:03:48,MSNBC,The Ed Show,MSNBCW_20130326_000000_The_Ed_Show,https://archive.org/download/MSNBCW_20130326_000000_The_Ed_Show/MSNBCW_20130326_000000_The_Ed_Show.thumbs/MSNBCW_20130326_000000_The_Ed_Show_000196.jpg,"head. what's a little climate change when there are prognosticating groundhogs to worry about? everything he sets his mind to, he does, he wants to be good at. and he's actually become a pretty good painter. maybe one of those things is true. we'll look at the paintings of"
https://archive.org/details/MSNBCW_20130321_220000_PoliticsNation#start/715/end/750,3/21/2013 22:12:10,MSNBC,PoliticsNation,MSNBCW_20130321_220000_PoliticsNation,https://archive.org/download/MSNBCW_20130321_220000_PoliticsNation/MSNBCW_20130321_220000_PoliticsNation.thumbs/MSNBCW_20130321_220000_PoliticsNation_000705.jpg,"you put holes in it, oil and gas come out. how is that for kinder and gentler? he actually tweeted this. and that's part of the problem. if you have any concern about the environment, if if you have any concern about climate change, are you going to look to"
https://archive.org/details/MSNBCW_20130313_010000_The_Rachel_Maddow_Show#start/2557/end/2592,3/13/2013 1:42:52,MSNBC,The Rachel Maddow Show,MSNBCW_20130313_010000_The_Rachel_Maddow_Show,https://archive.org/download/MSNBCW_20130313_010000_The_Rachel_Maddow_Show/MSNBCW_20130313_010000_The_Rachel_Maddow_Show.thumbs/MSNBCW_20130313_010000_The_Rachel_Maddow_Show_002535.jpg,"there are a few promises lines. the violence against women act, the hurricane sandy relief, those were brought to the floor and passed with democratic votes. the speaker allowed that to happen, so that's, that's encouraging. on climate change, i still don't see it. i don't know what it's going"
https://archive.org/details/MSNBCW_20130313_180000_News_Nation#start/799/end/834,3/13/2013 18:13:34,MSNBC,News Nation,MSNBCW_20130313_180000_News_Nation,https://archive.org/download/MSNBCW_20130313_180000_News_Nation/MSNBCW_20130313_180000_News_Nation.thumbs/MSNBCW_20130313_180000_News_Nation_000795.jpg,"the climate change that affects all of us is what we are talking about. not devices like sexuality. chris jansing, let me bring you back in. we hear the bells, see the thick white smoke. the first couple of seconds appeared gray. ed with been there before with"
https://archive.org/details/MSNBCW_20130316_100000_The_Rachel_Maddow_Show#start/3176/end/3211,3/16/2013 10:53:11,MSNBC,The Rachel Maddow Show,MSNBCW_20130316_100000_The_Rachel_Maddow_Show,https://archive.org/download/MSNBCW_20130316_100000_The_Rachel_Maddow_Show/MSNBCW_20130316_100000_The_Rachel_Maddow_Show.thumbs/MSNBCW_20130316_100000_The_Rachel_Maddow_Show_003165.jpg,"address he would prefer a cap and trade plan like john mccain and joe lieberman proposed, but if congress didn't act, he was. that was the subtext that hung in the air in that chamber when the president said he would act on climate change if congress did not."
https://archive.org/details/MSNBCW_20130305_210000_Martin_Bashir#start/3061/end/3096,3/5/2013 21:51:16,MSNBC,Martin Bashir,MSNBCW_20130305_210000_Martin_Bashir,https://archive.org/download/MSNBCW_20130305_210000_Martin_Bashir/MSNBCW_20130305_210000_Martin_Bashir.thumbs/MSNBCW_20130305_210000_Martin_Bashir_003045.jpg,"forum. welcome to both of you. bill, if i can start with you, from everything you've so far heard about gina mccarthy, does her record make you think that the president is, indeed, serious in his second term to focus on the issue of climate change? oh, yeah, absolutely."
https://archive.org/details/MSNBCW_20130305_210000_Martin_Bashir#start/3127/end/3162,3/5/2013 21:52:22,MSNBC,Martin Bashir,MSNBCW_20130305_210000_Martin_Bashir,https://archive.org/download/MSNBCW_20130305_210000_Martin_Bashir/MSNBCW_20130305_210000_Martin_Bashir.thumbs/MSNBCW_20130305_210000_Martin_Bashir_003105.jpg,"modern rules and we'll see what happens. of course, as a progressive, as a guy who spent a lot of time studying the environment, i did a science education show -- as a scientist. yeah. climate change is very serious business, and the sooner we get started on it, the better."
https://archive.org/details/MSNBCW_20130304_170000_NOW_With_Alex_Wagner#start/3366/end/3401,3/4/2013 17:56:21,MSNBC,NOW With Alex Wagner,MSNBCW_20130304_170000_NOW_With_Alex_Wagner,https://archive.org/download/MSNBCW_20130304_170000_NOW_With_Alex_Wagner/MSNBCW_20130304_170000_NOW_With_Alex_Wagner.thumbs/MSNBCW_20130304_170000_NOW_With_Alex_Wagner_003345.jpg,"awaited report to the 2000 page state department analysis arguing that the keystone pipeline would have little impact on climate change. in a statement the sierra club said it was outraged by the report, asserting whether this failure was willful or accidental, this report is nothing short of malpractice."
https://archive.org/details/MSNBCW_20130306_070000_Hardball_With_Chris_Matthews#start/2450/end/2485,3/6/2013 7:41:05,MSNBC,Hardball With Chris Matthews,MSNBCW_20130306_070000_Hardball_With_Chris_Matthews,https://archive.org/download/MSNBCW_20130306_070000_Hardball_With_Chris_Matthews/MSNBCW_20130306_070000_Hardball_With_Chris_Matthews.thumbs/MSNBCW_20130306_070000_Hardball_With_Chris_Matthews_002445.jpg,"executive action, and one thing that is sort of teed up for him is climate change. specifically, through the environmental protection agency's regulatory power limiting carbon emissions at power plants, which is a huge thing that he theoretically could do when he feels he has the political capital to do it."
https://archive.org/details/MSNBCW_20130308_210000_Martin_Bashir#start/718/end/753,3/8/2013 21:12:13,MSNBC,Martin Bashir,MSNBCW_20130308_210000_Martin_Bashir,https://archive.org/download/MSNBCW_20130308_210000_Martin_Bashir/MSNBCW_20130308_210000_Martin_Bashir.thumbs/MSNBCW_20130308_210000_Martin_Bashir_000706.jpg,"karen, speaking of education. we know that republicans have problems with science when it comes to climate change. yes. but does this not prove that they also have problems with empirical evidence when it comes to the economy because they tell us that the only way to go -- to       _"
https://archive.org/details/MSNBCW_20130307_230000_PoliticsNation#start/3134/end/3169,3/7/2013 23:52:29,MSNBC,PoliticsNation,MSNBCW_20130307_230000_PoliticsNation,https://archive.org/download/MSNBCW_20130307_230000_PoliticsNation/MSNBCW_20130307_230000_PoliticsNation.thumbs/MSNBCW_20130307_230000_PoliticsNation_003135.jpg,"there are no $2.50 in cuts for every new dollars in taxes. none of that. so do they just deny the facts? i mean, this is how they changed the discussion on climate change and things that affect everybody. they just change the facts around. yeah, let's look at the facts"
https://archive.org/details/MSNBCW_20130306_000000_Hardball_With_Chris_Matthews#start/224/end/259,3/6/2013 0:03:59,MSNBC,Hardball With Chris Matthews,MSNBCW_20130306_000000_Hardball_With_Chris_Matthews,https://archive.org/download/MSNBCW_20130306_000000_Hardball_With_Chris_Matthews/MSNBCW_20130306_000000_Hardball_With_Chris_Matthews.thumbs/MSNBCW_20130306_000000_Hardball_With_Chris_Matthews_000225.jpg,"a result of that mud fight, at least for now. more important, he wants to move on to climate change, to immigration reform, to gun safety. the president's window to claim a legacy is brief, and the time is now. and the beat goes on. once again the right wing loves"
https://archive.org/details/MSNBCW_20130316_100000_The_Rachel_Maddow_Show#start/2973/end/3008,3/16/2013 10:49:48,MSNBC,The Rachel Maddow Show,MSNBCW_20130316_100000_The_Rachel_Maddow_Show,https://archive.org/download/MSNBCW_20130316_100000_The_Rachel_Maddow_Show/MSNBCW_20130316_100000_The_Rachel_Maddow_Show.thumbs/MSNBCW_20130316_100000_The_Rachel_Maddow_Show_002955.jpg,"commanded about as much attention of the country as he ever will. president obama put climate change front and center. one of the first issues he talked about in detail in his inaugural address after first addressing the economic issues. that are obviously at the front of everyone's minds."
https://archive.org/details/MSNBCW_20130316_100000_The_Rachel_Maddow_Show#start/3129/end/3164,3/16/2013 10:52:24,MSNBC,The Rachel Maddow Show,MSNBCW_20130316_100000_The_Rachel_Maddow_Show,https://archive.org/download/MSNBCW_20130316_100000_The_Rachel_Maddow_Show/MSNBCW_20130316_100000_The_Rachel_Maddow_Show.thumbs/MSNBCW_20130316_100000_The_Rachel_Maddow_Show_003105.jpg,"in case you're curious, third to left there was the republican jeans caucus in favor of the keystone xl pipeline. one piece of climate change policy the president can effect on his own. the other thing the president can do on his own without going through congress, which in the"
https://archive.org/details/MSNBCW_20130321_130000_The_Daily_Rundown#start/1347/end/1382,3/21/2013 13:22:42,MSNBC,The Daily Rundown,MSNBCW_20130321_130000_The_Daily_Rundown,https://archive.org/download/MSNBCW_20130321_130000_The_Daily_Rundown/MSNBCW_20130321_130000_The_Daily_Rundown.thumbs/MSNBCW_20130321_130000_The_Daily_Rundown_001335.jpg,"energy event, and i know that obviously you've been a former epa administrator and are deeply involved in this issue. talk to me about what's happening around the issue. president obama i know mentioned climate change to the joy of many people in the energy community in his state of the"
https://archive.org/details/MSNBCW_20130326_000000_The_Ed_Show#start/3169/end/3204,3/26/2013 0:53:04,MSNBC,The Ed Show,MSNBCW_20130326_000000_The_Ed_Show,https://archive.org/download/MSNBCW_20130326_000000_The_Ed_Show/MSNBCW_20130326_000000_The_Ed_Show.thumbs/MSNBCW_20130326_000000_The_Ed_Show_003166.jpg,"greatest hoax ever perpetrate on the american people. perhaps more troubling, senator inhofe told rachel maddow last year that he used to believe climate change was real, until he realized the solution wasn't free of charge. i was actually on your side of this issue, when i was"
https://archive.org/details/MSNBCW_20130326_000000_The_Ed_Show#start/3214/end/3249,3/26/2013 0:53:49,MSNBC,The Ed Show,MSNBCW_20130326_000000_The_Ed_Show,https://archive.org/download/MSNBCW_20130326_000000_The_Ed_Show/MSNBCW_20130326_000000_The_Ed_Show.thumbs/MSNBCW_20130326_000000_The_Ed_Show_003196.jpg,"should point the finger at the actual human beings who have the power to do something about it. or maybe punxsutawney phil should look for some benefactors in the energy industry. that seems like the best way to avoid accountability on climate change. coming up, if you thought"
https://archive.org/details/MSNBCW_20130302_170000_Weekends_With_Alex_Witt#start/2802/end/2837,3/2/2013 17:46:57,MSNBC,Weekends With Alex Witt,MSNBCW_20130302_170000_Weekends_With_Alex_Witt,https://archive.org/download/MSNBCW_20130302_170000_Weekends_With_Alex_Witt/MSNBCW_20130302_170000_Weekends_With_Alex_Witt.thumbs/MSNBCW_20130302_170000_Weekends_With_Alex_Witt_002775.jpg,"out in about two months. and i say in it the title of it makes it clear. it's called 'foreign policy begins at home.' i say the biggest national security threat now facing the united states, it's not china, it's not iran, it's not north korea, it's not climate change. these are all significant"
https://archive.org/details/MSNBCW_20130316_100000_The_Rachel_Maddow_Show#start/1574/end/1609,3/16/2013 10:26:29,MSNBC,The Rachel Maddow Show,MSNBCW_20130316_100000_The_Rachel_Maddow_Show,https://archive.org/download/MSNBCW_20130316_100000_The_Rachel_Maddow_Show/MSNBCW_20130316_100000_The_Rachel_Maddow_Show.thumbs/MSNBCW_20130316_100000_The_Rachel_Maddow_Show_001575.jpg,"in this one day's worth of news cycle three major changes have occurred in three major areas of policy. same-sex marriage, capital punishment and climate change. all today and all coming up next. of olay total effects plus the perfecting color of a bb cream equal? introducing the newest beauty trend."
https://archive.org/details/MSNBCW_20130302_150000_Melissa_Harris-Perry#start/6216/end/6251,3/2/2013 16:43:51,MSNBC,Melissa Harris-Perry,MSNBCW_20130302_150000_Melissa_Harris-Perry,https://archive.org/download/MSNBCW_20130302_150000_Melissa_Harris-Perry/MSNBCW_20130302_150000_Melissa_Harris-Perry.thumbs/MSNBCW_20130302_150000_Melissa_Harris-Perry_006195.jpg,"research that has shown recently that there is a big difference of the way in which particular think wealthy and the rest of the country think not just about climate change or gun control as mayor bloomberg gives you an example of, but it is questions down to the way that the economy"
https://archive.org/details/MSNBCW_20130305_210000_Martin_Bashir#start/3171/end/3206,3/5/2013 21:53:06,MSNBC,Martin Bashir,MSNBCW_20130305_210000_Martin_Bashir,https://archive.org/download/MSNBCW_20130305_210000_Martin_Bashir/MSNBCW_20130305_210000_Martin_Bashir.thumbs/MSNBCW_20130305_210000_Martin_Bashir_003165.jpg,"milk. i care about our energy supply. i care about our economy and job production and i want to make sure that if we're tackling climate change, which i think a lot of people think is a serious issue, although i think we may have some differences of opinion on that, if we're tackling it,"
https://archive.org/details/MSNBCW_20130305_220000_Hardball_With_Chris_Matthews#start/238/end/273,3/5/2013 22:04:13,MSNBC,Hardball With Chris Matthews,MSNBCW_20130305_220000_Hardball_With_Chris_Matthews,https://archive.org/download/MSNBCW_20130305_220000_Hardball_With_Chris_Matthews/MSNBCW_20130305_220000_Hardball_With_Chris_Matthews.thumbs/MSNBCW_20130305_220000_Hardball_With_Chris_Matthews_000225.jpg,"sequester fight? here is why. his job approval is dropping as a result of that mud fight, at least for now. more important, he wants to move on to climate change, to immigration reform, to gun safety. the president's window to claim a legacy is brief and the time is now. and the beat goes on."
https://archive.org/details/MSNBCW_20130312_130000_The_Daily_Rundown#start/1477/end/1512,3/12/2013 13:24:52,MSNBC,The Daily Rundown,MSNBCW_20130312_130000_The_Daily_Rundown,https://archive.org/download/MSNBCW_20130312_130000_The_Daily_Rundown/MSNBCW_20130312_130000_The_Daily_Rundown.thumbs/MSNBCW_20130312_130000_The_Daily_Rundown_001456.jpg,"wayne gretzky said state to where the puck is going not where it's at. as this unfolds, you will see the climate change plight clown obama care as well. but again, we got to come back to the basics here that americans want to see a balanced budget's, responsible budget and that's what is going to be"
https://archive.org/details/MSNBCW_20130306_070000_Hardball_With_Chris_Matthews#start/214/end/249,3/6/2013 7:03:49,MSNBC,Hardball With Chris Matthews,MSNBCW_20130306_070000_Hardball_With_Chris_Matthews,https://archive.org/download/MSNBCW_20130306_070000_Hardball_With_Chris_Matthews/MSNBCW_20130306_070000_Hardball_With_Chris_Matthews.thumbs/MSNBCW_20130306_070000_Hardball_With_Chris_Matthews_000195.jpg,"least for now. more important, he wants to move on to climate change, to immigration reform, to gun safety. the president's window to claim a legacy is brief, and the time is now. and the beat goes on. once again the right wing loves a story so much it doesn't bother to find out whether it's"
https://archive.org/details/MSNBCW_20130305_210000_Martin_Bashir#start/3374/end/3409,3/5/2013 21:56:29,MSNBC,Martin Bashir,MSNBCW_20130305_210000_Martin_Bashir,https://archive.org/download/MSNBCW_20130305_210000_Martin_Bashir/MSNBCW_20130305_210000_Martin_Bashir.thumbs/MSNBCW_20130305_210000_Martin_Bashir_003375.jpg,"very quickly, bill. do you believe this climate change? do you believe coal plants are not a problem for the future of your children? those two questions. i believe that clay mat change is a new science we have a lot of research to still do and tackling it needs to be done correctly in a way that won't"
https://archive.org/details/MSNBCW_20130325_130000_The_Daily_Rundown#start/2541/end/2576,3/25/2013 13:42:36,MSNBC,The Daily Rundown,MSNBCW_20130325_130000_The_Daily_Rundown,https://archive.org/download/MSNBCW_20130325_130000_The_Daily_Rundown/MSNBCW_20130325_130000_The_Daily_Rundown.thumbs/MSNBCW_20130325_130000_The_Daily_Rundown_002535.jpg,"marriage, when it comes to immigration, when it comes to whether you believe in climate change or not. well, let me ask you both this quickly. my theory in some ways, it's sort of like gun control was in the '90s for democrats, which is there is -- there are plenty of people in the base of the democratic party who still"
https://archive.org/details/MSNBCW_20130326_070000_The_Ed_Show#start/3165/end/3200,3/26/2013 7:53:00,MSNBC,The Ed Show,MSNBCW_20130326_070000_The_Ed_Show,https://archive.org/download/MSNBCW_20130326_070000_The_Ed_Show/MSNBCW_20130326_070000_The_Ed_Show.thumbs/MSNBCW_20130326_070000_The_Ed_Show_003165.jpg,"inhofe of oklahoma, a ranking member of the committee on the environment. the fact that all of this is happening is due to man-made gases i really believe is the greatest hoax ever perpetrated on the american people. perhaps more troubling, senator inhofe told rachel maddow last year that he used to believe climate change was real, until he realized the solution wasn't free of charge."
https://archive.org/details/MSNBCW_20130306_070000_Hardball_With_Chris_Matthews#start/2262/end/2297,3/6/2013 7:37:57,MSNBC,Hardball With Chris Matthews,MSNBCW_20130306_070000_Hardball_With_Chris_Matthews,https://archive.org/download/MSNBCW_20130306_070000_Hardball_With_Chris_Matthews/MSNBCW_20130306_070000_Hardball_With_Chris_Matthews.thumbs/MSNBCW_20130306_070000_Hardball_With_Chris_Matthews_002235.jpg,"welcome back to 'hardball.' if there's unanimity on anything in washington, it's that everybody is tired of talking about the sequester. possibly no one more so than president obama particularly because it's siphoned momentum away from issues he wants to make signatures of his second term. in both his inaugural address and the state of the union, he outlined the specific goals that he has for the country. we will respond to the threat of climate change knowing that the failure to do so would betray our children and future generations. overwhelming majorities of americans, americans who believe"
