﻿URL,MatchDateTime,Station,Show,IAShowID,IAPreviewThumb,Snippet
https://archive.org/details/MSNBC_20091128_160000_MSNBC_News_Live#start/2880/end/2915,11/28/2009 16:48:15,MSNBC,MSNBC News Live,MSNBC_20091128_160000_MSNBC_News_Live,https://archive.org/download/MSNBC_20091128_160000_MSNBC_News_Live/MSNBC_20091128_160000_MSNBC_News_Live.thumbs/MSNBC_20091128_160000_MSNBC_News_Live_002880.jpg,"mindset shift. what does the president hope to achieve by attending the global warming summit in copenhagen next month? what he's really looking for is a sort of political deal that will commit not only developed countries like ourselves and european countries to curbing their greenhouse gas emissions"
https://archive.org/details/MSNBC_20091125_200000_MSNBC_News_Live#start/1601/end/1636,11/25/2009 20:26:56,MSNBC,MSNBC News Live,MSNBC_20091125_200000_MSNBC_News_Live,https://archive.org/download/MSNBC_20091125_200000_MSNBC_News_Live/MSNBC_20091125_200000_MSNBC_News_Live.thumbs/MSNBC_20091125_200000_MSNBC_News_Live_001553.jpg,"to lift a grown man over its head. nice. that guy sat down on one of them. he sat down. i missed t rerack it. are climate change researchers really hiding evidence about global warming?"
https://archive.org/details/MSNBC_20091123_140000_Morning_Meeting#start/2063/end/2098,11/23/2009 14:34:38,MSNBC,Morning Meeting,MSNBC_20091123_140000_Morning_Meeting,https://archive.org/download/MSNBC_20091123_140000_Morning_Meeting/MSNBC_20091123_140000_Morning_Meeting.thumbs/MSNBC_20091123_140000_Morning_Meeting_002032.jpg,"hummer or go down the list as people see as their self interest, how do you reconcile that? the problem of pollution is what people call extranality. the problem is global warming"
https://archive.org/details/MSNBC_20091124_140000_Morning_Meeting#start/1767/end/1802,11/24/2009 14:29:42,MSNBC,Morning Meeting,MSNBC_20091124_140000_Morning_Meeting,https://archive.org/download/MSNBC_20091124_140000_Morning_Meeting/MSNBC_20091124_140000_Morning_Meeting.thumbs/MSNBC_20091124_140000_Morning_Meeting_001733.jpg,"that under understands extremism. as india becomes an influential global power, we can develop clean energy partnerships and confronting climate change, and"
https://archive.org/details/MSNBC_20091121_020000_The_Rachel_Maddow_Show#start/3177/end/3212,11/21/2009 2:53:12,MSNBC,The Rachel Maddow Show,MSNBC_20091121_020000_The_Rachel_Maddow_Show,https://archive.org/download/MSNBC_20091121_020000_The_Rachel_Maddow_Show/MSNBC_20091121_020000_The_Rachel_Maddow_Show.thumbs/MSNBC_20091121_020000_The_Rachel_Maddow_Show_003150.jpg,"confers throughout the northwest. what happened, because of climate change, the winters aren't cold enough. and this beetle which would normally die off are now overpopulating. what should be an intact forest and it's all blighted and brown from this beetle. we know from climate change, our"
https://archive.org/details/MSNBC_20091125_110000_Morning_Joe#start/2338/end/2373,11/25/2009 11:39:13,MSNBC,Morning Joe,MSNBC_20091125_110000_Morning_Joe,https://archive.org/download/MSNBC_20091125_110000_Morning_Joe/MSNBC_20091125_110000_Morning_Joe.thumbs/MSNBC_20091125_110000_Morning_Joe_002340.jpg,"'washington post'/abc news poll. 72% of americans believe in global warming, a drop from 80% last year. but a majority supports a cap on greenhouse gas emissions with 53% backing a cap and trade bill"
https://archive.org/details/MSNBC_20091128_160000_MSNBC_News_Live#start/2803/end/2838,11/28/2009 16:46:58,MSNBC,MSNBC News Live,MSNBC_20091128_160000_MSNBC_News_Live,https://archive.org/download/MSNBC_20091128_160000_MSNBC_News_Live/MSNBC_20091128_160000_MSNBC_News_Live.thumbs/MSNBC_20091128_160000_MSNBC_News_Live_002790.jpg,"that it's happening and that, you know, it's caused by humans, but it's definitely seen a slip there. okay, so, you talk about political kind of interference here, if you will. do you feel the mentality of people in this country has changed at all, when it comes to thinking about global warming,"
https://archive.org/details/MSNBC_20091124_210000_MSNBC_News_Live#start/2296/end/2331,11/24/2009 21:38:31,MSNBC,MSNBC News Live,MSNBC_20091124_210000_MSNBC_News_Live,https://archive.org/download/MSNBC_20091124_210000_MSNBC_News_Live/MSNBC_20091124_210000_MSNBC_News_Live.thumbs/MSNBC_20091124_210000_MSNBC_News_Live_002280.jpg,"the president's going to proceed on greenhouse gases. the president's been criticized for not doing enough on climate change. there can't be a solution without india and china. andrea, there have been so many state dinners where india has essentially been the recipient of these."
https://archive.org/details/MSNBC_20091125_200000_MSNBC_News_Live#start/1904/end/1939,11/25/2009 20:31:59,MSNBC,MSNBC News Live,MSNBC_20091125_200000_MSNBC_News_Live,https://archive.org/download/MSNBC_20091125_200000_MSNBC_News_Live/MSNBC_20091125_200000_MSNBC_News_Live.thumbs/MSNBC_20091125_200000_MSNBC_News_Live_001853.jpg,"denmark on his way to neighboring norway to accept the nobel peace prize, at least 65 world leaders attend the climate change conference. it was originally intended to produce a new global treaty on limiting emissions of greenhouse gases blamed for global warm bug"
https://archive.org/details/MSNBC_20091121_020000_The_Rachel_Maddow_Show#start/1665/end/1700,11/21/2009 2:28:00,MSNBC,The Rachel Maddow Show,MSNBC_20091121_020000_The_Rachel_Maddow_Show,https://archive.org/download/MSNBC_20091121_020000_The_Rachel_Maddow_Show/MSNBC_20091121_020000_The_Rachel_Maddow_Show.thumbs/MSNBC_20091121_020000_The_Rachel_Maddow_Show_001650.jpg,"lindsey graham and joe lieberman. they both support cap and trade. still with us, former new york governor eliot spitzer, anna marie cox and fivethirtyeight.com's nate silver. thank you all for staying with us. mccain changing on climate change."
https://archive.org/details/MSNBC_20091124_210000_MSNBC_News_Live#start/2281/end/2316,11/24/2009 21:38:16,MSNBC,MSNBC News Live,MSNBC_20091124_210000_MSNBC_News_Live,https://archive.org/download/MSNBC_20091124_210000_MSNBC_News_Live/MSNBC_20091124_210000_MSNBC_News_Live.thumbs/MSNBC_20091124_210000_MSNBC_News_Live_002280.jpg,"you know, bulwark of democracy there in south asia. but the other thing is climate change. we are two weeks ahead of the copenhagen summit and india is the third largest emitter of greenhouse gases after china and the united states. india is a key partner in how"
https://archive.org/details/MSNBC_20091121_020000_The_Rachel_Maddow_Show#start/3098/end/3133,11/21/2009 2:51:53,MSNBC,The Rachel Maddow Show,MSNBC_20091121_020000_The_Rachel_Maddow_Show,https://archive.org/download/MSNBC_20091121_020000_The_Rachel_Maddow_Show/MSNBC_20091121_020000_The_Rachel_Maddow_Show.thumbs/MSNBC_20091121_020000_The_Rachel_Maddow_Show_003090.jpg,"for a sheathe for a sword in yemen. it's a big, big deal. but what's very important to remember is that it's only one element that leads towards extincti extinction. it works in tandem with habitat loss and climate change and"
https://archive.org/details/MSNBC_20091125_200000_MSNBC_News_Live#start/2042/end/2077,11/25/2009 20:34:17,MSNBC,MSNBC News Live,MSNBC_20091125_200000_MSNBC_News_Live,https://archive.org/download/MSNBC_20091125_200000_MSNBC_News_Live/MSNBC_20091125_200000_MSNBC_News_Live.thumbs/MSNBC_20091125_200000_MSNBC_News_Live_002033.jpg,"heated come tary here, being seen by both sides of the climate debit as a violation of the public's trust. science is supposed to be objective, some people are saying these e-mails show how political climate change has become."
https://archive.org/details/MSNBC_20091125_140000_Morning_Meeting#start/7069/end/7104,11/25/2009 15:58:04,MSNBC,Morning Meeting,MSNBC_20091125_140000_Morning_Meeting,https://archive.org/download/MSNBC_20091125_140000_Morning_Meeting/MSNBC_20091125_140000_Morning_Meeting.thumbs/MSNBC_20091125_140000_Morning_Meeting_007020.jpg,"president obama afghan war strategy, the president will address the nation tuesday night from west point to reveal how the united states will push ahead in afghanistan. this ahead of his trip to copenhagen nemt month to tackle climate change."
https://archive.org/details/MSNBC_20091125_200000_MSNBC_News_Live#start/2096/end/2131,11/25/2009 20:35:11,MSNBC,MSNBC News Live,MSNBC_20091125_200000_MSNBC_News_Live,https://archive.org/download/MSNBC_20091125_200000_MSNBC_News_Live/MSNBC_20091125_200000_MSNBC_News_Live.thumbs/MSNBC_20091125_200000_MSNBC_News_Live_002093.jpg,"climate change, it is scientists that believe that global warming is happening and this kind of leak, discovery, undermines the argument they say a foregone conclusion. of course, jeff, you have to"
https://archive.org/details/MSNBC_20091123_220000_Hardball_With_Chris_Matthews#start/1823/end/1858,11/23/2009 22:30:38,MSNBC,Hardball With Chris Matthews,MSNBC_20091123_220000_Hardball_With_Chris_Matthews,https://archive.org/download/MSNBC_20091123_220000_Hardball_With_Chris_Matthews/MSNBC_20091123_220000_Hardball_With_Chris_Matthews.thumbs/MSNBC_20091123_220000_Hardball_With_Chris_Matthews_001793.jpg,"could it be that the obama administration has a different set of values than dick cheney does? does every political difference has been to be harmful, upsetting and evil? next up, al gore showed up on snl this weekend to debut a new strategy on climate change."
https://archive.org/details/MSNBC_20091126_140000_MSNBC_News_Live#start/591/end/626,11/26/2009 14:10:06,MSNBC,MSNBC News Live,MSNBC_20091126_140000_MSNBC_News_Live,https://archive.org/download/MSNBC_20091126_140000_MSNBC_News_Live/MSNBC_20091126_140000_MSNBC_News_Live.thumbs/MSNBC_20091126_140000_MSNBC_News_Live_000570.jpg,"keep in mind there will not be a binding treaty that comes out of copenhagen. leaders made that clear. it's going to be as the white house call as political framework, perhaps getting a binding treaty done next year. and of course it's all depending upon getting a climate change"
https://archive.org/details/MSNBC_20091125_110000_Morning_Joe#start/2370/end/2405,11/25/2009 11:39:45,MSNBC,Morning Joe,MSNBC_20091125_110000_Morning_Joe,https://archive.org/download/MSNBC_20091125_110000_Morning_Joe/MSNBC_20091125_110000_Morning_Joe.thumbs/MSNBC_20091125_110000_Morning_Joe_002370.jpg,"should be taken at all. adding fuel to the debate on climate change, britain's telegraph newspaper released a series of e-mails from prominent scientists who promote global warming theories, and one of those damaging alleged e-mails"
https://archive.org/details/MSNBC_20091125_200000_MSNBC_News_Live#start/1951/end/1986,11/25/2009 20:32:46,MSNBC,MSNBC News Live,MSNBC_20091125_200000_MSNBC_News_Live,https://archive.org/download/MSNBC_20091125_200000_MSNBC_News_Live/MSNBC_20091125_200000_MSNBC_News_Live.thumbs/MSNBC_20091125_200000_MSNBC_News_Live_001913.jpg,"in 2006. interesting you mention that, tamron, now we have the bigger picture and the question is are climate change researchers hiding evidence, excuse me, about global warming in the question is being raised after computer hackers obtained thousands of e-mail and other"
https://archive.org/details/MSNBC_20091124_050000_Hardball_With_Chris_Matthews#start/1821/end/1856,11/24/2009 5:30:36,MSNBC,Hardball With Chris Matthews,MSNBC_20091124_050000_Hardball_With_Chris_Matthews,https://archive.org/download/MSNBC_20091124_050000_Hardball_With_Chris_Matthews/MSNBC_20091124_050000_Hardball_With_Chris_Matthews.thumbs/MSNBC_20091124_050000_Hardball_With_Chris_Matthews_001800.jpg,"next up, al gore showed up on 'snl' this weekend to debut a new strategy on climate change. i think it is crazy our politicians are more worried about the climate crisis. it's time for us to out-crazy the crazy."
https://archive.org/details/MSNBC_20091125_200000_MSNBC_News_Live#start/1934/end/1969,11/25/2009 20:32:29,MSNBC,MSNBC News Live,MSNBC_20091125_200000_MSNBC_News_Live,https://archive.org/download/MSNBC_20091125_200000_MSNBC_News_Live/MSNBC_20091125_200000_MSNBC_News_Live.thumbs/MSNBC_20091125_200000_MSNBC_News_Live_001913.jpg,"president obama's negotiating position has been hampered by slow progress on a climate change bill in congress. all this comes as new 'washington post'/abc news poll shows fewer americans believe in global warming. look at. this the number has dipped to 72% from 80% last year and 85%"
https://archive.org/details/MSNBC_20091124_000000_Hardball_With_Chris_Matthews#start/1841/end/1876,11/24/2009 0:30:56,MSNBC,Hardball With Chris Matthews,MSNBC_20091124_000000_Hardball_With_Chris_Matthews,https://archive.org/download/MSNBC_20091124_000000_Hardball_With_Chris_Matthews/MSNBC_20091124_000000_Hardball_With_Chris_Matthews.thumbs/MSNBC_20091124_000000_Hardball_With_Chris_Matthews_001793.jpg,"new strategy on climate change. i think it is crazy our politicians are more worried about the climate crisis. it's time for us to outcrazy the crazy. instead of science, i'm going to crazy. i'm going to start planting trees in politicians' frontyards. that actually kind of sounds"
https://archive.org/details/MSNBC_20091124_100000_First_Look#start/1436/end/1471,11/24/2009 10:24:11,MSNBC,First Look,MSNBC_20091124_100000_First_Look,https://archive.org/download/MSNBC_20091124_100000_First_Look/MSNBC_20091124_100000_First_Look.thumbs/MSNBC_20091124_100000_First_Look_000031.jpg,"i'm very optimistic about it. because this technology could be used. to reduce greenhouse gas emissions significantly. to reduce greenhouse gas emissions significantly. now your chase card let's you make your own payment plan for what you charge. introducing blueprint. blueprint's free and exclusively for chase customers."
https://archive.org/details/MSNBC_20091128_130000_MSNBC_News_Live#start/3298/end/3333,11/28/2009 13:55:13,MSNBC,MSNBC News Live,MSNBC_20091128_130000_MSNBC_News_Live,https://archive.org/download/MSNBC_20091128_130000_MSNBC_News_Live/MSNBC_20091128_130000_MSNBC_News_Live.thumbs/MSNBC_20091128_130000_MSNBC_News_Live_003180.jpg,"with 50% more awesome pepperoni. for more of what you love. taste. believe. it's not delivery, it's digiorno ultimate toppings. don't come down here. we're-- we're naked. a new poll shows that fewer americans believe in global"
https://archive.org/details/MSNBC_20091125_110000_Morning_Joe#start/2276/end/2311,11/25/2009 11:38:11,MSNBC,Morning Joe,MSNBC_20091125_110000_Morning_Joe,https://archive.org/download/MSNBC_20091125_110000_Morning_Joe/MSNBC_20091125_110000_Morning_Joe.thumbs/MSNBC_20091125_110000_Morning_Joe_002190.jpg,"do you ever think that maybe you're wrong about global warming? i think the science is very clear on global warming. why do you have to impose it on me? why do you have to impose dirty air on me in los angeles? let me explain what i'm"
https://archive.org/details/MSNBC_20091130_230000_The_Ed_Show#start/1695/end/1730,11/30/2009 23:28:30,MSNBC,The Ed Show,MSNBC_20091130_230000_The_Ed_Show,https://archive.org/download/MSNBC_20091130_230000_The_Ed_Show/MSNBC_20091130_230000_The_Ed_Show.thumbs/MSNBC_20091130_230000_The_Ed_Show_000012.jpg,"we're going to make it fixed and make it into a great socialist paradise. that's what that's all about. this administration is about a hoax that america is not a great country. let's get serious on this one now, ben. i'll tell you, animal species dying off because of global"
https://archive.org/details/MSNBC_20091126_100000_First_Look#start/1697/end/1732,11/26/2009 10:28:32,MSNBC,First Look,MSNBC_20091126_100000_First_Look,https://archive.org/download/MSNBC_20091126_100000_First_Look/MSNBC_20091126_100000_First_Look.thumbs/MSNBC_20091126_100000_First_Look_000930.jpg,"so we can safely store it. where it won't get into the atmosphere. exxonmobil is spending more than 100 million dollars. to build a plant that will demonstrate this process. i'm very optimistic about it. because this technology could be used. to reduce greenhouse gas emissions significantly."
https://archive.org/details/MSNBC_20091120_140000_Morning_Meeting#start/6702/end/6737,11/20/2009 15:51:57,MSNBC,Morning Meeting,MSNBC_20091120_140000_Morning_Meeting,https://archive.org/download/MSNBC_20091120_140000_Morning_Meeting/MSNBC_20091120_140000_Morning_Meeting.thumbs/MSNBC_20091120_140000_Morning_Meeting_006690.jpg,"and cut down and wildlife exposed and what i'm trying to show here all of this works together. a single system? habitat loss doesn't work in a vacuum. it works in tandem with climate"
https://archive.org/details/MSNBC_20091125_190000_MSNBC_News_Live#start/3158/end/3193,11/25/2009 19:52:53,MSNBC,MSNBC News Live,MSNBC_20091125_190000_MSNBC_News_Live,https://archive.org/download/MSNBC_20091125_190000_MSNBC_News_Live/MSNBC_20091125_190000_MSNBC_News_Live.thumbs/MSNBC_20091125_190000_MSNBC_News_Live_003113.jpg,"senate seat and according to dowd, president obama failed to lift a finger to help her. >>> another thing to president obama's 2009 to do list, now squeezing in a trip to copenhagen for the climate"
https://archive.org/details/MSNBC_20091125_190000_MSNBC_News_Live#start/3175/end/3210,11/25/2009 19:53:10,MSNBC,MSNBC News Live,MSNBC_20091125_190000_MSNBC_News_Live,https://archive.org/download/MSNBC_20091125_190000_MSNBC_News_Live/MSNBC_20091125_190000_MSNBC_News_Live.thumbs/MSNBC_20091125_190000_MSNBC_News_Live_003173.jpg,"change summit guestdecember 9th day before he send the nobel peace prize in oz low, norway. what is his goal by going to copenhagen? president obama has two audiences that he is trying to please on the issue of climate"
https://archive.org/details/MSNBC_20091121_020000_The_Rachel_Maddow_Show#start/3224/end/3259,11/21/2009 2:53:59,MSNBC,The Rachel Maddow Show,MSNBC_20091121_020000_The_Rachel_Maddow_Show,https://archive.org/download/MSNBC_20091121_020000_The_Rachel_Maddow_Show/MSNBC_20091121_020000_The_Rachel_Maddow_Show.thumbs/MSNBC_20091121_020000_The_Rachel_Maddow_Show_003210.jpg,"and with regard to the economics, if you're someone who worries about economics, if you worry about business and you worry about money, you better be concerned about climate change because climate change will truly impact that. the outdoor recreational industry is a $750 billion a"
https://archive.org/details/MSNBC_20091120_110000_Morning_Joe#start/10672/end/10707,11/20/2009 13:58:07,MSNBC,Morning Joe,MSNBC_20091120_110000_Morning_Joe,https://archive.org/download/MSNBC_20091120_110000_Morning_Joe/MSNBC_20091120_110000_Morning_Joe.thumbs/MSNBC_20091120_110000_Morning_Joe_010612.jpg,"i'm very optimistic about it. because this technology could be used. to reduce greenhouse gas emissions significantly. (announcer) not just sinus headache. ahhhh! but pressure. and congestion. introducing new sudafed pe® triple action™. for more complete relief from the sinus triple threat."
https://archive.org/details/MSNBC_20091124_110000_Morning_Joe#start/9500/end/9535,11/24/2009 13:38:35,MSNBC,Morning Joe,MSNBC_20091124_110000_Morning_Joe,https://archive.org/download/MSNBC_20091124_110000_Morning_Joe/MSNBC_20091124_110000_Morning_Joe.thumbs/MSNBC_20091124_110000_Morning_Joe_009413.jpg,"to reduce greenhouse gas emissions significantly. making the perfect holiday pie requires one skill the ability to gracefully accept compliments. new tylenol cold rapid release gels day and night release medicine fast to relieve painful coughs, congestion and sore throats."
https://archive.org/details/MSNBC_20091126_010000_Countdown_With_Keith_Olbermann#start/1956/end/1991,11/26/2009 1:32:51,MSNBC,Countdown With Keith Olbermann,MSNBC_20091126_010000_Countdown_With_Keith_Olbermann,https://archive.org/download/MSNBC_20091126_010000_Countdown_With_Keith_Olbermann/MSNBC_20091126_010000_Countdown_With_Keith_Olbermann.thumbs/MSNBC_20091126_010000_Countdown_With_Keith_Olbermann_001946.jpg,"to those less fortunate. the president will personally deliver a pledge on greenhouse gas emissions at a conference in copenhagen next month and promise to cut u.s. carbon emissions by 17% over the next ten years. now back to 'deadly dreams.'"
https://archive.org/details/MSNBC_20091125_200000_MSNBC_News_Live#start/1916/end/1951,11/25/2009 20:32:11,MSNBC,MSNBC News Live,MSNBC_20091125_200000_MSNBC_News_Live,https://archive.org/download/MSNBC_20091125_200000_MSNBC_News_Live/MSNBC_20091125_200000_MSNBC_News_Live.thumbs/MSNBC_20091125_200000_MSNBC_News_Live_001913.jpg,"now it is homed the summit will produce a framework for future action. the white house says the president will pro-foes cut greenhouse gas emissions by 17% by the year 2020 while the european union wants a 20% cut."
https://archive.org/details/MSNBC_20091128_130000_MSNBC_News_Live#start/3440/end/3475,11/28/2009 13:57:35,MSNBC,MSNBC News Live,MSNBC_20091128_130000_MSNBC_News_Live,https://archive.org/download/MSNBC_20091128_130000_MSNBC_News_Live/MSNBC_20091128_130000_MSNBC_News_Live.thumbs/MSNBC_20091128_130000_MSNBC_News_Live_003420.jpg,"agreements with china and india and that's what he's really looking for a political deal where all the countries that contribute to greenhouse gas emissions will come together and agree to cut them in the coming decades. okay 'the washington post' juliette alprin."
https://archive.org/details/MSNBC_20091126_150000_MSNBC_News_Live#start/924/end/959,11/26/2009 15:15:39,MSNBC,MSNBC News Live,MSNBC_20091126_150000_MSNBC_News_Live,https://archive.org/download/MSNBC_20091126_150000_MSNBC_News_Live/MSNBC_20091126_150000_MSNBC_News_Live.thumbs/MSNBC_20091126_150000_MSNBC_News_Live_000893.jpg,"in greenhouse gas emissions in the next decade, which essentially would put the united states back where we were in terms of how much co2 we were putting in the air back into the 1980s. what that does is exposes him to criticism on both sides."
https://archive.org/details/MSNBC_20091126_120000_MSNBC_News_Live#start/847/end/882,11/26/2009 12:14:22,MSNBC,MSNBC News Live,MSNBC_20091126_120000_MSNBC_News_Live,https://archive.org/download/MSNBC_20091126_120000_MSNBC_News_Live/MSNBC_20091126_120000_MSNBC_News_Live.thumbs/MSNBC_20091126_120000_MSNBC_News_Live_000840.jpg,"i'm very optimistic about it. because this technology could be used. to reduce greenhouse gas emissions significantly. so, at national, i go right past the counter. and you get to choose any car in the aisle. choose any car? you cannot be serious! okay. seriously, you choose."
https://archive.org/details/MSNBC_20091130_110000_Morning_Joe#start/2889/end/2924,11/30/2009 11:48:24,MSNBC,Morning Joe,MSNBC_20091130_110000_Morning_Joe,https://archive.org/download/MSNBC_20091130_110000_Morning_Joe/MSNBC_20091130_110000_Morning_Joe.thumbs/MSNBC_20091130_110000_Morning_Joe_002873.jpg,"to build a plant that will demonstrate this process. i'm very optimistic about it. because this technology could be used. to reduce greenhouse gas emissions significantly. okay, now here's our holiday gift list. aww, not the mall. well, i'll do the shopping. if you do the shipping."
https://archive.org/details/MSNBC_20091125_110000_Morning_Joe#start/4178/end/4213,11/25/2009 12:09:53,MSNBC,Morning Joe,MSNBC_20091125_110000_Morning_Joe,https://archive.org/download/MSNBC_20091125_110000_Morning_Joe/MSNBC_20091125_110000_Morning_Joe.thumbs/MSNBC_20091125_110000_Morning_Joe_004170.jpg,"that there is, in fact, global warming. the ozone layer is wearing away. are you sure he doesn't go to a tanning salon? bizarre anyhow, just to have that look, and he's standing"
https://archive.org/details/MSNBC_20091123_140000_Morning_Meeting#start/2000/end/2035,11/23/2009 14:33:35,MSNBC,Morning Meeting,MSNBC_20091123_140000_Morning_Meeting,https://archive.org/download/MSNBC_20091123_140000_Morning_Meeting/MSNBC_20091123_140000_Morning_Meeting.thumbs/MSNBC_20091123_140000_Morning_Meeting_001973.jpg,"we knew doctors should do a better job washing their hands. behavior change is hard. this is a big point. whether you are talking about global warming or doctors in hospitals, when it goes against"
https://archive.org/details/MSNBC_20091124_230000_The_Ed_Show#start/3081/end/3116,11/24/2009 23:51:36,MSNBC,The Ed Show,MSNBC_20091124_230000_The_Ed_Show,https://archive.org/download/MSNBC_20091124_230000_The_Ed_Show/MSNBC_20091124_230000_The_Ed_Show.thumbs/MSNBC_20091124_230000_The_Ed_Show_003053.jpg,"i'm very optimistic about it. because this technology could be used. to reduce greenhouse gas emissions significantly. diarrhea, constipation, gas, bloating. that's me! can i tell you what a difference phillips' colon health has made? it's the probiotics. the good bacteria. that gets your colon back in balance."
https://archive.org/details/MSNBC_20091126_150000_MSNBC_News_Live#start/955/end/990,11/26/2009 15:16:10,MSNBC,MSNBC News Live,MSNBC_20091126_150000_MSNBC_News_Live,https://archive.org/download/MSNBC_20091126_150000_MSNBC_News_Live/MSNBC_20091126_150000_MSNBC_News_Live.thumbs/MSNBC_20091126_150000_MSNBC_News_Live_000953.jpg,"part and he's essentially committing congress, which he hasn't really push tood hard on yet, to doing what he's saying. he can't do this by himself. he has to get congress to go along. to what extent do you think this will appeal to the senate and really impose pressure on them to get a bill on climate"
https://archive.org/details/MSNBC_20091123_140000_Morning_Meeting#start/2046/end/2081,11/23/2009 14:34:21,MSNBC,Morning Meeting,MSNBC_20091123_140000_Morning_Meeting,https://archive.org/download/MSNBC_20091123_140000_Morning_Meeting/MSNBC_20091123_140000_Morning_Meeting.thumbs/MSNBC_20091123_140000_Morning_Meeting_002032.jpg,"year is a huge incentive to bring in true innovation rather than a dictated government mandate about what you need to do and not do. and then global warming. self interest or keeping the apartment warm or driving a"
https://archive.org/details/MSNBC_20091123_140000_Morning_Meeting#start/2079/end/2114,11/23/2009 14:34:54,MSNBC,Morning Meeting,MSNBC_20091123_140000_Morning_Meeting,https://archive.org/download/MSNBC_20091123_140000_Morning_Meeting/MSNBC_20091123_140000_Morning_Meeting.thumbs/MSNBC_20091123_140000_Morning_Meeting_002032.jpg,"is. we have seen it desolve into a political blood sport. and there is trillions of dollars at stake. if you say carbon mitigation is the one true path to stopping global warming, which we argue"
https://archive.org/details/MSNBC_20091125_200000_MSNBC_News_Live#start/784/end/819,11/25/2009 20:13:19,MSNBC,MSNBC News Live,MSNBC_20091125_200000_MSNBC_News_Live,https://archive.org/download/MSNBC_20091125_200000_MSNBC_News_Live/MSNBC_20091125_200000_MSNBC_News_Live.thumbs/MSNBC_20091125_200000_MSNBC_News_Live_000773.jpg,"there you have that. plus, a controversy rocking the science community, stolen memos about global warming, critics say they reveal it's all quack science. and today, half a million text messages from september 11th, 2001, were made public for"
https://archive.org/details/MSNBC_20091125_140000_Morning_Meeting#start/2692/end/2727,11/25/2009 14:45:07,MSNBC,Morning Meeting,MSNBC_20091125_140000_Morning_Meeting,https://archive.org/download/MSNBC_20091125_140000_Morning_Meeting/MSNBC_20091125_140000_Morning_Meeting.thumbs/MSNBC_20091125_140000_Morning_Meeting_002693.jpg,"global warming treaty. the thanksgiving getaway in full swing now. here is a live look at the roads in denver. millions of americans expected to travel over the long holiday weekend. and few people are expected to"
https://archive.org/details/MSNBC_20091125_110000_Morning_Joe#start/2044/end/2079,11/25/2009 11:34:19,MSNBC,Morning Joe,MSNBC_20091125_110000_Morning_Joe,https://archive.org/download/MSNBC_20091125_110000_Morning_Joe/MSNBC_20091125_110000_Morning_Joe.thumbs/MSNBC_20091125_110000_Morning_Joe_002040.jpg,"willie. so smooth. just like butter. it's the news, it's not me. he captures the essence of it. he does. he captures it. coming up next, is that inconvenient truth an unexpected lie? what? no. reports are out saying global warming studies were fixed."
https://archive.org/details/MSNBC_20091125_110000_Morning_Joe#start/2355/end/2390,11/25/2009 11:39:30,MSNBC,Morning Joe,MSNBC_20091125_110000_Morning_Joe,https://archive.org/download/MSNBC_20091125_110000_Morning_Joe/MSNBC_20091125_110000_Morning_Joe.thumbs/MSNBC_20091125_110000_Morning_Joe_002340.jpg,"and 42% opposing it. looking internationally, 22% of americans want to take on global warming only if other industrial countries agree to do the same. 55% believe the u.s. should still take action even if other countries do less. and 22% believe that no steps"
https://archive.org/details/MSNBC_20091125_110000_Morning_Joe#start/2401/end/2436,11/25/2009 11:40:16,MSNBC,Morning Joe,MSNBC_20091125_110000_Morning_Joe,https://archive.org/download/MSNBC_20091125_110000_Morning_Joe/MSNBC_20091125_110000_Morning_Joe.thumbs/MSNBC_20091125_110000_Morning_Joe_002400.jpg,"onwards -- and from 1961 for keith's to hide the decline. it exposes doubts about whether the world is really heating up. we can go on. okay. the point is that we can't account for the lack of global warming at the moment, and it's"
https://archive.org/details/MSNBC_20091125_110000_Morning_Joe#start/2431/end/2466,11/25/2009 11:40:46,MSNBC,Morning Joe,MSNBC_20091125_110000_Morning_Joe,https://archive.org/download/MSNBC_20091125_110000_Morning_Joe/MSNBC_20091125_110000_Morning_Joe.thumbs/MSNBC_20091125_110000_Morning_Joe_002430.jpg,"inadequate. martin, a lot of british newspapers talking about this, talking about some of these top scientist ins global warming are e-mailing each other back and forth about how they're having to make facts up. it did look very, very bad. very, very bad."
https://archive.org/details/MSNBC_20091125_110000_Morning_Joe#start/2524/end/2559,11/25/2009 11:42:19,MSNBC,Morning Joe,MSNBC_20091125_110000_Morning_Joe,https://archive.org/download/MSNBC_20091125_110000_Morning_Joe/MSNBC_20091125_110000_Morning_Joe.thumbs/MSNBC_20091125_110000_Morning_Joe_002520.jpg,"doesn't fully form to the conclusions of global warming. that may be the causes are attributed to manmade activity, and i'm sure that's true to some extent. there always has to be an overwhelming case. it's not an overwhelming case. it's way too complicated to be"
https://archive.org/details/MSNBC_20091128_160000_MSNBC_News_Live#start/21/end/56,11/28/2009 16:00:36,MSNBC,MSNBC News Live,MSNBC_20091128_160000_MSNBC_News_Live,https://archive.org/download/MSNBC_20091128_160000_MSNBC_News_Live/MSNBC_20091128_160000_MSNBC_News_Live.thumbs/MSNBC_20091128_160000_MSNBC_News_Live_000030.jpg,"what kind of trouble could they be facing now? plus, second thoughts. a new poll on global warming. why are some americans changing their minds about the alleged threat to the polar bear? and hot bargains. are deep discounts driving up the holiday sales?"
https://archive.org/details/MSNBC_20091128_130000_MSNBC_News_Live#start/3328/end/3363,11/28/2009 13:55:43,MSNBC,MSNBC News Live,MSNBC_20091128_130000_MSNBC_News_Live,https://archive.org/download/MSNBC_20091128_130000_MSNBC_News_Live/MSNBC_20091128_130000_MSNBC_News_Live.thumbs/MSNBC_20091128_130000_MSNBC_News_Live_003330.jpg,"ago. there's still a lot of people who believe that global warming is happening but buy the drop compared to a year ago. you're seeing increasing political polarization, we're seeing that 3 1/2 years ago there was an all-time high, you"
https://archive.org/details/MSNBC_20091128_130000_MSNBC_News_Live#start/3112/end/3147,11/28/2009 13:52:07,MSNBC,MSNBC News Live,MSNBC_20091128_130000_MSNBC_News_Live,https://archive.org/download/MSNBC_20091128_130000_MSNBC_News_Live/MSNBC_20091128_130000_MSNBC_News_Live.thumbs/MSNBC_20091128_130000_MSNBC_News_Live_003090.jpg,"well as 0% financing which would have been a great deal in 2006, but not for this year. still ahead, the new poll on global warming, are most americans believing the message? we'll check it out on 'msnbc saturday.' announcer ] olay ribbons body wash."
https://archive.org/details/MSNBC_20091123_110000_Morning_Joe#start/2283/end/2318,11/23/2009 11:38:18,MSNBC,Morning Joe,MSNBC_20091123_110000_Morning_Joe,https://archive.org/download/MSNBC_20091123_110000_Morning_Joe/MSNBC_20091123_110000_Morning_Joe.thumbs/MSNBC_20091123_110000_Morning_Joe_002153.jpg,"i think it's crazy our politicians aren't more worried about the climate crisis. it's fim for us to out crazy the crazy. instead of science, i'm going with crazy. i'm going to start planting trees in front of politician's"
https://archive.org/details/MSNBC_20091122_190000_Meet_the_Press#start/2003/end/2038,11/22/2009 19:33:38,MSNBC,Meet the Press,MSNBC_20091122_190000_Meet_the_Press,https://archive.org/download/MSNBC_20091122_190000_Meet_the_Press/MSNBC_20091122_190000_Meet_the_Press.thumbs/MSNBC_20091122_190000_Meet_the_Press_001980.jpg,"like climate change. what if that energy, came from an energy company. every day, chevron invests $62 million in people. in ideas. seeking, teaching, building."
https://archive.org/details/MSNBC_20091125_200000_MSNBC_News_Live#start/1967/end/2002,11/25/2009 20:33:02,MSNBC,MSNBC News Live,MSNBC_20091125_200000_MSNBC_News_Live,https://archive.org/download/MSNBC_20091125_200000_MSNBC_News_Live/MSNBC_20091125_200000_MSNBC_News_Live.thumbs/MSNBC_20091125_200000_MSNBC_News_Live_001913.jpg,"documents from the climate change research unit at theengl one message from boulder, colorado, read it the fact is that we can't account for lack"
https://archive.org/details/MSNBC_20091128_160000_MSNBC_News_Live#start/2742/end/2777,11/28/2009 16:45:57,MSNBC,MSNBC News Live,MSNBC_20091128_160000_MSNBC_News_Live,https://archive.org/download/MSNBC_20091128_160000_MSNBC_News_Live/MSNBC_20091128_160000_MSNBC_News_Live.thumbs/MSNBC_20091128_160000_MSNBC_News_Live_002730.jpg,"you? i guess police are now investigating this incident for good reason. can you believe that? the guy has to pry himself out. move the car. thanks. anyway, a new poll shows that fewer americans believe in global warming. the new 'washington post'/abc news poll shows that a majority"
https://archive.org/details/MSNBC_20091128_160000_MSNBC_News_Live#start/2756/end/2791,11/28/2009 16:46:11,MSNBC,MSNBC News Live,MSNBC_20091128_160000_MSNBC_News_Live,https://archive.org/download/MSNBC_20091128_160000_MSNBC_News_Live/MSNBC_20091128_160000_MSNBC_News_Live.thumbs/MSNBC_20091128_160000_MSNBC_News_Live_002730.jpg,"of americans, 72% think that global warming is happening. that is down from 80% a little more than a year ago. julia al perrin is with 'the washington post.' good morning again. good morning. nice to see you. good you're here. but the question is, a lot of"
https://archive.org/details/MSNBC_20091128_150000_MSNBC_News_Live#start/2747/end/2782,11/28/2009 15:46:02,MSNBC,MSNBC News Live,MSNBC_20091128_150000_MSNBC_News_Live,https://archive.org/download/MSNBC_20091128_150000_MSNBC_News_Live/MSNBC_20091128_150000_MSNBC_News_Live.thumbs/MSNBC_20091128_150000_MSNBC_News_Live_002550.jpg,"global warming. are most americans believing the message? that story in the next hour on 'msnbc saturday.'. american student amanda knox is back in court in italy today. the defense is continuing closing arguments in the murder trial of knox and her one-time"
https://archive.org/details/MSNBC_20091123_200000_MSNBC_News_Live#start/3032/end/3067,11/23/2009 20:50:47,MSNBC,MSNBC News Live,MSNBC_20091123_200000_MSNBC_News_Live,https://archive.org/download/MSNBC_20091123_200000_MSNBC_News_Live/MSNBC_20091123_200000_MSNBC_News_Live.thumbs/MSNBC_20091123_200000_MSNBC_News_Live_002993.jpg,"money, and help with climate crisis that we have in place. so as many of you know, we're going to be having a job summit on december 3rd. part of the task of this cabinet was to generate good ideas in"
https://archive.org/details/MSNBC_20091124_110000_Morning_Joe#start/10097/end/10132,11/24/2009 13:48:32,MSNBC,Morning Joe,MSNBC_20091124_110000_Morning_Joe,https://archive.org/download/MSNBC_20091124_110000_Morning_Joe/MSNBC_20091124_110000_Morning_Joe.thumbs/MSNBC_20091124_110000_Morning_Joe_010073.jpg,"the ability to lead the way on climate change? what must the obama administration put on the table for talks in copenhagen. (announcer) there are engines."
https://archive.org/details/MSNBC_20091128_130000_MSNBC_News_Live#start/3420/end/3455,11/28/2009 13:57:15,MSNBC,MSNBC News Live,MSNBC_20091128_130000_MSNBC_News_Live,https://archive.org/download/MSNBC_20091128_130000_MSNBC_News_Live/MSNBC_20091128_130000_MSNBC_News_Live.thumbs/MSNBC_20091128_130000_MSNBC_News_Live_003420.jpg,"it ranks with the president, he's heading over to cope nhage to talk about climate change. what's the best deal he can get in that agreement?"
https://archive.org/details/MSNBC_20091128_160000_MSNBC_News_Live#start/2772/end/2807,11/28/2009 16:46:27,MSNBC,MSNBC News Live,MSNBC_20091128_160000_MSNBC_News_Live,https://archive.org/download/MSNBC_20091128_160000_MSNBC_News_Live/MSNBC_20091128_160000_MSNBC_News_Live.thumbs/MSNBC_20091128_160000_MSNBC_News_Live_002760.jpg,"people who are believing that global warming is happening, but there are fewer of them. why? what's the reason for the drop? well, we're really seeing a political polarization on this issue as president obama talks about it more, as it's become a priority for democrats. what you're seeing is the number"
https://archive.org/details/MSNBC_20091128_160000_MSNBC_News_Live#start/2526/end/2561,11/28/2009 16:42:21,MSNBC,MSNBC News Live,MSNBC_20091128_160000_MSNBC_News_Live,https://archive.org/download/MSNBC_20091128_160000_MSNBC_News_Live/MSNBC_20091128_160000_MSNBC_News_Live.thumbs/MSNBC_20091128_160000_MSNBC_News_Live_002520.jpg,"much. thank you. belief in global warming, it is beginning to melt a bit, but why? we'll talk about it ahead on 'msnbc saturday.' but not nearly as important as outer beauty. that's why i use covergirl's simply ageless makeup with olay regenerist serum. a department store brand can glob up in lines"
https://archive.org/details/MSNBC_20091125_020000_The_Rachel_Maddow_Show#start/2743/end/2778,11/25/2009 2:45:58,MSNBC,The Rachel Maddow Show,MSNBC_20091125_020000_The_Rachel_Maddow_Show,https://archive.org/download/MSNBC_20091125_020000_The_Rachel_Maddow_Show/MSNBC_20091125_020000_The_Rachel_Maddow_Show.thumbs/MSNBC_20091125_020000_The_Rachel_Maddow_Show_002730.jpg,"in order to qualify from the republican national committee, candidates must sign on to no fewer than eight of the ten principles, including things like imposing climate change, gun control, opposing"
https://archive.org/details/MSNBC_20091127_140000_MSNBC_News_Live#start/1582/end/1617,11/27/2009 14:26:37,MSNBC,MSNBC News Live,MSNBC_20091127_140000_MSNBC_News_Live,https://archive.org/download/MSNBC_20091127_140000_MSNBC_News_Live/MSNBC_20091127_140000_MSNBC_News_Live.thumbs/MSNBC_20091127_140000_MSNBC_News_Live_001560.jpg,"and then they will outline what he will say. let's switch gears and talk about copenhagen set for two weeks from now to talk about climate change. what is the president's goal"
https://archive.org/details/MSNBC_20091126_120000_MSNBC_News_Live#start/2015/end/2050,11/26/2009 12:33:50,MSNBC,MSNBC News Live,MSNBC_20091126_120000_MSNBC_News_Live,https://archive.org/download/MSNBC_20091126_120000_MSNBC_News_Live/MSNBC_20091126_120000_MSNBC_News_Live.thumbs/MSNBC_20091126_120000_MSNBC_News_Live_002010.jpg,"crashed the party. they sure did. thank you to brian williams for that. china is following washington's lead, sending a top diplomat to next month's climate change summit. chinese premier wen jiabao will"
https://archive.org/details/MSNBC_20091120_110000_Morning_Joe#start/3152/end/3187,11/20/2009 11:52:47,MSNBC,Morning Joe,MSNBC_20091120_110000_Morning_Joe,https://archive.org/download/MSNBC_20091120_110000_Morning_Joe/MSNBC_20091120_110000_Morning_Joe.thumbs/MSNBC_20091120_110000_Morning_Joe_003052.jpg,"compare it to anyone and may the best car win. . the energy to get the economy humming again. the energy to tackle challenges like climate change. what if that energy, came from an energy company."
https://archive.org/details/MSNBC_20091123_070000_Meet_the_Press#start/1935/end/1970,11/23/2009 7:32:30,MSNBC,Meet the Press,MSNBC_20091123_070000_Meet_the_Press,https://archive.org/download/MSNBC_20091123_070000_Meet_the_Press/MSNBC_20091123_070000_Meet_the_Press.thumbs/MSNBC_20091123_070000_Meet_the_Press_001920.jpg,"the energy to get the economy humming again. the energy to tackle challenges like climate change. what if that energy, came from an energy company. every day, chevron invests $62 million in people. in ideas."
https://archive.org/details/MSNBC_20091125_180000_Andrea_Mitchell_Reports#start/479/end/514,11/25/2009 18:08:14,MSNBC,Andrea Mitchell Reports,MSNBC_20091125_180000_Andrea_Mitchell_Reports,https://archive.org/download/MSNBC_20091125_180000_Andrea_Mitchell_Reports/MSNBC_20091125_180000_Andrea_Mitchell_Reports.thumbs/MSNBC_20091125_180000_Andrea_Mitchell_Reports_000480.jpg,"al gore always did know how to laugh at himself. the president on the climate change issue, savannah, it is being criticized as too little too late. they finally set targets on the table today."
https://archive.org/details/MSNBC_20091120_190000_MSNBC_News_Live#start/240/end/275,11/20/2009 19:04:15,MSNBC,MSNBC News Live,MSNBC_20091120_190000_MSNBC_News_Live,https://archive.org/download/MSNBC_20091120_190000_MSNBC_News_Live/MSNBC_20091120_190000_MSNBC_News_Live.thumbs/MSNBC_20091120_190000_MSNBC_News_Live_000233.jpg,"on energy, clean energy research, climate change, without specifics but agreements to take action, those didn't qualify? well, to my mind they did not because it was the third meeting between president obama and"
https://archive.org/details/MSNBC_20091125_040000_The_Rachel_Maddow_Show#start/2744/end/2779,11/25/2009 4:45:59,MSNBC,The Rachel Maddow Show,MSNBC_20091125_040000_The_Rachel_Maddow_Show,https://archive.org/download/MSNBC_20091125_040000_The_Rachel_Maddow_Show/MSNBC_20091125_040000_The_Rachel_Maddow_Show.thumbs/MSNBC_20091125_040000_The_Rachel_Maddow_Show_002730.jpg,"committee, candidates must sign on to no fewer than eight of the ten principles, including things like opposing climate change legislation, opposing gun control, opposing immigration reform, opposing gay marriage, and supporting lower taxes."
https://archive.org/details/MSNBC_20091130_180000_Andrea_Mitchell_Reports#start/381/end/416,11/30/2009 18:06:36,MSNBC,Andrea Mitchell Reports,MSNBC_20091130_180000_Andrea_Mitchell_Reports,https://archive.org/download/MSNBC_20091130_180000_Andrea_Mitchell_Reports/MSNBC_20091130_180000_Andrea_Mitchell_Reports.thumbs/MSNBC_20091130_180000_Andrea_Mitchell_Reports_000360.jpg,"year, the way we put cap and trade and climate change and talk about the essentials, the war and money. elisabeth, how much is the cost of this engagement? we're talking $1 million per"
https://archive.org/details/MSNBC_20091128_130000_MSNBC_News_Live#start/3389/end/3424,11/28/2009 13:56:44,MSNBC,MSNBC News Live,MSNBC_20091128_130000_MSNBC_News_Live,https://archive.org/download/MSNBC_20091128_130000_MSNBC_News_Live/MSNBC_20091128_130000_MSNBC_News_Live.thumbs/MSNBC_20091128_130000_MSNBC_News_Live_003390.jpg,"skeptics from 13% to 26% now. they have been through their numbers and people who question human activities linked to climate change are very active online, they're organized, they have their own websites, they"
https://archive.org/details/MSNBC_20091124_160000_MSNBC_News_Live#start/3098/end/3133,11/24/2009 16:51:53,MSNBC,MSNBC News Live,MSNBC_20091124_160000_MSNBC_News_Live,https://archive.org/download/MSNBC_20091124_160000_MSNBC_News_Live/MSNBC_20091124_160000_MSNBC_News_Live.thumbs/MSNBC_20091124_160000_MSNBC_News_Live_003053.jpg,"minister's perspective today, what's number one on his list? we know they are going it be talking about afghanistan and talking about nuclear energy and climate change, what would be from his perspective, number one on the agenda today?"
https://archive.org/details/MSNBC_20091120_230000_The_Ed_Show#start/3033/end/3068,11/20/2009 23:50:48,MSNBC,The Ed Show,MSNBC_20091120_230000_The_Ed_Show,https://archive.org/download/MSNBC_20091120_230000_The_Ed_Show/MSNBC_20091120_230000_The_Ed_Show.thumbs/MSNBC_20091120_230000_The_Ed_Show_002993.jpg,"extinction are two factors. two elements of what i call the perfect extinction storm. one is climate change and other is habitat loss. the solution comes down to human beings. we are the solution and that"
https://archive.org/details/MSNBC_20091125_190000_MSNBC_News_Live#start/3236/end/3271,11/25/2009 19:54:11,MSNBC,MSNBC News Live,MSNBC_20091125_190000_MSNBC_News_Live,https://archive.org/download/MSNBC_20091125_190000_MSNBC_News_Live/MSNBC_20091125_190000_MSNBC_News_Live.thumbs/MSNBC_20091125_190000_MSNBC_News_Live_003233.jpg,"the senate is still debating its climate change bill. so he needs the senate to go along with that promise in order to deliver on it? the world is looking for president obama lead by example."
https://archive.org/details/MSNBC_20091125_160000_MSNBC_News_Live#start/14/end/49,11/25/2009 16:00:29,MSNBC,MSNBC News Live,MSNBC_20091125_160000_MSNBC_News_Live,https://archive.org/download/MSNBC_20091125_160000_MSNBC_News_Live/MSNBC_20091125_160000_MSNBC_News_Live.thumbs/MSNBC_20091125_160000_MSNBC_News_Live_000053.jpg,"mike, we know the president just getting back from asia and now the word is he is going to copenhagen. for the climate change conference. i guess about two weeks ago when the president was in asia it was"
https://archive.org/details/MSNBC_20091125_140000_Morning_Meeting#start/116/end/151,11/25/2009 14:02:11,MSNBC,Morning Meeting,MSNBC_20091125_140000_Morning_Meeting,https://archive.org/download/MSNBC_20091125_140000_Morning_Meeting/MSNBC_20091125_140000_Morning_Meeting.thumbs/MSNBC_20091125_140000_Morning_Meeting_000113.jpg,"mike, but let's start with savannah. the president will announce today he will go to copenhagen for the climate change summit. this is the subject of speculation for a few weeks now. will he or will he not go,"
https://archive.org/details/MSNBC_20091128_130000_MSNBC_News_Live#start/3373/end/3408,11/28/2009 13:56:28,MSNBC,MSNBC News Live,MSNBC_20091128_130000_MSNBC_News_Live,https://archive.org/download/MSNBC_20091128_130000_MSNBC_News_Live/MSNBC_20091128_130000_MSNBC_News_Live.thumbs/MSNBC_20091128_130000_MSNBC_News_Live_003360.jpg,"people sometimes start to question it. what about the poll being evidence of the so-called anti-climate change movement has really gotten some traction here? what we have seen is there have been a doubling of the"
https://archive.org/details/MSNBC_20091120_140000_Morning_Meeting#start/6625/end/6660,11/20/2009 15:50:40,MSNBC,Morning Meeting,MSNBC_20091120_140000_Morning_Meeting,https://archive.org/download/MSNBC_20091120_140000_Morning_Meeting/MSNBC_20091120_140000_Morning_Meeting.thumbs/MSNBC_20091120_140000_Morning_Meeting_006600.jpg,"example, destroyed every hour. species exploitation and climate change. it's all human beings? it's the humans? extinction is not new for this planet. we lost the dinosaurs and it wasn't because of people but because of an asteroid. we lost mammoth and other"
https://archive.org/details/MSNBC_20091124_180000_Andrea_Mitchell_Reports#start/0/end/34,11/24/2009 18:00:14,MSNBC,Andrea Mitchell Reports,MSNBC_20091124_180000_Andrea_Mitchell_Reports,https://archive.org/download/MSNBC_20091124_180000_Andrea_Mitchell_Reports/MSNBC_20091124_180000_Andrea_Mitchell_Reports.thumbs/MSNBC_20091124_180000_Andrea_Mitchell_Reports_000053.jpg,"today with prime minister singh, india's tense relationship with pakistan, nuclear weapons, climate change and the global recession. just for fun, tonight's glitzy state dinner. a black tie dinner for 400 special guests in a tent pitched in the back yard."
https://archive.org/details/MSNBC_20091120_190000_MSNBC_News_Live#start/272/end/307,11/20/2009 19:04:47,MSNBC,MSNBC News Live,MSNBC_20091120_190000_MSNBC_News_Live,https://archive.org/download/MSNBC_20091120_190000_MSNBC_News_Live/MSNBC_20091120_190000_MSNBC_News_Live.thumbs/MSNBC_20091120_190000_MSNBC_News_Live_000233.jpg,"position where you need to be specific. climate change, in sing support, the stop before china, they agreed the copenhagen summit is not going to result in much. they had divided it up and said we'll have principal there and"
https://archive.org/details/MSNBC_20091125_140000_Morning_Meeting#start/5915/end/5950,11/25/2009 15:38:50,MSNBC,Morning Meeting,MSNBC_20091125_140000_Morning_Meeting,https://archive.org/download/MSNBC_20091125_140000_Morning_Meeting/MSNBC_20091125_140000_Morning_Meeting.thumbs/MSNBC_20091125_140000_Morning_Meeting_005880.jpg,"copenhagen for a global summit on climate change early next month. right now the president is planning to attend one day of the big conference. he'll be there december 9th. the meeting runs through the 18th. the president then heads to"
https://archive.org/details/MSNBC_20091121_020000_The_Rachel_Maddow_Show#start/1178/end/1213,11/21/2009 2:19:53,MSNBC,The Rachel Maddow Show,MSNBC_20091121_020000_The_Rachel_Maddow_Show,https://archive.org/download/MSNBC_20091121_020000_The_Rachel_Maddow_Show/MSNBC_20091121_020000_The_Rachel_Maddow_Show.thumbs/MSNBC_20091121_020000_The_Rachel_Maddow_Show_001170.jpg,"bill, climate change. socialism. are we having rational debate or a shouting match? emotions play a very powerful short-term role. i'm worried as a democrat about 2010, in the long term maybe not. part of it's up to obama, too, who promised to change the"
https://archive.org/details/MSNBC_20091126_150000_MSNBC_News_Live#start/863/end/898,11/26/2009 15:14:38,MSNBC,MSNBC News Live,MSNBC_20091126_150000_MSNBC_News_Live,https://archive.org/download/MSNBC_20091126_150000_MSNBC_News_Live/MSNBC_20091126_150000_MSNBC_News_Live.thumbs/MSNBC_20091126_150000_MSNBC_News_Live_000833.jpg,"military bases across afghanistan. president obama is heading to copenhagen next month for the international climate change summit. he is expected to announce the nation's plans to reduce emissions. this, a day before he accepts the nobel peace prize. and it's a trip that could carry"
https://archive.org/details/MSNBC_20091126_150000_MSNBC_News_Live#start/908/end/943,11/26/2009 15:15:23,MSNBC,MSNBC News Live,MSNBC_20091126_150000_MSNBC_News_Live,https://archive.org/download/MSNBC_20091126_150000_MSNBC_News_Live/MSNBC_20091126_150000_MSNBC_News_Live.thumbs/MSNBC_20091126_150000_MSNBC_News_Live_000893.jpg,"really not going to be a final decision made in copenhagen the coming month on the global climate change treaty. the president's plan is to go early in the conference, try to kick start it by committing the united states to a 17% reduction"
https://archive.org/details/MSNBC_20091124_190000_MSNBC_News_Live#start/1005/end/1040,11/24/2009 19:17:00,MSNBC,MSNBC News Live,MSNBC_20091124_190000_MSNBC_News_Live,https://archive.org/download/MSNBC_20091124_190000_MSNBC_News_Live/MSNBC_20091124_190000_MSNBC_News_Live.thumbs/MSNBC_20091124_190000_MSNBC_News_Live_000990.jpg,"reform. we also want climate change regulation. we want all manner of things. we bailed out the financial services system. is there money to go around? right now the dollar is being debased. china is leading on us. these things require political capital and financial capital,"
https://archive.org/details/MSNBC_20091125_180000_Andrea_Mitchell_Reports#start/17/end/52,11/25/2009 18:00:32,MSNBC,Andrea Mitchell Reports,MSNBC_20091125_180000_Andrea_Mitchell_Reports,https://archive.org/download/MSNBC_20091125_180000_Andrea_Mitchell_Reports/MSNBC_20091125_180000_Andrea_Mitchell_Reports.thumbs/MSNBC_20091125_180000_Andrea_Mitchell_Reports_000030.jpg,"expected to be sent to the war zone. a final decision is not yet made. the president will be dropping in on a u.n. climate change summit in copenhagen next month on his way to accept the nobel peace prize in nearby norway. environmental activists already"
https://archive.org/details/MSNBC_20091125_180000_Andrea_Mitchell_Reports#start/365/end/400,11/25/2009 18:06:20,MSNBC,Andrea Mitchell Reports,MSNBC_20091125_180000_Andrea_Mitchell_Reports,https://archive.org/download/MSNBC_20091125_180000_Andrea_Mitchell_Reports/MSNBC_20091125_180000_Andrea_Mitchell_Reports.thumbs/MSNBC_20091125_180000_Andrea_Mitchell_Reports_000360.jpg,"forward, climate change. after a lot of criticism that the united states was the last of the major industrialized nations to even set targets and with the legislation stalled on the hill, at least not moving as rapidly as some would like, the president announced today, you"
https://archive.org/details/MSNBC_20091126_140000_MSNBC_News_Live#start/636/end/671,11/26/2009 14:10:51,MSNBC,MSNBC News Live,MSNBC_20091126_140000_MSNBC_News_Live,https://archive.org/download/MSNBC_20091126_140000_MSNBC_News_Live/MSNBC_20091126_140000_MSNBC_News_Live.thumbs/MSNBC_20091126_140000_MSNBC_News_Live_000630.jpg,"ratify any type of climate change treaty and must, of course, come out with their own legislation which they hope to do sometime next year. john decker, lynn sweet, thanks for joining us. appreciate that. a massive fire in london forced about 300 people to flee"
https://archive.org/details/MSNBC_20091121_020000_The_Rachel_Maddow_Show#start/1648/end/1683,11/21/2009 2:27:43,MSNBC,The Rachel Maddow Show,MSNBC_20091121_020000_The_Rachel_Maddow_Show,https://archive.org/download/MSNBC_20091121_020000_The_Rachel_Maddow_Show/MSNBC_20091121_020000_The_Rachel_Maddow_Show.thumbs/MSNBC_20091121_020000_The_Rachel_Maddow_Show_001650.jpg,"they're trying to scozzafava him. and i don't mean to imply there's a correlation here but senator john mccain has also abandoned his previous support for the cap and trade climate change legislation. in the process, he has turned on his former best friends forever,"
https://archive.org/details/MSNBC_20091121_020000_The_Rachel_Maddow_Show#start/1680/end/1715,11/21/2009 2:28:15,MSNBC,The Rachel Maddow Show,MSNBC_20091121_020000_The_Rachel_Maddow_Show,https://archive.org/download/MSNBC_20091121_020000_The_Rachel_Maddow_Show/MSNBC_20091121_020000_The_Rachel_Maddow_Show.thumbs/MSNBC_20091121_020000_The_Rachel_Maddow_Show_001680.jpg,"tim pawlenty in minnesota also changing on climate change. charlie crist in florida trying to pretend he never supported the stimulus. sarah palin trying to pretend she never supported bailouts. is this what has? is this turn to the right something we'll see all over the"
https://archive.org/details/MSNBC_20091121_020000_The_Rachel_Maddow_Show#start/1694/end/1729,11/21/2009 2:28:29,MSNBC,The Rachel Maddow Show,MSNBC_20091121_020000_The_Rachel_Maddow_Show,https://archive.org/download/MSNBC_20091121_020000_The_Rachel_Maddow_Show/MSNBC_20091121_020000_The_Rachel_Maddow_Show.thumbs/MSNBC_20091121_020000_The_Rachel_Maddow_Show_001680.jpg,"country as republicans face primary challengers from the j.d. hayworths of the world? yes. moving on to next topic. we honestly can. you know john mccain well. did he not mean it the first time around on climate change? i think that what he means"
https://archive.org/details/MSNBC_20091125_210000_MSNBC_News_Live#start/63/end/98,11/25/2009 21:01:18,MSNBC,MSNBC News Live,MSNBC_20091125_210000_MSNBC_News_Live,https://archive.org/download/MSNBC_20091125_210000_MSNBC_News_Live/MSNBC_20091125_210000_MSNBC_News_Live.thumbs/MSNBC_20091125_210000_MSNBC_News_Live_000060.jpg,"it is a tough ask for them. they've had the climate change bill, the health care bill. from the time the obama administration came in there have bin flew enshl democrats on capitol hill who said we are not going to fund these wars in iraq"
https://archive.org/details/MSNBC_20091125_190000_MSNBC_News_Live#start/3191/end/3226,11/25/2009 19:53:26,MSNBC,MSNBC News Live,MSNBC_20091125_190000_MSNBC_News_Live,https://archive.org/download/MSNBC_20091125_190000_MSNBC_News_Live/MSNBC_20091125_190000_MSNBC_News_Live.thumbs/MSNBC_20091125_190000_MSNBC_News_Live_003173.jpg,"change. one is the world, which is looking toward -- to the united states and looking at him in particular to lead on climate change, to commit to reducing carbon dioxide emissions. the other is the u.s. senate which would have to ratify any international treaty that was"
https://archive.org/details/MSNBC_20091121_150000_MSNBC_News_Live#start/1067/end/1102,11/21/2009 15:18:02,MSNBC,MSNBC News Live,MSNBC_20091121_150000_MSNBC_News_Live,https://archive.org/download/MSNBC_20091121_150000_MSNBC_News_Live/MSNBC_20091121_150000_MSNBC_News_Live.thumbs/MSNBC_20091121_150000_MSNBC_News_Live_001050.jpg,"a lot of health care, a little bit of climate change, you know, a little bit of stimulus. a little bit of deficits. you know, that sort of thing. but a lot of it, you have unemployment at double digit level and you have, when you"
https://archive.org/details/MSNBC_20091130_190000_MSNBC_News_Live#start/2850/end/2885,11/30/2009 19:47:45,MSNBC,MSNBC News Live,MSNBC_20091130_190000_MSNBC_News_Live,https://archive.org/download/MSNBC_20091130_190000_MSNBC_News_Live/MSNBC_20091130_190000_MSNBC_News_Live.thumbs/MSNBC_20091130_190000_MSNBC_News_Live_002813.jpg,"senator jim deminute and senator graham, there is a real divide because graham has been more moderate on climate change, just been some more issues that graham has sort of infuriated the more conservative members of his party about. how does this play out when it"
https://archive.org/details/MSNBC_20091120_140000_Morning_Meeting#start/6640/end/6675,11/20/2009 15:50:55,MSNBC,Morning Meeting,MSNBC_20091120_140000_Morning_Meeting,https://archive.org/download/MSNBC_20091120_140000_Morning_Meeting/MSNBC_20091120_140000_Morning_Meeting.thumbs/MSNBC_20091120_140000_Morning_Meeting_006630.jpg,"creatures because of an ice age event but now we are the climate change. we're the asteroid? that is exactly it. we are the asteroid and impacting our planet and a lot of people don't believe me when i tell them this but this isn't from me, from the icun and"
https://archive.org/details/MSNBC_20091120_140000_Morning_Meeting#start/6737/end/6772,11/20/2009 15:52:32,MSNBC,Morning Meeting,MSNBC_20091120_140000_Morning_Meeting,https://archive.org/download/MSNBC_20091120_140000_Morning_Meeting/MSNBC_20091120_140000_Morning_Meeting.thumbs/MSNBC_20091120_140000_Morning_Meeting_006720.jpg,"you lose your carbon storage and you increase climate change and contribute to it. the biggest thing we learn from this is we're not without hope. you know, i've been so lucky. i love adventure and wildlife and had a blast in my career but this was really sobering and it"
https://archive.org/details/MSNBC_20091126_150000_MSNBC_News_Live#start/972/end/1007,11/26/2009 15:16:27,MSNBC,MSNBC News Live,MSNBC_20091126_150000_MSNBC_News_Live,https://archive.org/download/MSNBC_20091126_150000_MSNBC_News_Live/MSNBC_20091126_150000_MSNBC_News_Live.thumbs/MSNBC_20091126_150000_MSNBC_News_Live_000953.jpg,"change done? well, it will. it will impose some pressure. there are many parts of the world that think we should have done the climate change bill first, even ahead of health care. clearly the president's strategy is to try to get the health care bill done arterial in the new"
https://archive.org/details/MSNBC_20091126_150000_MSNBC_News_Live#start/988/end/1023,11/26/2009 15:16:43,MSNBC,MSNBC News Live,MSNBC_20091126_150000_MSNBC_News_Live,https://archive.org/download/MSNBC_20091126_150000_MSNBC_News_Live/MSNBC_20091126_150000_MSNBC_News_Live.thumbs/MSNBC_20091126_150000_MSNBC_News_Live_000953.jpg,"year and hope to sort of get a bounce from that in terms of his ability to work with congress and persuade congress and make climate change the big 2010 big. the house has essentially done what the president want, the 17% number i mention ed a minute ag."
https://archive.org/details/MSNBC_20091119_180000_Andrea_Mitchell_Reports#start/1704/end/1739,11/19/2009 18:28:39,MSNBC,Andrea Mitchell Reports,MSNBC_20091119_180000_Andrea_Mitchell_Reports,https://archive.org/download/MSNBC_20091119_180000_Andrea_Mitchell_Reports/MSNBC_20091119_180000_Andrea_Mitchell_Reports.thumbs/MSNBC_20091119_180000_Andrea_Mitchell_Reports_001673.jpg,"obviously, or value in the private economic talks that they have? after all, china is holding $800 billion of american debt. so there were a lot of reassurances both ways, and there were talks about climate change. did they come any closer on any of those big, economic issues?"
https://archive.org/details/MSNBC_20091128_160000_MSNBC_News_Live#start/2819/end/2854,11/28/2009 16:47:14,MSNBC,MSNBC News Live,MSNBC_20091128_160000_MSNBC_News_Live,https://archive.org/download/MSNBC_20091128_160000_MSNBC_News_Live/MSNBC_20091128_160000_MSNBC_News_Live.thumbs/MSNBC_20091128_160000_MSNBC_News_Live_002820.jpg,"though, and climate change? i mean, is that really being challenged, its validity? i mean, what you're seeing is an uptick in the minority view, which is the skeptics. that's doubled over the last 3 1/2 years. so, you're seeing some change there, although again, i think"
https://archive.org/details/MSNBC_20091130_200000_MSNBC_News_Live#start/590/end/625,11/30/2009 20:10:05,MSNBC,MSNBC News Live,MSNBC_20091130_200000_MSNBC_News_Live,https://archive.org/download/MSNBC_20091130_200000_MSNBC_News_Live/MSNBC_20091130_200000_MSNBC_News_Live.thumbs/MSNBC_20091130_200000_MSNBC_News_Live_000534.jpg,"important. jobs and our economy are terribly important. so, this may be an audacious suggestion, but i would suggest we put aside the health care debate until next year, the same way we put cap and trade and climate change and talk now about the essentials, the war"
https://archive.org/details/MSNBC_20091130_230000_The_Ed_Show#start/1159/end/1194,11/30/2009 23:19:34,MSNBC,The Ed Show,MSNBC_20091130_230000_The_Ed_Show,https://archive.org/download/MSNBC_20091130_230000_The_Ed_Show/MSNBC_20091130_230000_The_Ed_Show.thumbs/MSNBC_20091130_230000_The_Ed_Show_000012.jpg,"terribly important. so this may be an audacious suggestion, but i would suggest we put aside the health care debate until next year, the same way we put cap and trade and climate change and talk about the essentials, the war and money. yeah, it's always about the"
https://archive.org/details/MSNBC_20091120_050000_Hardball_With_Chris_Matthews#start/3344/end/3379,11/20/2009 5:55:59,MSNBC,Hardball With Chris Matthews,MSNBC_20091120_050000_Hardball_With_Chris_Matthews,https://archive.org/download/MSNBC_20091120_050000_Hardball_With_Chris_Matthews/MSNBC_20091120_050000_Hardball_With_Chris_Matthews.thumbs/MSNBC_20091120_050000_Hardball_With_Chris_Matthews_003330.jpg,"energy? general brent scowcroft: because climate change threatens our national security. wendy r. sherman: it's crucial that america become energy independent. jackie rodgers, jr: i saw firsthand how america's dependence on foreign oil threatens our national security. terron sims, ii: stop sending our dollars overseas to be used against us. jonathan powers: america must"
https://archive.org/details/MSNBC_20091120_140000_Morning_Meeting#start/5006/end/5041,11/20/2009 15:23:41,MSNBC,Morning Meeting,MSNBC_20091120_140000_Morning_Meeting,https://archive.org/download/MSNBC_20091120_140000_Morning_Meeting/MSNBC_20091120_140000_Morning_Meeting.thumbs/MSNBC_20091120_140000_Morning_Meeting_005010.jpg,"general brent snowcroft: because climate change threatens our national security. rev. c. douglas smith: we have a responsibility to protect god's creation. ted turner: because i want jobs that are made in america. indra nooyi: because some of america's most trusted companies know clean energy will create new industries and new jobs."
https://archive.org/details/MSNBC_20091120_140000_Morning_Meeting#start/6720/end/6755,11/20/2009 15:52:15,MSNBC,Morning Meeting,MSNBC_20091120_140000_Morning_Meeting,https://archive.org/download/MSNBC_20091120_140000_Morning_Meeting/MSNBC_20091120_140000_Morning_Meeting.thumbs/MSNBC_20091120_140000_Morning_Meeting_006720.jpg,"change. all of a sudden, they are dead? look at this. 77 billion tons of carbon is locked up in the am sewn alone so there is a solution to help dealing and alleviate climate change but when you cut down that rain forest and you burn it, what do you do?"
https://archive.org/details/MSNBC_20091125_190000_MSNBC_News_Live#start/2503/end/2538,11/25/2009 19:41:58,MSNBC,MSNBC News Live,MSNBC_20091125_190000_MSNBC_News_Live,https://archive.org/download/MSNBC_20091125_190000_MSNBC_News_Live/MSNBC_20091125_190000_MSNBC_News_Live.thumbs/MSNBC_20091125_190000_MSNBC_News_Live_002453.jpg,"we get real with another way the economy affects america. the white house says president obama will soon head to copenhagen for the climate change summit. we will have the president's announcement on a missions goals straight ahead. i'd like one of those desserts and some coffee. - sure, cake or pie? - pie. - apple or cherry? - cherry.       _"
https://archive.org/details/MSNBC_20091121_020000_The_Rachel_Maddow_Show#start/2146/end/2181,11/21/2009 2:36:01,MSNBC,The Rachel Maddow Show,MSNBC_20091121_020000_The_Rachel_Maddow_Show,https://archive.org/download/MSNBC_20091121_020000_The_Rachel_Maddow_Show/MSNBC_20091121_020000_The_Rachel_Maddow_Show.thumbs/MSNBC_20091121_020000_The_Rachel_Maddow_Show_002130.jpg,"energy? general brent scowcroft: because climate change threatens our national security. wendy r. sherman: it's crucial that america become energy independent. jackie rodgers, jr: i saw firsthand how america's dependence on foreign oil threatens our national security. terron sims, ii: stop sending our dollars overseas to be used against us. jonathan powers: america must"
https://archive.org/details/MSNBC_20091121_020000_The_Rachel_Maddow_Show#start/3240/end/3275,11/21/2009 2:54:15,MSNBC,The Rachel Maddow Show,MSNBC_20091121_020000_The_Rachel_Maddow_Show,https://archive.org/download/MSNBC_20091121_020000_The_Rachel_Maddow_Show/MSNBC_20091121_020000_The_Rachel_Maddow_Show.thumbs/MSNBC_20091121_020000_The_Rachel_Maddow_Show_003240.jpg,"year industry and that will be hugely impacted by climate change. '100 heartbeats' was a year in the making. if you had to give up your job right now, which is admittedly a very cool job and you were going to instead join one of the people you met on this adventure"
https://archive.org/details/MSNBC_20091119_200000_MSNBC_News_Live#start/1681/end/1716,11/19/2009 20:28:16,MSNBC,MSNBC News Live,MSNBC_20091119_200000_MSNBC_News_Live,https://archive.org/download/MSNBC_20091119_200000_MSNBC_News_Live/MSNBC_20091119_200000_MSNBC_News_Live.thumbs/MSNBC_20091119_200000_MSNBC_News_Live_001590.jpg,"energy? general brent scowcroft: because climate change threatens our national security. wendy r. sherman: it's crucial that america become energy independent. jackie rodgers, jr: i saw firsthand how america's dependence on foreign oil threatens our national security. terron sims, ii: stop sending our dollars overseas to be used against us. jonathan powers: america must"
https://archive.org/details/MSNBC_20091125_200000_MSNBC_News_Live#start/1889/end/1924,11/25/2009 20:31:44,MSNBC,MSNBC News Live,MSNBC_20091125_200000_MSNBC_News_Live,https://archive.org/download/MSNBC_20091125_200000_MSNBC_News_Live/MSNBC_20091125_200000_MSNBC_News_Live.thumbs/MSNBC_20091125_200000_MSNBC_News_Live_001853.jpg,"york. the big picture right now the white house announced that president obama will travel to copenhagen to attend a long-awaited u.n. conference on climate change set for december 9th. the president informs copenhagen last month to bring or try to bring the olympics to chicago. this time, he will stop in"
https://archive.org/details/MSNBC_20091128_160000_MSNBC_News_Live#start/2896/end/2931,11/28/2009 16:48:31,MSNBC,MSNBC News Live,MSNBC_20091128_160000_MSNBC_News_Live,https://archive.org/download/MSNBC_20091128_160000_MSNBC_News_Live/MSNBC_20091128_160000_MSNBC_News_Live.thumbs/MSNBC_20091128_160000_MSNBC_News_Live_002880.jpg,"that are linked to climate change, but also bringing on the big emerging countries like china and india, our economic competitors, and making sure they're doing things to curve their carbon output in order to create a level playing field so that these kinds of issues are more palatable back at home."
https://archive.org/details/MSNBC_20091125_180000_Andrea_Mitchell_Reports#start/268/end/303,11/25/2009 18:04:43,MSNBC,Andrea Mitchell Reports,MSNBC_20091125_180000_Andrea_Mitchell_Reports,https://archive.org/download/MSNBC_20091125_180000_Andrea_Mitchell_Reports/MSNBC_20091125_180000_Andrea_Mitchell_Reports.thumbs/MSNBC_20091125_180000_Andrea_Mitchell_Reports_000240.jpg,"at least at this time 47% of americans favoring putting more troops in. i want to talk to you about climate change. let me just bring everyone up to date on something that's just happened i think while you've been out on the lawn. george mitchell, special envoy for the middle east has been briefing at the state"
https://archive.org/details/MSNBC_20091125_180000_Andrea_Mitchell_Reports#start/429/end/464,11/25/2009 18:07:24,MSNBC,Andrea Mitchell Reports,MSNBC_20091125_180000_Andrea_Mitchell_Reports,https://archive.org/download/MSNBC_20091125_180000_Andrea_Mitchell_Reports/MSNBC_20091125_180000_Andrea_Mitchell_Reports.thumbs/MSNBC_20091125_180000_Andrea_Mitchell_Reports_000420.jpg,"hard targets for emissions reductions that the u.s. is prepared to put on the table. targets that will be in line ultimately with the legislation that comes out of the congress. they think, look, we are making a serious commitment to climate change. of course, there's always the contrast with al gore. this was al gore on 'saturday"
https://archive.org/details/MSNBC_20091119_220000_Hardball_With_Chris_Matthews#start/1556/end/1591,11/19/2009 22:26:11,MSNBC,Hardball With Chris Matthews,MSNBC_20091119_220000_Hardball_With_Chris_Matthews,https://archive.org/download/MSNBC_20091119_220000_Hardball_With_Chris_Matthews/MSNBC_20091119_220000_Hardball_With_Chris_Matthews.thumbs/MSNBC_20091119_220000_Hardball_With_Chris_Matthews_001553.jpg,"sheryl crow: because millions of people believe it will make a better future for our children. general brent snowcroft: because climate change threatens our national security. rev. c. douglas smith: we have a responsibility to protect god's creation. ted turner: because i want jobs that are made in america. indra nooyi: because some of america's most trusted companies"
https://archive.org/details/MSNBC_20091120_220000_Hardball_With_Chris_Matthews#start/3241/end/3276,11/20/2009 22:54:16,MSNBC,Hardball With Chris Matthews,MSNBC_20091120_220000_Hardball_With_Chris_Matthews,https://archive.org/download/MSNBC_20091120_220000_Hardball_With_Chris_Matthews/MSNBC_20091120_220000_Hardball_With_Chris_Matthews.thumbs/MSNBC_20091120_220000_Hardball_With_Chris_Matthews_003210.jpg,"are you in good hands? sheryl crow: because millions of people believe it will make a better future for our children. general brent snowcroft: because climate change threatens our national security. rev. c. douglas smith: we have a responsibility to protect god's creation. ted turner: because i want jobs that are made in america. indra nooyi: because some of america's most trusted companies"
https://archive.org/details/MSNBC_20091130_210000_MSNBC_News_Live#start/1324/end/1359,11/30/2009 21:22:19,MSNBC,MSNBC News Live,MSNBC_20091130_210000_MSNBC_News_Live,https://archive.org/download/MSNBC_20091130_210000_MSNBC_News_Live/MSNBC_20091130_210000_MSNBC_News_Live.thumbs/MSNBC_20091130_210000_MSNBC_News_Live_001313.jpg,"an issue like climate change. so i think he is not fully moved into the republican camp on anything. but if you think about this, as i do, as perhaps the most important liberal social reform effort of the past half century, virtually, in had terms of strengthening the american welfare state, it is a remarkable thing. this is not a guy like ben"
https://archive.org/details/MSNBC_20091120_040000_The_Rachel_Maddow_Show#start/2707/end/2742,11/20/2009 4:45:22,MSNBC,The Rachel Maddow Show,MSNBC_20091120_040000_The_Rachel_Maddow_Show,https://archive.org/download/MSNBC_20091120_040000_The_Rachel_Maddow_Show/MSNBC_20091120_040000_The_Rachel_Maddow_Show.thumbs/MSNBC_20091120_040000_The_Rachel_Maddow_Show_002693.jpg,"i know, i know, oprah is quitting her tv show. i know but did you hear about the totally awesome geeky investigation into the last mystery of watergate? it's our moment of geek. it's coming right up. stay tuned. it will make a better future for our children. general brent snowcroft: because climate change threatens our national security. rev. c. douglas smith: we have a responsibility to protect god's creation."
