﻿URL,MatchDateTime,Station,Show,IAShowID,IAPreviewThumb,Snippet
https://archive.org/details/MSNBCW_20160122_070000_Hardball_With_Chris_Matthews#start/3255/end/3290,1/22/2016 7:54:30,MSNBC,Hardball With Chris Matthews,MSNBCW_20160122_070000_Hardball_With_Chris_Matthews,https://archive.org/download/MSNBCW_20160122_070000_Hardball_With_Chris_Matthews/MSNBCW_20160122_070000_Hardball_With_Chris_Matthews.thumbs/MSNBCW_20160122_070000_Hardball_With_Chris_Matthews_003237.jpg,"president obama spoke about making climate change a priority. mr. president, i say this with as much respect as you deserve. screw global warming."
https://archive.org/details/MSNBCW_20160122_000000_Hardball_With_Chris_Matthews#start/3231/end/3266,1/22/2016 0:54:06,MSNBC,Hardball With Chris Matthews,MSNBCW_20160122_000000_Hardball_With_Chris_Matthews,https://archive.org/download/MSNBCW_20160122_000000_Hardball_With_Chris_Matthews/MSNBCW_20160122_000000_Hardball_With_Chris_Matthews.thumbs/MSNBCW_20160122_000000_Hardball_With_Chris_Matthews_003207.jpg,"the hottest year in history. it smashed 2014's global temperature record, and it wasn't even close. but according to the 'washington post' the new figures 'could fuel debate over climate change in an election year in which the two main political parties remain divided over what to do about global warming and indeed"
https://archive.org/details/MSNBCW_20160102_130000_Up#start/1878/end/1913,1/2/2016 13:31:33,MSNBC,Up,MSNBCW_20160102_130000_Up,https://archive.org/download/MSNBCW_20160102_130000_Up/MSNBCW_20160102_130000_Up.thumbs/MSNBCW_20160102_130000_Up_001875.jpg,"had this unprecedented agreement in paris to deal with climate change is because indeed, climate change, hotter temperatures, when you hear hottest ever, driest ever, most extreme, yes, climate change is"
https://archive.org/details/MSNBCW_20160112_050000_The_Rachel_Maddow_Show#start/2585/end/2620,1/12/2016 5:43:20,MSNBC,The Rachel Maddow Show,MSNBCW_20160112_050000_The_Rachel_Maddow_Show,https://archive.org/download/MSNBCW_20160112_050000_The_Rachel_Maddow_Show/MSNBCW_20160112_050000_The_Rachel_Maddow_Show.thumbs/MSNBCW_20160112_050000_The_Rachel_Maddow_Show_002565.jpg,"than a month now. it first started in late october. these are infrared time lapse images of the huge cloud of methane that's been billowing out of a busted natural gas storage facility near porter ranch. it's releasing so much air pollution. this is the greenhouse gas"
https://archive.org/details/MSNBCW_20160101_130000_MSNBC_Live#start/21161/end/21196,1/1/2016 18:52:56,MSNBC,MSNBC Live,MSNBCW_20160101_130000_MSNBC_Live,https://archive.org/download/MSNBCW_20160101_130000_MSNBC_Live/MSNBCW_20160101_130000_MSNBC_Live.thumbs/MSNBCW_20160101_130000_MSNBC_Live_021135.jpg,"strongest we have ever seen in what just finished up as the warmest year we have ever seen, that is due to climate change. climate change is playing a role here and no longer playing a subtle role. we are seeing the impacts of climate change in increasingly"
https://archive.org/details/MSNBCW_20160101_130000_MSNBC_Live#start/21176/end/21211,1/1/2016 18:53:11,MSNBC,MSNBC Live,MSNBCW_20160101_130000_MSNBC_Live,https://archive.org/download/MSNBCW_20160101_130000_MSNBC_Live/MSNBCW_20160101_130000_MSNBC_Live.thumbs/MSNBCW_20160101_130000_MSNBC_Live_021165.jpg,"more devastating weather events, the flooding we have seen, the extreme warmth in other areas and flooding in the uk. we are seeing the impacts of climate change now with our two -- with our two eyes. what do you make of the climate change agreement?"
https://archive.org/details/MSNBCW_20160122_140000_MSNBC_Live_With_Jose_Diaz-Balart#start/2078/end/2113,1/22/2016 14:34:53,MSNBC,MSNBC Live With Jose Diaz-Balart,MSNBCW_20160122_140000_MSNBC_Live_With_Jose_Diaz-Balart,https://archive.org/download/MSNBCW_20160122_140000_MSNBC_Live_With_Jose_Diaz-Balart/MSNBCW_20160122_140000_MSNBC_Live_With_Jose_Diaz-Balart.thumbs/MSNBCW_20160122_140000_MSNBC_Live_With_Jose_Diaz-Balart_002069.jpg,"are again all the way across the southeast states, it can have an impact. a study from noaa just came out, warmest year on record. does climate change play into"
https://archive.org/details/MSNBCW_20160103_130000_PoliticsNation_With_Al_Sharpton#start/1600/end/1635,1/3/2016 13:26:55,MSNBC,PoliticsNation With Al Sharpton,MSNBCW_20160103_130000_PoliticsNation_With_Al_Sharpton,https://archive.org/download/MSNBCW_20160103_130000_PoliticsNation_With_Al_Sharpton/MSNBCW_20160103_130000_PoliticsNation_With_Al_Sharpton.thumbs/MSNBCW_20160103_130000_PoliticsNation_With_Al_Sharpton_001576.jpg,"i think there are bigger issues, except for the affordable care act rkt the two biggest elements of his legacy i believe are the iran nuclear treaty and the extraordinary almost 200-nation afwreemt on climate change in paris."
https://archive.org/details/MSNBCW_20160121_080000_All_In_With_Chris_Hayes#start/2748/end/2783,1/21/2016 8:46:03,MSNBC,All In With Chris Hayes,MSNBCW_20160121_080000_All_In_With_Chris_Hayes,https://archive.org/download/MSNBCW_20160121_080000_All_In_With_Chris_Hayes/MSNBCW_20160121_080000_All_In_With_Chris_Hayes.thumbs/MSNBCW_20160121_080000_All_In_With_Chris_Hayes_002745.jpg,"major winter storm. but that very storm which will be hitting the east coast this weekend is going to threaten a huge storm surge, part of which is due to a higher sea level due to climate change."
https://archive.org/details/MSNBCW_20160126_200000_MSNBC_Live_With_Kate_Snow#start/5703/end/5738,1/26/2016 21:35:18,MSNBC,MSNBC Live With Kate Snow,MSNBCW_20160126_200000_MSNBC_Live_With_Kate_Snow,https://archive.org/download/MSNBCW_20160126_200000_MSNBC_Live_With_Kate_Snow/MSNBCW_20160126_200000_MSNBC_Live_With_Kate_Snow.thumbs/MSNBCW_20160126_200000_MSNBC_Live_With_Kate_Snow_005698.jpg,"advanced manufacturing. we also have a great opportunity when it comes to combatting climate change. there are millions of new jobs and businesses and moving from fossil fuels to clean, renewable energy, and the republicans refuse either to accept climate"
https://archive.org/details/MSNBCW_20160112_140000_MSNBC_Live_With_Jose_Diaz-Balart#start/1903/end/1938,1/12/2016 14:31:58,MSNBC,MSNBC Live With Jose Diaz-Balart,MSNBCW_20160112_140000_MSNBC_Live_With_Jose_Diaz-Balart,https://archive.org/download/MSNBCW_20160112_140000_MSNBC_Live_With_Jose_Diaz-Balart/MSNBCW_20160112_140000_MSNBC_Live_With_Jose_Diaz-Balart.thumbs/MSNBCW_20160112_140000_MSNBC_Live_With_Jose_Diaz-Balart_001875.jpg,"no existential threats, what about isis? we're going to go after them, we going to defeat them. no question about that. we have the greatest economy world in the world. people look to us to move agendas forward. climate change, going after"
https://archive.org/details/MSNBCW_20160118_040000_NBC_News_Special_Democratic_Debate#start/566/end/601,1/18/2016 4:09:41,MSNBC,NBC News Special Democratic Debate,MSNBCW_20160118_040000_NBC_News_Special_Democratic_Debate,https://archive.org/download/MSNBCW_20160118_040000_NBC_News_Special_Democratic_Debate/MSNBCW_20160118_040000_NBC_News_Special_Democratic_Debate.thumbs/MSNBCW_20160118_040000_NBC_News_Special_Democratic_Debate_000555.jpg,"neighbors out of the underground shadow economy by passing comprehensive immigration reform. raising the minimum wage top $15 an hour, however we can, wherever we can. secondly, i believe the greatest business opportunity to come to the united states of america in 100 years is climate change."
https://archive.org/details/MSNBCW_20160118_040000_NBC_News_Special_Democratic_Debate#start/4027/end/4062,1/18/2016 5:07:22,MSNBC,NBC News Special Democratic Debate,MSNBCW_20160118_040000_NBC_News_Special_Democratic_Debate,https://archive.org/download/MSNBCW_20160118_040000_NBC_News_Special_Democratic_Debate/MSNBCW_20160118_040000_NBC_News_Special_Democratic_Debate.thumbs/MSNBCW_20160118_040000_NBC_News_Special_Democratic_Debate_004005.jpg,"some countries have acted to make this transition, here at home we get a whopping 82% of our energy from coal, oil, and natural gas. in the u.s. political gridlock, pressure from industry lobbyists, and insufficient r&d have made an already tough battle against climate change"
https://archive.org/details/MSNBCW_20160102_130000_Up#start/1833/end/1868,1/2/2016 13:30:48,MSNBC,Up,MSNBCW_20160102_130000_Up,https://archive.org/download/MSNBCW_20160102_130000_Up/MSNBCW_20160102_130000_Up.thumbs/MSNBCW_20160102_130000_Up_001815.jpg,"setting, that's a good sign that on top of a whatever local weather patterns there are or regional like el nino, global warming, fossil fuel driven climate change is putting its finger on the scale and juicing"
https://archive.org/details/MSNBCW_20160118_040000_NBC_News_Special_Democratic_Debate#start/3981/end/4016,1/18/2016 5:06:36,MSNBC,NBC News Special Democratic Debate,MSNBCW_20160118_040000_NBC_News_Special_Democratic_Debate,https://archive.org/download/MSNBCW_20160118_040000_NBC_News_Special_Democratic_Debate/MSNBCW_20160118_040000_NBC_News_Special_Democratic_Debate.thumbs/MSNBCW_20160118_040000_NBC_News_Special_Democratic_Debate_003975.jpg,"capital gains at the same rate as we tax earnings from sweat and hard work and toil, we can make the investments we need to make to make our country better. we have a lot to ground to cover here. many democratic voters are passionate about the need to do something to combat the threat of climate change, including the"
https://archive.org/details/MSNBCW_20160122_070000_Hardball_With_Chris_Matthews#start/3239/end/3274,1/22/2016 7:54:14,MSNBC,Hardball With Chris Matthews,MSNBCW_20160122_070000_Hardball_With_Chris_Matthews,https://archive.org/download/MSNBCW_20160122_070000_Hardball_With_Chris_Matthews/MSNBCW_20160122_070000_Hardball_With_Chris_Matthews.thumbs/MSNBCW_20160122_070000_Hardball_With_Chris_Matthews_003237.jpg,"but according to the 'washington post' the new figures 'could fuel debate over climate change in an election year in which the two main political parties remain divided over what to do about global warming and indeed whether it exists or not.' here's some reaction from the right politically after"
https://archive.org/details/MSNBCW_20160101_130000_MSNBC_Live#start/21331/end/21366,1/1/2016 18:55:46,MSNBC,MSNBC Live,MSNBCW_20160101_130000_MSNBC_Live,https://archive.org/download/MSNBCW_20160101_130000_MSNBC_Live/MSNBCW_20160101_130000_MSNBC_Live.thumbs/MSNBCW_20160101_130000_MSNBC_Live_021315.jpg,"worse. as the global continues to warm. some amount. just in response to the greenhouse gases we have already pumped into the atmosphere. so, you know, think of the climate system, think of the global climate as an ocean tanker."
https://archive.org/details/MSNBCW_20160122_000000_Hardball_With_Chris_Matthews#start/3373/end/3408,1/22/2016 0:56:28,MSNBC,Hardball With Chris Matthews,MSNBCW_20160122_000000_Hardball_With_Chris_Matthews,https://archive.org/download/MSNBCW_20160122_000000_Hardball_With_Chris_Matthews/MSNBCW_20160122_000000_Hardball_With_Chris_Matthews.thumbs/MSNBCW_20160122_000000_Hardball_With_Chris_Matthews_003357.jpg,"reported, was a scorcher. what has caused the scorch year? so the long-term trends, that's really what's most important. this record would not have happened without those long-term trends. they're being driven mainly by the increase in greenhouse gases. and that's dominated by carbon"
https://archive.org/details/MSNBCW_20160122_000000_Hardball_With_Chris_Matthews#start/3263/end/3298,1/22/2016 0:54:38,MSNBC,Hardball With Chris Matthews,MSNBCW_20160122_000000_Hardball_With_Chris_Matthews,https://archive.org/download/MSNBCW_20160122_000000_Hardball_With_Chris_Matthews/MSNBCW_20160122_000000_Hardball_With_Chris_Matthews.thumbs/MSNBCW_20160122_000000_Hardball_With_Chris_Matthews_003237.jpg,"with as much respect as you deserve. screw global warming. what the hell is wrong with you? if you actually believe that global warming is the biggest problem we face, with terror all"
https://archive.org/details/MSNBCW_20160122_070000_Hardball_With_Chris_Matthews#start/3424/end/3459,1/22/2016 7:57:19,MSNBC,Hardball With Chris Matthews,MSNBCW_20160122_070000_Hardball_With_Chris_Matthews,https://archive.org/download/MSNBCW_20160122_070000_Hardball_With_Chris_Matthews/MSNBCW_20160122_070000_Hardball_With_Chris_Matthews.thumbs/MSNBCW_20160122_070000_Hardball_With_Chris_Matthews_003417.jpg,"actually going on, the heat in the ocean, the heat in the atmosphere, there's only one thing that really fits and that's the increase of greenhouse gases. those are totally attributable to most of the trend that you've seen over the last 40 years. and last question, what's the danger here, say, over the"
https://archive.org/details/MSNBCW_20160122_000000_Hardball_With_Chris_Matthews#start/3420/end/3455,1/22/2016 0:57:15,MSNBC,Hardball With Chris Matthews,MSNBCW_20160122_000000_Hardball_With_Chris_Matthews,https://archive.org/download/MSNBCW_20160122_000000_Hardball_With_Chris_Matthews/MSNBCW_20160122_000000_Hardball_With_Chris_Matthews.thumbs/MSNBCW_20160122_000000_Hardball_With_Chris_Matthews_003417.jpg,"they change the climate. and when we look at what's actually going on, the heat in the ocean, the heat in the atmosphere, there's only one thing that really fits and that's the increase of greenhouse gases. those are totally attributable to most of the trend that you've seen over the last 40 years. and last question, what's the"
https://archive.org/details/MSNBCW_20160101_130000_MSNBC_Live#start/21316/end/21351,1/1/2016 18:55:31,MSNBC,MSNBC Live,MSNBCW_20160101_130000_MSNBC_Live,https://archive.org/download/MSNBCW_20160101_130000_MSNBC_Live/MSNBCW_20160101_130000_MSNBC_Live.thumbs/MSNBCW_20160101_130000_MSNBC_Live_021315.jpg,"once the effects of climate change become this apparent, become this visible to us, it means there's a whole lot of climate change now that's baked in that we haven't even seen yet. a whole lot of climate change impacts that are going to get"
https://archive.org/details/MSNBCW_20160130_190000_The_Place_for_Politics_2016#start/12092/end/12127,1/30/2016 22:21:47,MSNBC,The Place for Politics 2016,MSNBCW_20160130_190000_The_Place_for_Politics_2016,https://archive.org/download/MSNBCW_20160130_190000_The_Place_for_Politics_2016/MSNBCW_20160130_190000_The_Place_for_Politics_2016.thumbs/MSNBCW_20160130_190000_The_Place_for_Politics_2016_012087.jpg,"hopefully we'll implement here. here's what i don't understand. i'm not quite sure that they really don't believe in climate change. i think the koch brothers tell them not to believe in climate change so then they don't believe in climate change because they want to keep them on their side."
https://archive.org/details/MSNBCW_20160122_070000_Hardball_With_Chris_Matthews#start/3392/end/3427,1/22/2016 7:56:47,MSNBC,Hardball With Chris Matthews,MSNBCW_20160122_070000_Hardball_With_Chris_Matthews,https://archive.org/download/MSNBCW_20160122_070000_Hardball_With_Chris_Matthews/MSNBCW_20160122_070000_Hardball_With_Chris_Matthews.thumbs/MSNBCW_20160122_070000_Hardball_With_Chris_Matthews_003387.jpg,"they're being driven mainly by the increase in greenhouse gases. and that's dominated by carbon dioxide, which comes from the burning of fossil fuels, oil, gas, and the like. so the heat's being captured within the atmosphere. is it a trend or is it a cycle? some people say we're just going through a cycle. i'm giving you the devil's advocate role here. no. it's a trend."
https://archive.org/details/MSNBCW_20160101_110000_Morning_Joe#start/5575/end/5610,1/1/2016 12:33:10,MSNBC,Morning Joe,MSNBCW_20160101_110000_Morning_Joe,https://archive.org/download/MSNBCW_20160101_110000_Morning_Joe/MSNBCW_20160101_110000_Morning_Joe.thumbs/MSNBCW_20160101_110000_Morning_Joe_005565.jpg,"grade the president of the united states on national security right now. fist, mike, let me say this. the president is focussed on the wrong climate change. the climate change we need is in this country."
https://archive.org/details/MSNBCW_20160101_110000_Morning_Joe#start/5637/end/5672,1/1/2016 12:34:12,MSNBC,Morning Joe,MSNBCW_20160101_110000_Morning_Joe,https://archive.org/download/MSNBCW_20160101_110000_Morning_Joe/MSNBCW_20160101_110000_Morning_Joe.thumbs/MSNBCW_20160101_110000_Morning_Joe_005625.jpg,"said i'm going to wait and see what france does. following up on the climate change question, do you believe in climate change? is it occurring? climates always changing and we cannot say that our activity"
https://archive.org/details/MSNBCW_20160112_090000_The_Rachel_Maddow_Show#start/2590/end/2625,1/12/2016 9:43:25,MSNBC,The Rachel Maddow Show,MSNBCW_20160112_090000_The_Rachel_Maddow_Show,https://archive.org/download/MSNBCW_20160112_090000_The_Rachel_Maddow_Show/MSNBCW_20160112_090000_The_Rachel_Maddow_Show.thumbs/MSNBCW_20160112_090000_The_Rachel_Maddow_Show_002566.jpg,"this is the greenhouse gas equivalent of driving 7 million cars every day. bloomberg news says that the leak is releasing enough methane to fill the entire empire state building every day. and it's been leaking like this since october."
https://archive.org/details/MSNBCW_20160101_130000_MSNBC_Live#start/21300/end/21335,1/1/2016 18:55:15,MSNBC,MSNBC Live,MSNBCW_20160101_130000_MSNBC_Live,https://archive.org/download/MSNBCW_20160101_130000_MSNBC_Live/MSNBCW_20160101_130000_MSNBC_Live.thumbs/MSNBCW_20160101_130000_MSNBC_Live_021285.jpg,"predictions.' take us through everything the public cannot see that makes it the climate change makes a huge difference in. yeah, well, what we can't see, i me, the impacts of climate change are the tip of the iceberg which is to say that"
https://archive.org/details/MSNBCW_20160126_200000_MSNBC_Live_With_Kate_Snow#start/5735/end/5770,1/26/2016 21:35:50,MSNBC,MSNBC Live With Kate Snow,MSNBCW_20160126_200000_MSNBC_Live_With_Kate_Snow,https://archive.org/download/MSNBCW_20160126_200000_MSNBC_Live_With_Kate_Snow/MSNBCW_20160126_200000_MSNBC_Live_With_Kate_Snow.thumbs/MSNBCW_20160126_200000_MSNBC_Live_With_Kate_Snow_005728.jpg,"what do you think of climate change, and the response is usually, well, i don't know, i'm not a scientist. honestly, the quickest answer to that is, go talk to one! go to luther college. you'll find people who can explain climate change to you and tell you what's going on in"
https://archive.org/details/MSNBCW_20160112_020000_The_Rachel_Maddow_Show#start/2597/end/2632,1/12/2016 2:43:32,MSNBC,The Rachel Maddow Show,MSNBCW_20160112_020000_The_Rachel_Maddow_Show,https://archive.org/download/MSNBCW_20160112_020000_The_Rachel_Maddow_Show/MSNBCW_20160112_020000_The_Rachel_Maddow_Show.thumbs/MSNBCW_20160112_020000_The_Rachel_Maddow_Show_002595.jpg,"methane that's been billowing out of a busted natural gas storage facility near porter ranch. it's releasing so much air pollution. this is the greenhouse gas equivalent of driving 7 million cars every day. bloomberg news says that the leak is releasing enough methane to fill the entire empire state"
https://archive.org/details/MSNBCW_20160105_110000_Morning_Joe#start/4503/end/4538,1/5/2016 12:15:18,MSNBC,Morning Joe,MSNBCW_20160105_110000_Morning_Joe,https://archive.org/download/MSNBCW_20160105_110000_Morning_Joe/MSNBCW_20160105_110000_Morning_Joe.thumbs/MSNBCW_20160105_110000_Morning_Joe_004486.jpg,"fund planned parenthood. fund global warming. fund the syrian refugee program where they are going to pour into the country. they got everything. i'm saying where are the"
https://archive.org/details/MSNBCW_20160105_103000_Way_Too_Early#start/220/end/255,1/5/2016 10:33:55,MSNBC,Way Too Early,MSNBCW_20160105_103000_Way_Too_Early,https://archive.org/download/MSNBCW_20160105_103000_Way_Too_Early/MSNBCW_20160105_103000_Way_Too_Early.thumbs/MSNBCW_20160105_103000_Way_Too_Early_000195.jpg,"fund global warming. fund the syrian refugee program where they're going to pour into the country. they got everything. i'm saying where are the republicans? where is the leadership?"
https://archive.org/details/MSNBCW_20160126_060000_The_Last_Word_With_Lawrence_ODonnell#start/3394/end/3429,1/26/2016 6:56:49,MSNBC,The Last Word With Lawrence ODonnell,MSNBCW_20160126_060000_The_Last_Word_With_Lawrence_ODonnell,https://archive.org/download/MSNBCW_20160126_060000_The_Last_Word_With_Lawrence_ODonnell/MSNBCW_20160126_060000_The_Last_Word_With_Lawrence_ODonnell.thumbs/MSNBCW_20160126_060000_The_Last_Word_With_Lawrence_ODonnell_003387.jpg,"cause of global warming but also a woman's right to choose and also equal marriage rights, i mean, donald trump is not great on any of this, but cruz has really gone out of his way for a"
https://archive.org/details/MSNBCW_20160102_150000_Melissa_Harris-Perry#start/6239/end/6274,1/2/2016 16:44:14,MSNBC,Melissa Harris-Perry,MSNBCW_20160102_150000_Melissa_Harris-Perry,https://archive.org/download/MSNBCW_20160102_150000_Melissa_Harris-Perry/MSNBCW_20160102_150000_Melissa_Harris-Perry.thumbs/MSNBCW_20160102_150000_Melissa_Harris-Perry_006225.jpg,"and tragically, the nfl, you know, using people like ari fliash fleisher who worked with bush is trying to turn football into a kind of red state/blue state global warming issue where you choose not to believe the"
https://archive.org/details/MSNBCW_20160122_000000_Hardball_With_Chris_Matthews#start/2984/end/3019,1/22/2016 0:49:59,MSNBC,Hardball With Chris Matthews,MSNBCW_20160122_000000_Hardball_With_Chris_Matthews,https://archive.org/download/MSNBCW_20160122_000000_Hardball_With_Chris_Matthews/MSNBCW_20160122_000000_Hardball_With_Chris_Matthews.thumbs/MSNBCW_20160122_000000_Hardball_With_Chris_Matthews_002967.jpg,"up next, 2015 breaks a record for the world's hottest year ever. why isn't climate change accepted as reality?"
https://archive.org/details/MSNBCW_20160122_170000_Andrea_Mitchell_Reports#start/1326/end/1361,1/22/2016 17:22:21,MSNBC,Andrea Mitchell Reports,MSNBCW_20160122_170000_Andrea_Mitchell_Reports,https://archive.org/download/MSNBCW_20160122_170000_Andrea_Mitchell_Reports/MSNBCW_20160122_170000_Andrea_Mitchell_Reports.thumbs/MSNBCW_20160122_170000_Andrea_Mitchell_Reports_001318.jpg,"bernie will fight for a living wage. green has lots of experience. bernie will combat climate change. green is more experience."
https://archive.org/details/MSNBCW_20160126_030000_The_Last_Word_With_Lawrence_ODonnell#start/3419/end/3454,1/26/2016 3:57:14,MSNBC,The Last Word With Lawrence ODonnell,MSNBCW_20160126_030000_The_Last_Word_With_Lawrence_ODonnell,https://archive.org/download/MSNBCW_20160126_030000_The_Last_Word_With_Lawrence_ODonnell/MSNBCW_20160126_030000_The_Last_Word_With_Lawrence_ODonnell.thumbs/MSNBCW_20160126_030000_The_Last_Word_With_Lawrence_ODonnell_003418.jpg,"right issues not only rejecting even the possibility of human cause of global warming but also a woman's right to choose and also equal marriage rights, i mean, donald trump is not great on any of this, but cruz has"
https://archive.org/details/MSNBCW_20160119_140000_MSNBC_Live_With_Jose_Diaz-Balart#start/5762/end/5797,1/19/2016 15:36:17,MSNBC,MSNBC Live With Jose Diaz-Balart,MSNBCW_20160119_140000_MSNBC_Live_With_Jose_Diaz-Balart,https://archive.org/download/MSNBCW_20160119_140000_MSNBC_Live_With_Jose_Diaz-Balart/MSNBCW_20160119_140000_MSNBC_Live_With_Jose_Diaz-Balart.thumbs/MSNBCW_20160119_140000_MSNBC_Live_With_Jose_Diaz-Balart_005745.jpg,"will create a lot of jobs for working people, good paying jobs for working people. so when you look at latino communities, they absolutely support progressive environmental rules and progressive change to respond to the climate crisis more than any"
https://archive.org/details/MSNBCW_20160101_110000_Morning_Joe#start/5289/end/5324,1/1/2016 12:28:24,MSNBC,Morning Joe,MSNBCW_20160101_110000_Morning_Joe,https://archive.org/download/MSNBCW_20160101_110000_Morning_Joe/MSNBCW_20160101_110000_Morning_Joe.thumbs/MSNBCW_20160101_110000_Morning_Joe_005265.jpg,"the conversation turned to climate change, immigration reform and whether the governor has a volcanic temperature. you know, voters, there are colorful voters in the crowd in"
https://archive.org/details/MSNBCW_20160120_230000_With_All_Due_Respect#start/2350/end/2385,1/20/2016 23:39:25,MSNBC,With All Due Respect,MSNBCW_20160120_230000_With_All_Due_Respect,https://archive.org/download/MSNBCW_20160120_230000_With_All_Due_Respect/MSNBCW_20160120_230000_With_All_Due_Respect.thumbs/MSNBCW_20160120_230000_With_All_Due_Respect_002325.jpg,"he feels free to make outrageous statements about muslims celebrating on a roof top. he feels free to say that climate change is a hoax created"
https://archive.org/details/MSNBCW_20160122_000000_Hardball_With_Chris_Matthews#start/3244/end/3279,1/22/2016 0:54:19,MSNBC,Hardball With Chris Matthews,MSNBCW_20160122_000000_Hardball_With_Chris_Matthews,https://archive.org/download/MSNBCW_20160122_000000_Hardball_With_Chris_Matthews/MSNBCW_20160122_000000_Hardball_With_Chris_Matthews.thumbs/MSNBCW_20160122_000000_Hardball_With_Chris_Matthews_003237.jpg,"whether it exists or not.' here's some reaction from the right politically after president obama spoke about making climate change a priority. mr. president, i say this"
https://archive.org/details/MSNBCW_20160131_190000_Meet_the_Press#start/928/end/963,1/31/2016 19:15:43,MSNBC,Meet the Press,MSNBCW_20160131_190000_Meet_the_Press,https://archive.org/download/MSNBCW_20160131_190000_Meet_the_Press/MSNBCW_20160131_190000_Meet_the_Press.thumbs/MSNBCW_20160131_190000_Meet_the_Press_000927.jpg,"the federal level. so i'm in favor of giving the department of environmental protection a mandate that they go out and design a cap and trade or a carbon tax program and bring it back to the legislature for ratification some time in the next two years. all right. we gave you full context there."
https://archive.org/details/MSNBCW_20160122_070000_Hardball_With_Chris_Matthews#start/3275/end/3310,1/22/2016 7:54:50,MSNBC,Hardball With Chris Matthews,MSNBCW_20160122_070000_Hardball_With_Chris_Matthews,https://archive.org/download/MSNBCW_20160122_070000_Hardball_With_Chris_Matthews/MSNBCW_20160122_070000_Hardball_With_Chris_Matthews.thumbs/MSNBCW_20160122_070000_Hardball_With_Chris_Matthews_003267.jpg,"what the hell is wrong with you? if you actually believe that global warming is the biggest problem we face, with terror all around the world and $18 trillion debt, 9 of which is yours, no real allies left that trust us, riots in our streets, riots in our university"
https://archive.org/details/MSNBCW_20160101_130000_MSNBC_Live#start/21268/end/21303,1/1/2016 18:54:43,MSNBC,MSNBC Live,MSNBCW_20160101_130000_MSNBC_Live,https://archive.org/download/MSNBCW_20160101_130000_MSNBC_Live/MSNBCW_20160101_130000_MSNBC_Live.thumbs/MSNBCW_20160101_130000_MSNBC_Live_021255.jpg,"el nino on record and global warming is part of it. the fact that the world oceans are warmer than they have ever been is part of why we are seeing such warmth in that region of the oceans and we know that when that region, the eastern tropical pacific, gets"
https://archive.org/details/MSNBCW_20160118_040000_NBC_News_Special_Democratic_Debate#start/4101/end/4136,1/18/2016 5:08:36,MSNBC,NBC News Special Democratic Debate,MSNBCW_20160118_040000_NBC_News_Special_Democratic_Debate,https://archive.org/download/MSNBCW_20160118_040000_NBC_News_Special_Democratic_Debate/MSNBCW_20160118_040000_NBC_News_Special_Democratic_Debate.thumbs/MSNBCW_20160118_040000_NBC_News_Special_Democratic_Debate_004095.jpg,"scientists. it is beyond my comprehension how we can elect a president of the united states, somebody like trump who believes that climate change is a hoax, invented by the chinese."
https://archive.org/details/MSNBCW_20160102_130000_Up#start/1801/end/1836,1/2/2016 13:30:16,MSNBC,Up,MSNBCW_20160102_130000_Up,https://archive.org/download/MSNBCW_20160102_130000_Up/MSNBCW_20160102_130000_Up.thumbs/MSNBCW_20160102_130000_Up_001785.jpg,"leaders, obama calling it the most ambitious deal in history. joining us is joseph rome, author of the book 'climate change' what everyone needs to know. thanks for being here right now"
https://archive.org/details/MSNBCW_20160102_130000_Up#start/1991/end/2026,1/2/2016 13:33:26,MSNBC,Up,MSNBCW_20160102_130000_Up,https://archive.org/download/MSNBCW_20160102_130000_Up/MSNBCW_20160102_130000_Up.thumbs/MSNBCW_20160102_130000_Up_001965.jpg,"droughts, more intense flooding, we're seeing more record setting events, more extreme events. how would you grade this administration's work on climate change, it was something that president obama was very clear"
https://archive.org/details/MSNBCW_20160103_130000_PoliticsNation_With_Al_Sharpton#start/1485/end/1520,1/3/2016 13:25:00,MSNBC,PoliticsNation With Al Sharpton,MSNBCW_20160103_130000_PoliticsNation_With_Al_Sharpton,https://archive.org/download/MSNBCW_20160103_130000_PoliticsNation_With_Al_Sharpton/MSNBCW_20160103_130000_PoliticsNation_With_Al_Sharpton.thumbs/MSNBCW_20160103_130000_PoliticsNation_With_Al_Sharpton_001426.jpg,"office. in 2015 he defied expectations of 'lame duck' status with historic actions on cuba, climate change and more, and at this, at his year-end news conference, he said he's not"
https://archive.org/details/MSNBCW_20160101_130000_MSNBC_Live#start/21130/end/21165,1/1/2016 18:52:25,MSNBC,MSNBC Live,MSNBCW_20160101_130000_MSNBC_Live,https://archive.org/download/MSNBCW_20160101_130000_MSNBC_Live/MSNBCW_20160101_130000_MSNBC_Live.thumbs/MSNBCW_20160101_130000_MSNBC_Live_021105.jpg,"they say el knee know causing, quote, weather chaos. to discuss this, michael mann, professor at penn state university and author of 'dire predictions: understanding climate change.' michael, how do you think the"
https://archive.org/details/MSNBCW_20160118_230000_The_Place_for_Politics_2016#start/61/end/96,1/18/2016 23:01:16,MSNBC,The Place for Politics 2016,MSNBCW_20160118_230000_The_Place_for_Politics_2016,https://archive.org/download/MSNBCW_20160118_230000_The_Place_for_Politics_2016/MSNBCW_20160118_230000_The_Place_for_Politics_2016.thumbs/MSNBCW_20160118_230000_The_Place_for_Politics_2016_000046.jpg,"the middle class. i don't get personal speaking fees from goldman sachs. can i get 30 seconds, too. somebody like trump believes that climate change is a hoax invented by the chinese."
https://archive.org/details/MSNBCW_20160119_230000_With_All_Due_Respect#start/2627/end/2662,1/19/2016 23:44:02,MSNBC,With All Due Respect,MSNBCW_20160119_230000_With_All_Due_Respect,https://archive.org/download/MSNBCW_20160119_230000_With_All_Due_Respect/MSNBCW_20160119_230000_With_All_Due_Respect.thumbs/MSNBCW_20160119_230000_With_All_Due_Respect_002625.jpg,"recently, and new hampshire was amazing. the people were -- it was so cold, there was one little group of -- despite global warming, you hear all about, you know, it was so cold. it was windchill below zero. and people are standing outside for hours, trying to get in. and then you'll hear the"
https://archive.org/details/MSNBCW_20160122_000000_Hardball_With_Chris_Matthews#start/3309/end/3344,1/22/2016 0:55:24,MSNBC,Hardball With Chris Matthews,MSNBCW_20160122_000000_Hardball_With_Chris_Matthews,https://archive.org/download/MSNBCW_20160122_000000_Hardball_With_Chris_Matthews/MSNBCW_20160122_000000_Hardball_With_Chris_Matthews.thumbs/MSNBCW_20160122_000000_Hardball_With_Chris_Matthews_003297.jpg,"no, it's true. i want really immaculate air. i want clean crystal water. i want a lot of things. it is a disgrace what's going on. and to have this man embarrass us by standing up and saying that global warming is our biggest threat, we've got to get him out so fast and thank"
https://archive.org/details/MSNBCW_20160130_190000_The_Place_for_Politics_2016#start/12046/end/12081,1/30/2016 22:21:01,MSNBC,The Place for Politics 2016,MSNBCW_20160130_190000_The_Place_for_Politics_2016,https://archive.org/download/MSNBCW_20160130_190000_The_Place_for_Politics_2016/MSNBCW_20160130_190000_The_Place_for_Politics_2016.thumbs/MSNBCW_20160130_190000_The_Place_for_Politics_2016_012027.jpg,"the rural economy by drawing back manufacturing, change the tax -- give people tax breaks for exporting jobs and moving them overseas and if we combat climate change by investing more in clean, renewable energy,"
https://archive.org/details/MSNBCW_20160130_190000_The_Place_for_Politics_2016#start/12062/end/12097,1/30/2016 22:21:17,MSNBC,The Place for Politics 2016,MSNBCW_20160130_190000_The_Place_for_Politics_2016,https://archive.org/download/MSNBCW_20160130_190000_The_Place_for_Politics_2016/MSNBCW_20160130_190000_The_Place_for_Politics_2016.thumbs/MSNBCW_20160130_190000_The_Place_for_Politics_2016_012057.jpg,"something iowa has been a leader in and we can build on that to create more economic opportunity. it's always amazing to me when the republicans are asked about climate change and they say,"
https://archive.org/details/MSNBCW_20160101_130000_MSNBC_Live#start/21284/end/21319,1/1/2016 18:54:59,MSNBC,MSNBC Live,MSNBCW_20160101_130000_MSNBC_Live,https://archive.org/download/MSNBCW_20160101_130000_MSNBC_Live/MSNBCW_20160101_130000_MSNBC_Live.thumbs/MSNBCW_20160101_130000_MSNBC_Live_021285.jpg,"warm enough, it impacts global weather patterns around the world and what we're seeing to some extent is effect of el nino but it's been super charged by climate change. your book is 'dire"
https://archive.org/details/MSNBCW_20160102_130000_Up#start/1860/end/1895,1/2/2016 13:31:15,MSNBC,Up,MSNBCW_20160102_130000_Up,https://archive.org/download/MSNBCW_20160102_130000_Up/MSNBCW_20160102_130000_Up.thumbs/MSNBCW_20160102_130000_Up_001845.jpg,"thinking that climate change is harming people right now. how do you put those two together. what you just said and what americans think? it's -- the scientific community has been clear for many years, and the reason we"
https://archive.org/details/MSNBCW_20160115_110000_Morning_Joe#start/9697/end/9732,1/15/2016 13:41:52,MSNBC,Morning Joe,MSNBCW_20160115_110000_Morning_Joe,https://archive.org/download/MSNBCW_20160115_110000_Morning_Joe/MSNBCW_20160115_110000_Morning_Joe.thumbs/MSNBCW_20160115_110000_Morning_Joe_009675.jpg,"in advanced manufacturing and that tice very neatly in what we have to do to combat climate change which is an economic opportunity for a generation if not more in putting, you know, clean renewable energy to the"
https://archive.org/details/MSNBCW_20160122_140000_MSNBC_Live_With_Jose_Diaz-Balart#start/2111/end/2146,1/22/2016 14:35:26,MSNBC,MSNBC Live With Jose Diaz-Balart,MSNBCW_20160122_140000_MSNBC_Live_With_Jose_Diaz-Balart,https://archive.org/download/MSNBCW_20160122_140000_MSNBC_Live_With_Jose_Diaz-Balart/MSNBCW_20160122_140000_MSNBC_Live_With_Jose_Diaz-Balart.thumbs/MSNBCW_20160122_140000_MSNBC_Live_With_Jose_Diaz-Balart_002098.jpg,"againyear. this isn't a climate change storm, just like there's no such thing as an el nino storm. butch we do see a trend for these storms is inacrossing throughout tloou the years. just long range questions."
https://archive.org/details/MSNBCW_20160126_103000_Way_Too_Early#start/164/end/199,1/26/2016 10:32:59,MSNBC,Way Too Early,MSNBCW_20160126_103000_Way_Too_Early,https://archive.org/download/MSNBCW_20160126_103000_Way_Too_Early/MSNBCW_20160126_103000_Way_Too_Early.thumbs/MSNBCW_20160126_103000_Way_Too_Early_000147.jpg,"see where hillary clinton was on this issue. in terms of climate change, on day one, i said the keystone pipeline is a dumb idea. [ applause ] why did it take hillary clinton such a long time before she came"
https://archive.org/details/MSNBCW_20160101_130000_MSNBC_Live#start/21144/end/21179,1/1/2016 18:52:39,MSNBC,MSNBC Live,MSNBCW_20160101_130000_MSNBC_Live,https://archive.org/download/MSNBCW_20160101_130000_MSNBC_Live/MSNBCW_20160101_130000_MSNBC_Live.thumbs/MSNBCW_20160101_130000_MSNBC_Live_021135.jpg,"extremes of the storms this last month changes public opinion possibly on climate change? well, you know, we are see unprecedented weather around the u.s. and the world and part of it is due to el nino and the"
https://archive.org/details/MSNBCW_20160117_150000_Melissa_Harris-Perry#start/4971/end/5006,1/17/2016 16:23:06,MSNBC,Melissa Harris-Perry,MSNBCW_20160117_150000_Melissa_Harris-Perry,https://archive.org/download/MSNBCW_20160117_150000_Melissa_Harris-Perry/MSNBCW_20160117_150000_Melissa_Harris-Perry.thumbs/MSNBCW_20160117_150000_Melissa_Harris-Perry_004965.jpg,"senator believes that climate change is one of the greatest threats to our national security. advocating for hard-working everyday americans, standing up to wall street. i think a few folks are getting nervous. look, our fundraising i think"
https://archive.org/details/MSNBCW_20160107_200000_MSNBC_Live_With_Kate_Snow#start/6144/end/6179,1/7/2016 21:42:39,MSNBC,MSNBC Live With Kate Snow,MSNBCW_20160107_200000_MSNBC_Live_With_Kate_Snow,https://archive.org/download/MSNBCW_20160107_200000_MSNBC_Live_With_Kate_Snow/MSNBCW_20160107_200000_MSNBC_Live_With_Kate_Snow.thumbs/MSNBCW_20160107_200000_MSNBC_Live_With_Kate_Snow_006136.jpg,"more climate change gas than what many thought was possible. why can't they find the leak? it sounds silly, but stop it up, stop it. like the deepwater horizon took 87 days fix and this will"
https://archive.org/details/MSNBCW_20160124_190000_Meet_the_Press#start/773/end/808,1/24/2016 19:13:08,MSNBC,Meet the Press,MSNBCW_20160124_190000_Meet_the_Press,https://archive.org/download/MSNBCW_20160124_190000_Meet_the_Press/MSNBCW_20160124_190000_Meet_the_Press.thumbs/MSNBCW_20160124_190000_Meet_the_Press_000747.jpg,"trump, a guy who does not want to raise the minimum wage but wants to give hundreds of billions of dollars in tax breaks to the top 0.2% of 1% who thinks climate change is a hoax"
https://archive.org/details/MSNBCW_20160122_070000_Hardball_With_Chris_Matthews#start/3468/end/3503,1/22/2016 7:58:03,MSNBC,Hardball With Chris Matthews,MSNBCW_20160122_070000_Hardball_With_Chris_Matthews,https://archive.org/download/MSNBCW_20160122_070000_Hardball_With_Chris_Matthews/MSNBCW_20160122_070000_Hardball_With_Chris_Matthews.thumbs/MSNBCW_20160122_070000_Hardball_With_Chris_Matthews_003447.jpg,"being the hottest year on record. he wrote it today. let's take a look at what ted cruz said yesterday about the scientific measurement of climate change. the computer models predicted that the earth would warm dramatically."
https://archive.org/details/MSNBCW_20160102_130000_Up#start/1784/end/1819,1/2/2016 13:29:59,MSNBC,Up,MSNBCW_20160102_130000_Up,https://archive.org/download/MSNBCW_20160102_130000_Up/MSNBCW_20160102_130000_Up.thumbs/MSNBCW_20160102_130000_Up_001785.jpg,"some areas getting nearly 30 inches of snow. it's also with been the deadliest december for tornadoes in the u.s. since 1953. all this happening on the heels of a historic climate change agreement signed in paris by president obama and other world"
https://archive.org/details/MSNBCW_20160118_040000_NBC_News_Special_Democratic_Debate#start/4072/end/4107,1/18/2016 5:08:07,MSNBC,NBC News Special Democratic Debate,MSNBCW_20160118_040000_NBC_News_Special_Democratic_Debate,https://archive.org/download/MSNBCW_20160118_040000_NBC_News_Special_Democratic_Debate/MSNBCW_20160118_040000_NBC_News_Special_Democratic_Debate.thumbs/MSNBCW_20160118_040000_NBC_News_Special_Democratic_Debate_004065.jpg,"and the energy committees. the debate is over. climate change is real. it is already causing major problems. and if we do not act boldly and decisively, a bad situation will become worse. it is amazing to me, and i think"
https://archive.org/details/MSNBCW_20160112_220000_MTP_Daily#start/3554/end/3589,1/12/2016 22:59:29,MSNBC,MTP Daily,MSNBCW_20160112_220000_MTP_Daily,https://archive.org/download/MSNBCW_20160112_220000_MTP_Daily/MSNBCW_20160112_220000_MTP_Daily.thumbs/MSNBCW_20160112_220000_MTP_Daily_003526.jpg,"inspires, that's a great gift that he has. but it's, you know, climate change causes terrorism. we can spend our way out of overspending. the answer to more spending is even more spending. a lot of voters think he has"
https://archive.org/details/MSNBCW_20160107_200000_MSNBC_Live_With_Kate_Snow#start/6175/end/6210,1/7/2016 21:43:10,MSNBC,MSNBC Live With Kate Snow,MSNBCW_20160107_200000_MSNBC_Live_With_Kate_Snow,https://archive.org/download/MSNBCW_20160107_200000_MSNBC_Live_With_Kate_Snow/MSNBCW_20160107_200000_MSNBC_Live_With_Kate_Snow.thumbs/MSNBCW_20160107_200000_MSNBC_Live_With_Kate_Snow_006166.jpg,"process. looking at the big black plume. it looks scary. how bad is the air quality now? well, amount of methane and climate change gas coming out of 0 the leak is undermining years of progress that california's been making to cut methane"
https://archive.org/details/MSNBCW_20160120_220000_MTP_Daily#start/2715/end/2750,1/20/2016 22:45:30,MSNBC,MTP Daily,MSNBCW_20160120_220000_MTP_Daily,https://archive.org/download/MSNBCW_20160120_220000_MTP_Daily/MSNBCW_20160120_220000_MTP_Daily.thumbs/MSNBCW_20160120_220000_MTP_Daily_002715.jpg,"2015. it was a hot one. last year was by far the warmest year on record. attention climate change folks. now to the why. just a couple hours ago, the senate voted not to advance what is called the american safe act."
https://archive.org/details/MSNBCW_20160122_000000_Hardball_With_Chris_Matthews#start/3464/end/3499,1/22/2016 0:57:59,MSNBC,Hardball With Chris Matthews,MSNBCW_20160122_000000_Hardball_With_Chris_Matthews,https://archive.org/download/MSNBCW_20160122_000000_Hardball_With_Chris_Matthews/MSNBCW_20160122_000000_Hardball_With_Chris_Matthews.thumbs/MSNBCW_20160122_000000_Hardball_With_Chris_Matthews_003447.jpg,"that great piece about 2015 being the hottest year on record. he wrote it today. let's take a look at what ted cruz said yesterday about the scientific measurement of climate change. the computer models predicted that the earth would warm"
https://archive.org/details/MSNBCW_20160122_070000_Hardball_With_Chris_Matthews#start/3324/end/3359,1/22/2016 7:55:39,MSNBC,Hardball With Chris Matthews,MSNBCW_20160122_070000_Hardball_With_Chris_Matthews,https://archive.org/download/MSNBCW_20160122_070000_Hardball_With_Chris_Matthews/MSNBCW_20160122_070000_Hardball_With_Chris_Matthews.thumbs/MSNBCW_20160122_070000_Hardball_With_Chris_Matthews_003297.jpg,"and to have this man embarrass us by standing up and saying that global warming is our biggest threat, we've got to get him out so fast and thank goodness we only have a year left. well, that's pandering of the worst kind. joining me right now is the director of nasa's goddard center institute of space studies gavin schmidt. thank you for joining us about"
https://archive.org/details/MSNBCW_20160103_130000_PoliticsNation_With_Al_Sharpton#start/1645/end/1680,1/3/2016 13:27:40,MSNBC,PoliticsNation With Al Sharpton,MSNBCW_20160103_130000_PoliticsNation_With_Al_Sharpton,https://archive.org/download/MSNBCW_20160103_130000_PoliticsNation_With_Al_Sharpton/MSNBCW_20160103_130000_PoliticsNation_With_Al_Sharpton.thumbs/MSNBCW_20160103_130000_PoliticsNation_With_Al_Sharpton_001636.jpg,"by skirting around congress. they're probably not going to compromise with him on either of those issues, but there's a lot he can do on climate change. he's already done some with executive orders. lot of that is pending in the court, and he doesn't need to"
https://archive.org/details/MSNBCW_20160102_130000_Up#start/2067/end/2102,1/2/2016 13:34:42,MSNBC,Up,MSNBCW_20160102_130000_Up,https://archive.org/download/MSNBCW_20160102_130000_Up/MSNBCW_20160102_130000_Up.thumbs/MSNBCW_20160102_130000_Up_002055.jpg,"energy and we're starting to see the world come together. so, yeah, we are at a tipping point, but we have a lot more work to do if we're going to avoid the worst impacts of climate change. as oil prices go down, joseph"
https://archive.org/details/MSNBCW_20160125_180000_MSNBC_Live_With_Thomas_Roberts#start/2596/end/2631,1/25/2016 18:43:31,MSNBC,MSNBC Live With Thomas Roberts,MSNBCW_20160125_180000_MSNBC_Live_With_Thomas_Roberts,https://archive.org/download/MSNBCW_20160125_180000_MSNBC_Live_With_Thomas_Roberts/MSNBCW_20160125_180000_MSNBC_Live_With_Thomas_Roberts.thumbs/MSNBCW_20160125_180000_MSNBC_Live_With_Thomas_Roberts_002577.jpg,"united nations on climate change and that's the talk. there we have it. former new york city mayor michael bloomberg on mtp daily down playing the run for president. now with a week to go until iowa and media mogul could be on the"
https://archive.org/details/MSNBCW_20160118_040000_NBC_News_Special_Democratic_Debate#start/4042/end/4077,1/18/2016 5:07:37,MSNBC,NBC News Special Democratic Debate,MSNBCW_20160118_040000_NBC_News_Special_Democratic_Debate,https://archive.org/download/MSNBCW_20160118_040000_NBC_News_Special_Democratic_Debate/MSNBCW_20160118_040000_NBC_News_Special_Democratic_Debate.thumbs/MSNBCW_20160118_040000_NBC_News_Special_Democratic_Debate_004035.jpg,"even tougher. senator sanders, americans love their suvs, which spiked in sales last year as gas prices plummeted. how do you convince americans that the problem of climate change is so urgent that they need to change their behavior? i think we already are. younger generation understands"
https://archive.org/details/MSNBCW_20160118_100000_First_Look#start/316/end/351,1/18/2016 10:05:31,MSNBC,First Look,MSNBCW_20160118_100000_First_Look,https://archive.org/download/MSNBCW_20160118_100000_First_Look/MSNBCW_20160118_100000_First_Look.thumbs/MSNBCW_20160118_100000_First_Look_000316.jpg,"reporter: they agree on going after isis, going slow with iran and dealing with climate change but their differences are what seem to be driving the polls now just two weeks before iowa weighs in. and that was tracie potts from washington, thank you."
https://archive.org/details/MSNBCW_20160125_220000_MTP_Daily#start/1143/end/1178,1/25/2016 22:19:18,MSNBC,MTP Daily,MSNBCW_20160125_220000_MTP_Daily,https://archive.org/download/MSNBCW_20160125_220000_MTP_Daily/MSNBCW_20160125_220000_MTP_Daily.thumbs/MSNBCW_20160125_220000_MTP_Daily_001137.jpg,"things. running my company and working with the united nations and the u.s. government on climate change and that's what we're here to talk about. and as chuck would love to point out, bloomberg did refuse to make a shermanesque statement there. he would not definitively rule"
https://archive.org/details/MSNBCW_20160106_170000_Andrea_Mitchell_Reports#start/677/end/712,1/6/2016 17:11:32,MSNBC,Andrea Mitchell Reports,MSNBCW_20160106_170000_Andrea_Mitchell_Reports,https://archive.org/download/MSNBCW_20160106_170000_Andrea_Mitchell_Reports/MSNBCW_20160106_170000_Andrea_Mitchell_Reports.thumbs/MSNBCW_20160106_170000_Andrea_Mitchell_Reports_000675.jpg,"u.s./china relationship. there are so many other things in the u.s./china relationship, climate change, currency,i issu, but this has to be at the top of the bilateral agenda. because you are more likely to get china to respond at the high"
https://archive.org/details/MSNBCW_20160114_220000_MTP_Daily#start/3179/end/3214,1/14/2016 22:53:14,MSNBC,MTP Daily,MSNBCW_20160114_220000_MTP_Daily,https://archive.org/download/MSNBCW_20160114_220000_MTP_Daily/MSNBCW_20160114_220000_MTP_Daily.thumbs/MSNBCW_20160114_220000_MTP_Daily_003166.jpg,"noaa says it's the first hurricane to form in january since 1938. here's what the weather channel and the national hurricane center tell us. it is likely just a flake, not climate change. they said alex formed because we haven't had the cold air this"
https://archive.org/details/MSNBCW_20160110_130000_PoliticsNation_With_Al_Sharpton#start/1167/end/1202,1/10/2016 13:19:42,MSNBC,PoliticsNation With Al Sharpton,MSNBCW_20160110_130000_PoliticsNation_With_Al_Sharpton,https://archive.org/download/MSNBCW_20160110_130000_PoliticsNation_With_Al_Sharpton/MSNBCW_20160110_130000_PoliticsNation_With_Al_Sharpton.thumbs/MSNBCW_20160110_130000_PoliticsNation_With_Al_Sharpton_001155.jpg,"deal on how we can continue to strengthen the relationship between police and the communities they serve, monitoring the implementation of the 21st century task force report, climate change is a big, big priority for the president. we want to figure out what we"
https://archive.org/details/MSNBCW_20160131_200000_The_Place_for_Politics_2016#start/12048/end/12083,1/31/2016 23:21:03,MSNBC,The Place for Politics 2016,MSNBCW_20160131_200000_The_Place_for_Politics_2016,https://archive.org/download/MSNBCW_20160131_200000_The_Place_for_Politics_2016/MSNBCW_20160131_200000_The_Place_for_Politics_2016.thumbs/MSNBCW_20160131_200000_The_Place_for_Politics_2016_012027.jpg,"let down progressives. do you believe barack obama let down progressives? i think -- i think barack obama set a template. could it have gone further? you know, many of us criticized him on some actions that he took, relative to climate change, but he's in that"
https://archive.org/details/MSNBCW_20160121_010000_All_In_With_Chris_Hayes#start/2782/end/2817,1/21/2016 1:46:37,MSNBC,All In With Chris Hayes,MSNBCW_20160121_010000_All_In_With_Chris_Hayes,https://archive.org/download/MSNBCW_20160121_010000_All_In_With_Chris_Hayes/MSNBCW_20160121_010000_All_In_With_Chris_Hayes.thumbs/MSNBCW_20160121_010000_All_In_With_Chris_Hayes_002775.jpg,"huge storm surge, part of which is due to a higher sea level due to climate change. 2015 breaks a record set just last year, making it the warmest year since record-keeping began and is part of a disturbing trend we have seen."
https://archive.org/details/MSNBCW_20160112_140000_MSNBC_Live_With_Jose_Diaz-Balart#start/1980/end/2015,1/12/2016 14:33:15,MSNBC,MSNBC Live With Jose Diaz-Balart,MSNBCW_20160112_140000_MSNBC_Live_With_Jose_Diaz-Balart,https://archive.org/download/MSNBCW_20160112_140000_MSNBC_Live_With_Jose_Diaz-Balart/MSNBCW_20160112_140000_MSNBC_Live_With_Jose_Diaz-Balart.thumbs/MSNBCW_20160112_140000_MSNBC_Live_With_Jose_Diaz-Balart_001965.jpg,"also to take advantage of opportunities. there are issues like climate change, like trade that are really important for us to address as we lead the world globally. and we had another strong jobs report to end 2015. i mean, nearly 3 million jobs"
https://archive.org/details/MSNBCW_20160122_070000_Hardball_With_Chris_Matthews#start/3121/end/3156,1/22/2016 7:52:16,MSNBC,Hardball With Chris Matthews,MSNBCW_20160122_070000_Hardball_With_Chris_Matthews,https://archive.org/download/MSNBCW_20160122_070000_Hardball_With_Chris_Matthews/MSNBCW_20160122_070000_Hardball_With_Chris_Matthews.thumbs/MSNBCW_20160122_070000_Hardball_With_Chris_Matthews_002967.jpg,"for the world's hottest year ever. so why isn't climate change accepted as reality? you're watching 'hardball,' the place for politics. if you need a reason to start celebrating super bowl 50 early - i'll give you two. get a large,1-topping pizza for only 50 cents"
https://archive.org/details/MSNBCW_20160118_040000_NBC_News_Special_Democratic_Debate#start/4012/end/4047,1/18/2016 5:07:07,MSNBC,NBC News Special Democratic Debate,MSNBCW_20160118_040000_NBC_News_Special_Democratic_Debate,https://archive.org/download/MSNBCW_20160118_040000_NBC_News_Special_Democratic_Debate/MSNBCW_20160118_040000_NBC_News_Special_Democratic_Debate.thumbs/MSNBCW_20160118_040000_NBC_News_Special_Democratic_Debate_004005.jpg,"fuels releases heat-trapping gases that are warming our planet, causing seas to rise and contributing to events like devastating flooding last year. fighting human cause climate change means giving up the addiction to fossil fuels and taking the bulk energy supply to alternative sources."
https://archive.org/details/MSNBCW_20160131_150000_Melissa_Harris-Perry#start/6956/end/6991,1/31/2016 16:56:11,MSNBC,Melissa Harris-Perry,MSNBCW_20160131_150000_Melissa_Harris-Perry,https://archive.org/download/MSNBCW_20160131_150000_Melissa_Harris-Perry/MSNBCW_20160131_150000_Melissa_Harris-Perry.thumbs/MSNBCW_20160131_150000_Melissa_Harris-Perry_006928.jpg,"important, i think it's going to be a big issue. what would you say are the top issues young people will be voting on this year? i think one of the most important things for students our age is probably going to be college affordability. also climate change, environment, how these"
https://archive.org/details/MSNBCW_20160128_140000_MSNBC_Live_With_Jose_Diaz-Balart#start/2110/end/2145,1/28/2016 14:35:25,MSNBC,MSNBC Live With Jose Diaz-Balart,MSNBCW_20160128_140000_MSNBC_Live_With_Jose_Diaz-Balart,https://archive.org/download/MSNBCW_20160128_140000_MSNBC_Live_With_Jose_Diaz-Balart/MSNBCW_20160128_140000_MSNBC_Live_With_Jose_Diaz-Balart.thumbs/MSNBCW_20160128_140000_MSNBC_Live_With_Jose_Diaz-Balart_002067.jpg,"audience with the pope today at the vatican to talk about their concern for environmental issues and fight climate change. they also exchanged gifts before dicaprio left, no word on what exactly those gifts were. it takes a lot of work. to run this business. but i really love it."
https://archive.org/details/MSNBCW_20160125_090000_Meet_the_Press#start/764/end/799,1/25/2016 9:12:59,MSNBC,Meet the Press,MSNBCW_20160125_090000_Meet_the_Press,https://archive.org/download/MSNBCW_20160125_090000_Meet_the_Press/MSNBCW_20160125_090000_Meet_the_Press.thumbs/MSNBCW_20160125_090000_Meet_the_Press_000747.jpg,"one percent who thinks wages in america are too high and who thinks that climate change is a hoax invented by the chinese. chuck, there would be nothing more in this world that i would like to take on donald trump. we would beat him and we would"
https://archive.org/details/MSNBCW_20160122_070000_Hardball_With_Chris_Matthews#start/3530/end/3565,1/22/2016 7:59:05,MSNBC,Hardball With Chris Matthews,MSNBCW_20160122_070000_Hardball_With_Chris_Matthews,https://archive.org/download/MSNBCW_20160122_070000_Hardball_With_Chris_Matthews/MSNBCW_20160122_070000_Hardball_With_Chris_Matthews.thumbs/MSNBCW_20160122_070000_Hardball_With_Chris_Matthews_003507.jpg,"it's not photoshopping. this is real. absolutely. climate scientists have been pretty clear and they have been increasingly certain that humans are driving climate change just as you heard from gavin schmidt. i mean, the degree of certainty that they ascribe to that conclusion has just gone up and"
https://archive.org/details/MSNBCW_20160122_140000_MSNBC_Live_With_Jose_Diaz-Balart#start/5667/end/5702,1/22/2016 15:34:42,MSNBC,MSNBC Live With Jose Diaz-Balart,MSNBCW_20160122_140000_MSNBC_Live_With_Jose_Diaz-Balart,https://archive.org/download/MSNBCW_20160122_140000_MSNBC_Live_With_Jose_Diaz-Balart/MSNBCW_20160122_140000_MSNBC_Live_With_Jose_Diaz-Balart.thumbs/MSNBCW_20160122_140000_MSNBC_Live_With_Jose_Diaz-Balart_005668.jpg,"to warm up again, especially in the southwest as we head into the summer. reporter: and then the controversial question. you know, we've seen the warmest year for heat or warmest year on reco record. what does that play into as far as climate change, and is that"
https://archive.org/details/MSNBCW_20160107_200000_MSNBC_Live_With_Kate_Snow#start/6253/end/6288,1/7/2016 21:44:28,MSNBC,MSNBC Live With Kate Snow,MSNBCW_20160107_200000_MSNBC_Live_With_Kate_Snow,https://archive.org/download/MSNBCW_20160107_200000_MSNBC_Live_With_Kate_Snow/MSNBCW_20160107_200000_MSNBC_Live_With_Kate_Snow.thumbs/MSNBCW_20160107_200000_MSNBC_Live_With_Kate_Snow_006226.jpg,"well integrity, the type of thing that led to the leak. california has done so much to reduce emissions, combat climate change and you're saying they're undoing that work. how much of that progress is being undone by just this one leak? we think by the time the leak"
https://archive.org/details/MSNBCW_20160106_200000_MSNBC_Live_With_Kate_Snow#start/3832/end/3867,1/6/2016 21:04:07,MSNBC,MSNBC Live With Kate Snow,MSNBCW_20160106_200000_MSNBC_Live_With_Kate_Snow,https://archive.org/download/MSNBCW_20160106_200000_MSNBC_Live_With_Kate_Snow/MSNBCW_20160106_200000_MSNBC_Live_With_Kate_Snow.thumbs/MSNBCW_20160106_200000_MSNBC_Live_With_Kate_Snow_003826.jpg,"strongest applause so far was after she slammed her republican rivals. take a listen. they don't believe in equal pay for women's work. they don't believe in raising the minimum wage. they don't believe we need to do anything about climate change. they're skeptical any manufacturing coming back to the"
https://archive.org/details/MSNBCW_20160123_170000_Weekends_With_Alex_Witt#start/6462/end/6497,1/23/2016 18:47:57,MSNBC,Weekends With Alex Witt,MSNBCW_20160123_170000_Weekends_With_Alex_Witt,https://archive.org/download/MSNBCW_20160123_170000_Weekends_With_Alex_Witt/MSNBCW_20160123_170000_Weekends_With_Alex_Witt.thumbs/MSNBCW_20160123_170000_Weekends_With_Alex_Witt_006447.jpg,"for years to come, and this is going to get into the climate change discussion. after this storm is over, new york city will have 7 of the 10 largest snowfalls all within the last 20 years. new york city's records go back to the 1870s, so that is a"
https://archive.org/details/MSNBCW_20160108_080000_All_In_With_Chris_Hayes#start/2449/end/2484,1/8/2016 8:41:04,MSNBC,All In With Chris Hayes,MSNBCW_20160108_080000_All_In_With_Chris_Hayes,https://archive.org/download/MSNBCW_20160108_080000_All_In_With_Chris_Hayes/MSNBCW_20160108_080000_All_In_With_Chris_Hayes.thumbs/MSNBCW_20160108_080000_All_In_With_Chris_Hayes_002446.jpg,"democratic party, and i think i'm trying to bridge that, is on one hand you have folks who say look, gay rights is terribly important, women's rights is terribly important, climate change is terribly important. i agree. but you know what? you have to pay attention to the"
https://archive.org/details/MSNBCW_20160108_040000_All_In_With_Chris_Hayes#start/2477/end/2512,1/8/2016 4:41:32,MSNBC,All In With Chris Hayes,MSNBCW_20160108_040000_All_In_With_Chris_Hayes,https://archive.org/download/MSNBCW_20160108_040000_All_In_With_Chris_Hayes/MSNBCW_20160108_040000_All_In_With_Chris_Hayes.thumbs/MSNBCW_20160108_040000_All_In_With_Chris_Hayes_002475.jpg,"important, women's rights is terribly important, climate change is terribly important. i agree. but you know what? you have to pay attention to the fact that working people are struggling, that real wages are going down, that their kids can't go to college. you have to pay attention to the"
https://archive.org/details/MSNBCW_20160101_130000_MSNBC_Live#start/21236/end/21271,1/1/2016 18:54:11,MSNBC,MSNBC Live,MSNBCW_20160101_130000_MSNBC_Live,https://archive.org/download/MSNBCW_20160101_130000_MSNBC_Live/MSNBCW_20160101_130000_MSNBC_Live.thumbs/MSNBCW_20160101_130000_MSNBC_Live_021225.jpg,"i'm cautious by optimistic it signals the beginning of a comprehensive effort to tackle the problem of climate change. do you agroo with the people saying this could be the worst el nino we have ever had? yeah. in fact, if you just look at the raw numbers, the temperatures of"
https://archive.org/details/MSNBCW_20160108_010000_All_In_With_Chris_Hayes#start/2470/end/2505,1/8/2016 1:41:25,MSNBC,All In With Chris Hayes,MSNBCW_20160108_010000_All_In_With_Chris_Hayes,https://archive.org/download/MSNBCW_20160108_010000_All_In_With_Chris_Hayes/MSNBCW_20160108_010000_All_In_With_Chris_Hayes.thumbs/MSNBCW_20160108_010000_All_In_With_Chris_Hayes_002445.jpg,"in terms of what you have, i think the division in the democratic party, and i think i'm trying to bridge that, is on one hand you have folks who say look, gay rights is terribly important, women's rights is terribly important, climate change is terribly important. i agree."
https://archive.org/details/MSNBCW_20160106_110000_Morning_Joe#start/7550/end/7585,1/6/2016 13:06:05,MSNBC,Morning Joe,MSNBCW_20160106_110000_Morning_Joe,https://archive.org/download/MSNBCW_20160106_110000_Morning_Joe/MSNBCW_20160106_110000_Morning_Joe.thumbs/MSNBCW_20160106_110000_Morning_Joe_007545.jpg,"massive levels of wealth inequality. climate change. we need a president who has the courage to stand up to the billionaire class and wall street. does hillary clinton have the courage -- i am running for president because i think not. i think at this particular moment somebody has to tell wall"
https://archive.org/details/MSNBCW_20160113_140000_MSNBC_Live_With_Jose_Diaz-Balart#start/718/end/753,1/13/2016 14:12:13,MSNBC,MSNBC Live With Jose Diaz-Balart,MSNBCW_20160113_140000_MSNBC_Live_With_Jose_Diaz-Balart,https://archive.org/download/MSNBCW_20160113_140000_MSNBC_Live_With_Jose_Diaz-Balart/MSNBCW_20160113_140000_MSNBC_Live_With_Jose_Diaz-Balart.thumbs/MSNBCW_20160113_140000_MSNBC_Live_With_Jose_Diaz-Balart_000705.jpg,"state of the uni state of the union mirrored each other's. they ticked a laundry list of policy differences in washington. whether it's climate change or a whole host of issues. at the end of the day they both were urging for a level of political calm that just isn't"
https://archive.org/details/MSNBCW_20160113_140000_MSNBC_Live_With_Jose_Diaz-Balart#start/4075/end/4110,1/13/2016 15:08:10,MSNBC,MSNBC Live With Jose Diaz-Balart,MSNBCW_20160113_140000_MSNBC_Live_With_Jose_Diaz-Balart,https://archive.org/download/MSNBCW_20160113_140000_MSNBC_Live_With_Jose_Diaz-Balart/MSNBCW_20160113_140000_MSNBC_Live_With_Jose_Diaz-Balart.thumbs/MSNBCW_20160113_140000_MSNBC_Live_With_Jose_Diaz-Balart_004065.jpg,"congress to do that. he said we must close the prison. thinking in washington is he may take executive action in that area and also take executive action in other areas, particularly on climate change this year. carol lee, thank you very much for the perspective. talking about what the president"
https://archive.org/details/MSNBCW_20160120_160000_MSNBC_Live_With_Tamron_Hall#start/720/end/755,1/20/2016 16:12:15,MSNBC,MSNBC Live With Tamron Hall,MSNBCW_20160120_160000_MSNBC_Live_With_Tamron_Hall,https://archive.org/download/MSNBCW_20160120_160000_MSNBC_Live_With_Tamron_Hall/MSNBCW_20160120_160000_MSNBC_Live_With_Tamron_Hall.thumbs/MSNBCW_20160120_160000_MSNBC_Live_With_Tamron_Hall_000706.jpg,"tamron. one of the big questions here is where was the epa? the epa is the premier federal watchdog when it comes to environmental protection. it is obama's attack dog on clean water, climate change. a frequent subject of criticism from particularly the republican side of the aisle."
https://archive.org/details/MSNBCW_20160112_100000_First_Look#start/1765/end/1800,1/12/2016 10:29:40,MSNBC,First Look,MSNBCW_20160112_100000_First_Look,https://archive.org/download/MSNBCW_20160112_100000_First_Look/MSNBCW_20160112_100000_First_Look.thumbs/MSNBCW_20160112_100000_First_Look_001756.jpg,"year is going to be a little different. more of a preview of the exhibits in the obama presidential library, the affordable care act, the climate change deal, how he taught not one but two portuguese water dogs to fist bump. but what i do know for sure about this year's speech, obama"
https://archive.org/details/MSNBCW_20160125_070000_Meet_the_Press#start/756/end/791,1/25/2016 7:12:51,MSNBC,Meet the Press,MSNBCW_20160125_070000_Meet_the_Press,https://archive.org/download/MSNBCW_20160125_070000_Meet_the_Press/MSNBCW_20160125_070000_Meet_the_Press.thumbs/MSNBCW_20160125_070000_Meet_the_Press_000748.jpg,"breaks to the top two-tenths of one percent who thinks wages in america are too high and who thinks that climate change is a hoax invented by the chinese. chuck, there would be nothing more in this world that i would like to take on donald trump. we would beat him and we would"
https://archive.org/details/MSNBCW_20160120_103000_Way_Too_Early#start/904/end/939,1/20/2016 10:45:19,MSNBC,Way Too Early,MSNBCW_20160120_103000_Way_Too_Early,https://archive.org/download/MSNBCW_20160120_103000_Way_Too_Early/MSNBCW_20160120_103000_Way_Too_Early.thumbs/MSNBCW_20160120_103000_Way_Too_Early_000886.jpg,"suggested, very concerned about this ongoing volatility in oil prices as it continues to bring down equity markets, as well. but it's not just executives in the alps, famous movie star leonardo dicaprio was also there receiving an award for his work in climate change but rather than pay tribute to the oil"
https://archive.org/details/MSNBCW_20160101_130000_MSNBC_Live#start/21406/end/21441,1/1/2016 18:57:01,MSNBC,MSNBC Live,MSNBCW_20160101_130000_MSNBC_Live,https://archive.org/download/MSNBCW_20160101_130000_MSNBC_Live/MSNBCW_20160101_130000_MSNBC_Live.thumbs/MSNBCW_20160101_130000_MSNBC_Live_021405.jpg,"that warmth and part of the energy in the atmosphere that's giving us all this extreme weather is due to the effect of climate change, putting more moisture in the atmosphere, more energy in the atmosphere to generate the sorts of storms we are seeing. okay. we'll have to leave it there,"
https://archive.org/details/MSNBCW_20160124_140000_Up#start/179/end/214,1/24/2016 14:03:14,MSNBC,Up,MSNBCW_20160124_140000_Up,https://archive.org/download/MSNBCW_20160124_140000_Up/MSNBCW_20160124_140000_Up.thumbs/MSNBCW_20160124_140000_Up_000177.jpg,"new york city now seven of the ten greatest snowfalls happened in the last 20 years. there you go. that will lead you into your climate change discussion. forecast for the next seven days no snow. new york city, this is the five day forecast for new york and mid-atlantic all the same. no storms."
https://archive.org/details/MSNBCW_20160107_103000_Way_Too_Early#start/551/end/586,1/7/2016 10:39:26,MSNBC,Way Too Early,MSNBCW_20160107_103000_Way_Too_Early,https://archive.org/download/MSNBCW_20160107_103000_Way_Too_Early/MSNBCW_20160107_103000_Way_Too_Early.thumbs/MSNBCW_20160107_103000_Way_Too_Early_000525.jpg,"income wealth inequality, when you've got climate change, we need a president who now has the courage to stand up to the billionaire class and wall street -- does hillary clinton have the courage -- well i'm running for president because i think not, all right? because i think at this particular moment, somebody has got to tell wall street and"
https://archive.org/details/MSNBCW_20160121_040000_All_In_With_Chris_Hayes#start/2776/end/2811,1/21/2016 4:46:31,MSNBC,All In With Chris Hayes,MSNBCW_20160121_040000_All_In_With_Chris_Hayes,https://archive.org/download/MSNBCW_20160121_040000_All_In_With_Chris_Hayes/MSNBCW_20160121_040000_All_In_With_Chris_Hayes.thumbs/MSNBCW_20160121_040000_All_In_With_Chris_Hayes_002775.jpg,"east coast is bracing for a major winter storm. but that very storm which will be hitting the east coast this weekend is going to threaten a huge storm surge, part of which is due to a higher sea level due to climate change. 2015 breaks a record set just last year, making it the warmest"
https://archive.org/details/MSNBCW_20160107_180000_MSNBC_Live_With_Thomas_Roberts#start/6258/end/6293,1/7/2016 19:44:33,MSNBC,MSNBC Live With Thomas Roberts,MSNBCW_20160107_180000_MSNBC_Live_With_Thomas_Roberts,https://archive.org/download/MSNBCW_20160107_180000_MSNBC_Live_With_Thomas_Roberts/MSNBCW_20160107_180000_MSNBC_Live_With_Thomas_Roberts.thumbs/MSNBCW_20160107_180000_MSNBC_Live_With_Thomas_Roberts_006255.jpg,"technology once we can confirm or verify that it didn't happen one way or the other. the secretary of state who made the point that on his very first mission he said to the chinese when he was there meeting on climate change back in 2013, okay, we'll do it your way, which is to pressure north"
https://archive.org/details/MSNBCW_20160122_140000_MSNBC_Live_With_Jose_Diaz-Balart#start/5698/end/5733,1/22/2016 15:35:13,MSNBC,MSNBC Live With Jose Diaz-Balart,MSNBCW_20160122_140000_MSNBC_Live_With_Jose_Diaz-Balart,https://archive.org/download/MSNBCW_20160122_140000_MSNBC_Live_With_Jose_Diaz-Balart/MSNBCW_20160122_140000_MSNBC_Live_With_Jose_Diaz-Balart.thumbs/MSNBCW_20160122_140000_MSNBC_Live_With_Jose_Diaz-Balart_005698.jpg,"heavier precipitation occurrences, such as what we're seeing here. there is no such thing as a climate change storm, just like there's no such thing as an el nino storm. however, what we are seeing is we're seeing a trend in an increase in a number of these storms and heat waves and droughts. reporter: all right. mark jackson, meteorologist in"
https://archive.org/details/MSNBCW_20160120_103000_Way_Too_Early#start/920/end/955,1/20/2016 10:45:35,MSNBC,Way Too Early,MSNBCW_20160120_103000_Way_Too_Early,https://archive.org/download/MSNBCW_20160120_103000_Way_Too_Early/MSNBCW_20160120_103000_Way_Too_Early.thumbs/MSNBCW_20160120_103000_Way_Too_Early_000916.jpg,"executives there he shot out at their corporate greed and insisted that we have to do something about climate change and said that fossil fuels should remain in the ground. that was the message from leonardo dicaprio. we'll have to see if the oil executives have any response as think continue to deal with the declining price in crude at the"
https://archive.org/details/MSNBCW_20160122_000000_Hardball_With_Chris_Matthews#start/3529/end/3564,1/22/2016 0:59:04,MSNBC,Hardball With Chris Matthews,MSNBCW_20160122_000000_Hardball_With_Chris_Matthews,https://archive.org/download/MSNBCW_20160122_000000_Hardball_With_Chris_Matthews/MSNBCW_20160122_000000_Hardball_With_Chris_Matthews.thumbs/MSNBCW_20160122_000000_Hardball_With_Chris_Matthews_003507.jpg,"this is real. absolutely. climate scientists have been pretty clear and they have been increasingly certain that humans are driving climate change just as you heard from gavin schmidt. i mean, the degree of certainty that they ascribe to that conclusion has just gone up and up and up and now it's very high. what did you make of what ted"
