﻿URL,MatchDateTime,Station,Show,IAShowID,IAPreviewThumb,Snippet
https://archive.org/details/MSNBCW_20150223_230000_PoliticsNation#start/1734/end/1769,2/23/2015 23:29:09,MSNBC,PoliticsNation,MSNBCW_20150223_230000_PoliticsNation,https://archive.org/download/MSNBCW_20150223_230000_PoliticsNation/MSNBCW_20150223_230000_PoliticsNation.thumbs/MSNBCW_20150223_230000_PoliticsNation_001726.jpg,"wing climate denier caucus. he says greenhouse gases just aren't that bad for you. senator inhofe has repeatedly cited his work over the years. the same senator inhofe who once said this about climate change."
https://archive.org/details/MSNBCW_20150223_210000_NOW_With_Alex_Wagner#start/2542/end/2577,2/23/2015 21:42:37,MSNBC,NOW With Alex Wagner,MSNBCW_20150223_210000_NOW_With_Alex_Wagner,https://archive.org/download/MSNBCW_20150223_210000_NOW_With_Alex_Wagner/MSNBCW_20150223_210000_NOW_With_Alex_Wagner.thumbs/MSNBCW_20150223_210000_NOW_With_Alex_Wagner_002535.jpg,"that gold statuette goes to the underdog. maybe. i see what you're saying. thank you guys both for your time. thank you. coming up a climate change researcher who denies human influence on global warming had"
https://archive.org/details/MSNBCW_20150218_190000_The_Reid_Report#start/2261/end/2296,2/18/2015 19:37:56,MSNBC,The Reid Report,MSNBCW_20150218_190000_The_Reid_Report,https://archive.org/download/MSNBCW_20150218_190000_The_Reid_Report/MSNBCW_20150218_190000_The_Reid_Report.thumbs/MSNBCW_20150218_190000_The_Reid_Report_002265.jpg,"general public there is confusion about the science as well and that is because it is a little bit counter intuitive to say global warming."
https://archive.org/details/MSNBCW_20150209_220000_The_Ed_Show#start/300/end/335,2/9/2015 22:05:15,MSNBC,The Ed Show,MSNBCW_20150209_220000_The_Ed_Show,https://archive.org/download/MSNBCW_20150209_220000_The_Ed_Show/MSNBCW_20150209_220000_The_Ed_Show.thumbs/MSNBCW_20150209_220000_The_Ed_Show_000285.jpg,"when it comes to climate change. it is rather startling. last month senator brian shots attached an amendment saying human activity significantly contributes to climate change."
https://archive.org/details/MSNBCW_20150223_230000_PoliticsNation#start/1703/end/1738,2/23/2015 23:28:38,MSNBC,PoliticsNation,MSNBCW_20150223_230000_PoliticsNation,https://archive.org/download/MSNBCW_20150223_230000_PoliticsNation/MSNBCW_20150223_230000_PoliticsNation.thumbs/MSNBCW_20150223_230000_PoliticsNation_001696.jpg,"science. if climate change is a problem, and do you believe it is or not? do you believe -- i'm not a scientist. i don't know the science behind climate change. well, listen, i'm not going to -- i'm not qualified to debate the science over climate change. what is your take on global"
https://archive.org/details/MSNBCW_20150203_090000_The_Rachel_Maddow_Show#start/970/end/1005,2/3/2015 9:16:25,MSNBC,The Rachel Maddow Show,MSNBCW_20150203_090000_The_Rachel_Maddow_Show,https://archive.org/download/MSNBCW_20150203_090000_The_Rachel_Maddow_Show/MSNBCW_20150203_090000_The_Rachel_Maddow_Show.thumbs/MSNBCW_20150203_090000_The_Rachel_Maddow_Show_000946.jpg,"you deny the science on climate change, that at least gets you the koch brothers, right? they want there to not be any stepping taken to fight climate change. they will praise you in return for you denying the science of climate change."
https://archive.org/details/MSNBCW_20150209_220000_The_Ed_Show#start/154/end/189,2/9/2015 22:02:49,MSNBC,The Ed Show,MSNBCW_20150209_220000_The_Ed_Show,https://archive.org/download/MSNBCW_20150209_220000_The_Ed_Show/MSNBCW_20150209_220000_The_Ed_Show.thumbs/MSNBCW_20150209_220000_The_Ed_Show_000135.jpg,"easy to cover and it rates. climate change is difficult for the press to get excited about it and to cover. we have tried to do it on this program, climate change."
https://archive.org/details/MSNBCW_20150213_220000_The_Ed_Show#start/71/end/106,2/13/2015 22:01:26,MSNBC,The Ed Show,MSNBCW_20150213_220000_The_Ed_Show,https://archive.org/download/MSNBCW_20150213_220000_The_Ed_Show/MSNBCW_20150213_220000_The_Ed_Show.thumbs/MSNBCW_20150213_220000_The_Ed_Show_000045.jpg,"for what's right. plus, mega drought. the scientists say it is on the way. climate change continues unabated."
https://archive.org/details/MSNBCW_20150220_210000_NOW_With_Alex_Wagner#start/2112/end/2147,2/20/2015 21:35:27,MSNBC,NOW With Alex Wagner,MSNBCW_20150220_210000_NOW_With_Alex_Wagner,https://archive.org/download/MSNBCW_20150220_210000_NOW_With_Alex_Wagner/MSNBCW_20150220_210000_NOW_With_Alex_Wagner.thumbs/MSNBCW_20150220_210000_NOW_With_Alex_Wagner_002086.jpg,"focus and perspective. there is to time for anything inessential. i must focus on myself my work and my friends. i shall no longer look at news hour every night. i shall no longer pay any attention to politics or arguments about global warming."
https://archive.org/details/MSNBCW_20150203_110000_Morning_Joe#start/6087/end/6122,2/3/2015 12:41:42,MSNBC,Morning Joe,MSNBCW_20150203_110000_Morning_Joe,https://archive.org/download/MSNBCW_20150203_110000_Morning_Joe/MSNBCW_20150203_110000_Morning_Joe.thumbs/MSNBCW_20150203_110000_Morning_Joe_006075.jpg,"i think you draw up these false choices. no i'm not. yes, you are. i'm not. you're playing all or nothing because you don't want to talk about the fact that -- but what's the scarborough position, is climate change real? yeah. climate change is real."
https://archive.org/details/MSNBCW_20150203_210000_NOW_With_Alex_Wagner#start/552/end/587,2/3/2015 21:09:27,MSNBC,NOW With Alex Wagner,MSNBCW_20150203_210000_NOW_With_Alex_Wagner,https://archive.org/download/MSNBCW_20150203_210000_NOW_With_Alex_Wagner/MSNBCW_20150203_210000_NOW_With_Alex_Wagner.thumbs/MSNBCW_20150203_210000_NOW_With_Alex_Wagner_000555.jpg,"we're talking about something in which 90% of climate scientists agree. the broad majority of scientists agree that vaccinations are a good idea. let's look at climate change."
https://archive.org/details/MSNBCW_20150224_080000_All_In_With_Chris_Hayes#start/2443/end/2478,2/24/2015 8:40:58,MSNBC,All In With Chris Hayes,MSNBCW_20150224_080000_All_In_With_Chris_Hayes,https://archive.org/download/MSNBCW_20150224_080000_All_In_With_Chris_Hayes/MSNBCW_20150224_080000_All_In_With_Chris_Hayes.thumbs/MSNBCW_20150224_080000_All_In_With_Chris_Hayes_002415.jpg,"climate change skeptics if we're being generous where often not all they appear to be. take for instance this guy. the washington post called him the high priest of climate"
https://archive.org/details/MSNBCW_20150209_220000_The_Ed_Show#start/221/end/256,2/9/2015 22:03:56,MSNBC,The Ed Show,MSNBCW_20150209_220000_The_Ed_Show,https://archive.org/download/MSNBCW_20150209_220000_The_Ed_Show/MSNBCW_20150209_220000_The_Ed_Show.thumbs/MSNBCW_20150209_220000_The_Ed_Show_000195.jpg,"of snow in boston in our history. severe weather like this in new england is really becoming par of the course. there is little doubt among scientists that severe weather and climate change are"
https://archive.org/details/MSNBCW_20150203_020000_The_Rachel_Maddow_Show#start/960/end/995,2/3/2015 2:16:15,MSNBC,The Rachel Maddow Show,MSNBCW_20150203_020000_The_Rachel_Maddow_Show,https://archive.org/download/MSNBCW_20150203_020000_The_Rachel_Maddow_Show/MSNBCW_20150203_020000_The_Rachel_Maddow_Show.thumbs/MSNBCW_20150203_020000_The_Rachel_Maddow_Show_000945.jpg,"it is not like climate change where scientists have said 2 and some don't believe it for political reasons. does it make sense in the internal logic of the right, if you deny the science on climate"
https://archive.org/details/MSNBCW_20150216_190000_The_Reid_Report#start/1227/end/1262,2/16/2015 19:20:42,MSNBC,The Reid Report,MSNBCW_20150216_190000_The_Reid_Report,https://archive.org/download/MSNBCW_20150216_190000_The_Reid_Report/MSNBCW_20150216_190000_The_Reid_Report.thumbs/MSNBCW_20150216_190000_The_Reid_Report_001215.jpg,"that -- and again republicans are living -- they don't have the full affordable care act, but the most acceptable was a candidate who wants to repeal the affordable care act and the least acceptable believing climate change is manmade."
https://archive.org/details/MSNBCW_20150203_210000_NOW_With_Alex_Wagner#start/501/end/536,2/3/2015 21:08:36,MSNBC,NOW With Alex Wagner,MSNBCW_20150203_210000_NOW_With_Alex_Wagner,https://archive.org/download/MSNBCW_20150203_210000_NOW_With_Alex_Wagner/MSNBCW_20150203_210000_NOW_With_Alex_Wagner.thumbs/MSNBCW_20150203_210000_NOW_With_Alex_Wagner_000495.jpg,"travel ban or global warming and climate change where the refrain is i'm not a scientist, but therefore -- does that distress you, the sort of opposition? the increasing republican"
https://archive.org/details/MSNBCW_20150216_190000_The_Reid_Report#start/490/end/525,2/16/2015 19:08:25,MSNBC,The Reid Report,MSNBCW_20150216_190000_The_Reid_Report,https://archive.org/download/MSNBCW_20150216_190000_The_Reid_Report/MSNBCW_20150216_190000_The_Reid_Report.thumbs/MSNBCW_20150216_190000_The_Reid_Report_000465.jpg,"let's not confuse or interchange climate change with global warming. the world is getting warmer. more carbon monoxide. so some places get colder. the thing that's consistent with"
https://archive.org/details/MSNBCW_20150209_170000_Andrea_Mitchell_Reports#start/374/end/409,2/9/2015 17:06:29,MSNBC,Andrea Mitchell Reports,MSNBCW_20150209_170000_Andrea_Mitchell_Reports,https://archive.org/download/MSNBCW_20150209_170000_Andrea_Mitchell_Reports/MSNBCW_20150209_170000_Andrea_Mitchell_Reports.thumbs/MSNBCW_20150209_170000_Andrea_Mitchell_Reports_000346.jpg,"greenhouse gases. our discussion this morning focused on global security issues. we reaffirm our commitment to training afghan security forces and supporting a sovereign secure and united afghanistan. we agree that the international"
https://archive.org/details/MSNBCW_20150227_210000_NOW_With_Alex_Wagner#start/2150/end/2185,2/27/2015 21:36:05,MSNBC,NOW With Alex Wagner,MSNBCW_20150227_210000_NOW_With_Alex_Wagner,https://archive.org/download/MSNBCW_20150227_210000_NOW_With_Alex_Wagner/MSNBCW_20150227_210000_NOW_With_Alex_Wagner.thumbs/MSNBCW_20150227_210000_NOW_With_Alex_Wagner_002145.jpg,"global warming doesn't exist. what's a good argument against global warming? we have only been watching it for 150 years. maybe that's an argument. his whole argument is like"
https://archive.org/details/MSNBCW_20150203_110000_Morning_Joe#start/7542/end/7577,2/3/2015 13:05:57,MSNBC,Morning Joe,MSNBCW_20150203_110000_Morning_Joe,https://archive.org/download/MSNBCW_20150203_110000_Morning_Joe/MSNBCW_20150203_110000_Morning_Joe.thumbs/MSNBCW_20150203_110000_Morning_Joe_007515.jpg,"there's still a debate on climate change, the effects of climate change, how quickly climate change is coming on us a thousand different variables in that debate."
https://archive.org/details/MSNBCW_20150216_190000_The_Reid_Report#start/518/end/553,2/16/2015 19:08:53,MSNBC,The Reid Report,MSNBCW_20150216_190000_The_Reid_Report,https://archive.org/download/MSNBCW_20150216_190000_The_Reid_Report/MSNBCW_20150216_190000_The_Reid_Report.thumbs/MSNBCW_20150216_190000_The_Reid_Report_000495.jpg,"dream, joy, is that you all you and the news business would say the word climate change just like it could be climate change. it's a possible connection to climate change. just toss that in now and then."
https://archive.org/details/MSNBCW_20150216_110000_Morning_Joe#start/73/end/108,2/16/2015 11:01:28,MSNBC,Morning Joe,MSNBCW_20150216_110000_Morning_Joe,https://archive.org/download/MSNBCW_20150216_110000_Morning_Joe/MSNBCW_20150216_110000_Morning_Joe.thumbs/MSNBCW_20150216_110000_Morning_Joe_000045.jpg,"coast. welcome to 'morning joe.' it is cold out there. a frigid morning on the east coast. at least we don't have the snow that new england has. global warming? i'm moving to boca. where is global warming. it is brutal. they don't know where to put it."
https://archive.org/details/MSNBCW_20150227_020000_The_Rachel_Maddow_Show#start/1306/end/1341,2/27/2015 2:22:01,MSNBC,The Rachel Maddow Show,MSNBCW_20150227_020000_The_Rachel_Maddow_Show,https://archive.org/download/MSNBCW_20150227_020000_The_Rachel_Maddow_Show/MSNBCW_20150227_020000_The_Rachel_Maddow_Show.thumbs/MSNBCW_20150227_020000_The_Rachel_Maddow_Show_001306.jpg,"president, catch this. james inhoffe furnishing a snowball on the floor today because logic. a snowball disproves climate"
https://archive.org/details/MSNBCW_20150203_110000_Morning_Joe#start/2952/end/2987,2/3/2015 11:49:27,MSNBC,Morning Joe,MSNBCW_20150203_110000_Morning_Joe,https://archive.org/download/MSNBCW_20150203_110000_Morning_Joe/MSNBCW_20150203_110000_Morning_Joe.thumbs/MSNBCW_20150203_110000_Morning_Joe_002925.jpg,"believe in the sigh snens. you and i, a lot of people can have debates about climate change and we can debate the extent of climate change as far as i believe in climate change. extent not whether it's happening. let me finish your sentence. i'm emanuel."
https://archive.org/details/MSNBCW_20150203_110000_Morning_Joe#start/322/end/357,2/3/2015 11:05:37,MSNBC,Morning Joe,MSNBCW_20150203_110000_Morning_Joe,https://archive.org/download/MSNBCW_20150203_110000_Morning_Joe/MSNBCW_20150203_110000_Morning_Joe.thumbs/MSNBCW_20150203_110000_Morning_Joe_000315.jpg,"was a debate. there is not, at least in the science community, a debate about this anymore. this is not even close. this is not even close -- there is still a debate on climate change, the effects of climate change, how quickly climate change is coming on us."
https://archive.org/details/MSNBCW_20150209_220000_The_Ed_Show#start/651/end/686,2/9/2015 22:11:06,MSNBC,The Ed Show,MSNBCW_20150209_220000_The_Ed_Show,https://archive.org/download/MSNBCW_20150209_220000_The_Ed_Show/MSNBCW_20150209_220000_The_Ed_Show.thumbs/MSNBCW_20150209_220000_The_Ed_Show_000645.jpg,"we're ambulance chasing? that's paraphrasing. that's basically what the president said. if it bleeds it leads. the gulf is bleeding. i think historically climate"
https://archive.org/details/MSNBCW_20150209_220000_The_Ed_Show#start/890/end/925,2/9/2015 22:15:05,MSNBC,The Ed Show,MSNBCW_20150209_220000_The_Ed_Show,https://archive.org/download/MSNBCW_20150209_220000_The_Ed_Show/MSNBCW_20150209_220000_The_Ed_Show.thumbs/MSNBCW_20150209_220000_The_Ed_Show_000885.jpg,"climate change deniers in congress. there were five republicans in the senate who acknowledged that climate change is happening and that humans are significantly contributing to it. if you think it is happening,"
https://archive.org/details/MSNBCW_20150207_130000_Up_WSteve_Kornacki#start/6429/end/6464,2/7/2015 14:47:24,MSNBC,Up WSteve Kornacki,MSNBCW_20150207_130000_Up_WSteve_Kornacki,https://archive.org/download/MSNBCW_20150207_130000_Up_WSteve_Kornacki/MSNBCW_20150207_130000_Up_WSteve_Kornacki.thumbs/MSNBCW_20150207_130000_Up_WSteve_Kornacki_006405.jpg,"pipeline could increase greenhouse gas emissions according to a report from this federal agency. state department? incorrect. the epa. 200 for josh. filing for bankruptcy this week was the electronics retailer --  _"
https://archive.org/details/MSNBCW_20150209_220000_The_Ed_Show#start/94/end/129,2/9/2015 22:01:49,MSNBC,The Ed Show,MSNBCW_20150209_220000_The_Ed_Show,https://archive.org/download/MSNBCW_20150209_220000_The_Ed_Show/MSNBCW_20150209_220000_The_Ed_Show.thumbs/MSNBCW_20150209_220000_The_Ed_Show_000075.jpg,"brutally honest remarks coming from president obama on climate change. in an interview with vox, president obama says the media overstates the risk of terrorism compared to climate change. do you think the media"
https://archive.org/details/MSNBCW_20150213_220000_The_Ed_Show#start/2063/end/2098,2/13/2015 22:34:38,MSNBC,The Ed Show,MSNBCW_20150213_220000_The_Ed_Show,https://archive.org/download/MSNBCW_20150213_220000_The_Ed_Show/MSNBCW_20150213_220000_The_Ed_Show.thumbs/MSNBCW_20150213_220000_The_Ed_Show_002055.jpg,"induced global warming. reducing greenhouse emissions lowers the risk of a mega drought. the risk of a mega drought goes"
https://archive.org/details/MSNBCW_20150223_190000_The_Reid_Report#start/1019/end/1054,2/23/2015 19:17:14,MSNBC,The Reid Report,MSNBCW_20150223_190000_The_Reid_Report,https://archive.org/download/MSNBCW_20150223_190000_The_Reid_Report/MSNBCW_20150223_190000_The_Reid_Report.thumbs/MSNBCW_20150223_190000_The_Reid_Report_001005.jpg,"commentary. after finding himself knee-deep in questions about the president's allegiances. he was asked if he thought the president was a christian. and his response of how could i know that. i'm not a scientist on climate"
https://archive.org/details/MSNBCW_20150203_050000_The_Rachel_Maddow_Show#start/981/end/1016,2/3/2015 5:16:36,MSNBC,The Rachel Maddow Show,MSNBCW_20150203_050000_The_Rachel_Maddow_Show,https://archive.org/download/MSNBCW_20150203_050000_The_Rachel_Maddow_Show/MSNBCW_20150203_050000_The_Rachel_Maddow_Show.thumbs/MSNBCW_20150203_050000_The_Rachel_Maddow_Show_000975.jpg,"want steps to be taken to fight climate change they will support and praise you for denying the science of climate change. if you deny the science on measles, what does that get you? what does that get you on the"
https://archive.org/details/MSNBCW_20150212_060000_The_Last_Word_With_Lawrence_ODonnell#start/93/end/128,2/12/2015 6:01:48,MSNBC,The Last Word With Lawrence ODonnell,MSNBCW_20150212_060000_The_Last_Word_With_Lawrence_ODonnell,https://archive.org/download/MSNBCW_20150212_060000_The_Last_Word_With_Lawrence_ODonnell/MSNBCW_20150212_060000_The_Last_Word_With_Lawrence_ODonnell.thumbs/MSNBCW_20150212_060000_The_Last_Word_With_Lawrence_ODonnell_000075.jpg,"they're going to get off their ass and do something. i hope they don't play politics with that. my job was to tell them what the politics of it were. the movie is called 'believer.' someone said why is the president focusing on climate"
https://archive.org/details/MSNBCW_20150214_000000_Hardball_With_Chris_Matthews#start/2023/end/2058,2/14/2015 0:33:58,MSNBC,Hardball With Chris Matthews,MSNBCW_20150214_000000_Hardball_With_Chris_Matthews,https://archive.org/download/MSNBCW_20150214_000000_Hardball_With_Chris_Matthews/MSNBCW_20150214_000000_Hardball_With_Chris_Matthews.thumbs/MSNBCW_20150214_000000_Hardball_With_Chris_Matthews_001995.jpg,"i believe global warming is caused by man. and i believe it's just god hugging us closer. i don't agree with the bush doctrine. and i don't know what that is."
https://archive.org/details/MSNBCW_20150223_230000_PoliticsNation#start/1686/end/1721,2/23/2015 23:28:21,MSNBC,PoliticsNation,MSNBCW_20150223_230000_PoliticsNation,https://archive.org/download/MSNBCW_20150223_230000_PoliticsNation/MSNBCW_20150223_230000_PoliticsNation.thumbs/MSNBCW_20150223_230000_PoliticsNation_001606.jpg,"visit legalzoom today for the legal help you need to start and run your business. legalzoom. legal help is here. human impact of global warming, republicans has it down to a"
https://archive.org/details/MSNBCW_20150218_190000_The_Reid_Report#start/2249/end/2284,2/18/2015 19:37:44,MSNBC,The Reid Report,MSNBCW_20150218_190000_The_Reid_Report,https://archive.org/download/MSNBCW_20150218_190000_The_Reid_Report/MSNBCW_20150218_190000_The_Reid_Report.thumbs/MSNBCW_20150218_190000_The_Reid_Report_002235.jpg,"the climate change. for a lot of ways this is more than just the science. it is about drawing the line and saying this is my people and my people deny climate change is a thing that is happening. it is become a social issue more than it is just about the science. but i think even among the"
https://archive.org/details/MSNBCW_20150209_220000_The_Ed_Show#start/762/end/797,2/9/2015 22:12:57,MSNBC,The Ed Show,MSNBCW_20150209_220000_The_Ed_Show,https://archive.org/download/MSNBCW_20150209_220000_The_Ed_Show/MSNBCW_20150209_220000_The_Ed_Show.thumbs/MSNBCW_20150209_220000_The_Ed_Show_000735.jpg,"snowstorms prove that there's no global warming, so it is difficult to explain the science behind that in a ten-second sound byte. there's there billionaire money being pumped into think tanks to"
https://archive.org/details/MSNBCW_20150227_110000_Morning_Joe#start/5282/end/5317,2/27/2015 12:28:17,MSNBC,Morning Joe,MSNBCW_20150227_110000_Morning_Joe,https://archive.org/download/MSNBCW_20150227_110000_Morning_Joe/MSNBCW_20150227_110000_Morning_Joe.thumbs/MSNBCW_20150227_110000_Morning_Joe_005266.jpg,"scientific findings that 2014 was the warmest year on record. he criticized the obama administration for spending too much time focusing on global warming instead of terrorism. the huffing post. a stolen pablo picasso painting"
https://archive.org/details/MSNBCW_20150227_210000_NOW_With_Alex_Wagner#start/2136/end/2171,2/27/2015 21:35:51,MSNBC,NOW With Alex Wagner,MSNBCW_20150227_210000_NOW_With_Alex_Wagner,https://archive.org/download/MSNBCW_20150227_210000_NOW_With_Alex_Wagner/MSNBCW_20150227_210000_NOW_With_Alex_Wagner.thumbs/MSNBCW_20150227_210000_NOW_With_Alex_Wagner_002115.jpg,"saying, there's no such thing as gravity because it's floating. that's the sophistication of the science we're talking about, seton. there are so many good arguments against global warming. it's cold today, so therefore"
https://archive.org/details/MSNBCW_20150211_220000_The_Ed_Show#start/3544/end/3579,2/11/2015 22:59:19,MSNBC,The Ed Show,MSNBCW_20150211_220000_The_Ed_Show,https://archive.org/download/MSNBCW_20150211_220000_The_Ed_Show/MSNBCW_20150211_220000_The_Ed_Show.thumbs/MSNBCW_20150211_220000_The_Ed_Show_003526.jpg,"surveillance of the planet earth and so we are now beginning to say, look global warming and the effects of the entire earth with regards to it heating up and also it's supposed to monitor solar flares from the"
https://archive.org/details/MSNBCW_20150220_210000_NOW_With_Alex_Wagner#start/2240/end/2275,2/20/2015 21:37:35,MSNBC,NOW With Alex Wagner,MSNBCW_20150220_210000_NOW_With_Alex_Wagner,https://archive.org/download/MSNBCW_20150220_210000_NOW_With_Alex_Wagner/MSNBCW_20150220_210000_NOW_With_Alex_Wagner.thumbs/MSNBCW_20150220_210000_NOW_With_Alex_Wagner_002236.jpg,"incredibly hopeful. in the end, i was on earth. i have done these things. i have seen these people. i have fallen in love. i don't care about global warming. i just care about my friends. i hope you melt down."
https://archive.org/details/MSNBCW_20150226_140000_The_Rundown_With_Jose_Diaz-Balart#start/2279/end/2314,2/26/2015 14:38:14,MSNBC,The Rundown With Jose Diaz-Balart,MSNBCW_20150226_140000_The_Rundown_With_Jose_Diaz-Balart,https://archive.org/download/MSNBCW_20150226_140000_The_Rundown_With_Jose_Diaz-Balart/MSNBCW_20150226_140000_The_Rundown_With_Jose_Diaz-Balart.thumbs/MSNBCW_20150226_140000_The_Rundown_With_Jose_Diaz-Balart_002266.jpg,"terrorism, there are conferences on global warming, there are conferences where maybe the president could get and sit down with legislators on both sides of the aisle and try to continue a bipartisan effort? it just seemed as though that"
https://archive.org/details/MSNBCW_20150212_030000_The_Last_Word_With_Lawrence_ODonnell#start/113/end/148,2/12/2015 3:02:08,MSNBC,The Last Word With Lawrence ODonnell,MSNBCW_20150212_030000_The_Last_Word_With_Lawrence_ODonnell,https://archive.org/download/MSNBCW_20150212_030000_The_Last_Word_With_Lawrence_ODonnell/MSNBCW_20150212_030000_The_Last_Word_With_Lawrence_ODonnell.thumbs/MSNBCW_20150212_030000_The_Last_Word_With_Lawrence_ODonnell_000105.jpg,"'believer.' someone said why is the president focusing on climate change? the falcon takes flight. propelling the deep space"
https://archive.org/details/MSNBCW_20150201_150000_Melissa_Harris-Perry#start/4161/end/4196,2/1/2015 16:09:36,MSNBC,Melissa Harris-Perry,MSNBCW_20150201_150000_Melissa_Harris-Perry,https://archive.org/download/MSNBCW_20150201_150000_Melissa_Harris-Perry/MSNBCW_20150201_150000_Melissa_Harris-Perry.thumbs/MSNBCW_20150201_150000_Melissa_Harris-Perry_004155.jpg,"call global warming sunshine time. the one time he broke from script was to show nasty shade at rachel nichols, the woman in the audience an amazing reporter, who asked him about the conflict of interest in these cases. that's when the mask slipped a little bit."
https://archive.org/details/MSNBCW_20150212_160000_NewsNation#start/2258/end/2293,2/12/2015 16:37:53,MSNBC,NewsNation,MSNBCW_20150212_160000_NewsNation,https://archive.org/download/MSNBCW_20150212_160000_NewsNation/MSNBCW_20150212_160000_NewsNation.thumbs/MSNBCW_20150212_160000_NewsNation_002235.jpg,"i think it also caught some eyebrows raise some eyebrows. for a lot of people, a basically the scientific community. they say evolution or global warming or things like that those are simple answers -- questions to answer. now, of course there are a lot"
https://archive.org/details/MSNBCW_20150210_230000_PoliticsNation#start/1028/end/1063,2/10/2015 23:17:23,MSNBC,PoliticsNation,MSNBCW_20150210_230000_PoliticsNation,https://archive.org/download/MSNBCW_20150210_230000_PoliticsNation/MSNBCW_20150210_230000_PoliticsNation.thumbs/MSNBCW_20150210_230000_PoliticsNation_001005.jpg,"ensures or nation's workers are sharing in our prosperity. we can turn this crisis of global warming into a moment of opportunity for innovation job creation. i want to win the next battle for justice and opportunity. i want to win that next battle"
https://archive.org/details/MSNBCW_20150218_110000_Morning_Joe#start/532/end/567,2/18/2015 11:09:07,MSNBC,Morning Joe,MSNBCW_20150218_110000_Morning_Joe,https://archive.org/download/MSNBCW_20150218_110000_Morning_Joe/MSNBCW_20150218_110000_Morning_Joe.thumbs/MSNBCW_20150218_110000_Morning_Joe_000525.jpg,"our country. so it certainly is a huge task to take on the world. having said that it is a part of the administration. it's like global warming. it's completely long term. i think it's very difficult to have an argument about combating isis with jobs."
https://archive.org/details/MSNBCW_20150224_040000_All_In_With_Chris_Hayes#start/2453/end/2488,2/24/2015 4:41:08,MSNBC,All In With Chris Hayes,MSNBCW_20150224_040000_All_In_With_Chris_Hayes,https://archive.org/download/MSNBCW_20150224_040000_All_In_With_Chris_Hayes/MSNBCW_20150224_040000_All_In_With_Chris_Hayes.thumbs/MSNBCW_20150224_040000_All_In_With_Chris_Hayes_002445.jpg,"little sliver there? who are writing papers saying it is not real. i will tell you. climate change skeptics if we're"
https://archive.org/details/MSNBCW_20150227_090000_The_Rachel_Maddow_Show#start/1300/end/1335,2/27/2015 9:21:55,MSNBC,The Rachel Maddow Show,MSNBCW_20150227_090000_The_Rachel_Maddow_Show,https://archive.org/download/MSNBCW_20150227_090000_The_Rachel_Maddow_Show/MSNBCW_20150227_090000_The_Rachel_Maddow_Show.thumbs/MSNBCW_20150227_090000_The_Rachel_Maddow_Show_001275.jpg,"a snowball disproves climate change. case closed, argument over. it's cold. there was also this moment nancy pelosi wearing sungases at a"
https://archive.org/details/MSNBCW_20150203_050000_The_Rachel_Maddow_Show#start/950/end/985,2/3/2015 5:16:05,MSNBC,The Rachel Maddow Show,MSNBCW_20150203_050000_The_Rachel_Maddow_Show,https://archive.org/download/MSNBCW_20150203_050000_The_Rachel_Maddow_Show/MSNBCW_20150203_050000_The_Rachel_Maddow_Show.thumbs/MSNBCW_20150203_050000_The_Rachel_Maddow_Show_000945.jpg,"thing at least. vac sib nations, this is not like global warming where is a scientific consensus and conservatives decided not to believe it or say they don't believe it for political reasons. but is that now what we are getting on public health and specifically on vaccines?"
https://archive.org/details/MSNBCW_20150212_230000_PoliticsNation#start/272/end/307,2/12/2015 23:04:47,MSNBC,PoliticsNation,MSNBCW_20150212_230000_PoliticsNation,https://archive.org/download/MSNBCW_20150212_230000_PoliticsNation/MSNBCW_20150212_230000_PoliticsNation.thumbs/MSNBCW_20150212_230000_PoliticsNation_000256.jpg,"consistent. because they also don't believe in global warming, because there's a lot of snow in boston. they haven't evolved when it comes to the question of women's health and some people believe that women have magical powers. so i think we see this consistently. then what they're doing here in"
https://archive.org/details/MSNBCW_20150227_050000_The_Rachel_Maddow_Show#start/1312/end/1347,2/27/2015 5:22:07,MSNBC,The Rachel Maddow Show,MSNBCW_20150227_050000_The_Rachel_Maddow_Show,https://archive.org/download/MSNBCW_20150227_050000_The_Rachel_Maddow_Show/MSNBCW_20150227_050000_The_Rachel_Maddow_Show.thumbs/MSNBCW_20150227_050000_The_Rachel_Maddow_Show_001305.jpg,"snowball on the floor today because logic. a snowball disproves climate change. case closed, argument over. it's cold. there was also this moment nancy"
https://archive.org/details/MSNBCW_20150203_020000_The_Rachel_Maddow_Show#start/1468/end/1503,2/3/2015 2:24:43,MSNBC,The Rachel Maddow Show,MSNBCW_20150203_020000_The_Rachel_Maddow_Show,https://archive.org/download/MSNBCW_20150203_020000_The_Rachel_Maddow_Show/MSNBCW_20150203_020000_The_Rachel_Maddow_Show.thumbs/MSNBCW_20150203_020000_The_Rachel_Maddow_Show_001455.jpg,"democratic primaries. the only overlab here is the antiauthority, antigovernment and antiscience benefit that you see around the climate change deniers that was generated and"
https://archive.org/details/MSNBCW_20150203_090000_The_Rachel_Maddow_Show#start/1462/end/1497,2/3/2015 9:24:37,MSNBC,The Rachel Maddow Show,MSNBCW_20150203_090000_The_Rachel_Maddow_Show,https://archive.org/download/MSNBCW_20150203_090000_The_Rachel_Maddow_Show/MSNBCW_20150203_090000_The_Rachel_Maddow_Show.thumbs/MSNBCW_20150203_090000_The_Rachel_Maddow_Show_001456.jpg,"antiauthority, antigovernment, and antiscience benefit that you see around the climate change deniers that was generated and fuelled by the koch brothers. so chasing political upside"
https://archive.org/details/MSNBCW_20150227_210000_NOW_With_Alex_Wagner#start/1152/end/1187,2/27/2015 21:19:27,MSNBC,NOW With Alex Wagner,MSNBCW_20150227_210000_NOW_With_Alex_Wagner,https://archive.org/download/MSNBCW_20150227_210000_NOW_With_Alex_Wagner/MSNBCW_20150227_210000_NOW_With_Alex_Wagner.thumbs/MSNBCW_20150227_210000_NOW_With_Alex_Wagner_001125.jpg,"works, two, climate change is real, three, that dress is gold and white. california representative mark drafted a house resolution about the dress being black and blue."
https://archive.org/details/MSNBCW_20150225_010000_All_In_With_Chris_Hayes#start/1275/end/1310,2/25/2015 1:21:30,MSNBC,All In With Chris Hayes,MSNBCW_20150225_010000_All_In_With_Chris_Hayes,https://archive.org/download/MSNBCW_20150225_010000_All_In_With_Chris_Hayes/MSNBCW_20150225_010000_All_In_With_Chris_Hayes.thumbs/MSNBCW_20150225_010000_All_In_With_Chris_Hayes_001276.jpg,"keystone pipeline contributes too much to climate change. and people lost their water last summer, and i know my state, and i know the keystone pipeline was"
https://archive.org/details/MSNBCW_20150203_080000_All_In_With_Chris_Hayes#start/1969/end/2004,2/3/2015 8:33:04,MSNBC,All In With Chris Hayes,MSNBCW_20150203_080000_All_In_With_Chris_Hayes,https://archive.org/download/MSNBCW_20150203_080000_All_In_With_Chris_Hayes/MSNBCW_20150203_080000_All_In_With_Chris_Hayes.thumbs/MSNBCW_20150203_080000_All_In_With_Chris_Hayes_001965.jpg,"lot, but climate change has far greater costs. right now, and it is only getting more and more expensive in the near future. it is like infectious diseases."
https://archive.org/details/MSNBCW_20150203_020000_The_Rachel_Maddow_Show#start/2347/end/2382,2/3/2015 2:39:22,MSNBC,The Rachel Maddow Show,MSNBCW_20150203_020000_The_Rachel_Maddow_Show,https://archive.org/download/MSNBCW_20150203_020000_The_Rachel_Maddow_Show/MSNBCW_20150203_020000_The_Rachel_Maddow_Show.thumbs/MSNBCW_20150203_020000_The_Rachel_Maddow_Show_002325.jpg,"conservative as they come. he sponsored legislation to abolish the irs. he climate change is not man made. he put out a statement saying president obama's budget is"
https://archive.org/details/MSNBCW_20150216_190000_The_Reid_Report#start/475/end/510,2/16/2015 19:08:10,MSNBC,The Reid Report,MSNBCW_20150216_190000_The_Reid_Report,https://archive.org/download/MSNBCW_20150216_190000_The_Reid_Report/MSNBCW_20150216_190000_The_Reid_Report.thumbs/MSNBCW_20150216_190000_The_Reid_Report_000465.jpg,"that teases the difference between climate change and weather. cold snops do not change the planet. climate is how the atmosphere behaves over a long period of time."
https://archive.org/details/MSNBCW_20150223_210000_NOW_With_Alex_Wagner#start/3557/end/3592,2/23/2015 21:59:32,MSNBC,NOW With Alex Wagner,MSNBCW_20150223_210000_NOW_With_Alex_Wagner,https://archive.org/download/MSNBCW_20150223_210000_NOW_With_Alex_Wagner/MSNBCW_20150223_210000_NOW_With_Alex_Wagner.thumbs/MSNBCW_20150223_210000_NOW_With_Alex_Wagner_003495.jpg,"scientists agree that climate change is a manmade phenomenon. but if 97% of those scientists are on the same page who are the 3% that are and why?"
https://archive.org/details/MSNBCW_20150209_220000_The_Ed_Show#start/111/end/146,2/9/2015 22:02:06,MSNBC,The Ed Show,MSNBCW_20150209_220000_The_Ed_Show,https://archive.org/download/MSNBCW_20150209_220000_The_Ed_Show/MSNBCW_20150209_220000_The_Ed_Show.thumbs/MSNBCW_20150209_220000_The_Ed_Show_000105.jpg,"sometimes overstates the level of alarm people should have about terrorism as opposed to climate change? absolutely. i don't blame the media for that. what's the famous saying about"
https://archive.org/details/MSNBCW_20150224_010000_All_In_With_Chris_Hayes#start/2450/end/2485,2/24/2015 1:41:05,MSNBC,All In With Chris Hayes,MSNBCW_20150224_010000_All_In_With_Chris_Hayes,https://archive.org/download/MSNBCW_20150224_010000_All_In_With_Chris_Hayes/MSNBCW_20150224_010000_All_In_With_Chris_Hayes.thumbs/MSNBCW_20150224_010000_All_In_With_Chris_Hayes_002445.jpg,"i will tell you. climate change skeptics if we're being generous where often not all they appear to be. take for instance this guy. the washington post called him"
https://archive.org/details/MSNBCW_20150224_220000_The_Ed_Show#start/233/end/268,2/24/2015 22:04:08,MSNBC,The Ed Show,MSNBCW_20150224_220000_The_Ed_Show,https://archive.org/download/MSNBCW_20150224_220000_The_Ed_Show/MSNBCW_20150224_220000_The_Ed_Show.thumbs/MSNBCW_20150224_220000_The_Ed_Show_000226.jpg,"rightslandowners in nebraska. get your cell phones out. does president obama's veto prove that he is serious on climate change? text 'a' for yes. text 'b' for no."
https://archive.org/details/MSNBCW_20150223_190000_The_Reid_Report#start/1252/end/1287,2/23/2015 19:21:07,MSNBC,The Reid Report,MSNBCW_20150223_190000_The_Reid_Report,https://archive.org/download/MSNBCW_20150223_190000_The_Reid_Report/MSNBCW_20150223_190000_The_Reid_Report.thumbs/MSNBCW_20150223_190000_The_Reid_Report_001245.jpg,"and there is the frustration that appear to be gotchas and there is this other reaction. and do you believe in climate change but i don't think those"
https://archive.org/details/MSNBCW_20150203_010000_All_In_With_Chris_Hayes#start/1962/end/1997,2/3/2015 1:32:57,MSNBC,All In With Chris Hayes,MSNBCW_20150203_010000_All_In_With_Chris_Hayes,https://archive.org/download/MSNBCW_20150203_010000_All_In_With_Chris_Hayes/MSNBCW_20150203_010000_All_In_With_Chris_Hayes.thumbs/MSNBCW_20150203_010000_All_In_With_Chris_Hayes_001965.jpg,"$400 million to help local communities assess flood risks. they may or hay not sound like a lot, but climate change has far greater costs. right now, and it is only"
https://archive.org/details/MSNBCW_20150203_090000_The_Rachel_Maddow_Show#start/952/end/987,2/3/2015 9:16:07,MSNBC,The Rachel Maddow Show,MSNBCW_20150203_090000_The_Rachel_Maddow_Show,https://archive.org/download/MSNBCW_20150203_090000_The_Rachel_Maddow_Show/MSNBCW_20150203_090000_The_Rachel_Maddow_Show.thumbs/MSNBCW_20150203_090000_The_Rachel_Maddow_Show_000946.jpg,"it is not like climate change where scientists have said 2 and some don't believe it for political reasons. does it make sense in the internal logic of the right, if"
https://archive.org/details/MSNBCW_20150213_220000_The_Ed_Show#start/919/end/954,2/13/2015 22:15:34,MSNBC,The Ed Show,MSNBCW_20150213_220000_The_Ed_Show,https://archive.org/download/MSNBCW_20150213_220000_The_Ed_Show/MSNBCW_20150213_220000_The_Ed_Show.thumbs/MSNBCW_20150213_220000_The_Ed_Show_000915.jpg,"in the south. plus dire new warnings about climate change and a mega drought like nothing we have ever seen. stay with us. we're right back with 'the ed show.'."
https://archive.org/details/MSNBCW_20150209_220000_The_Ed_Show#start/700/end/735,2/9/2015 22:11:55,MSNBC,The Ed Show,MSNBCW_20150209_220000_The_Ed_Show,https://archive.org/download/MSNBCW_20150209_220000_The_Ed_Show/MSNBCW_20150209_220000_The_Ed_Show.thumbs/MSNBCW_20150209_220000_The_Ed_Show_000675.jpg,"there are so many solutions on our soil. keeping the dirtiest fuels in the ground for good. the president says climate change coverage doesn't rate. what's your response to that?"
https://archive.org/details/MSNBCW_20150227_100000_First_Look#start/969/end/1004,2/27/2015 10:16:24,MSNBC,First Look,MSNBCW_20150227_100000_First_Look,https://archive.org/download/MSNBCW_20150227_100000_First_Look/MSNBCW_20150227_100000_First_Look.thumbs/MSNBCW_20150227_100000_First_Look_000946.jpg,"died and his fiancee was seriously injured. republican senator jim inhofe has been saying that climate change is a hoax. but does this stunt really help him make his point?"
https://archive.org/details/MSNBCW_20150227_220000_The_Ed_Show#start/61/end/96,2/27/2015 22:01:16,MSNBC,The Ed Show,MSNBCW_20150227_220000_The_Ed_Show,https://archive.org/download/MSNBCW_20150227_220000_The_Ed_Show/MSNBCW_20150227_220000_The_Ed_Show.thumbs/MSNBCW_20150227_220000_The_Ed_Show_000046.jpg,"projected faster than even the present-day models. nature doesn't like an imbalance. we have passed the point of no return. but climate change still gets an icy reception in congress."
https://archive.org/details/MSNBCW_20150214_170000_Weekends_With_Alex_Witt#start/6510/end/6545,2/14/2015 18:48:45,MSNBC,Weekends With Alex Witt,MSNBCW_20150214_170000_Weekends_With_Alex_Witt,https://archive.org/download/MSNBCW_20150214_170000_Weekends_With_Alex_Witt/MSNBCW_20150214_170000_Weekends_With_Alex_Witt.thumbs/MSNBCW_20150214_170000_Weekends_With_Alex_Witt_006496.jpg,"domestically as opposed to going abroad. i do want to push back on something leslie said. the idea that evolution and science and climate change those do matter to middle class"
https://archive.org/details/MSNBCW_20150203_090000_The_Rachel_Maddow_Show#start/2336/end/2371,2/3/2015 9:39:11,MSNBC,The Rachel Maddow Show,MSNBCW_20150203_090000_The_Rachel_Maddow_Show,https://archive.org/download/MSNBCW_20150203_090000_The_Rachel_Maddow_Show/MSNBCW_20150203_090000_The_Rachel_Maddow_Show.thumbs/MSNBCW_20150203_090000_The_Rachel_Maddow_Show_002326.jpg,"he sponsored legislation to abolish the irs. he climate change is not man made. he put out a statement saying president obama's budget is reckless and irresponsible. but on veteran's issues, you"
https://archive.org/details/MSNBCW_20150203_090000_The_Rachel_Maddow_Show#start/1509/end/1544,2/3/2015 9:25:24,MSNBC,The Rachel Maddow Show,MSNBCW_20150203_090000_The_Rachel_Maddow_Show,https://archive.org/download/MSNBCW_20150203_090000_The_Rachel_Maddow_Show/MSNBCW_20150203_090000_The_Rachel_Maddow_Show.thumbs/MSNBCW_20150203_090000_The_Rachel_Maddow_Show_001486.jpg,"that they should stick to climate change denialism. everybody has, not everybody, but a lot of people have children, everyone was a child at some point. no one wants measles or mumps,"
https://archive.org/details/MSNBCW_20150213_110000_Morning_Joe#start/8652/end/8687,2/13/2015 13:24:27,MSNBC,Morning Joe,MSNBCW_20150213_110000_Morning_Joe,https://archive.org/download/MSNBCW_20150213_110000_Morning_Joe/MSNBCW_20150213_110000_Morning_Joe.thumbs/MSNBCW_20150213_110000_Morning_Joe_008626.jpg,"far worse than california's current situation. cornell scientists say the odds of the mega drought in these regions are 80%, if climate change continues at the same pace. a mega drought occurs when"
https://archive.org/details/MSNBCW_20150209_220000_The_Ed_Show#start/715/end/750,2/9/2015 22:12:10,MSNBC,The Ed Show,MSNBCW_20150209_220000_The_Ed_Show,https://archive.org/download/MSNBCW_20150209_220000_The_Ed_Show/MSNBCW_20150209_220000_The_Ed_Show.thumbs/MSNBCW_20150209_220000_The_Ed_Show_000705.jpg,"a large number of media outlets have made a catastrophic climate change story into a snooze and snore moment. first, the american public is now officially reading and comprehending around a middle"
https://archive.org/details/MSNBCW_20150205_220000_The_Ed_Show#start/1263/end/1298,2/5/2015 22:21:18,MSNBC,The Ed Show,MSNBCW_20150205_220000_The_Ed_Show,https://archive.org/download/MSNBCW_20150205_220000_The_Ed_Show/MSNBCW_20150205_220000_The_Ed_Show.thumbs/MSNBCW_20150205_220000_The_Ed_Show_001245.jpg,"tool. this will help us with climate change sea level rise. i think it has the potential to touch everyone's life. the satellite mission's moisture levels in the top five centimeters of moisture."
https://archive.org/details/MSNBCW_20150227_030000_The_Last_Word_With_Lawrence_ODonnell#start/2570/end/2605,2/27/2015 3:43:05,MSNBC,The Last Word With Lawrence ODonnell,MSNBCW_20150227_030000_The_Last_Word_With_Lawrence_ODonnell,https://archive.org/download/MSNBCW_20150227_030000_The_Last_Word_With_Lawrence_ODonnell/MSNBCW_20150227_030000_The_Last_Word_With_Lawrence_ODonnell.thumbs/MSNBCW_20150227_030000_The_Last_Word_With_Lawrence_ODonnell_002566.jpg,"senator james inhofe is chairman of the environment committee and he insists that climate change is a hoax. and today, according to senator inhofe's logic, he proved it. in case we have forgotten,"
https://archive.org/details/MSNBCW_20150207_110000_The_Rachel_Maddow_Show#start/153/end/188,2/7/2015 11:02:48,MSNBC,The Rachel Maddow Show,MSNBCW_20150207_110000_The_Rachel_Maddow_Show,https://archive.org/download/MSNBCW_20150207_110000_The_Rachel_Maddow_Show/MSNBCW_20150207_110000_The_Rachel_Maddow_Show.thumbs/MSNBCW_20150207_110000_The_Rachel_Maddow_Show_000135.jpg,"prices dropped below $2 a gallon. as new poll numbers came out showing even republican voters want political action to combat climate change. and in a three-week period there were no"
https://archive.org/details/MSNBCW_20150203_110000_Morning_Joe#start/9207/end/9242,2/3/2015 13:33:42,MSNBC,Morning Joe,MSNBCW_20150203_110000_Morning_Joe,https://archive.org/download/MSNBCW_20150203_110000_Morning_Joe/MSNBCW_20150203_110000_Morning_Joe.thumbs/MSNBCW_20150203_110000_Morning_Joe_009195.jpg,"that is really scary and dangerous. climate change deniers, vaccination deniers, they are going to kill us. i think on this it's far right, but it's also far left and it's a little bit -- we'll       _"
https://archive.org/details/MSNBCW_20150203_210000_NOW_With_Alex_Wagner#start/656/end/691,2/3/2015 21:11:11,MSNBC,NOW With Alex Wagner,MSNBCW_20150203_210000_NOW_With_Alex_Wagner,https://archive.org/download/MSNBCW_20150203_210000_NOW_With_Alex_Wagner/MSNBCW_20150203_210000_NOW_With_Alex_Wagner.thumbs/MSNBCW_20150203_210000_NOW_With_Alex_Wagner_000645.jpg,"been completely discredited. formally retracted, which is a very thing for a medical journal to do. and called fraudulent. there are similar climate change studies by folks who have been found to be fraudulent."
https://archive.org/details/MSNBCW_20150203_050000_The_Rachel_Maddow_Show#start/2341/end/2376,2/3/2015 5:39:16,MSNBC,The Rachel Maddow Show,MSNBCW_20150203_050000_The_Rachel_Maddow_Show,https://archive.org/download/MSNBCW_20150203_050000_The_Rachel_Maddow_Show/MSNBCW_20150203_050000_The_Rachel_Maddow_Show.thumbs/MSNBCW_20150203_050000_The_Rachel_Maddow_Show_002325.jpg,"as conservative as they come. he has sponsored legislation to abolish the irs. he says climate change is not man made. he put out a statement condemning president obama's new budget as reckless and"
https://archive.org/details/MSNBCW_20150213_110000_Morning_Joe#start/10380/end/10415,2/13/2015 13:53:15,MSNBC,Morning Joe,MSNBCW_20150213_110000_Morning_Joe,https://archive.org/download/MSNBCW_20150213_110000_Morning_Joe/MSNBCW_20150213_110000_Morning_Joe.thumbs/MSNBCW_20150213_110000_Morning_Joe_010366.jpg,"generation to do something really meaningful about climate change. have we learned from our mistakes in the past? done a lot on poverty that hassen untended consequences. have we learned those lessons and moved forward?"
https://archive.org/details/MSNBCW_20150209_220000_The_Ed_Show#start/487/end/522,2/9/2015 22:08:22,MSNBC,The Ed Show,MSNBCW_20150209_220000_The_Ed_Show,https://archive.org/download/MSNBCW_20150209_220000_The_Ed_Show/MSNBCW_20150209_220000_The_Ed_Show.thumbs/MSNBCW_20150209_220000_The_Ed_Show_000465.jpg,"get your cell phones out. i want to know what you think. tonight's question -- do you think republicans will ever admit that humans cause climate change? text 'a' for yes. text 'b' for no."
https://archive.org/details/MSNBCW_20150209_220000_The_Ed_Show#start/668/end/703,2/9/2015 22:11:23,MSNBC,The Ed Show,MSNBCW_20150209_220000_The_Ed_Show,https://archive.org/download/MSNBCW_20150209_220000_The_Ed_Show/MSNBCW_20150209_220000_The_Ed_Show.thumbs/MSNBCW_20150209_220000_The_Ed_Show_000645.jpg,"change has not gotten the attention it deserves. thanks to guys like you there is more appropriate attention to the calamity of the climate change whether it is the algae bloom in toledo ohio the"
https://archive.org/details/MSNBCW_20150203_020000_The_Rachel_Maddow_Show#start/974/end/1009,2/3/2015 2:16:29,MSNBC,The Rachel Maddow Show,MSNBCW_20150203_020000_The_Rachel_Maddow_Show,https://archive.org/download/MSNBCW_20150203_020000_The_Rachel_Maddow_Show/MSNBCW_20150203_020000_The_Rachel_Maddow_Show.thumbs/MSNBCW_20150203_020000_The_Rachel_Maddow_Show_000975.jpg,"change, that at least gets you the koch brothers, right? they want there to not be any stepping taken to fight climate change. they will praise you in return for you denying the science of"
https://archive.org/details/MSNBCW_20150203_020000_The_Rachel_Maddow_Show#start/1519/end/1554,2/3/2015 2:25:34,MSNBC,The Rachel Maddow Show,MSNBCW_20150203_020000_The_Rachel_Maddow_Show,https://archive.org/download/MSNBCW_20150203_020000_The_Rachel_Maddow_Show/MSNBCW_20150203_020000_The_Rachel_Maddow_Show.thumbs/MSNBCW_20150203_020000_The_Rachel_Maddow_Show_001515.jpg,"are still going to get -- moll tigss are going to take that they should stick to climate change denialism. everybody has, not everybody, but a lot of people have children, everyone was a child"
https://archive.org/details/MSNBCW_20150216_190000_The_Reid_Report#start/686/end/721,2/16/2015 19:11:41,MSNBC,The Reid Report,MSNBCW_20150216_190000_The_Reid_Report,https://archive.org/download/MSNBCW_20150216_190000_The_Reid_Report/MSNBCW_20150216_190000_The_Reid_Report.thumbs/MSNBCW_20150216_190000_The_Reid_Report_000675.jpg,"meaning we're not pursueing the policies. bill ney? just talk about climate change. if we were talking about it, we'd raise awareness and get to work and i as a guy born in the"
https://archive.org/details/MSNBCW_20150213_110000_Morning_Joe#start/1722/end/1757,2/13/2015 11:28:57,MSNBC,Morning Joe,MSNBCW_20150213_110000_Morning_Joe,https://archive.org/download/MSNBCW_20150213_110000_Morning_Joe/MSNBCW_20150213_110000_Morning_Joe.thumbs/MSNBCW_20150213_110000_Morning_Joe_001696.jpg,"current situation. cornell scientists say the odds of the megadrought in these regions are 80% if climate change continues at the same pace. a megadrought occurs when intense dry conditions persist for ten plus years."
https://archive.org/details/MSNBCW_20150223_210000_NOW_With_Alex_Wagner#start/3360/end/3395,2/23/2015 21:56:15,MSNBC,NOW With Alex Wagner,MSNBCW_20150223_210000_NOW_With_Alex_Wagner,https://archive.org/download/MSNBCW_20150223_210000_NOW_With_Alex_Wagner/MSNBCW_20150223_210000_NOW_With_Alex_Wagner.thumbs/MSNBCW_20150223_210000_NOW_With_Alex_Wagner_003345.jpg,"time and thoughts. coming up we will introduce you to a leading climate change denier who just happens to have an extremely lucrative relationship with the fossil fuel industry. that's next. everywhere, every time."
https://archive.org/details/MSNBCW_20150207_130000_Up_WSteve_Kornacki#start/5586/end/5621,2/7/2015 14:33:21,MSNBC,Up WSteve Kornacki,MSNBCW_20150207_130000_Up_WSteve_Kornacki,https://archive.org/download/MSNBCW_20150207_130000_Up_WSteve_Kornacki/MSNBCW_20150207_130000_Up_WSteve_Kornacki.thumbs/MSNBCW_20150207_130000_Up_WSteve_Kornacki_005565.jpg,"investments in infrastructure on tax reform and a need to deal with the planetary crisis of climate change on the trans pacific partnership. i suspect we'll have real differences. i want to ask you looking"
https://archive.org/details/MSNBCW_20150209_220000_The_Ed_Show#start/127/end/162,2/9/2015 22:02:22,MSNBC,The Ed Show,MSNBCW_20150209_220000_The_Ed_Show,https://archive.org/download/MSNBCW_20150209_220000_The_Ed_Show/MSNBCW_20150209_220000_The_Ed_Show.thumbs/MSNBCW_20150209_220000_The_Ed_Show_000105.jpg,"local newscasts right? if it bleeds it leads, right? you show crime stories and you show fires, because that's what folks watch. it is all about ratings, and climate change is one that is"
https://archive.org/details/MSNBCW_20150210_220000_The_Ed_Show#start/840/end/875,2/10/2015 22:14:15,MSNBC,The Ed Show,MSNBCW_20150210_220000_The_Ed_Show,https://archive.org/download/MSNBCW_20150210_220000_The_Ed_Show/MSNBCW_20150210_220000_The_Ed_Show.thumbs/MSNBCW_20150210_220000_The_Ed_Show_000825.jpg,"none of it has been open enough. the public has not had nearly the input. the people who care about climate change haven't. the people who care about public health haven't. this is pretty disastrous."
https://archive.org/details/MSNBCW_20150203_050000_The_Rachel_Maddow_Show#start/1518/end/1553,2/3/2015 5:25:33,MSNBC,The Rachel Maddow Show,MSNBCW_20150203_050000_The_Rachel_Maddow_Show,https://archive.org/download/MSNBCW_20150203_050000_The_Rachel_Maddow_Show/MSNBCW_20150203_050000_The_Rachel_Maddow_Show.thumbs/MSNBCW_20150203_050000_The_Rachel_Maddow_Show_001515.jpg,"today they should probably stick to climate change denial. this gets much too complicated. everybody has -- not everybody but a lot of people have children. everybody was a child at some point. no one wants to get measles,"
https://archive.org/details/MSNBCW_20150212_170000_Andrea_Mitchell_Reports#start/1617/end/1652,2/12/2015 17:27:12,MSNBC,Andrea Mitchell Reports,MSNBCW_20150212_170000_Andrea_Mitchell_Reports,https://archive.org/download/MSNBCW_20150212_170000_Andrea_Mitchell_Reports/MSNBCW_20150212_170000_Andrea_Mitchell_Reports.thumbs/MSNBCW_20150212_170000_Andrea_Mitchell_Reports_001606.jpg,"commenting on barack obama because there is a tradition of not going overseas and criticizing the president, the commander in chief. but i think not commenting on evolution or climate change especially. what's the point in being there?"
https://archive.org/details/MSNBCW_20150213_220000_The_Ed_Show#start/2508/end/2543,2/13/2015 22:42:03,MSNBC,The Ed Show,MSNBCW_20150213_220000_The_Ed_Show,https://archive.org/download/MSNBCW_20150213_220000_The_Ed_Show/MSNBCW_20150213_220000_The_Ed_Show.thumbs/MSNBCW_20150213_220000_The_Ed_Show_002505.jpg,"grandparents or their great grandparents struggling without water. the university of nebraska came out with a climate change report also that essentially said if we keep going down the status quo path of this outdated energy"
https://archive.org/details/MSNBCW_20150209_220000_The_Ed_Show#start/552/end/587,2/9/2015 22:09:27,MSNBC,The Ed Show,MSNBCW_20150209_220000_The_Ed_Show,https://archive.org/download/MSNBCW_20150209_220000_The_Ed_Show/MSNBCW_20150209_220000_The_Ed_Show.thumbs/MSNBCW_20150209_220000_The_Ed_Show_000555.jpg,"what's your response to the way republicans are talking about climate change? good evening, ed. let's take a look at nature. nature shows those that are looking and those that have trained for 30-plus years what's"
https://archive.org/details/MSNBCW_20150209_220000_The_Ed_Show#start/635/end/670,2/9/2015 22:10:50,MSNBC,The Ed Show,MSNBCW_20150209_220000_The_Ed_Show,https://archive.org/download/MSNBCW_20150209_220000_The_Ed_Show/MSNBCW_20150209_220000_The_Ed_Show.thumbs/MSNBCW_20150209_220000_The_Ed_Show_000615.jpg,"nectar. that means our food supply is in jeopardy. we have got to future proof our nation now. what's your response to the president's comments that the media and climate change just don't seem to mix well that"
https://archive.org/details/MSNBCW_20150209_220000_The_Ed_Show#start/747/end/782,2/9/2015 22:12:42,MSNBC,The Ed Show,MSNBCW_20150209_220000_The_Ed_Show,https://archive.org/download/MSNBCW_20150209_220000_The_Ed_Show/MSNBCW_20150209_220000_The_Ed_Show.thumbs/MSNBCW_20150209_220000_The_Ed_Show_000735.jpg,"to up to their front door. they are already experiencing climate change. they don't get that because at the same time they're seeing these worse storms take place. they're listening to fox quality sophomoric comments about how"
https://archive.org/details/MSNBCW_20150203_020000_The_Rachel_Maddow_Show#start/990/end/1025,2/3/2015 2:16:45,MSNBC,The Rachel Maddow Show,MSNBCW_20150203_020000_The_Rachel_Maddow_Show,https://archive.org/download/MSNBCW_20150203_020000_The_Rachel_Maddow_Show/MSNBCW_20150203_020000_The_Rachel_Maddow_Show.thumbs/MSNBCW_20150203_020000_The_Rachel_Maddow_Show_000975.jpg,"climate change. but if you deny the science on measles, what does that get you? what does that get you on the right? it started off today with chris christie being just the latest would be presidential contender"
https://archive.org/details/MSNBCW_20150216_190000_The_Reid_Report#start/504/end/539,2/16/2015 19:08:39,MSNBC,The Reid Report,MSNBCW_20150216_190000_The_Reid_Report,https://archive.org/download/MSNBCW_20150216_190000_The_Reid_Report/MSNBCW_20150216_190000_The_Reid_Report.thumbs/MSNBCW_20150216_190000_The_Reid_Report_000495.jpg,"climate change models is this variance where it's cold it's warm, it's cold it's warm. so i was in wyoming last week and it was 50 degrees, very unusual. so what i would hope for, my"
https://archive.org/details/MSNBCW_20150216_190000_The_Reid_Report#start/672/end/707,2/16/2015 19:11:27,MSNBC,The Reid Report,MSNBCW_20150216_190000_The_Reid_Report,https://archive.org/download/MSNBCW_20150216_190000_The_Reid_Report/MSNBCW_20150216_190000_The_Reid_Report.thumbs/MSNBCW_20150216_190000_The_Reid_Report_000645.jpg,"i bet you in coming years people will be able to tie events like this mathematically to the bigger picture. we need you. just say it could be climate change. just once in awhile. i think the bigger picture"
https://archive.org/details/MSNBCW_20150213_220000_The_Ed_Show#start/1530/end/1565,2/13/2015 22:25:45,MSNBC,The Ed Show,MSNBCW_20150213_220000_The_Ed_Show,https://archive.org/download/MSNBCW_20150213_220000_The_Ed_Show/MSNBCW_20150213_220000_The_Ed_Show.thumbs/MSNBCW_20150213_220000_The_Ed_Show_001515.jpg,"we'll follow these marches and see what kind of impact they have. coming up the link between climate change and a mega drought. it's in the forecast. plus a look at the nbc all-stars, or should i say --  _"
https://archive.org/details/MSNBCW_20150227_210000_NOW_With_Alex_Wagner#start/2119/end/2154,2/27/2015 21:35:34,MSNBC,NOW With Alex Wagner,MSNBCW_20150227_210000_NOW_With_Alex_Wagner,https://archive.org/download/MSNBCW_20150227_210000_NOW_With_Alex_Wagner/MSNBCW_20150227_210000_NOW_With_Alex_Wagner.thumbs/MSNBCW_20150227_210000_NOW_With_Alex_Wagner_002115.jpg,"people like in this charge people are not going to take politicians seriously. that's how it is. bringing a snowball in to say, hey, look it's cold out, therefore climate change isn't real. is liking bring a balloon and"
https://archive.org/details/MSNBCW_20150227_060000_The_Last_Word_With_Lawrence_ODonnell#start/2570/end/2605,2/27/2015 6:43:05,MSNBC,The Last Word With Lawrence ODonnell,MSNBCW_20150227_060000_The_Last_Word_With_Lawrence_ODonnell,https://archive.org/download/MSNBCW_20150227_060000_The_Last_Word_With_Lawrence_ODonnell/MSNBCW_20150227_060000_The_Last_Word_With_Lawrence_ODonnell.thumbs/MSNBCW_20150227_060000_The_Last_Word_With_Lawrence_ODonnell_002565.jpg,"senator james inhofe is chairman of the environment committee and he insists that climate change is a hoax. and today, according to senator inhofe's logic, he proved it. in case we have forgotten, because we keep hearing that"
https://archive.org/details/MSNBCW_20150227_160000_NewsNation#start/3178/end/3213,2/27/2015 16:53:13,MSNBC,NewsNation,MSNBCW_20150227_160000_NewsNation,https://archive.org/download/MSNBCW_20150227_160000_NewsNation/MSNBCW_20150227_160000_NewsNation.thumbs/MSNBCW_20150227_160000_NewsNation_003165.jpg,"long time that climate change is a hoax. does this stunt help make his point? in case we have forgotten because we keep hearing that 2014 has been the warmest year on record i ask the chair, do"
https://archive.org/details/MSNBCW_20150227_110000_Morning_Joe#start/5254/end/5289,2/27/2015 12:27:49,MSNBC,Morning Joe,MSNBCW_20150227_110000_Morning_Joe,https://archive.org/download/MSNBCW_20150227_110000_Morning_Joe/MSNBCW_20150227_110000_Morning_Joe.thumbs/MSNBCW_20150227_110000_Morning_Joe_005236.jpg,"senator jim inhoff used a snowball on the senate floor regarding climate change. you no he what this is? it is a snowball. and that's just from outside here. so it's very very cold out. very unseasonable."
https://archive.org/details/MSNBCW_20150223_230000_PoliticsNation#start/1719/end/1754,2/23/2015 23:28:54,MSNBC,PoliticsNation,MSNBCW_20150223_230000_PoliticsNation,https://archive.org/download/MSNBCW_20150223_230000_PoliticsNation/MSNBCW_20150223_230000_PoliticsNation.thumbs/MSNBCW_20150223_230000_PoliticsNation_001696.jpg,"warming? climate change? i'm not a scientist. i'm not a scientist. it's their favorite line. and when they do actually talk about scientists, they usually point to people like dr. willie su, the darling of the right"
https://archive.org/details/MSNBCW_20150209_170000_Andrea_Mitchell_Reports#start/357/end/392,2/9/2015 17:06:12,MSNBC,Andrea Mitchell Reports,MSNBCW_20150209_170000_Andrea_Mitchell_Reports,https://archive.org/download/MSNBCW_20150209_170000_Andrea_Mitchell_Reports/MSNBCW_20150209_170000_Andrea_Mitchell_Reports.thumbs/MSNBCW_20150209_170000_Andrea_Mitchell_Reports_000346.jpg,"to get all major economies to take ambitious action on climate change including our initiative to limit public financing for coal fired power plants overseas and our global efforts to phase down some of the most dangerous"
https://archive.org/details/MSNBCW_20150227_210000_NOW_With_Alex_Wagner#start/2022/end/2057,2/27/2015 21:33:57,MSNBC,NOW With Alex Wagner,MSNBCW_20150227_210000_NOW_With_Alex_Wagner,https://archive.org/download/MSNBCW_20150227_210000_NOW_With_Alex_Wagner/MSNBCW_20150227_210000_NOW_With_Alex_Wagner.thumbs/MSNBCW_20150227_210000_NOW_With_Alex_Wagner_001995.jpg,"stunt. it was a big week for marijuana as pot became illegal in alaska and the nation's capital. and a new poll today finds most americans see combatting climate change as a moral duty. most definitely not among the"
https://archive.org/details/MSNBCW_20150225_000000_Hardball_With_Chris_Matthews#start/1877/end/1912,2/25/2015 0:31:32,MSNBC,Hardball With Chris Matthews,MSNBCW_20150225_000000_Hardball_With_Chris_Matthews,https://archive.org/download/MSNBCW_20150225_000000_Hardball_With_Chris_Matthews/MSNBCW_20150225_000000_Hardball_With_Chris_Matthews.thumbs/MSNBCW_20150225_000000_Hardball_With_Chris_Matthews_001875.jpg,"we have income inequality elf education inequality climate change, a revolution in communication and technology. we need somebody that's going to go big and bold and i would hope that whoever the democratic nominee is does that."
https://archive.org/details/MSNBCW_20150211_220000_The_Ed_Show#start/1801/end/1836,2/11/2015 22:30:16,MSNBC,The Ed Show,MSNBCW_20150211_220000_The_Ed_Show,https://archive.org/download/MSNBCW_20150211_220000_The_Ed_Show/MSNBCW_20150211_220000_The_Ed_Show.thumbs/MSNBCW_20150211_220000_The_Ed_Show_001786.jpg,"pipeline. if you're concerned about climate change you're an anarchist. republicans are wrong. the keystone xl pipeline would not create thousands of permanent jobs. they would be temporary. it has become political theater and really a waste of time."
https://archive.org/details/MSNBCW_20150217_190000_The_Reid_Report#start/523/end/558,2/17/2015 19:08:58,MSNBC,The Reid Report,MSNBCW_20150217_190000_The_Reid_Report,https://archive.org/download/MSNBCW_20150217_190000_The_Reid_Report/MSNBCW_20150217_190000_The_Reid_Report.thumbs/MSNBCW_20150217_190000_The_Reid_Report_000495.jpg,"and insult added to injury 95.7 inches of snow have been dumbed on the city of boston and it won't let up. #climate change. and let get to adam riese live in boston. how are things looking in that"
https://archive.org/details/MSNBCW_20150224_010000_All_In_With_Chris_Hayes#start/2467/end/2502,2/24/2015 1:41:22,MSNBC,All In With Chris Hayes,MSNBCW_20150224_010000_All_In_With_Chris_Hayes,https://archive.org/download/MSNBCW_20150224_010000_All_In_With_Chris_Hayes/MSNBCW_20150224_010000_All_In_With_Chris_Hayes.thumbs/MSNBCW_20150224_010000_All_In_With_Chris_Hayes_002445.jpg,"the high priest of climate change doubters. he has taken it to fox news and the state of kansas we are he said climate is not changing in a dangerous way. the 'new york times' reported"
https://archive.org/details/MSNBCW_20150203_050000_The_Rachel_Maddow_Show#start/966/end/1001,2/3/2015 5:16:21,MSNBC,The Rachel Maddow Show,MSNBCW_20150203_050000_The_Rachel_Maddow_Show,https://archive.org/download/MSNBCW_20150203_050000_The_Rachel_Maddow_Show/MSNBCW_20150203_050000_The_Rachel_Maddow_Show.thumbs/MSNBCW_20150203_050000_The_Rachel_Maddow_Show_000945.jpg,"does it make sense in the internal logic of the right? if you think of their internal logic. if you deny the science on climate change that at least gets you the koch brothers, right? koch brothers and other corporate interest who don't"
https://archive.org/details/MSNBCW_20150203_050000_The_Rachel_Maddow_Show#start/1472/end/1507,2/3/2015 5:24:47,MSNBC,The Rachel Maddow Show,MSNBCW_20150203_050000_The_Rachel_Maddow_Show,https://archive.org/download/MSNBCW_20150203_050000_The_Rachel_Maddow_Show/MSNBCW_20150203_050000_The_Rachel_Maddow_Show.thumbs/MSNBCW_20150203_050000_The_Rachel_Maddow_Show_001455.jpg,"anti-government, and anti-science that you see among a lot of the climate change deniers. that was very much generated and fuelled by the koch brothers. if that is the story in terms of chasing potential political upside here there's also the"
https://archive.org/details/MSNBCW_20150205_110000_Morning_Joe#start/3015/end/3050,2/5/2015 11:50:30,MSNBC,Morning Joe,MSNBCW_20150205_110000_Morning_Joe,https://archive.org/download/MSNBCW_20150205_110000_Morning_Joe/MSNBCW_20150205_110000_Morning_Joe.thumbs/MSNBCW_20150205_110000_Morning_Joe_003016.jpg,"side of the teamsters, on the other side of working class democrat and these are -- everybody believes in climate change and believes that it's manmade. but the democratic party, there have been people like james carville who have been telling"
https://archive.org/details/MSNBCW_20150207_020000_The_Rachel_Maddow_Show#start/150/end/185,2/7/2015 2:02:45,MSNBC,The Rachel Maddow Show,MSNBCW_20150207_020000_The_Rachel_Maddow_Show,https://archive.org/download/MSNBCW_20150207_020000_The_Rachel_Maddow_Show/MSNBCW_20150207_020000_The_Rachel_Maddow_Show.thumbs/MSNBCW_20150207_020000_The_Rachel_Maddow_Show_000135.jpg,"even republican voters want to combat climate change and they passed the bill at the end of a three-week period where there was no fewer than five significant pipeline explosions and ruptures in our country, including one that was less than"
https://archive.org/details/MSNBCW_20150216_190000_The_Reid_Report#start/459/end/494,2/16/2015 19:07:54,MSNBC,The Reid Report,MSNBCW_20150216_190000_The_Reid_Report,https://archive.org/download/MSNBCW_20150216_190000_The_Reid_Report/MSNBCW_20150216_190000_The_Reid_Report.thumbs/MSNBCW_20150216_190000_The_Reid_Report_000435.jpg,"for one thing the unusual nature of some of the temperatures should raise questions about climate change. join ing joining me is bill new york the science guy, one of my favorite people period. so bill, there's a helpful description in 'time' magazine"
https://archive.org/details/MSNBCW_20150216_190000_The_Reid_Report#start/1260/end/1295,2/16/2015 19:21:15,MSNBC,The Reid Report,MSNBCW_20150216_190000_The_Reid_Report,https://archive.org/download/MSNBCW_20150216_190000_The_Reid_Report/MSNBCW_20150216_190000_The_Reid_Report.thumbs/MSNBCW_20150216_190000_The_Reid_Report_001245.jpg,"that believing in climate change is so unacceptable to republican voters. you see that in iowa where the first caucus state is to be held. you see it also in south carolina. a pivotal primary state. in new hampshire, the attitude"
https://archive.org/details/MSNBCW_20150227_180000_Ronan_Farrow_Daily#start/1222/end/1257,2/27/2015 18:20:37,MSNBC,Ronan Farrow Daily,MSNBCW_20150227_180000_Ronan_Farrow_Daily,https://archive.org/download/MSNBCW_20150227_180000_Ronan_Farrow_Daily/MSNBCW_20150227_180000_Ronan_Farrow_Daily.thumbs/MSNBCW_20150227_180000_Ronan_Farrow_Daily_001215.jpg,"in climate change. yet this is all part of the same process of science. so it's one more thing, where did we all come from? are we alone? there are those in the science community that don't believe in black holes."
https://archive.org/details/MSNBCW_20150219_190000_The_Reid_Report#start/645/end/680,2/19/2015 19:11:00,MSNBC,The Reid Report,MSNBCW_20150219_190000_The_Reid_Report,https://archive.org/download/MSNBCW_20150219_190000_The_Reid_Report/MSNBCW_20150219_190000_The_Reid_Report.thumbs/MSNBCW_20150219_190000_The_Reid_Report_000645.jpg,"climate change. you cannot hate on florida. in the middle of winter, something is clearly wrong. we're supposed to be able to hate on them. one of the most famous faces and one of my girl crushes. i appreciate you being here from"
https://archive.org/details/MSNBCW_20150225_070000_Hardball_With_Chris_Matthews#start/1878/end/1913,2/25/2015 7:31:33,MSNBC,Hardball With Chris Matthews,MSNBCW_20150225_070000_Hardball_With_Chris_Matthews,https://archive.org/download/MSNBCW_20150225_070000_Hardball_With_Chris_Matthews/MSNBCW_20150225_070000_Hardball_With_Chris_Matthews.thumbs/MSNBCW_20150225_070000_Hardball_With_Chris_Matthews_001875.jpg,"hillary clinton or fails to -- let me tell you, i want a bold leader. i think we're at a situation, we need a bold leader. we have income inequality, elf education inequality, climate change, a revolution in communication and technology."
https://archive.org/details/MSNBCW_20150224_040000_All_In_With_Chris_Hayes#start/2445/end/2480,2/24/2015 4:41:00,MSNBC,All In With Chris Hayes,MSNBCW_20150224_040000_All_In_With_Chris_Hayes,https://archive.org/download/MSNBCW_20150224_040000_All_In_With_Chris_Hayes/MSNBCW_20150224_040000_All_In_With_Chris_Hayes.thumbs/MSNBCW_20150224_040000_All_In_With_Chris_Hayes_002445.jpg,"because in reality, the vast majority of scientists agree that climate change is very real. you may have seen a pie chart that demonstrates that large consensus. you may have wondered who makes up the other 3%? who are the people in that"
https://archive.org/details/MSNBCW_20150220_220000_The_Ed_Show#start/3582/end/3617,2/20/2015 22:59:57,MSNBC,The Ed Show,MSNBCW_20150220_220000_The_Ed_Show,https://archive.org/download/MSNBCW_20150220_220000_The_Ed_Show/MSNBCW_20150220_220000_The_Ed_Show.thumbs/MSNBCW_20150220_220000_The_Ed_Show_003556.jpg,"comes to fossil fuels and climate change all that big business has to do is throw some dust in the air to confuse the issue, and that's what we're seeing here. we see a lot of illegitimate criticism of science that"
https://archive.org/details/MSNBCW_20150203_110000_Morning_Joe#start/5978/end/6013,2/3/2015 12:39:53,MSNBC,Morning Joe,MSNBCW_20150203_110000_Morning_Joe,https://archive.org/download/MSNBCW_20150203_110000_Morning_Joe/MSNBCW_20150203_110000_Morning_Joe.thumbs/MSNBCW_20150203_110000_Morning_Joe_005955.jpg,"it islamic extremism. you can talk about four or five six other issues, whether you talk about some of the climate alarmists who are extremists on the climate. do you believe in climate change, do you believe it's manmade. some of the lefties in the"
https://archive.org/details/MSNBCW_20150203_110000_Morning_Joe#start/6069/end/6104,2/3/2015 12:41:24,MSNBC,Morning Joe,MSNBCW_20150203_110000_Morning_Joe,https://archive.org/download/MSNBCW_20150203_110000_Morning_Joe/MSNBCW_20150203_110000_Morning_Joe.thumbs/MSNBCW_20150203_110000_Morning_Joe_006045.jpg,"and jobs? well, first of all, tom steyer never got elected as a democrat to anything. secondly -- he controls politician's positions. i think the democrats to say that climate change is not real and man does not contribute to it would be stupid. james, i think -- i think --  _               _"
https://archive.org/details/MSNBCW_20150209_220000_The_Ed_Show#start/797/end/832,2/9/2015 22:13:32,MSNBC,The Ed Show,MSNBCW_20150209_220000_The_Ed_Show,https://archive.org/download/MSNBCW_20150209_220000_The_Ed_Show/MSNBCW_20150209_220000_The_Ed_Show.thumbs/MSNBCW_20150209_220000_The_Ed_Show_000795.jpg,"destroying the effort to tell the story, it becomes very difficult. the denial by elected officials is utterly amazing. do you think there's in doubt that climate change and severe weather patterns are connected? there's no doubt. as a matter of fact, if we went"
https://archive.org/details/MSNBCW_20150209_210000_NOW_With_Alex_Wagner#start/3629/end/3664,2/9/2015 22:00:44,MSNBC,NOW With Alex Wagner,MSNBCW_20150209_210000_NOW_With_Alex_Wagner,https://archive.org/download/MSNBCW_20150209_210000_NOW_With_Alex_Wagner/MSNBCW_20150209_210000_NOW_With_Alex_Wagner.thumbs/MSNBCW_20150209_210000_NOW_With_Alex_Wagner_003616.jpg,"tonight, president obama sounds off on the biggest issue of our time. climate change is one that is happening at such a broad scale. clearly, we have had changes in our climate. i have heard some folks try to dodge the evidence by saying"
https://archive.org/details/MSNBCW_20150220_160000_NewsNation#start/2080/end/2115,2/20/2015 16:34:55,MSNBC,NewsNation,MSNBCW_20150220_160000_NewsNation,https://archive.org/download/MSNBCW_20150220_160000_NewsNation/MSNBCW_20150220_160000_NewsNation.thumbs/MSNBCW_20150220_160000_NewsNation_002055.jpg,"or who you love. we got to be the party that doesn't just recognize the threat of climate change but actually does something about it for the sake of our kids. we're the party willing to make tough decisions. got to be the party that"
https://archive.org/details/MSNBCW_20150216_190000_The_Reid_Report#start/1245/end/1280,2/16/2015 19:21:00,MSNBC,The Reid Report,MSNBCW_20150216_190000_The_Reid_Report,https://archive.org/download/MSNBCW_20150216_190000_The_Reid_Report/MSNBCW_20150216_190000_The_Reid_Report.thumbs/MSNBCW_20150216_190000_The_Reid_Report_001245.jpg,"that is interesting to me in the sense that you have had repeated numbers of perspective republican candidates demere on the subject of climate change. we were just talking about how important it is that we get together policy wise. it stands out that this idea"
https://archive.org/details/MSNBCW_20150213_220000_The_Ed_Show#start/2032/end/2067,2/13/2015 22:34:07,MSNBC,The Ed Show,MSNBCW_20150213_220000_The_Ed_Show,https://archive.org/download/MSNBCW_20150213_220000_The_Ed_Show/MSNBCW_20150213_220000_The_Ed_Show.thumbs/MSNBCW_20150213_220000_The_Ed_Show_002025.jpg,"show.' we have two stories in this block tonight talking about climate change and they are related. a new study shows southwestern portion of the united states is on course for a mega drought unless we make some changes. the study released by science"
https://archive.org/details/MSNBCW_20150218_190000_The_Reid_Report#start/2310/end/2345,2/18/2015 19:38:45,MSNBC,The Reid Report,MSNBCW_20150218_190000_The_Reid_Report,https://archive.org/download/MSNBCW_20150218_190000_The_Reid_Report/MSNBCW_20150218_190000_The_Reid_Report.thumbs/MSNBCW_20150218_190000_The_Reid_Report_002295.jpg,"so while fossil fuel interest and others that would deny climate change have been winning for years, that is starting to turn and i think we are seeing people starting to understand that something weird is happening out there. the city of boston has a snow"
https://archive.org/details/MSNBCW_20150223_230000_PoliticsNation#start/1784/end/1819,2/23/2015 23:29:59,MSNBC,PoliticsNation,MSNBCW_20150223_230000_PoliticsNation,https://archive.org/download/MSNBCW_20150223_230000_PoliticsNation/MSNBCW_20150223_230000_PoliticsNation.thumbs/MSNBCW_20150223_230000_PoliticsNation_001756.jpg,"which he hasn't disclosed in most of his scientific papers. interesting. a guy pushing back on climate change debate while getting paid by oil and gas companies. well, i'm not a scientist, but i can sure spot a potential conflict of interest when i see"
https://archive.org/details/MSNBCW_20150209_220000_The_Ed_Show#start/30/end/65,2/9/2015 22:00:45,MSNBC,The Ed Show,MSNBCW_20150209_220000_The_Ed_Show,https://archive.org/download/MSNBCW_20150209_220000_The_Ed_Show/MSNBCW_20150209_220000_The_Ed_Show.thumbs/MSNBCW_20150209_220000_The_Ed_Show_000045.jpg,"tonight, president obama sounds off on the biggest issue of our time. climate change is one that is happening at such a broad scale. clearly, we have had changes in our climate. i have heard some folks try to dodge the evidence by saying"
https://archive.org/details/MSNBCW_20150224_040000_All_In_With_Chris_Hayes#start/2410/end/2445,2/24/2015 4:40:25,MSNBC,All In With Chris Hayes,MSNBCW_20150224_040000_All_In_With_Chris_Hayes,https://archive.org/download/MSNBCW_20150224_040000_All_In_With_Chris_Hayes/MSNBCW_20150224_040000_All_In_With_Chris_Hayes.thumbs/MSNBCW_20150224_040000_All_In_With_Chris_Hayes_002385.jpg,"if there has to be a debate about the reality of climate change, and there doesn't, there is only one mathematically fair way to do it. in the interest of mathematical balance, i will bring out two people that agree with you, and bill nye, i will"
https://archive.org/details/MSNBCW_20150216_140000_The_Rundown_With_Jose_Diaz-Balart#start/794/end/829,2/16/2015 14:13:29,MSNBC,The Rundown With Jose Diaz-Balart,MSNBCW_20150216_140000_The_Rundown_With_Jose_Diaz-Balart,https://archive.org/download/MSNBCW_20150216_140000_The_Rundown_With_Jose_Diaz-Balart/MSNBCW_20150216_140000_The_Rundown_With_Jose_Diaz-Balart.thumbs/MSNBCW_20150216_140000_The_Rundown_With_Jose_Diaz-Balart_000766.jpg,"the white, the cold weather? it's nishl for boston. we had a bad winter last winter but nothing like this. repeated storms with happy snowfall in the last three weeks. from what i've been reading with climate change we may be in for more winters like this."
https://archive.org/details/MSNBCW_20150224_010000_All_In_With_Chris_Hayes#start/2400/end/2435,2/24/2015 1:40:15,MSNBC,All In With Chris Hayes,MSNBCW_20150224_010000_All_In_With_Chris_Hayes,https://archive.org/download/MSNBCW_20150224_010000_All_In_With_Chris_Hayes/MSNBCW_20150224_010000_All_In_With_Chris_Hayes.thumbs/MSNBCW_20150224_010000_All_In_With_Chris_Hayes_002385.jpg,"if there has to be a debate about the reality of climate change, and there doesn't, there is only one mathematically fair way to do it. in the interest of mathematical balance, i will bring out two people that agree with you, and bill nye, i will"
https://archive.org/details/MSNBCW_20150224_220000_The_Ed_Show#start/214/end/249,2/24/2015 22:03:49,MSNBC,The Ed Show,MSNBCW_20150224_220000_The_Ed_Show,https://archive.org/download/MSNBCW_20150224_220000_The_Ed_Show/MSNBCW_20150224_220000_The_Ed_Show.thumbs/MSNBCW_20150224_220000_The_Ed_Show_000196.jpg,"their concerns and that he would listen to them. this is a big message to the country tonight, despite the polling and despite what the house and senate does. the president is certainly committed to climate change and the jury is still out for the"
https://archive.org/details/MSNBCW_20150203_110000_Morning_Joe#start/2967/end/3002,2/3/2015 11:49:42,MSNBC,Morning Joe,MSNBCW_20150203_110000_Morning_Joe,https://archive.org/download/MSNBCW_20150203_110000_Morning_Joe/MSNBCW_20150203_110000_Morning_Joe.thumbs/MSNBCW_20150203_110000_Morning_Joe_002955.jpg,"why bother? i'm saying though there are a billion variables that go in there. we can talk about the middle ages we'll probably both agree on climate change that man has contributed to it et cetera et cetera, et cetera. there are a lot of different studies to talk about the"
https://archive.org/details/MSNBCW_20150216_190000_The_Reid_Report#start/654/end/689,2/16/2015 19:11:09,MSNBC,The Reid Report,MSNBCW_20150216_190000_The_Reid_Report,https://archive.org/download/MSNBCW_20150216_190000_The_Reid_Report/MSNBCW_20150216_190000_The_Reid_Report.thumbs/MSNBCW_20150216_190000_The_Reid_Report_000645.jpg,"along with that, apparently, is this extraordinary winter event. i have to tell you the hot weather events like we had in texas in 2012, those are now statistically connected to climate change. any one event is hard to do when you're talking about -- it's the cumulative effect."
https://archive.org/details/MSNBCW_20150220_200000_The_Cycle#start/2382/end/2417,2/20/2015 20:39:57,MSNBC,The Cycle,MSNBCW_20150220_200000_The_Cycle,https://archive.org/download/MSNBCW_20150220_200000_The_Cycle/MSNBCW_20150220_200000_The_Cycle.thumbs/MSNBCW_20150220_200000_The_Cycle_002355.jpg,"u.s. they are called the national parks, america's best idea. and if you are a fourth zbrader, you are -- grader you are among the generation that may have to deal with climate change. so this is all about getting kids off the phones and away from the screens and out into"
https://archive.org/details/MSNBCW_20150209_220000_The_Ed_Show#start/173/end/208,2/9/2015 22:03:08,MSNBC,The Ed Show,MSNBCW_20150209_220000_The_Ed_Show,https://archive.org/download/MSNBCW_20150209_220000_The_Ed_Show/MSNBCW_20150209_220000_The_Ed_Show.thumbs/MSNBCW_20150209_220000_The_Ed_Show_000165.jpg,"we also think extreme weather events around the country are very important. we think it is all connected to climate change. at this hour new england is being slammed by its third major snowstorm in three weeks. the storm is expected to dump two feet of snow in parts of the"
https://archive.org/details/MSNBCW_20150224_220000_The_Ed_Show#start/186/end/221,2/24/2015 22:03:21,MSNBC,The Ed Show,MSNBCW_20150224_220000_The_Ed_Show,https://archive.org/download/MSNBCW_20150224_220000_The_Ed_Show/MSNBCW_20150224_220000_The_Ed_Show.thumbs/MSNBCW_20150224_220000_The_Ed_Show_000166.jpg,"because of imminent domain issues in nebraska so what is going to happen? let's back up a little bit. first of all, this is a serious statement by the president of the united states that he is definitely serious and concerned about climate change and willing to do something about it."
https://archive.org/details/MSNBCW_20150203_110000_Morning_Joe#start/6103/end/6138,2/3/2015 12:41:58,MSNBC,Morning Joe,MSNBCW_20150203_110000_Morning_Joe,https://archive.org/download/MSNBCW_20150203_110000_Morning_Joe/MSNBCW_20150203_110000_Morning_Joe.thumbs/MSNBCW_20150203_110000_Morning_Joe_006075.jpg,"humans cause climate change? yes, i've said that, too. we agree on the issue. yes. we do agree on that issue. now you've got to figure out how to implement that into policy but you're smiling and you know what you're doing here so i will just let you do that in your"
https://archive.org/details/MSNBCW_20150224_080000_All_In_With_Chris_Hayes#start/2392/end/2427,2/24/2015 8:40:07,MSNBC,All In With Chris Hayes,MSNBCW_20150224_080000_All_In_With_Chris_Hayes,https://archive.org/download/MSNBCW_20150224_080000_All_In_With_Chris_Hayes/MSNBCW_20150224_080000_All_In_With_Chris_Hayes.thumbs/MSNBCW_20150224_080000_All_In_With_Chris_Hayes_002325.jpg,"if there has to be a debate about the reality of climate change, and there doesn't, there is only one mathematically fair way to do it. in the interest of mathematical balance, i will bring out two people that agree with you, and bill nye, i will bring out 96 other scientists."
https://archive.org/details/MSNBCW_20150228_000000_Hardball_With_Chris_Matthews#start/785/end/820,2/28/2015 0:13:20,MSNBC,Hardball With Chris Matthews,MSNBCW_20150228_000000_Hardball_With_Chris_Matthews,https://archive.org/download/MSNBCW_20150228_000000_Hardball_With_Chris_Matthews/MSNBCW_20150228_000000_Hardball_With_Chris_Matthews.thumbs/MSNBCW_20150228_000000_Hardball_With_Chris_Matthews_000765.jpg,"inhofe. he's the chairman of the environmental committee. in his never-ending quest to prove that climate change is a hoax he showed up on the senate floor with a snowball. i ask the chair, do you know what this is? it's the snowball just from outside here. so it's very very cold out."
https://archive.org/details/MSNBCW_20150203_040000_All_In_With_Chris_Hayes#start/1972/end/2007,2/3/2015 4:33:07,MSNBC,All In With Chris Hayes,MSNBCW_20150203_040000_All_In_With_Chris_Hayes,https://archive.org/download/MSNBCW_20150203_040000_All_In_With_Chris_Hayes/MSNBCW_20150203_040000_All_In_With_Chris_Hayes.thumbs/MSNBCW_20150203_040000_All_In_With_Chris_Hayes_001965.jpg,"$4 billion to states to cut emissions from power plants $400 million to help local communities assess flood risks. they may or hay not sound like a lot, but climate change has far greater costs. right now, and it is only getting more and more expensive in the near future. it is like infectious diseases. prevention is far lest costly .  _"
https://archive.org/details/MSNBCW_20150224_040000_All_In_With_Chris_Hayes#start/2475/end/2510,2/24/2015 4:41:30,MSNBC,All In With Chris Hayes,MSNBCW_20150224_040000_All_In_With_Chris_Hayes,https://archive.org/download/MSNBCW_20150224_040000_All_In_With_Chris_Hayes/MSNBCW_20150224_040000_All_In_With_Chris_Hayes.thumbs/MSNBCW_20150224_040000_All_In_With_Chris_Hayes_002475.jpg,"being honest were often not all they appear to be. take for instance this guy. the washington post called him the high priest of climate change doubters. he has taken it to fox news and the state of kansas we are he said climate is not changing in a dangerous way. he has been praised by the"
