﻿URL,MatchDateTime,Station,Show,IAShowID,IAPreviewThumb,Snippet
https://archive.org/details/MSNBC_20090806_030000_The_Rachel_Maddow_Show#start/362/end/397,8/6/2009 3:06:17,MSNBC,The Rachel Maddow Show,MSNBC_20090806_030000_The_Rachel_Maddow_Show,https://archive.org/download/MSNBC_20090806_030000_The_Rachel_Maddow_Show/MSNBC_20090806_030000_The_Rachel_Maddow_Show.thumbs/MSNBC_20090806_030000_The_Rachel_Maddow_Show_000356.jpg,"corporate interests. americans for prosperity is the group that ginned up anti-stimulus rallies earlier this year. and also organized the hot air tour, a campaign against the whole idea of global warming."
https://archive.org/details/MSNBC_20090806_210000_Hardball_With_Chris_Matthews#start/2716/end/2751,8/6/2009 21:45:31,MSNBC,Hardball With Chris Matthews,MSNBC_20090806_210000_Hardball_With_Chris_Matthews,https://archive.org/download/MSNBC_20090806_210000_Hardball_With_Chris_Matthews/MSNBC_20090806_210000_Hardball_With_Chris_Matthews.thumbs/MSNBC_20090806_210000_Hardball_With_Chris_Matthews_002695.jpg,"so we can safely ste it. where it won't get into the atmosphere. exxonmobil is spending more than 100 million dollars. to build a plant that will demonstrate this process. i'm very optimistic about it. bause this technology could be used. to reduce greenhouse gas emissions significantly."
https://archive.org/details/MSNBC_20090813_100000_Morning_Joe#start/834/end/869,8/13/2009 10:14:09,MSNBC,Morning Joe,MSNBC_20090813_100000_Morning_Joe,https://archive.org/download/MSNBC_20090813_100000_Morning_Joe/MSNBC_20090813_100000_Morning_Joe.thumbs/MSNBC_20090813_100000_Morning_Joe_000806.jpg,"mike barnicle, it's also, let's say for instance, cam and trade. cap and trade very important to those on the far left in america but if you look at polls that have been released lately, that is so insignificant. i know global warming is"
https://archive.org/details/MSNBC_20090820_100000_Morning_Joe#start/6641/end/6676,8/20/2009 11:50:56,MSNBC,Morning Joe,MSNBC_20090820_100000_Morning_Joe,https://archive.org/download/MSNBC_20090820_100000_Morning_Joe/MSNBC_20090820_100000_Morning_Joe.thumbs/MSNBC_20090820_100000_Morning_Joe_006630.jpg,"absolutely. so, this is a very serious point that you're making. what's also amazing, which, you know, is so paradoxical, food growing and distribution does more climate change than"
https://archive.org/details/MSNBC_20090818_050000_Countdown_With_Keith_Olbermann#start/1897/end/1932,8/18/2009 5:31:52,MSNBC,Countdown With Keith Olbermann,MSNBC_20090818_050000_Countdown_With_Keith_Olbermann,https://archive.org/download/MSNBC_20090818_050000_Countdown_With_Keith_Olbermann/MSNBC_20090818_050000_Countdown_With_Keith_Olbermann.thumbs/MSNBC_20090818_050000_Countdown_With_Keith_Olbermann_001886.jpg,"we of course never doubted the couple's claim in the first place but the verification of that image today came as a complete shock to the photographed prairie dog's evil cousin. governor pawlenty credits the democrats with climate change"
https://archive.org/details/MSNBC_20090820_010000_The_Rachel_Maddow_Show#start/94/end/129,8/20/2009 1:01:49,MSNBC,The Rachel Maddow Show,MSNBC_20090820_010000_The_Rachel_Maddow_Show,https://archive.org/download/MSNBC_20090820_010000_The_Rachel_Maddow_Show/MSNBC_20090820_010000_The_Rachel_Maddow_Show.thumbs/MSNBC_20090820_010000_The_Rachel_Maddow_Show_000085.jpg,"right now is that a number of oil companies that are members of the american petroleum institute who are represented by the american petroleum institute in washington claim to be in favor of the climate change legislation."
https://archive.org/details/MSNBC_20090805_030000_The_Rachel_Maddow_Show#start/1972/end/2007,8/5/2009 3:33:07,MSNBC,The Rachel Maddow Show,MSNBC_20090805_030000_The_Rachel_Maddow_Show,https://archive.org/download/MSNBC_20090805_030000_The_Rachel_Maddow_Show/MSNBC_20090805_030000_The_Rachel_Maddow_Show.thumbs/MSNBC_20090805_030000_The_Rachel_Maddow_Show_001946.jpg,"and appealing sort of zealot. thank you very much for joining us. i appreciate it. thank you, rachel. coming up -- at least three members of congress received letters from civil rights organizations imploring them to vote against climate change legislation."
https://archive.org/details/MSNBC_20090804_040000_Hardball_With_Chris_Matthews#start/1248/end/1283,8/4/2009 4:21:03,MSNBC,Hardball With Chris Matthews,MSNBC_20090804_040000_Hardball_With_Chris_Matthews,https://archive.org/download/MSNBC_20090804_040000_Hardball_With_Chris_Matthews/MSNBC_20090804_040000_Hardball_With_Chris_Matthews.thumbs/MSNBC_20090804_040000_Hardball_With_Chris_Matthews_001226.jpg,"you think global warming is a hoax? i do think it's a hoax. it's a hoax. i think it goes up and down. the idea this is some grave horrible -- no co2 emissions, greenhouse gases, none of it exists? of course it exists. the idea we're all going to die of it, it's utter nonsense. and the motivation is what? the motivation is power. it always is in government --  _"
https://archive.org/details/MSNBC_20090820_030000_The_Rachel_Maddow_Show#start/449/end/484,8/20/2009 3:07:44,MSNBC,The Rachel Maddow Show,MSNBC_20090820_030000_The_Rachel_Maddow_Show,https://archive.org/download/MSNBC_20090820_030000_The_Rachel_Maddow_Show/MSNBC_20090820_030000_The_Rachel_Maddow_Show.thumbs/MSNBC_20090820_030000_The_Rachel_Maddow_Show_000445.jpg,"then you have our friends in the oil industry and the coal industry spending huge amounts of money making sure we don't deal with global warming and greenhouse gas emissions so what you are doing, rachel, is extremely important and unfortunately it happens far too rarely. that is you are exposing how"
https://archive.org/details/MSNBC_20090810_100000_Morning_Joe#start/5153/end/5188,8/10/2009 11:26:08,MSNBC,Morning Joe,MSNBC_20090810_100000_Morning_Joe,https://archive.org/download/MSNBC_20090810_100000_Morning_Joe/MSNBC_20090810_100000_Morning_Joe.thumbs/MSNBC_20090810_100000_Morning_Joe_005126.jpg,"yes or no question. president obama is in mexico for the north american summit. yes, if it's august it must be the north american summit. it is a milestone by which we measure every summer. this year no different. on the docket this morning, everything from climate change"
https://archive.org/details/MSNBC_20090831_210000_Hardball_With_Chris_Matthews#start/2245/end/2280,8/31/2009 21:37:40,MSNBC,Hardball With Chris Matthews,MSNBC_20090831_210000_Hardball_With_Chris_Matthews,https://archive.org/download/MSNBC_20090831_210000_Hardball_With_Chris_Matthews/MSNBC_20090831_210000_Hardball_With_Chris_Matthews.thumbs/MSNBC_20090831_210000_Hardball_With_Chris_Matthews_002246.jpg,"there is a worriness that barack obama, they had high expectations for him, and i think rightfully so, i think he earned these high expectations during the campaign, that he may not be fighting hard enough and holding firm enough on some key fronts. you mentioned health care, but there is also afghanistan and climate change, bush"
https://archive.org/details/MSNBC_20090803_230000_Hardball_With_Chris_Matthews#start/1173/end/1208,8/3/2009 23:19:48,MSNBC,Hardball With Chris Matthews,MSNBC_20090803_230000_Hardball_With_Chris_Matthews,https://archive.org/download/MSNBC_20090803_230000_Hardball_With_Chris_Matthews/MSNBC_20090803_230000_Hardball_With_Chris_Matthews.thumbs/MSNBC_20090803_230000_Hardball_With_Chris_Matthews_001166.jpg,"inevitable when we finally elected a black president, but that's what -- where the problem lies. it lies in the weakness of the republican leadership as it is and in the strength of the crazy fringe that's in their media. let me disagree -- what about his point that people like dobbs and beck and rush have been pushing this story. maybe they believe it, but i'll say this, listen, chris, the republican party is not in bad shape. the republican party is getting in better shape -- because of this? it's not this. they're taking down health care. they got this global warming is"
https://archive.org/details/MSNBC_20090804_100000_Morning_Joe#start/602/end/637,8/4/2009 10:10:17,MSNBC,Morning Joe,MSNBC_20090804_100000_Morning_Joe,https://archive.org/download/MSNBC_20090804_100000_Morning_Joe/MSNBC_20090804_100000_Morning_Joe.thumbs/MSNBC_20090804_100000_Morning_Joe_000600.jpg,"public option what? i want a job. why are you guys -- cap and trade, global warming. you know what, i don't know if there's global warming. i do know i can't afford to send my kid to a community college"
https://archive.org/details/MSNBC_20090803_210000_Hardball_With_Chris_Matthews#start/1252/end/1287,8/3/2009 21:21:07,MSNBC,Hardball With Chris Matthews,MSNBC_20090803_210000_Hardball_With_Chris_Matthews,https://archive.org/download/MSNBC_20090803_210000_Hardball_With_Chris_Matthews/MSNBC_20090803_210000_Hardball_With_Chris_Matthews.thumbs/MSNBC_20090803_210000_Hardball_With_Chris_Matthews_001226.jpg,"the idea this is some grave horrible -- no co2 emissions, greenhouse gases, none of it exists? of course it exists. the idea we're all going to die of it, it's utter nonsense. and the motivation is what? the motivation is power. it always is in government --  _"
https://archive.org/details/MSNBC_20090804_010000_The_Rachel_Maddow_Show#start/321/end/356,8/4/2009 1:05:36,MSNBC,The Rachel Maddow Show,MSNBC_20090804_010000_The_Rachel_Maddow_Show,https://archive.org/download/MSNBC_20090804_010000_The_Rachel_Maddow_Show/MSNBC_20090804_010000_The_Rachel_Maddow_Show.thumbs/MSNBC_20090804_010000_The_Rachel_Maddow_Show_000296.jpg,"that hispanic group in his district or the naacp. a republican lobbying firm in washington has admitted to impersonating those local nonprofits and sending congressman ferello fake letters to get him to oppose the climate"
https://archive.org/details/MSNBC_20090807_210000_Hardball_With_Chris_Matthews#start/2954/end/2989,8/7/2009 21:49:29,MSNBC,Hardball With Chris Matthews,MSNBC_20090807_210000_Hardball_With_Chris_Matthews,https://archive.org/download/MSNBC_20090807_210000_Hardball_With_Chris_Matthews/MSNBC_20090807_210000_Hardball_With_Chris_Matthews.thumbs/MSNBC_20090807_210000_Hardball_With_Chris_Matthews_002936.jpg,"bit, going to the eastern seaboard will be easier. along the lines of your book, teddy roosevelt, 'the wilderness warrior,' here's the question. does barack obama need to do a two-pudge here, get back to cap and trade, energy, climate"
https://archive.org/details/MSNBC_20090804_100000_Morning_Joe#start/694/end/729,8/4/2009 10:11:49,MSNBC,Morning Joe,MSNBC_20090804_100000_Morning_Joe,https://archive.org/download/MSNBC_20090804_100000_Morning_Joe/MSNBC_20090804_100000_Morning_Joe.thumbs/MSNBC_20090804_100000_Morning_Joe_000690.jpg,"global warming, he'd go, what the hell, get me back to work. speaking of what the hell -- and unemployment, he doesn't know"
https://archive.org/details/MSNBC_20090803_230000_Hardball_With_Chris_Matthews#start/1189/end/1224,8/3/2009 23:20:04,MSNBC,Hardball With Chris Matthews,MSNBC_20090803_230000_Hardball_With_Chris_Matthews,https://archive.org/download/MSNBC_20090803_230000_Hardball_With_Chris_Matthews/MSNBC_20090803_230000_Hardball_With_Chris_Matthews.thumbs/MSNBC_20090803_230000_Hardball_With_Chris_Matthews_001166.jpg,"now a hoax. the stimulus -- you think global warm something a hoax? i do think it's a hoax. it's a hoax. i think it goes up and down. the idea this is some grave horrible -- no co2 emissions, greenhouse gases, none of it exists? of course it exists. the idea we're all going to die of it, it's utter nonsense. and the motivation is what?"
https://archive.org/details/MSNBC_20090802_130000_MSNBC_News_Live#start/3429/end/3464,8/2/2009 13:57:24,MSNBC,MSNBC News Live,MSNBC_20090802_130000_MSNBC_News_Live,https://archive.org/download/MSNBC_20090802_130000_MSNBC_News_Live/MSNBC_20090802_130000_MSNBC_News_Live.thumbs/MSNBC_20090802_130000_MSNBC_News_Live_003416.jpg,"because this technology could be used. to reduce greenhouse gas emissions significantly. a tornado hits, air life denver takes off. their night-vision goggles keeping the rescue mission safe. and powering those goggles-- the only battery air life trusts: duracell. trusted everywhere."
https://archive.org/details/MSNBC_20090806_020000_Countdown_With_Keith_Olbermann#start/3325/end/3360,8/6/2009 2:55:40,MSNBC,Countdown With Keith Olbermann,MSNBC_20090806_020000_Countdown_With_Keith_Olbermann,https://archive.org/download/MSNBC_20090806_020000_Countdown_With_Keith_Olbermann/MSNBC_20090806_020000_Countdown_With_Keith_Olbermann.thumbs/MSNBC_20090806_020000_Countdown_With_Keith_Olbermann_003326.jpg,"established yet as a fact that global warming is the issue of the day. but there isn't even one study that can be produced that shows that carbon monoxide is a"
https://archive.org/details/MSNBC_20090806_000000_Countdown_With_Keith_Olbermann#start/3332/end/3367,8/6/2009 0:55:47,MSNBC,Countdown With Keith Olbermann,MSNBC_20090806_000000_Countdown_With_Keith_Olbermann,https://archive.org/download/MSNBC_20090806_000000_Countdown_With_Keith_Olbermann/MSNBC_20090806_000000_Countdown_With_Keith_Olbermann.thumbs/MSNBC_20090806_000000_Countdown_With_Keith_Olbermann_003326.jpg,"but there isn't even one study that can be produced that shows that carbon monoxide is a harmful gas. she is committed to her global warming fanaticism to the point"
https://archive.org/details/MSNBC_20090806_050000_Countdown_With_Keith_Olbermann#start/3324/end/3359,8/6/2009 5:55:39,MSNBC,Countdown With Keith Olbermann,MSNBC_20090806_050000_Countdown_With_Keith_Olbermann,https://archive.org/download/MSNBC_20090806_050000_Countdown_With_Keith_Olbermann/MSNBC_20090806_050000_Countdown_With_Keith_Olbermann.thumbs/MSNBC_20090806_050000_Countdown_With_Keith_Olbermann_003300.jpg,"but there isn't even one study that can be produced that shows that carbon monoxide is a harmful gas. she is committed to her global warming fanaticism to the point"
https://archive.org/details/MSNBC_20090803_170000_Andrea_Mitchell_Reports#start/2441/end/2476,8/3/2009 17:40:56,MSNBC,Andrea Mitchell Reports,MSNBC_20090803_170000_Andrea_Mitchell_Reports,https://archive.org/download/MSNBC_20090803_170000_Andrea_Mitchell_Reports/MSNBC_20090803_170000_Andrea_Mitchell_Reports.thumbs/MSNBC_20090803_170000_Andrea_Mitchell_Reports_002430.jpg,"because this technology could be used. to reduce greenhouse gas emissions significantly. has the fastest serve in the history of professional tennis. so i've come to this court to challenge his speed. .on the internet. i'll be using the 3g at&t laptopconnect card."
https://archive.org/details/MSNBC_20090818_190000_MSNBC_News_Live#start/2590/end/2625,8/18/2009 19:43:25,MSNBC,MSNBC News Live,MSNBC_20090818_190000_MSNBC_News_Live,https://archive.org/download/MSNBC_20090818_190000_MSNBC_News_Live/MSNBC_20090818_190000_MSNBC_News_Live.thumbs/MSNBC_20090818_190000_MSNBC_News_Live_002576.jpg,"she's tried to establish herself as somebody who is a bit of an expert on energy up in alaska, but as we know, i think she'd be hard pressed to name a greenhouse gas. so finding some place where she can stake out territories to"
https://archive.org/details/MSNBC_20090813_100000_Morning_Joe#start/861/end/896,8/13/2009 10:14:36,MSNBC,Morning Joe,MSNBC_20090813_100000_Morning_Joe,https://archive.org/download/MSNBC_20090813_100000_Morning_Joe/MSNBC_20090813_100000_Morning_Joe.thumbs/MSNBC_20090813_100000_Morning_Joe_000866.jpg,"i'm sure somebody from media matters will say -- i've seen polls where americans who care about the environment, global warming is on the bottom of that list and yet they jammed this"
https://archive.org/details/MSNBC_20090803_100000_Morning_Joe#start/771/end/806,8/3/2009 10:13:06,MSNBC,Morning Joe,MSNBC_20090803_100000_Morning_Joe,https://archive.org/download/MSNBC_20090803_100000_Morning_Joe/MSNBC_20090803_100000_Morning_Joe.thumbs/MSNBC_20090803_100000_Morning_Joe_000750.jpg,"record highs in texas. i bet that was comfortable. yikes. if you live in manhattan, you think al gore's theory on global warming is a bunch of bull. if you live in texas, you're"
https://archive.org/details/MSNBC_20090820_020000_Countdown_With_Keith_Olbermann#start/3524/end/3559,8/20/2009 2:58:59,MSNBC,Countdown With Keith Olbermann,MSNBC_20090820_020000_Countdown_With_Keith_Olbermann,https://archive.org/download/MSNBC_20090820_020000_Countdown_With_Keith_Olbermann/MSNBC_20090820_020000_Countdown_With_Keith_Olbermann.thumbs/MSNBC_20090820_020000_Countdown_With_Keith_Olbermann_003505.jpg,"was a really big rally against global warming legislation that's now making its way through congress. in a city that gets an 'f' from the american lung association for both of its measures of air pollution, ozone and particle"
https://archive.org/details/MSNBC_20090806_000000_Countdown_With_Keith_Olbermann#start/3318/end/3353,8/6/2009 0:55:33,MSNBC,Countdown With Keith Olbermann,MSNBC_20090806_000000_Countdown_With_Keith_Olbermann,https://archive.org/download/MSNBC_20090806_000000_Countdown_With_Keith_Olbermann/MSNBC_20090806_000000_Countdown_With_Keith_Olbermann.thumbs/MSNBC_20090806_000000_Countdown_With_Keith_Olbermann_003296.jpg,"throughout my political career being labeled a kook. michael steele, you be the man. you be the man. i don't think it has been established yet as a fact that global warming is the issue of the day."
https://archive.org/details/MSNBC_20090820_000000_Countdown_With_Keith_Olbermann#start/3531/end/3566,8/20/2009 0:59:06,MSNBC,Countdown With Keith Olbermann,MSNBC_20090820_000000_Countdown_With_Keith_Olbermann,https://archive.org/download/MSNBC_20090820_000000_Countdown_With_Keith_Olbermann/MSNBC_20090820_000000_Countdown_With_Keith_Olbermann.thumbs/MSNBC_20090820_000000_Countdown_With_Keith_Olbermann_003506.jpg,"was a really big rally against global warming legislation that's now making its way through congress. in a city that gets an 'f' from the american lung association for both of its measures of air pollution, ozone and particle"
https://archive.org/details/MSNBC_20090806_050000_Countdown_With_Keith_Olbermann#start/3309/end/3344,8/6/2009 5:55:24,MSNBC,Countdown With Keith Olbermann,MSNBC_20090806_050000_Countdown_With_Keith_Olbermann,https://archive.org/download/MSNBC_20090806_050000_Countdown_With_Keith_Olbermann/MSNBC_20090806_050000_Countdown_With_Keith_Olbermann.thumbs/MSNBC_20090806_050000_Countdown_With_Keith_Olbermann_003300.jpg,"throughout my political career being labeled a kook. michael steele, you be the man. you be the man. i don't think it has been established yet as a fact that global warming is the issue of the day."
https://archive.org/details/MSNBC_20090826_040000_Hardball_With_Chris_Matthews#start/1834/end/1869,8/26/2009 4:30:49,MSNBC,Hardball With Chris Matthews,MSNBC_20090826_040000_Hardball_With_Chris_Matthews,https://archive.org/download/MSNBC_20090826_040000_Hardball_With_Chris_Matthews/MSNBC_20090826_040000_Hardball_With_Chris_Matthews.thumbs/MSNBC_20090826_040000_Hardball_With_Chris_Matthews_001826.jpg,"yesterday we got a look at president obama's vacation reading list which included the global warming book 'hot, flat, and crowded' by 'new york times' columnist tom friedman. the thing is a sharp-eyed daily beast writer notes the book,"
https://archive.org/details/MSNBC_20090812_020000_Countdown_With_Keith_Olbermann#start/443/end/478,8/12/2009 2:07:38,MSNBC,Countdown With Keith Olbermann,MSNBC_20090812_020000_Countdown_With_Keith_Olbermann,https://archive.org/download/MSNBC_20090812_020000_Countdown_With_Keith_Olbermann/MSNBC_20090812_020000_Countdown_With_Keith_Olbermann.thumbs/MSNBC_20090812_020000_Countdown_With_Keith_Olbermann_000416.jpg,"selling the crowd on goldfish bowl democracy. but on matters of other matters, those that do not appear central to the health care issue, consensus remained elusive. i believe that global warming is real. and that it is a huge problem."
https://archive.org/details/MSNBC_20090813_100000_Morning_Joe#start/895/end/930,8/13/2009 10:15:10,MSNBC,Morning Joe,MSNBC_20090813_100000_Morning_Joe,https://archive.org/download/MSNBC_20090813_100000_Morning_Joe/MSNBC_20090813_100000_Morning_Joe.thumbs/MSNBC_20090813_100000_Morning_Joe_000896.jpg,"return? they don't know what cap and trade is. by the way, mike, i'm not even weighing in on the global warming debate or the health care debate now. i'm simply talking about overloading the circuits with ideological items that middle"
https://archive.org/details/MSNBC_20090824_130000_Morning_Meeting#start/5567/end/5602,8/24/2009 14:33:02,MSNBC,Morning Meeting,MSNBC_20090824_130000_Morning_Meeting,https://archive.org/download/MSNBC_20090824_130000_Morning_Meeting/MSNBC_20090824_130000_Morning_Meeting.thumbs/MSNBC_20090824_130000_Morning_Meeting_005547.jpg,"coke up carbon monoxide and be used as a new kind of fuel so, you know, it has these applications like maybe it will slow global warming or maybe they can create things that would help clean up fuel spills. all right."
https://archive.org/details/MSNBC_20090825_210000_Hardball_With_Chris_Matthews#start/1831/end/1866,8/25/2009 21:30:46,MSNBC,Hardball With Chris Matthews,MSNBC_20090825_210000_Hardball_With_Chris_Matthews,https://archive.org/download/MSNBC_20090825_210000_Hardball_With_Chris_Matthews/MSNBC_20090825_210000_Hardball_With_Chris_Matthews.thumbs/MSNBC_20090825_210000_Hardball_With_Chris_Matthews_001826.jpg,"yesterday we got a look at president obama's vacation reading list which included the global warming book hot, flat, and crowded by 'new york times' columnist tom freedman. the thing is a sharp-eyed daily beast writer notes a book, well,"
https://archive.org/details/MSNBC_20090806_010000_The_Rachel_Maddow_Show#start/362/end/397,8/6/2009 1:06:17,MSNBC,The Rachel Maddow Show,MSNBC_20090806_010000_The_Rachel_Maddow_Show,https://archive.org/download/MSNBC_20090806_010000_The_Rachel_Maddow_Show/MSNBC_20090806_010000_The_Rachel_Maddow_Show.thumbs/MSNBC_20090806_010000_The_Rachel_Maddow_Show_000355.jpg,"roots campaigns that promote corporate interests. americans for prosperity is the group that got antistimulus rallies going earlier this year and also organized the hot air tour, a campaign against the whole idea of global warming. they were the ones who sent joe"
https://archive.org/details/MSNBC_20090806_030000_The_Rachel_Maddow_Show#start/2043/end/2078,8/6/2009 3:34:18,MSNBC,The Rachel Maddow Show,MSNBC_20090806_030000_The_Rachel_Maddow_Show,https://archive.org/download/MSNBC_20090806_030000_The_Rachel_Maddow_Show/MSNBC_20090806_030000_The_Rachel_Maddow_Show.thumbs/MSNBC_20090806_030000_The_Rachel_Maddow_Show_002036.jpg,"markey, who is chair of the house select committee on energy independence and global warming. he is investigating these fraudulent letters. congressman markey sent out a letter today addressed not to bonner & associates, the lobbying firm responsible for the forgeries and a group"
https://archive.org/details/MSNBC_20090812_000000_Countdown_With_Keith_Olbermann#start/452/end/487,8/12/2009 0:07:47,MSNBC,Countdown With Keith Olbermann,MSNBC_20090812_000000_Countdown_With_Keith_Olbermann,https://archive.org/download/MSNBC_20090812_000000_Countdown_With_Keith_Olbermann/MSNBC_20090812_000000_Countdown_With_Keith_Olbermann.thumbs/MSNBC_20090812_000000_Countdown_With_Keith_Olbermann_000450.jpg,"reaction, and that is i believe global warming is real and it is a huge problem. she also asked about other pressing health care matters such as money will go to acorn. or whether legal immigrants will take their coverage back to their homeland."
https://archive.org/details/MSNBC_20090807_030000_The_Rachel_Maddow_Show#start/1693/end/1728,8/7/2009 3:28:28,MSNBC,The Rachel Maddow Show,MSNBC_20090807_030000_The_Rachel_Maddow_Show,https://archive.org/download/MSNBC_20090807_030000_The_Rachel_Maddow_Show/MSNBC_20090807_030000_The_Rachel_Maddow_Show.thumbs/MSNBC_20090807_030000_The_Rachel_Maddow_Show_001675.jpg,"and flew a hot air balloon around to make the case that the concern of global warming was just a lot of hot air. get it? with the balloons? called the hot air tour. americans for prosperity is the m3 washington, d.c. of campaigns"
https://archive.org/details/MSNBC_20090811_230000_Hardball_With_Chris_Matthews#start/3118/end/3153,8/11/2009 23:52:13,MSNBC,Hardball With Chris Matthews,MSNBC_20090811_230000_Hardball_With_Chris_Matthews,https://archive.org/download/MSNBC_20090811_230000_Hardball_With_Chris_Matthews/MSNBC_20090811_230000_Hardball_With_Chris_Matthews.thumbs/MSNBC_20090811_230000_Hardball_With_Chris_Matthews_003115.jpg,"i mean, i think you saw it with al gore during the 2000 campaign. he was so careful not to take a position. position, very poll-tested, alpha male thing. afterward al gore's had this successful career as a global warming prophet leaving a lot of"
https://archive.org/details/MSNBC_20090806_010000_The_Rachel_Maddow_Show#start/2035/end/2070,8/6/2009 1:34:10,MSNBC,The Rachel Maddow Show,MSNBC_20090806_010000_The_Rachel_Maddow_Show,https://archive.org/download/MSNBC_20090806_010000_The_Rachel_Maddow_Show/MSNBC_20090806_010000_The_Rachel_Maddow_Show.thumbs/MSNBC_20090806_010000_The_Rachel_Maddow_Show_002036.jpg,"nevertheless we are learning more today about the timeline behind the forgeries. thanks in part to congressman ed markey who is chair of the house select committee on energy independence and global warming. he is investigating these fraudulent letters. congressman markey sent out a"
https://archive.org/details/MSNBC_20090807_010000_The_Rachel_Maddow_Show#start/1965/end/2000,8/7/2009 1:33:00,MSNBC,The Rachel Maddow Show,MSNBC_20090807_010000_The_Rachel_Maddow_Show,https://archive.org/download/MSNBC_20090807_010000_The_Rachel_Maddow_Show/MSNBC_20090807_010000_The_Rachel_Maddow_Show.thumbs/MSNBC_20090807_010000_The_Rachel_Maddow_Show_001945.jpg,"global warming on the side of it. i think americans for prosperity also did a free our energy tour promoting domestic drilling, right? didn't you do that as well? i don't think so. we were the hot air tour. okay. the hot air tour. are you funded in part by exxon"
https://archive.org/details/MSNBC_20090806_020000_Countdown_With_Keith_Olbermann#start/3344/end/3379,8/6/2009 2:55:59,MSNBC,Countdown With Keith Olbermann,MSNBC_20090806_020000_Countdown_With_Keith_Olbermann,https://archive.org/download/MSNBC_20090806_020000_Countdown_With_Keith_Olbermann/MSNBC_20090806_020000_Countdown_With_Keith_Olbermann.thumbs/MSNBC_20090806_020000_Countdown_With_Keith_Olbermann_003326.jpg,"harmful gas. she is committed to her global warming fanaticism to the point where she has said she is just trying to save the planet. we all know that someone did that over 2000 years ago. they saved the planet. we don't need nancy pelosi to do that."
https://archive.org/details/MSNBC_20090806_210000_Hardball_With_Chris_Matthews#start/671/end/706,8/6/2009 21:11:26,MSNBC,Hardball With Chris Matthews,MSNBC_20090806_210000_Hardball_With_Chris_Matthews,https://archive.org/download/MSNBC_20090806_210000_Hardball_With_Chris_Matthews/MSNBC_20090806_210000_Hardball_With_Chris_Matthews.thumbs/MSNBC_20090806_210000_Hardball_With_Chris_Matthews_000656.jpg,"thank you bob and pat. it is going to be one hot august even though the temperature, global warming is getting weird in this town again. it is not august. getting cooler. those conservative protesters turning congressional town halls into town brawls. let's talk about them and go"
https://archive.org/details/MSNBC_20090811_210000_Hardball_With_Chris_Matthews#start/3128/end/3163,8/11/2009 21:52:23,MSNBC,Hardball With Chris Matthews,MSNBC_20090811_210000_Hardball_With_Chris_Matthews,https://archive.org/download/MSNBC_20090811_210000_Hardball_With_Chris_Matthews/MSNBC_20090811_210000_Hardball_With_Chris_Matthews.thumbs/MSNBC_20090811_210000_Hardball_With_Chris_Matthews_003116.jpg,"campaign. he was so careful not to take a position, very poll-tested, alpha male thing. afterward al gore's had this successful career as a global warming prophet leaving a lot of people saying, why didn't he act like that during the campaign? i think it's the nature of the"
https://archive.org/details/MSNBC_20090820_010000_The_Rachel_Maddow_Show#start/463/end/498,8/20/2009 1:07:58,MSNBC,The Rachel Maddow Show,MSNBC_20090820_010000_The_Rachel_Maddow_Show,https://archive.org/download/MSNBC_20090820_010000_The_Rachel_Maddow_Show/MSNBC_20090820_010000_The_Rachel_Maddow_Show.thumbs/MSNBC_20090820_010000_The_Rachel_Maddow_Show_000445.jpg,"deal with global warming and graen house gas emissions so what you are doing, rachel, is extremely important and unfortunately it happens far too rarely. that is you are exposing how things happen and the power of big money in the political process and i applaud you for doing that."
https://archive.org/details/MSNBC_20090817_200000_MSNBC_News_Live#start/356/end/391,8/17/2009 20:06:11,MSNBC,MSNBC News Live,MSNBC_20090817_200000_MSNBC_News_Live,https://archive.org/download/MSNBC_20090817_200000_MSNBC_News_Live/MSNBC_20090817_200000_MSNBC_News_Live.thumbs/MSNBC_20090817_200000_MSNBC_News_Live_000356.jpg,"would have the opportunity to present his proposals, and that's what he's done. the country has taken a look at what he's proposing, carbon tax, trillion dollar deficits and now government-run health care plan and they're turning thumbs down on that, so they're turning away"
https://archive.org/details/MSNBC_20090807_040000_Hardball_With_Chris_Matthews#start/666/end/701,8/7/2009 4:11:21,MSNBC,Hardball With Chris Matthews,MSNBC_20090807_040000_Hardball_With_Chris_Matthews,https://archive.org/download/MSNBC_20090807_040000_Hardball_With_Chris_Matthews/MSNBC_20090807_040000_Hardball_With_Chris_Matthews.thumbs/MSNBC_20090807_040000_Hardball_With_Chris_Matthews_000655.jpg,"putting him in office. thank you bob and pat. it is going to be one hot august even though the temperature, global warming is getting weird in this town again. it is not august. getting cooler. those conservative protesters turning congressional town halls into town brawls. let's talk about them and go inside."
https://archive.org/details/MSNBC_20090806_230000_Hardball_With_Chris_Matthews#start/679/end/714,8/6/2009 23:11:34,MSNBC,Hardball With Chris Matthews,MSNBC_20090806_230000_Hardball_With_Chris_Matthews,https://archive.org/download/MSNBC_20090806_230000_Hardball_With_Chris_Matthews/MSNBC_20090806_230000_Hardball_With_Chris_Matthews.thumbs/MSNBC_20090806_230000_Hardball_With_Chris_Matthews_000656.jpg,"global warming is getting weird in this town again. it is not august. getting cooler. coming up, those conservative protesters turning congressional town halls into town brawls. let's talk about them and go inside. we want to know how spontaneous are these events and how much are they what's called astroturf, phony grassroots."
https://archive.org/details/MSNBC_20090809_120000_MSNBC_News_Live#start/604/end/639,8/9/2009 12:10:19,MSNBC,MSNBC News Live,MSNBC_20090809_120000_MSNBC_News_Live,https://archive.org/download/MSNBC_20090809_120000_MSNBC_News_Live/MSNBC_20090809_120000_MSNBC_News_Live.thumbs/MSNBC_20090809_120000_MSNBC_News_Live_000596.jpg,"going to guadalajara, mexico. they'll talk about the economy, the swine flu outbreak that could come in the fall and the climate change bill. thank you very much, mike"
https://archive.org/details/MSNBC_20090818_000000_Countdown_With_Keith_Olbermann#start/1906/end/1941,8/18/2009 0:32:01,MSNBC,Countdown With Keith Olbermann,MSNBC_20090818_000000_Countdown_With_Keith_Olbermann,https://archive.org/download/MSNBC_20090818_000000_Countdown_With_Keith_Olbermann/MSNBC_20090818_000000_Countdown_With_Keith_Olbermann.thumbs/MSNBC_20090818_000000_Countdown_With_Keith_Olbermann_001886.jpg,"photographed prairie dog's evil cousin. governor pawlenty credits the democrats with climate change making the climate favorable to the gop. former dnc chair howard dean responds to what sure looks like"
https://archive.org/details/MSNBC_20090809_130000_MSNBC_News_Live#start/694/end/729,8/9/2009 13:11:49,MSNBC,MSNBC News Live,MSNBC_20090809_130000_MSNBC_News_Live,https://archive.org/download/MSNBC_20090809_130000_MSNBC_News_Live/MSNBC_20090809_130000_MSNBC_News_Live.thumbs/MSNBC_20090809_130000_MSNBC_News_Live_000685.jpg,"so intertwined. we'll be talking about drug trafficking and climate change. we have breaking news from tokyo, japan. a strong earthquake shook the capital and surrounding areas. the japanese meteorological"
https://archive.org/details/MSNBC_20090825_230000_Hardball_With_Chris_Matthews#start/1828/end/1863,8/25/2009 23:30:43,MSNBC,Hardball With Chris Matthews,MSNBC_20090825_230000_Hardball_With_Chris_Matthews,https://archive.org/download/MSNBC_20090825_230000_Hardball_With_Chris_Matthews/MSNBC_20090825_230000_Hardball_With_Chris_Matthews.thumbs/MSNBC_20090825_230000_Hardball_With_Chris_Matthews_001826.jpg,"wasn't it harry truman say if you don't like the heat, stay out of kitchen. one new pet peeve, he doesn't like it when aides share his list of pet peeves with reporters. next, a presidential re-read. yesterday we got a look at president obama's vacation reading list which included the global warming book 'hot, flat,"
https://archive.org/details/MSNBC_20090804_040000_Hardball_With_Chris_Matthews#start/1229/end/1264,8/4/2009 4:20:44,MSNBC,Hardball With Chris Matthews,MSNBC_20090804_040000_Hardball_With_Chris_Matthews,https://archive.org/download/MSNBC_20090804_040000_Hardball_With_Chris_Matthews/MSNBC_20090804_040000_Hardball_With_Chris_Matthews.thumbs/MSNBC_20090804_040000_Hardball_With_Chris_Matthews_001226.jpg,"story? maybe they believe it, but maybe they believe it, but i'll say this, listen, chris, the republican party is not in bad shape. the republican party is getting in better shape -- because of this? it's not this. they're taking down health care. they got this global warming is now a hoax. the stimulus -- you think global warm"
https://archive.org/details/MSNBC_20090805_030000_The_Rachel_Maddow_Show#start/2730/end/2765,8/5/2009 3:45:45,MSNBC,The Rachel Maddow Show,MSNBC_20090805_030000_The_Rachel_Maddow_Show,https://archive.org/download/MSNBC_20090805_030000_The_Rachel_Maddow_Show/MSNBC_20090805_030000_The_Rachel_Maddow_Show.thumbs/MSNBC_20090805_030000_The_Rachel_Maddow_Show_002726.jpg,"virginia hispanic group and local virginia chapters of the naacp. and they urged a democratic congressman to vote against climate change legislation. well, tonight we have new information. when bonner wrote those fake"
https://archive.org/details/MSNBC_20090806_030000_The_Rachel_Maddow_Show#start/1964/end/1999,8/6/2009 3:32:59,MSNBC,The Rachel Maddow Show,MSNBC_20090806_030000_The_Rachel_Maddow_Show,https://archive.org/download/MSNBC_20090806_030000_The_Rachel_Maddow_Show/MSNBC_20090806_030000_The_Rachel_Maddow_Show.thumbs/MSNBC_20090806_030000_The_Rachel_Maddow_Show_001946.jpg,"you're looking at the letterhead of a local virginia hispanic group which was stolen and then used to fake a constituent letter opposing the climate change bill. as we reported last night that"
https://archive.org/details/MSNBC_20090815_120000_MSNBC_News_Live#start/2430/end/2465,8/15/2009 12:40:45,MSNBC,MSNBC News Live,MSNBC_20090815_120000_MSNBC_News_Live,https://archive.org/download/MSNBC_20090815_120000_MSNBC_News_Live/MSNBC_20090815_120000_MSNBC_News_Live.thumbs/MSNBC_20090815_120000_MSNBC_News_Live_002426.jpg,"anger and concern on health care because you passed tarp last fall, you into the a stimulus package through, you're working on energy and climate change legislation, you really have been moving quite quickly, could"
https://archive.org/details/MSNBC_20090807_030000_The_Rachel_Maddow_Show#start/1961/end/1996,8/7/2009 3:32:56,MSNBC,The Rachel Maddow Show,MSNBC_20090807_030000_The_Rachel_Maddow_Show,https://archive.org/download/MSNBC_20090807_030000_The_Rachel_Maddow_Show/MSNBC_20090807_030000_The_Rachel_Maddow_Show.thumbs/MSNBC_20090807_030000_The_Rachel_Maddow_Show_001946.jpg,"we'll be happy to have their support as well. your hot air tour, which used this excellent visual of the big hot air balloon, with the words global warming on the side of it. i think americans for prosperity also did a free our energy tour promoting domestic drilling, right? didn't you do that as well? i don't think so."
https://archive.org/details/MSNBC_20090822_140000_MSNBC_News_Live#start/2441/end/2476,8/22/2009 14:40:56,MSNBC,MSNBC News Live,MSNBC_20090822_140000_MSNBC_News_Live,https://archive.org/download/MSNBC_20090822_140000_MSNBC_News_Live/MSNBC_20090822_140000_MSNBC_News_Live.thumbs/MSNBC_20090822_140000_MSNBC_News_Live_002430.jpg,"going -- i think he will have a hard time getting any kind of democratic support from anybody in swing districts for any of this. health care or climate change. sobering from charlie cook. charlie, thank you very much."
https://archive.org/details/MSNBC_20090818_010000_The_Rachel_Maddow_Show#start/3044/end/3079,8/18/2009 1:50:59,MSNBC,The Rachel Maddow Show,MSNBC_20090818_010000_The_Rachel_Maddow_Show,https://archive.org/download/MSNBC_20090818_010000_The_Rachel_Maddow_Show/MSNBC_20090818_010000_The_Rachel_Maddow_Show.thumbs/MSNBC_20090818_010000_The_Rachel_Maddow_Show_003026.jpg,"american petroleum institute which represents about 400 oil and gas companies. the memo urgest its member oil companies to recruit their own employees to take part in anti-climate change legislation rallies being held around the country."
https://archive.org/details/MSNBC_20090824_130000_Morning_Meeting#start/6963/end/6998,8/24/2009 14:56:18,MSNBC,Morning Meeting,MSNBC_20090824_130000_Morning_Meeting,https://archive.org/download/MSNBC_20090824_130000_Morning_Meeting/MSNBC_20090824_130000_Morning_Meeting.thumbs/MSNBC_20090824_130000_Morning_Meeting_006957.jpg,"book will come in handy for the climate change. indeed, it will. if it comes up. that's going to be fun. it's going to be something f it happens. speaking of fun, carlos watson is up after this."
https://archive.org/details/MSNBC_20090820_010000_The_Rachel_Maddow_Show#start/820/end/855,8/20/2009 1:13:55,MSNBC,The Rachel Maddow Show,MSNBC_20090820_010000_The_Rachel_Maddow_Show,https://archive.org/download/MSNBC_20090820_010000_The_Rachel_Maddow_Show/MSNBC_20090820_010000_The_Rachel_Maddow_Show.thumbs/MSNBC_20090820_010000_The_Rachel_Maddow_Show_000805.jpg,"climate change to determine if there are still more frauds, still more advocacy glups have their letterhead and good name stolen on behalf of coal. y ) har letterhead and good name stolen on behalf of coal. ro have"
https://archive.org/details/MSNBC_20090820_030000_The_Rachel_Maddow_Show#start/759/end/794,8/20/2009 3:12:54,MSNBC,The Rachel Maddow Show,MSNBC_20090820_030000_The_Rachel_Maddow_Show,https://archive.org/download/MSNBC_20090820_030000_The_Rachel_Maddow_Show/MSNBC_20090820_030000_The_Rachel_Maddow_Show.thumbs/MSNBC_20090820_030000_The_Rachel_Maddow_Show_000746.jpg,"from a board on aging. these were letters that urged three house democrats to vote against climate change legislation that was making its way through congress. well, now congressman ed markey has released five more fake letters."
https://archive.org/details/MSNBC_20090805_010000_The_Rachel_Maddow_Show#start/2744/end/2779,8/5/2009 1:45:59,MSNBC,The Rachel Maddow Show,MSNBC_20090805_010000_The_Rachel_Maddow_Show,https://archive.org/download/MSNBC_20090805_010000_The_Rachel_Maddow_Show/MSNBC_20090805_010000_The_Rachel_Maddow_Show.thumbs/MSNBC_20090805_010000_The_Rachel_Maddow_Show_002725.jpg,"associates admitted writing right wing leaders pretending to be from a virginia hispanic group and naacp. and they urged tom to vote against climate change legislation. well, tonight we have new information. when bonner wrote those fake"
https://archive.org/details/MSNBC_20090811_030000_The_Rachel_Maddow_Show#start/467/end/502,8/11/2009 3:08:02,MSNBC,The Rachel Maddow Show,MSNBC_20090811_030000_The_Rachel_Maddow_Show,https://archive.org/download/MSNBC_20090811_030000_The_Rachel_Maddow_Show/MSNBC_20090811_030000_The_Rachel_Maddow_Show.thumbs/MSNBC_20090811_030000_The_Rachel_Maddow_Show_000445.jpg,"letters to impersonate groups like the naacp in their coal industry funded effort to defeat climate change legislation. same guys. 60-plus also appears to have ties in the past to the platonic forum of washington are things"
https://archive.org/details/MSNBC_20090803_210000_Hardball_With_Chris_Matthews#start/1236/end/1271,8/3/2009 21:20:51,MSNBC,Hardball With Chris Matthews,MSNBC_20090803_210000_Hardball_With_Chris_Matthews,https://archive.org/download/MSNBC_20090803_210000_Hardball_With_Chris_Matthews/MSNBC_20090803_210000_Hardball_With_Chris_Matthews.thumbs/MSNBC_20090803_210000_Hardball_With_Chris_Matthews_001226.jpg,"i'll say this, listen, chris, the republican party is not in bad shape. the republican party is getting in better shape -- because of this? it's not this. they're taking down health care. they got this global warming is now a hoax. the stimulus -- you think global warm something a hoax? i do think it's a hoax. it's a hoax. i think it goes up and down."
https://archive.org/details/MSNBC_20090826_200000_MSNBC_News_Live#start/2475/end/2510,8/26/2009 20:41:30,MSNBC,MSNBC News Live,MSNBC_20090826_200000_MSNBC_News_Live,https://archive.org/download/MSNBC_20090826_200000_MSNBC_News_Live/MSNBC_20090826_200000_MSNBC_News_Live.thumbs/MSNBC_20090826_200000_MSNBC_News_Live_002455.jpg,"proposals around health care, climate change and others before the congress today. and how important it is that massachusetts have two voices contributing to that debate and particularly on health care where we with the senator's help are far ahead of every other"
https://archive.org/details/MSNBC_20090814_130000_Morning_Meeting#start/6751/end/6786,8/14/2009 14:52:46,MSNBC,Morning Meeting,MSNBC_20090814_130000_Morning_Meeting,https://archive.org/download/MSNBC_20090814_130000_Morning_Meeting/MSNBC_20090814_130000_Morning_Meeting.thumbs/MSNBC_20090814_130000_Morning_Meeting_006746.jpg,"and climate change is out to get us. that's why progress plays no role inside post shredded wheat. here, we put the 'no' in innovation. post original shredded wheat is still just the one simple, honest ingredient which naturally comes with vitamins,"
https://archive.org/details/MSNBC_20090827_100000_Morning_Joe#start/1407/end/1442,8/27/2009 10:23:42,MSNBC,Morning Joe,MSNBC_20090827_100000_Morning_Joe,https://archive.org/download/MSNBC_20090827_100000_Morning_Joe/MSNBC_20090827_100000_Morning_Joe.thumbs/MSNBC_20090827_100000_Morning_Joe_001406.jpg,"climate change or energy reform, they will use this september date to make a push for financial regulation reform. they feel that will give them a great opportunity to say, look, we staved off what could have been a much worse economic"
https://archive.org/details/MSNBC_20090831_230000_Hardball_With_Chris_Matthews#start/16/end/51,8/31/2009 23:00:31,MSNBC,Hardball With Chris Matthews,MSNBC_20090831_230000_Hardball_With_Chris_Matthews,https://archive.org/download/MSNBC_20090831_230000_Hardball_With_Chris_Matthews/MSNBC_20090831_230000_Hardball_With_Chris_Matthews.thumbs/MSNBC_20090831_230000_Hardball_With_Chris_Matthews_000026.jpg,"from massachusetts? will it be joe kennedy, his nephew? will it be ed markey who pushed for the historic bill on energy and climate change? and it's one thing to be attacked by conservatives, but are president obama's allies going wobbly on him?"
https://archive.org/details/MSNBC_20090831_060000_Meet_the_Press#start/1555/end/1590,8/31/2009 6:26:10,MSNBC,Meet the Press,MSNBC_20090831_060000_Meet_the_Press,https://archive.org/download/MSNBC_20090831_060000_Meet_the_Press/MSNBC_20090831_060000_Meet_the_Press.thumbs/MSNBC_20090831_060000_Meet_the_Press_001556.jpg,"having an election. massachusetts will choose, as it ought to choose, but in the meantime, his cause of a lifetime, health care and other issues of great importance, global climate change, and others will not be adversely impacted by the absence of the"
https://archive.org/details/MSNBC_20090831_080000_Meet_the_Press#start/1559/end/1594,8/31/2009 8:26:14,MSNBC,Meet the Press,MSNBC_20090831_080000_Meet_the_Press,https://archive.org/download/MSNBC_20090831_080000_Meet_the_Press/MSNBC_20090831_080000_Meet_the_Press.thumbs/MSNBC_20090831_080000_Meet_the_Press_001557.jpg,"having an election. massachusetts will choose, as it ought to choose, but in the meantime, his cause of a lifetime, health care and other issues of great importance, global climate change, and others will not be adversely impacted by the absence of the"
https://archive.org/details/MSNBC_20090831_190000_MSNBC_News_Live#start/845/end/880,8/31/2009 19:14:20,MSNBC,MSNBC News Live,MSNBC_20090831_190000_MSNBC_News_Live,https://archive.org/download/MSNBC_20090831_190000_MSNBC_News_Live/MSNBC_20090831_190000_MSNBC_News_Live.thumbs/MSNBC_20090831_190000_MSNBC_News_Live_000836.jpg,"health care reform to jobs bills to climate change and education, the congress is debating some of the most historic and significant legislation in decades bound to affect all of us for decades. now, let me be clear, i wholly"
https://archive.org/details/MSNBC_20090802_110000_Hardball_Weekend#start/993/end/1028,8/2/2009 11:16:48,MSNBC,Hardball Weekend,MSNBC_20090802_110000_Hardball_Weekend,https://archive.org/download/MSNBC_20090802_110000_Hardball_Weekend/MSNBC_20090802_110000_Hardball_Weekend.thumbs/MSNBC_20090802_110000_Hardball_Weekend_000986.jpg,"across the board, whether it is stimulus, climate change or health care, the organization of the left what not been what the white house hoped. they have not been able to generate the kind of grassroots pressure, particularfully the marginal democrats with the"
https://archive.org/details/MSNBC_20090818_030000_The_Rachel_Maddow_Show#start/3030/end/3065,8/18/2009 3:50:45,MSNBC,The Rachel Maddow Show,MSNBC_20090818_030000_The_Rachel_Maddow_Show,https://archive.org/download/MSNBC_20090818_030000_The_Rachel_Maddow_Show/MSNBC_20090818_030000_The_Rachel_Maddow_Show.thumbs/MSNBC_20090818_030000_The_Rachel_Maddow_Show_003026.jpg,"greenpeace and reported by talking points memo, we have the game plan how the corporate interests in the oil and gas industry are planning to try to stop climate change legislation. it's an internal memo from the american petroleum institute"
https://archive.org/details/MSNBC_20090830_150000_MSNBC_News_Live#start/1470/end/1505,8/30/2009 15:24:45,MSNBC,MSNBC News Live,MSNBC_20090830_150000_MSNBC_News_Live,https://archive.org/download/MSNBC_20090830_150000_MSNBC_News_Live/MSNBC_20090830_150000_MSNBC_News_Live.thumbs/MSNBC_20090830_150000_MSNBC_News_Live_001466.jpg,"and climate change is out to get us. that's why progress plays no role inside post shredded wheat. here, we put the 'no' in innovation. post original shredded wheat is still just the one simple, honest ingredient which naturally comes with vitamins,"
https://archive.org/details/MSNBC_20090831_200000_MSNBC_News_Live#start/717/end/752,8/31/2009 20:12:12,MSNBC,MSNBC News Live,MSNBC_20090831_200000_MSNBC_News_Live,https://archive.org/download/MSNBC_20090831_200000_MSNBC_News_Live/MSNBC_20090831_200000_MSNBC_News_Live.thumbs/MSNBC_20090831_200000_MSNBC_News_Live_000717.jpg,"climate change legislation. but remember, congress is a coequal branch of government, and we have a constitutional law professor as a president who recognizes that congress is supposed to do those things. i think with health care, though, we might see the"
https://archive.org/details/MSNBC_20090806_010000_The_Rachel_Maddow_Show#start/1957/end/1992,8/6/2009 1:32:52,MSNBC,The Rachel Maddow Show,MSNBC_20090806_010000_The_Rachel_Maddow_Show,https://archive.org/download/MSNBC_20090806_010000_The_Rachel_Maddow_Show/MSNBC_20090806_010000_The_Rachel_Maddow_Show.thumbs/MSNBC_20090806_010000_The_Rachel_Maddow_Show_001945.jpg,"evident here. you're looking at the letterhead of a local virginia hispanic group which was stolen and then used to fake a constituent letter opposing the climate change bill. as we reported last night that particular letter and a handful"
https://archive.org/details/MSNBC_20090804_030000_The_Rachel_Maddow_Show#start/307/end/342,8/4/2009 3:05:22,MSNBC,The Rachel Maddow Show,MSNBC_20090804_030000_The_Rachel_Maddow_Show,https://archive.org/download/MSNBC_20090804_030000_The_Rachel_Maddow_Show/MSNBC_20090804_030000_The_Rachel_Maddow_Show.thumbs/MSNBC_20090804_030000_The_Rachel_Maddow_Show_000296.jpg,"when the climate change bill came before the house last month, the democratic congressman named tom parello of virginia received a letter purportedly from a nonprofit hispanic group in his district and the letter urged him to oppose the cap and trade legislation."
https://archive.org/details/MSNBC_20090804_030000_The_Rachel_Maddow_Show#start/337/end/372,8/4/2009 3:05:52,MSNBC,The Rachel Maddow Show,MSNBC_20090804_030000_The_Rachel_Maddow_Show,https://archive.org/download/MSNBC_20090804_030000_The_Rachel_Maddow_Show/MSNBC_20090804_030000_The_Rachel_Maddow_Show.thumbs/MSNBC_20090804_030000_The_Rachel_Maddow_Show_000326.jpg,"nonprofits and sending congressman ferello fake letters to get him to oppose the climate change legislation. congress is investigating this incident. this is a lobbying firm, the establishment. this isn't a lone nut job passing himself off as a group"
https://archive.org/details/MSNBC_20090804_220000_The_Ed_Show#start/2501/end/2536,8/4/2009 22:41:56,MSNBC,The Ed Show,MSNBC_20090804_220000_The_Ed_Show,https://archive.org/download/MSNBC_20090804_220000_The_Ed_Show/MSNBC_20090804_220000_The_Ed_Show.thumbs/MSNBC_20090804_220000_The_Ed_Show_002486.jpg,"in to bear. particularly if he then proceeds to move with climate change and a budget that does not continue to cut the kdeficit. i think it all depends on, does president obama pivot at this moment in time into more of a"
https://archive.org/details/MSNBC_20090812_050000_Countdown_With_Keith_Olbermann#start/446/end/481,8/12/2009 5:07:41,MSNBC,Countdown With Keith Olbermann,MSNBC_20090812_050000_Countdown_With_Keith_Olbermann,https://archive.org/download/MSNBC_20090812_050000_Countdown_With_Keith_Olbermann/MSNBC_20090812_050000_Countdown_With_Keith_Olbermann.thumbs/MSNBC_20090812_050000_Countdown_With_Keith_Olbermann_000447.jpg,"remained elusive. i will start with the part that will bring the immediate reaction, and that is i believe global warming is real and it is a huge problem. she also asked about other pressing health care matters such as money will go to acorn. or whether legal immigrants will take their coverage back to their homeland. of course, one pressing issue came up more than any other."
https://archive.org/details/MSNBC_20090822_010000_The_Rachel_Maddow_Show#start/945/end/980,8/22/2009 1:16:00,MSNBC,The Rachel Maddow Show,MSNBC_20090822_010000_The_Rachel_Maddow_Show,https://archive.org/download/MSNBC_20090822_010000_The_Rachel_Maddow_Show/MSNBC_20090822_010000_The_Rachel_Maddow_Show.thumbs/MSNBC_20090822_010000_The_Rachel_Maddow_Show_000925.jpg,"revolution every now and then is a good thing.' she also said at the time that she wants her swints 'armed and dangerous on the issue of climate change.' these latest comments from miss bachmann were made during a conference call in which she"
https://archive.org/details/MSNBC_20090814_200000_MSNBC_News_Live#start/1411/end/1446,8/14/2009 20:23:46,MSNBC,MSNBC News Live,MSNBC_20090814_200000_MSNBC_News_Live,https://archive.org/download/MSNBC_20090814_200000_MSNBC_News_Live/MSNBC_20090814_200000_MSNBC_News_Live.thumbs/MSNBC_20090814_200000_MSNBC_News_Live_001407.jpg,"and climate change is out to get us. that's why progress plays no role insi post shredded wheat. here, we put the 'no' in innovation. post original shredded wheat is still just the one simple, honest ingredient which naturally comes with vitamins, minerals and fiber."
https://archive.org/details/MSNBC_20090815_030000_The_Rachel_Maddow_Show#start/2851/end/2886,8/15/2009 3:47:46,MSNBC,The Rachel Maddow Show,MSNBC_20090815_030000_The_Rachel_Maddow_Show,https://archive.org/download/MSNBC_20090815_030000_The_Rachel_Maddow_Show/MSNBC_20090815_030000_The_Rachel_Maddow_Show.thumbs/MSNBC_20090815_030000_The_Rachel_Maddow_Show_002846.jpg,"honestly, what thanks do we owe progress? we're up to our necks in landfill, and down to the wire in resources and climate change is out to get us. that's why progress plays no role inside post shredded wheat. here, we put the 'no' in innovation."
https://archive.org/details/MSNBC_20090815_110000_MSNBC_News_Live#start/1574/end/1609,8/15/2009 11:26:29,MSNBC,MSNBC News Live,MSNBC_20090815_110000_MSNBC_News_Live,https://archive.org/download/MSNBC_20090815_110000_MSNBC_News_Live/MSNBC_20090815_110000_MSNBC_News_Live.thumbs/MSNBC_20090815_110000_MSNBC_News_Live_001557.jpg,"honestly, what thanks do we owe progress? we're up to our necks in landfill, and down to the wire in resources and climate change is out to get us. that's why progress plays no role inside post shredded wheat. here, we put the 'no' in innovation."
https://archive.org/details/MSNBC_20090827_100000_Morning_Joe#start/9367/end/9402,8/27/2009 12:36:22,MSNBC,Morning Joe,MSNBC_20090827_100000_Morning_Joe,https://archive.org/download/MSNBC_20090827_100000_Morning_Joe/MSNBC_20090827_100000_Morning_Joe.thumbs/MSNBC_20090827_100000_Morning_Joe_009355.jpg,"two voices in the united states senate, under any circumstances, but especially now with these profoundly important proposals before the congress on health care or climate change or all the different ways in which the states look to the federal government for help right now to"
https://archive.org/details/MSNBC_20090818_010000_The_Rachel_Maddow_Show#start/3030/end/3065,8/18/2009 1:50:45,MSNBC,The Rachel Maddow Show,MSNBC_20090818_010000_The_Rachel_Maddow_Show,https://archive.org/download/MSNBC_20090818_010000_The_Rachel_Maddow_Show/MSNBC_20090818_010000_The_Rachel_Maddow_Show.thumbs/MSNBC_20090818_010000_The_Rachel_Maddow_Show_003026.jpg,"coming next. thanks to a document obtained by greenpeace and reported by talking points memo, we have the game plan how the corporate interests in the oil and gas industry are planning to try to stop climate change legislation. it's an internal memo from the"
https://archive.org/details/MSNBC_20090818_030000_The_Rachel_Maddow_Show#start/3041/end/3076,8/18/2009 3:50:56,MSNBC,The Rachel Maddow Show,MSNBC_20090818_030000_The_Rachel_Maddow_Show,https://archive.org/download/MSNBC_20090818_030000_The_Rachel_Maddow_Show/MSNBC_20090818_030000_The_Rachel_Maddow_Show.thumbs/MSNBC_20090818_030000_The_Rachel_Maddow_Show_003026.jpg,"which represents about 400 oil and gas companies. the memo urges its member oil companies to recruit their own employees to take part in anti-climate change legislation rallies being held around the country. the objective, they say, is to, 'put a human face on the impact"
https://archive.org/details/MSNBC_20090827_190000_MSNBC_News_Live#start/1881/end/1916,8/27/2009 19:31:36,MSNBC,MSNBC News Live,MSNBC_20090827_190000_MSNBC_News_Live,https://archive.org/download/MSNBC_20090827_190000_MSNBC_News_Live/MSNBC_20090827_190000_MSNBC_News_Live.thumbs/MSNBC_20090827_190000_MSNBC_News_Live_001856.jpg,"we're up to our necks in landfill, and down to the wire in resources and climate change is out to get us. that's why progress plays no role inside post shredded wheat. here, we put the 'no' in innovation. post original shredded wheat is still"
https://archive.org/details/MSNBC_20090824_100000_Morning_Joe#start/4405/end/4440,8/24/2009 11:13:40,MSNBC,Morning Joe,MSNBC_20090824_100000_Morning_Joe,https://archive.org/download/MSNBC_20090824_100000_Morning_Joe/MSNBC_20090824_100000_Morning_Joe.thumbs/MSNBC_20090824_100000_Morning_Joe_004406.jpg,"rhetoric and hitler references we talk about a specifics on health care, specifics on climate change legislation. there are so many problems right now. there is a conspiracy of silence from the leaders of both parties who don't want to upset their base and let's name names."
https://archive.org/details/MSNBC_20090806_010000_The_Rachel_Maddow_Show#start/2111/end/2146,8/6/2009 1:35:26,MSNBC,The Rachel Maddow Show,MSNBC_20090806_010000_The_Rachel_Maddow_Show,https://archive.org/download/MSNBC_20090806_010000_The_Rachel_Maddow_Show/MSNBC_20090806_010000_The_Rachel_Maddow_Show.thumbs/MSNBC_20090806_010000_The_Rachel_Maddow_Show_002095.jpg,"after the call the public said it was outraged. one part of the lobbying effort might be mail fraud but that isn't their only political strategy. the battle over the climate change isn't over. it just moved to the senate. politico reports today that the"
https://archive.org/details/MSNBC_20090805_010000_The_Rachel_Maddow_Show#start/2004/end/2039,8/5/2009 1:33:39,MSNBC,The Rachel Maddow Show,MSNBC_20090805_010000_The_Rachel_Maddow_Show,https://archive.org/download/MSNBC_20090805_010000_The_Rachel_Maddow_Show/MSNBC_20090805_010000_The_Rachel_Maddow_Show.thumbs/MSNBC_20090805_010000_The_Rachel_Maddow_Show_002005.jpg,"letters from civil rights organizations imploring them to vote against climate change legislation. except the letters were frauds, stolen letterhead, made-up claims, fum-on lies. we will visit with one of the congressman who got this phony baloney via u.s. post and we"
https://archive.org/details/MSNBC_20090819_150000_MSNBC_News_Live#start/1303/end/1338,8/19/2009 15:21:58,MSNBC,MSNBC News Live,MSNBC_20090819_150000_MSNBC_News_Live,https://archive.org/download/MSNBC_20090819_150000_MSNBC_News_Live/MSNBC_20090819_150000_MSNBC_News_Live.thumbs/MSNBC_20090819_150000_MSNBC_News_Live_001285.jpg,"honestly, what thanks do we owe progress? we're up to our necks in landfill, and down to the wire in resources and climate change is out to get us. that's why progress plays no role inside post shredded wheat. here, we put the 'no' in innovation."
https://archive.org/details/MSNBC_20090821_040000_Hardball_With_Chris_Matthews#start/2545/end/2580,8/21/2009 4:42:40,MSNBC,Hardball With Chris Matthews,MSNBC_20090821_040000_Hardball_With_Chris_Matthews,https://archive.org/download/MSNBC_20090821_040000_Hardball_With_Chris_Matthews/MSNBC_20090821_040000_Hardball_With_Chris_Matthews.thumbs/MSNBC_20090821_040000_Hardball_With_Chris_Matthews_002516.jpg,"has progress taken us to a better place? i'd say it's taken us for a ride. honestly, what thanks do we owe progress? we're up to our necks in landfill, and down to the wire in resources and climate change is out to get us. that's why progress plays no role"
https://archive.org/details/MSNBC_20090820_040000_Hardball_With_Chris_Matthews#start/2844/end/2879,8/20/2009 4:47:39,MSNBC,Hardball With Chris Matthews,MSNBC_20090820_040000_Hardball_With_Chris_Matthews,https://archive.org/download/MSNBC_20090820_040000_Hardball_With_Chris_Matthews/MSNBC_20090820_040000_Hardball_With_Chris_Matthews.thumbs/MSNBC_20090820_040000_Hardball_With_Chris_Matthews_002816.jpg,"has progress taken us a better place? i'd say it's taken us for a ride. honestly, what thanks do we owe progress? we're up to our necks in landfill, and down to the wire in resources and climate change is out to get us. that's why progress plays no role"
https://archive.org/details/MSNBC_20090831_210000_Hardball_With_Chris_Matthews#start/1278/end/1313,8/31/2009 21:21:33,MSNBC,Hardball With Chris Matthews,MSNBC_20090831_210000_Hardball_With_Chris_Matthews,https://archive.org/download/MSNBC_20090831_210000_Hardball_With_Chris_Matthews/MSNBC_20090831_210000_Hardball_With_Chris_Matthews.thumbs/MSNBC_20090831_210000_Hardball_With_Chris_Matthews_001256.jpg,"ed marky, who did a good job of getting climate change through, and i really like the guy, i think he is a great public servant. stephen link, a pro life guy which would separate him. and marty mill i don't know who left the house to become a"
https://archive.org/details/MSNBC_20090818_020000_Countdown_With_Keith_Olbermann#start/2288/end/2323,8/18/2009 2:38:23,MSNBC,Countdown With Keith Olbermann,MSNBC_20090818_020000_Countdown_With_Keith_Olbermann,https://archive.org/download/MSNBC_20090818_020000_Countdown_With_Keith_Olbermann/MSNBC_20090818_020000_Countdown_With_Keith_Olbermann.thumbs/MSNBC_20090818_020000_Countdown_With_Keith_Olbermann_002276.jpg,"obama is making great progress on climate change. he's changing the political climate in the country back to republican. that is considered wit. we need to be calling out the flaws and misguided decisions of the democrats in congress and the obama administration. the dems facing what nate silver"
https://archive.org/details/MSNBC_20090827_040000_Hardball_With_Chris_Matthews#start/1766/end/1801,8/27/2009 4:29:41,MSNBC,Hardball With Chris Matthews,MSNBC_20090827_040000_Hardball_With_Chris_Matthews,https://archive.org/download/MSNBC_20090827_040000_Hardball_With_Chris_Matthews/MSNBC_20090827_040000_Hardball_With_Chris_Matthews.thumbs/MSNBC_20090827_040000_Hardball_With_Chris_Matthews_001735.jpg,"has progress taken us to a better place? i'd say it's taken us for a ride. honestly, what thanks do we owe progress? we're up to our necks in landfill, and down to the wire in resources and climate change is out to get us. that's why progress plays no role"
https://archive.org/details/MSNBC_20090830_180000_Meet_the_Press#start/1638/end/1673,8/30/2009 18:27:33,MSNBC,Meet the Press,MSNBC_20090830_180000_Meet_the_Press,https://archive.org/download/MSNBC_20090830_180000_Meet_the_Press/MSNBC_20090830_180000_Meet_the_Press.thumbs/MSNBC_20090830_180000_Meet_the_Press_001616.jpg,"ought to choose, but in the meantime, his cause of a lifetime, health care and other issues of great importance, global climate change, and others will not be adversely impacted by the absence of the vote, and that's critical. can i just say one thing? yesterday driving in, david, it"
https://archive.org/details/MSNBC_20090824_100000_Morning_Joe#start/2764/end/2799,8/24/2009 10:46:19,MSNBC,Morning Joe,MSNBC_20090824_100000_Morning_Joe,https://archive.org/download/MSNBC_20090824_100000_Morning_Joe/MSNBC_20090824_100000_Morning_Joe.thumbs/MSNBC_20090824_100000_Morning_Joe_002756.jpg,"you guys were talking about democrats and republicans going at each other. how about the blue dogs going up against the progressives? if the democrats want the president to succeed and they want him to get health care and climate change, which may or may not come up after this, then"
https://archive.org/details/MSNBC_20090806_010000_The_Rachel_Maddow_Show#start/2302/end/2337,8/6/2009 1:38:37,MSNBC,The Rachel Maddow Show,MSNBC_20090806_010000_The_Rachel_Maddow_Show,https://archive.org/download/MSNBC_20090806_010000_The_Rachel_Maddow_Show/MSNBC_20090806_010000_The_Rachel_Maddow_Show.thumbs/MSNBC_20090806_010000_The_Rachel_Maddow_Show_002275.jpg,"still aggressively lobbying to kill the climate bill in the senate, does the scandal hurt their chances of getting what they want? i think so. first of all, rachel, i should point out that in the climate change bill there were a lot of measures that actually helped"
https://archive.org/details/MSNBC_20090806_030000_The_Rachel_Maddow_Show#start/2372/end/2407,8/6/2009 3:39:47,MSNBC,The Rachel Maddow Show,MSNBC_20090806_030000_The_Rachel_Maddow_Show,https://archive.org/download/MSNBC_20090806_030000_The_Rachel_Maddow_Show/MSNBC_20090806_030000_The_Rachel_Maddow_Show.thumbs/MSNBC_20090806_030000_The_Rachel_Maddow_Show_002366.jpg,"during the climate change debate they worked very actively to make the case we should do research and invest money for clean coal energy and i think they were actually taken rather seriously so i think this hurts them a lot because it does go against their credibility."
https://archive.org/details/MSNBC_20090818_050000_Countdown_With_Keith_Olbermann#start/2282/end/2317,8/18/2009 5:38:17,MSNBC,Countdown With Keith Olbermann,MSNBC_20090818_050000_Countdown_With_Keith_Olbermann,https://archive.org/download/MSNBC_20090818_050000_Countdown_With_Keith_Olbermann/MSNBC_20090818_050000_Countdown_With_Keith_Olbermann.thumbs/MSNBC_20090818_050000_Countdown_With_Keith_Olbermann_002280.jpg,"debate on health care reform may be just what the gop needs. quote, it appears president obama is making great progress on climate change. he's changing the political climate in the country back to republican. that is considered wit. we need to be calling out the flaws and misguided decisions of"
https://archive.org/details/MSNBC_20090818_020000_Countdown_With_Keith_Olbermann#start/1915/end/1950,8/18/2009 2:32:10,MSNBC,Countdown With Keith Olbermann,MSNBC_20090818_020000_Countdown_With_Keith_Olbermann,https://archive.org/download/MSNBC_20090818_020000_Countdown_With_Keith_Olbermann/MSNBC_20090818_020000_Countdown_With_Keith_Olbermann.thumbs/MSNBC_20090818_020000_Countdown_With_Keith_Olbermann_001916.jpg,"governor pawlenty credits the democrats with climate change making the climate favorable to the gop. former dnc chair howard dean responds to what sure looks like bad augers for the dems. tom delay on 'dancing with the stars' doesn't realize the show is for has-beens right? these stories ahead."
https://archive.org/details/MSNBC_20090819_030000_The_Rachel_Maddow_Show#start/1908/end/1943,8/19/2009 3:32:03,MSNBC,The Rachel Maddow Show,MSNBC_20090819_030000_The_Rachel_Maddow_Show,https://archive.org/download/MSNBC_20090819_030000_The_Rachel_Maddow_Show/MSNBC_20090819_030000_The_Rachel_Maddow_Show.thumbs/MSNBC_20090819_030000_The_Rachel_Maddow_Show_001886.jpg,"nation's fastest 3g network. has progress taken us to a better place? i'd say it's taken us for a ride. honestly, what thanks do we owe progress? we're up to our necks in landfill, and down to the wire in resources and climate change is out to get us."
https://archive.org/details/MSNBC_20090815_150000_MSNBC_News_Live#start/3485/end/3520,8/15/2009 15:58:20,MSNBC,MSNBC News Live,MSNBC_20090815_150000_MSNBC_News_Live,https://archive.org/download/MSNBC_20090815_150000_MSNBC_News_Live/MSNBC_20090815_150000_MSNBC_News_Live.thumbs/MSNBC_20090815_150000_MSNBC_News_Live_003475.jpg,"falsehoods. others say it's the white house's fault, they lost control of this debate. what's your take on things and why there is seemingly so much more heat with this debate than, say, the economy, more than climate change? what is the difference? i think health care is one of"
https://archive.org/details/MSNBC_20090807_230000_Hardball_With_Chris_Matthews#start/2970/end/3005,8/7/2009 23:49:45,MSNBC,Hardball With Chris Matthews,MSNBC_20090807_230000_Hardball_With_Chris_Matthews,https://archive.org/download/MSNBC_20090807_230000_Hardball_With_Chris_Matthews/MSNBC_20090807_230000_Hardball_With_Chris_Matthews.thumbs/MSNBC_20090807_230000_Hardball_With_Chris_Matthews_002966.jpg,"get back to energy, get back to doing something on climate change in order to establish his role in history? does he have to win both? absolutely, chris. and i think yellowstone, where theodore roosevelt went in 1903, he's doing the two stops t.r. did in 1903. yellowstone, the grand canyon."
https://archive.org/details/MSNBC_20090806_130000_Morning_Meeting#start/4239/end/4274,8/6/2009 14:10:54,MSNBC,Morning Meeting,MSNBC_20090806_130000_Morning_Meeting,https://archive.org/download/MSNBC_20090806_130000_Morning_Meeting/MSNBC_20090806_130000_Morning_Meeting.thumbs/MSNBC_20090806_130000_Morning_Meeting_004226.jpg,"sending letters. they are using e-mail or bill pay. testifying about climate change. democrats are worried it could take a back seat to health care for the rest of the year and they don't want to see that happen. another senate subcommittee holding a hearing on aviation"
https://archive.org/details/MSNBC_20090808_130000_MSNBC_News_Live#start/2956/end/2991,8/8/2009 13:49:31,MSNBC,MSNBC News Live,MSNBC_20090808_130000_MSNBC_News_Live,https://archive.org/download/MSNBC_20090808_130000_MSNBC_News_Live/MSNBC_20090808_130000_MSNBC_News_Live.thumbs/MSNBC_20090808_130000_MSNBC_News_Live_002936.jpg,"cost him some. the budget cost him some. climate change has cost him some. all of this sausage making, and it's kind of grisly, and it's rubbed off on him, no question about it. well, you talk about health care and specifically looking at that one, the polling numbers,"
https://archive.org/details/MSNBC_20090814_130000_Morning_Meeting#start/4378/end/4413,8/14/2009 14:13:13,MSNBC,Morning Meeting,MSNBC_20090814_130000_Morning_Meeting,https://archive.org/download/MSNBC_20090814_130000_Morning_Meeting/MSNBC_20090814_130000_Morning_Meeting.thumbs/MSNBC_20090814_130000_Morning_Meeting_004376.jpg,"more saving. more doing. has progress taken us to a better place? i'd say it's taken us for a ride. honestly, what thanks do we owe progress? we're up to our necks in landfill, and down to the wire in resources and climate change is out to get us. that's why progress plays no role"
https://archive.org/details/MSNBC_20090831_210000_Hardball_With_Chris_Matthews#start/15/end/50,8/31/2009 21:00:30,MSNBC,Hardball With Chris Matthews,MSNBC_20090831_210000_Hardball_With_Chris_Matthews,https://archive.org/download/MSNBC_20090831_210000_Hardball_With_Chris_Matthews/MSNBC_20090831_210000_Hardball_With_Chris_Matthews.thumbs/MSNBC_20090831_210000_Hardball_With_Chris_Matthews_000026.jpg,"will it be joe kennedy, his nephew? will it be ed marquet who pushed through the bill on energy and climate change? and it's one thing to be attacked by conservatives, but are president obama's allies going wobbly on him? what do they want when it comes to issues like health care?"
https://archive.org/details/MSNBC_20090831_230000_Hardball_With_Chris_Matthews#start/1276/end/1311,8/31/2009 23:21:31,MSNBC,Hardball With Chris Matthews,MSNBC_20090831_230000_Hardball_With_Chris_Matthews,https://archive.org/download/MSNBC_20090831_230000_Hardball_With_Chris_Matthews/MSNBC_20090831_230000_Hardball_With_Chris_Matthews.thumbs/MSNBC_20090831_230000_Hardball_With_Chris_Matthews_001256.jpg,"well, that had a bit of a political ring to it even in that circumstance. let me ask you, sam, about the three other guys i'm looking at ed markey, who did a good job of getting climate change through. and i really like the guy, i think he is a great public"
https://archive.org/details/MSNBC_20090817_150000_MSNBC_News_Live#start/3218/end/3253,8/17/2009 15:53:53,MSNBC,MSNBC News Live,MSNBC_20090817_150000_MSNBC_News_Live,https://archive.org/download/MSNBC_20090817_150000_MSNBC_News_Live/MSNBC_20090817_150000_MSNBC_News_Live.thumbs/MSNBC_20090817_150000_MSNBC_News_Live_003206.jpg,"that's good. second thing i was really shocked by, we just saw, we got the new weather in the caribbean. we have a new el nino, which is a worldwide climate change, annual change. and what it means is because of what's happening in the pacific ocean, we got drought in india."
https://archive.org/details/MSNBC_20090818_000000_Countdown_With_Keith_Olbermann#start/2286/end/2321,8/18/2009 0:38:21,MSNBC,Countdown With Keith Olbermann,MSNBC_20090818_000000_Countdown_With_Keith_Olbermann,https://archive.org/download/MSNBC_20090818_000000_Countdown_With_Keith_Olbermann/MSNBC_20090818_000000_Countdown_With_Keith_Olbermann.thumbs/MSNBC_20090818_000000_Countdown_With_Keith_Olbermann_002276.jpg,"quote, it appears president obama is making great progress on climate change. he's changing the political climate in the country back to republican. that is considered wit. we need to be calling out the flaws and misguided decisions of the democrats in congress and the obama administration. the dems facing what nate silver"
https://archive.org/details/MSNBC_20090827_220000_The_Ed_Show#start/2798/end/2833,8/27/2009 22:46:53,MSNBC,The Ed Show,MSNBC_20090827_220000_The_Ed_Show,https://archive.org/download/MSNBC_20090827_220000_The_Ed_Show/MSNBC_20090827_220000_The_Ed_Show.thumbs/MSNBC_20090827_220000_The_Ed_Show_002786.jpg,"number of matters relative to the environment, such as climate change and there's other legislation we'll have to do in the area of education to see to it our kids are able to get the education they need. and we'll have to do more on the economy to see that we recover"
https://archive.org/details/MSNBC_20090804_010000_The_Rachel_Maddow_Show#start/290/end/325,8/4/2009 1:05:05,MSNBC,The Rachel Maddow Show,MSNBC_20090804_010000_The_Rachel_Maddow_Show,https://archive.org/download/MSNBC_20090804_010000_The_Rachel_Maddow_Show/MSNBC_20090804_010000_The_Rachel_Maddow_Show.thumbs/MSNBC_20090804_010000_The_Rachel_Maddow_Show_000266.jpg,"organized by corporate lobbyists and it is not something that is happening in a vacuum. let me give you another example of what's being passed off as politics right now by lobbying interests on the political right. when the climate change bill came before the house last month, the democratic congressman named tom parello of"
https://archive.org/details/MSNBC_20090820_010000_The_Rachel_Maddow_Show#start/759/end/794,8/20/2009 1:12:54,MSNBC,The Rachel Maddow Show,MSNBC_20090820_010000_The_Rachel_Maddow_Show,https://archive.org/download/MSNBC_20090820_010000_The_Rachel_Maddow_Show/MSNBC_20090820_010000_The_Rachel_Maddow_Show.thumbs/MSNBC_20090820_010000_The_Rachel_Maddow_Show_000745.jpg,"temporary employee who has since been fired who sent out just a few letters purporting to be from the naacp, from a hispanic group, from a women's group, from a board on aging. these were letters that urged three house democrats to vote against climate change legislation that was making its way through congress."
https://archive.org/details/MSNBC_20090820_030000_The_Rachel_Maddow_Show#start/810/end/845,8/20/2009 3:13:45,MSNBC,The Rachel Maddow Show,MSNBC_20090820_030000_The_Rachel_Maddow_Show,https://archive.org/download/MSNBC_20090820_030000_The_Rachel_Maddow_Show/MSNBC_20090820_030000_The_Rachel_Maddow_Show.thumbs/MSNBC_20090820_030000_The_Rachel_Maddow_Show_000805.jpg,"58 letters that were sent before the vote on climate change to determine if there are still more frauds, still more advocacy groups have their letterhead and good name stolen on behalf of coal. two important updates to a ever worn your clothes in the shower? if you're using other moisturizing body washes,"
https://archive.org/details/MSNBC_20090820_100000_Morning_Joe#start/6534/end/6569,8/20/2009 11:49:09,MSNBC,Morning Joe,MSNBC_20090820_100000_Morning_Joe,https://archive.org/download/MSNBC_20090820_100000_Morning_Joe/MSNBC_20090820_100000_Morning_Joe.thumbs/MSNBC_20090820_100000_Morning_Joe_006510.jpg,"and what people are doing about it. this story was a real eye opener for me because when you -- when you break it down, so many of things we worry about -- climate change, even health care costs -- can be traced to the way in which we consume and produce food in this country."
https://archive.org/details/MSNBC_20090805_010000_The_Rachel_Maddow_Show#start/2777/end/2812,8/5/2009 1:46:32,MSNBC,The Rachel Maddow Show,MSNBC_20090805_010000_The_Rachel_Maddow_Show,https://archive.org/download/MSNBC_20090805_010000_The_Rachel_Maddow_Show/MSNBC_20090805_010000_The_Rachel_Maddow_Show.thumbs/MSNBC_20090805_010000_The_Rachel_Maddow_Show_002755.jpg,"behalf, when bonner sent a total of 12 fake letters opposing the climate change bill. and not just to the congressman but also to two other members of congress. now, the head of the coal industry group said in a statement, quote, we are outraged at the conduct of bonner and associates."
https://archive.org/details/MSNBC_20090804_040000_Hardball_With_Chris_Matthews#start/1309/end/1344,8/4/2009 4:22:04,MSNBC,Hardball With Chris Matthews,MSNBC_20090804_040000_Hardball_With_Chris_Matthews,https://archive.org/download/MSNBC_20090804_040000_Hardball_With_Chris_Matthews/MSNBC_20090804_040000_Hardball_With_Chris_Matthews.thumbs/MSNBC_20090804_040000_Hardball_With_Chris_Matthews_001286.jpg,"this is a party that is in decline partly because the leadership of it is nuts on talk radio and partly because they have no answers to the problems that really exist whether it's climate change, whether it's a health care system that doesn't work for most of the americans anymore, or whether it's --  _"
https://archive.org/details/MSNBC_20090805_030000_The_Rachel_Maddow_Show#start/2761/end/2796,8/5/2009 3:46:16,MSNBC,The Rachel Maddow Show,MSNBC_20090805_030000_The_Rachel_Maddow_Show,https://archive.org/download/MSNBC_20090805_030000_The_Rachel_Maddow_Show/MSNBC_20090805_030000_The_Rachel_Maddow_Show.thumbs/MSNBC_20090805_030000_The_Rachel_Maddow_Show_002756.jpg,"of 12 fake letters opposing the climate change bill. and not just to the congressman periello, but also to two other members of congress. now, the head of the coal industry group said in a statement, quote, we are outraged at the conduct of bonner and associates. it's clear that an employee of"
https://archive.org/details/MSNBC_20090803_210000_Hardball_With_Chris_Matthews#start/1311/end/1346,8/3/2009 21:22:06,MSNBC,Hardball With Chris Matthews,MSNBC_20090803_210000_Hardball_With_Chris_Matthews,https://archive.org/download/MSNBC_20090803_210000_Hardball_With_Chris_Matthews/MSNBC_20090803_210000_Hardball_With_Chris_Matthews.thumbs/MSNBC_20090803_210000_Hardball_With_Chris_Matthews_001285.jpg,"all of the rest of that. this is a party that is in decline partly because the leadership of it is nuts on talk radio and partly because they have no answers to the problems that really exist whether it's climate change, whether it's a health care system that doesn't work for most of the americans"
https://archive.org/details/MSNBC_20090806_010000_The_Rachel_Maddow_Show#start/2363/end/2398,8/6/2009 1:39:38,MSNBC,The Rachel Maddow Show,MSNBC_20090806_010000_The_Rachel_Maddow_Show,https://archive.org/download/MSNBC_20090806_010000_The_Rachel_Maddow_Show/MSNBC_20090806_010000_The_Rachel_Maddow_Show.thumbs/MSNBC_20090806_010000_The_Rachel_Maddow_Show_002365.jpg,"implies they're not an actor to be trusted. is that how they've been seen in congress? no. i don't think they have been seen this way. i think this will hurt them. during the climate change debate they worked very actively to make the case we should do research and invest money for clean coal energy and i think"
https://archive.org/details/MSNBC_20090806_030000_The_Rachel_Maddow_Show#start/2310/end/2345,8/6/2009 3:38:45,MSNBC,The Rachel Maddow Show,MSNBC_20090806_030000_The_Rachel_Maddow_Show,https://archive.org/download/MSNBC_20090806_030000_The_Rachel_Maddow_Show/MSNBC_20090806_030000_The_Rachel_Maddow_Show.thumbs/MSNBC_20090806_030000_The_Rachel_Maddow_Show_002306.jpg,"their chances of getting what they want? i think so. first of all, rachel, i should point out that in the climate change bill there were a lot of measures that actually helped the coal industry so i'm not sure i understand, you know, what this was all about and why they were even doing this but i"
https://archive.org/details/MSNBC_20090822_140000_MSNBC_News_Live#start/2410/end/2445,8/22/2009 14:40:25,MSNBC,MSNBC News Live,MSNBC_20090822_140000_MSNBC_News_Live,https://archive.org/download/MSNBC_20090822_140000_MSNBC_News_Live/MSNBC_20090822_140000_MSNBC_News_Live.thumbs/MSNBC_20090822_140000_MSNBC_News_Live_002400.jpg,"the president probably should have said at the beginning of the year, i know we said we were going to do health care. i know we said we were going to do climate change, but we've got to devote the first year in office to turning the economy around because people don't have the stomach for big change. i think in retrospect that's"
https://archive.org/details/MSNBC_20090803_230000_Hardball_With_Chris_Matthews#start/1250/end/1285,8/3/2009 23:21:05,MSNBC,Hardball With Chris Matthews,MSNBC_20090803_230000_Hardball_With_Chris_Matthews,https://archive.org/download/MSNBC_20090803_230000_Hardball_With_Chris_Matthews/MSNBC_20090803_230000_Hardball_With_Chris_Matthews.thumbs/MSNBC_20090803_230000_Hardball_With_Chris_Matthews_001226.jpg,"started to spread them 40 years ago, particularly about race and entitlement of white people and all of the rest of that. this is a party that is in decline partly because the leadership of it is nuts on talk radio and partly because they have no answers to the problems that really exist whether it's climate change, whether it's a"
https://archive.org/details/MSNBC_20090806_030000_The_Rachel_Maddow_Show#start/2124/end/2159,8/6/2009 3:35:39,MSNBC,The Rachel Maddow Show,MSNBC_20090806_030000_The_Rachel_Maddow_Show,https://archive.org/download/MSNBC_20090806_030000_The_Rachel_Maddow_Show/MSNBC_20090806_030000_The_Rachel_Maddow_Show.thumbs/MSNBC_20090806_030000_The_Rachel_Maddow_Show_002096.jpg,"the battle over the climate change isn't over. it just moved to the senate. politico reports today that the coal industry is readying a barrage of ads to target democrats in their home states during recess, also doing media interviews including have one of their spokesmen make what i believe is the most jaw-dropping argument i have seen anyone make"
https://archive.org/details/MSNBC_20090822_030000_The_Rachel_Maddow_Show#start/961/end/996,8/22/2009 3:16:16,MSNBC,The Rachel Maddow Show,MSNBC_20090822_030000_The_Rachel_Maddow_Show,https://archive.org/download/MSNBC_20090822_030000_The_Rachel_Maddow_Show/MSNBC_20090822_030000_The_Rachel_Maddow_Show.thumbs/MSNBC_20090822_030000_The_Rachel_Maddow_Show_000955.jpg,"a good thing.' she also said at the time that she wants her constituents 'armed and dangerous on the issue of climate change.' these latest comments from miss bachmann were made during a conference call in which she spoke alongside jim demint of south carolina. he's famous in the health reform debate by saying he hopes health reform is president obama's waterloo."
https://archive.org/details/MSNBC_20090820_030000_The_Rachel_Maddow_Show#start/94/end/129,8/20/2009 3:01:49,MSNBC,The Rachel Maddow Show,MSNBC_20090820_030000_The_Rachel_Maddow_Show,https://archive.org/download/MSNBC_20090820_030000_The_Rachel_Maddow_Show/MSNBC_20090820_030000_The_Rachel_Maddow_Show.thumbs/MSNBC_20090820_030000_The_Rachel_Maddow_Show_000085.jpg,"oil companies that are members of the american petroleum institute who are represented by the american petroleum institute in washington claim to be in favor of the climate change legislation. these companies claim to be in favor of the legislation that this rally in houston and many others like it are being held to oppose. the companies are in favor of the legislation but belong to an"
https://archive.org/details/MSNBC_20090831_230000_Hardball_With_Chris_Matthews#start/2259/end/2294,8/31/2009 23:37:54,MSNBC,Hardball With Chris Matthews,MSNBC_20090831_230000_Hardball_With_Chris_Matthews,https://archive.org/download/MSNBC_20090831_230000_Hardball_With_Chris_Matthews/MSNBC_20090831_230000_Hardball_With_Chris_Matthews.thumbs/MSNBC_20090831_230000_Hardball_With_Chris_Matthews_002246.jpg,"that he might not be fighting hard enough on key fronts. you mentioned health care, but there is also afghanistan and climate change, bush investigations, don't ask, don't tell. and a lot of these issues -- areas, he has made some progress. but people are still wondering if he hasn't really gone to the mat for what he said he believed in during the campaign. that's really the issue here."
https://archive.org/details/MSNBC_20090803_230000_Hardball_With_Chris_Matthews#start/1317/end/1352,8/3/2009 23:22:12,MSNBC,Hardball With Chris Matthews,MSNBC_20090803_230000_Hardball_With_Chris_Matthews,https://archive.org/download/MSNBC_20090803_230000_Hardball_With_Chris_Matthews/MSNBC_20090803_230000_Hardball_With_Chris_Matthews.thumbs/MSNBC_20090803_230000_Hardball_With_Chris_Matthews_001316.jpg,"leadership of it is nuts on talk radio and partly because they have no answers to the problems that really exist whether it's climate change, whether it's a health care system that doesn't work for most of the americans anymore, or whether it's -- george voinovich, who is still a senator, he's a lame duck from ohio, he's been governor, he said we have too many jim demints and tom coburns in the party, the southerners. people hear them and say these people they're southerners."
