﻿URL,MatchDateTime,Station,Show,IAShowID,IAPreviewThumb,Snippet
https://archive.org/details/MSNBCW_20130925_070000_All_In_With_Chris_Hayes#start/2721/end/2756,9/25/2013 7:45:36,MSNBC,All In With Chris Hayes,MSNBCW_20130925_070000_All_In_With_Chris_Hayes,https://archive.org/download/MSNBCW_20130925_070000_All_In_With_Chris_Hayes/MSNBCW_20130925_070000_All_In_With_Chris_Hayes.thumbs/MSNBCW_20130925_070000_All_In_With_Chris_Hayes_002715.jpg,"climate is to me outrageous. do you believe global warming, man made global warming is real? i believe we don't know. we don't know what's causing climate change. there is no such thing as global warming."
https://archive.org/details/MSNBCW_20130925_030000_All_In_With_Chris_Hayes#start/2760/end/2795,9/25/2013 3:46:15,MSNBC,All In With Chris Hayes,MSNBCW_20130925_030000_All_In_With_Chris_Hayes,https://archive.org/download/MSNBCW_20130925_030000_All_In_With_Chris_Hayes/MSNBCW_20130925_030000_All_In_With_Chris_Hayes.thumbs/MSNBCW_20130925_030000_All_In_With_Chris_Hayes_002745.jpg,"a fox news global warming alert. it's still cold. it's still really cold. and it's the most severe winter storm in years, which would seem to contradict al gore's hysterical global warming"
https://archive.org/details/MSNBCW_20130925_030000_All_In_With_Chris_Hayes#start/2728/end/2763,9/25/2013 3:45:43,MSNBC,All In With Chris Hayes,MSNBCW_20130925_030000_All_In_With_Chris_Hayes,https://archive.org/download/MSNBCW_20130925_030000_All_In_With_Chris_Hayes/MSNBCW_20130925_030000_All_In_With_Chris_Hayes.thumbs/MSNBCW_20130925_030000_All_In_With_Chris_Hayes_002715.jpg,"there and this is the arrogance of people who think that we human beings would be able to change what he is doing in the climate is to me outrageous. do you believe global warming, man made global warming is real?"
https://archive.org/details/MSNBCW_20130925_070000_All_In_With_Chris_Hayes#start/2737/end/2772,9/25/2013 7:45:52,MSNBC,All In With Chris Hayes,MSNBCW_20130925_070000_All_In_With_Chris_Hayes,https://archive.org/download/MSNBCW_20130925_070000_All_In_With_Chris_Hayes/MSNBCW_20130925_070000_All_In_With_Chris_Hayes.thumbs/MSNBCW_20130925_070000_All_In_With_Chris_Hayes_002715.jpg,"the science is not settled on this. when in doubt, call for backup. a fox news global warming alert. it's still cold. it's still really cold. and it's the most severe winter storm in years, which would seem to contradict al gore's hysterical global warming theories."
https://archive.org/details/MSNBCW_20130925_000000_All_In_With_Chris_Hayes#start/2726/end/2761,9/25/2013 0:45:41,MSNBC,All In With Chris Hayes,MSNBCW_20130925_000000_All_In_With_Chris_Hayes,https://archive.org/download/MSNBCW_20130925_000000_All_In_With_Chris_Hayes/MSNBCW_20130925_000000_All_In_With_Chris_Hayes.thumbs/MSNBCW_20130925_000000_All_In_With_Chris_Hayes_002715.jpg,"climate is to me outrageous. do you believe global warming, man made global warming is real? i believe we don't know. we don't know what's causing climate change. there is no such thing as global warming. the science is not settled on"
https://archive.org/details/MSNBCW_20130927_170000_Andrea_Mitchell_Reports#start/1051/end/1086,9/27/2013 17:17:46,MSNBC,Andrea Mitchell Reports,MSNBCW_20130927_170000_Andrea_Mitchell_Reports,https://archive.org/download/MSNBCW_20130927_170000_Andrea_Mitchell_Reports/MSNBCW_20130927_170000_Andrea_Mitchell_Reports.thumbs/MSNBCW_20130927_170000_Andrea_Mitchell_Reports_001035.jpg,"of them now admit the world is warming. the the science is there. that's hard to deny. the bigger question is what to do about it. that's where the argument comes. what this report lays out very clearly is we have to reduce our greenhouse gas emissions."
https://archive.org/details/MSNBCW_20130927_160000_NOW_With_Alex_Wagner#start/2382/end/2417,9/27/2013 16:39:57,MSNBC,NOW With Alex Wagner,MSNBCW_20130927_160000_NOW_With_Alex_Wagner,https://archive.org/download/MSNBCW_20130927_160000_NOW_With_Alex_Wagner/MSNBCW_20130927_160000_NOW_With_Alex_Wagner.thumbs/MSNBCW_20130927_160000_NOW_With_Alex_Wagner_002356.jpg,"yet, the opposition to the notion that human beings are at the root of climate change is strident. you yourself have written this. no misrepresentation or smear is to egregious for professional climate change deniers."
https://archive.org/details/MSNBCW_20130926_010000_The_Rachel_Maddow_Show#start/2472/end/2507,9/26/2013 1:41:27,MSNBC,The Rachel Maddow Show,MSNBCW_20130926_010000_The_Rachel_Maddow_Show,https://archive.org/download/MSNBCW_20130926_010000_The_Rachel_Maddow_Show/MSNBCW_20130926_010000_The_Rachel_Maddow_Show.thumbs/MSNBCW_20130926_010000_The_Rachel_Maddow_Show_002445.jpg,"president's climb plan to address climate change, which is really our most pressing public health threat. power plants put out about 30 or 40% of the greenhouse gases that we have right now. obviously, those are from existing plants."
https://archive.org/details/MSNBCW_20130925_070000_All_In_With_Chris_Hayes#start/2690/end/2725,9/25/2013 7:45:05,MSNBC,All In With Chris Hayes,MSNBCW_20130925_070000_All_In_With_Chris_Hayes,https://archive.org/download/MSNBCW_20130925_070000_All_In_With_Chris_Hayes/MSNBCW_20130925_070000_All_In_With_Chris_Hayes.thumbs/MSNBCW_20130925_070000_All_In_With_Chris_Hayes_002685.jpg,"that global warming is the issue of the day. there seems to be no conclusive scientific data that proves that global warming theory. it's a theory. the idea of human induced global climate change is one of"
https://archive.org/details/MSNBCW_20130925_030000_All_In_With_Chris_Hayes#start/3434/end/3469,9/25/2013 3:57:29,MSNBC,All In With Chris Hayes,MSNBCW_20130925_030000_All_In_With_Chris_Hayes,https://archive.org/download/MSNBCW_20130925_030000_All_In_With_Chris_Hayes/MSNBCW_20130925_030000_All_In_With_Chris_Hayes.thumbs/MSNBCW_20130925_030000_All_In_With_Chris_Hayes_003435.jpg,"united states that climate change is a reality and something needs to be done about it. you have epa now moving forward with greenhouse gas rules, and, in fact, more than 40% of our greenhouse gas comes from coal-burning fired power power plants. moving ahead between now and 2014, you're going to have epa"
https://archive.org/details/MSNBCW_20130926_080000_The_Rachel_Maddow_Show#start/2692/end/2727,9/26/2013 8:45:07,MSNBC,The Rachel Maddow Show,MSNBCW_20130926_080000_The_Rachel_Maddow_Show,https://archive.org/download/MSNBCW_20130926_080000_The_Rachel_Maddow_Show/MSNBCW_20130926_080000_The_Rachel_Maddow_Show.thumbs/MSNBCW_20130926_080000_The_Rachel_Maddow_Show_002685.jpg,"worked with the republicans in congress, and before, there were a bunch of people sitting in the audience wearing the foil hats, to symbolize the climate change"
https://archive.org/details/MSNBCW_20130925_070000_All_In_With_Chris_Hayes#start/3409/end/3444,9/25/2013 7:57:04,MSNBC,All In With Chris Hayes,MSNBCW_20130925_070000_All_In_With_Chris_Hayes,https://archive.org/download/MSNBCW_20130925_070000_All_In_With_Chris_Hayes/MSNBCW_20130925_070000_All_In_With_Chris_Hayes.thumbs/MSNBCW_20130925_070000_All_In_With_Chris_Hayes_003405.jpg,"of congress trying to move forward with this issue. you have an agreement of the united states that climate change is a reality and something needs to be done about it. you have epa now moving forward with greenhouse gas rules, and, in fact, more than 40% of our greenhouse gas comes from coal-burning fired power power"
https://archive.org/details/MSNBCW_20130904_100000_Morning_Joe#start/10636/end/10671,9/4/2013 12:57:31,MSNBC,Morning Joe,MSNBCW_20130904_100000_Morning_Joe,https://archive.org/download/MSNBCW_20130904_100000_Morning_Joe/MSNBCW_20130904_100000_Morning_Joe.thumbs/MSNBCW_20130904_100000_Morning_Joe_010636.jpg,"the president is of course using this 24-hour visit to the swedish capital to not only talk about syria but also to show a softer side of u.s. diplomacy. and he's focusing on climate change, technology, trade."
https://archive.org/details/MSNBCW_20130927_160000_NOW_With_Alex_Wagner#start/2003/end/2038,9/27/2013 16:33:38,MSNBC,NOW With Alex Wagner,MSNBCW_20130927_160000_NOW_With_Alex_Wagner,https://archive.org/download/MSNBCW_20130927_160000_NOW_With_Alex_Wagner/MSNBCW_20130927_160000_NOW_With_Alex_Wagner.thumbs/MSNBCW_20130927_160000_NOW_With_Alex_Wagner_001996.jpg,"congress. thanks so much for your time. we'll watch excitedly saturday night. you know you'll watch. after the break a critical new report finds, wait for it, humans are overwhelmingly responsible for climate change. go figure."
https://archive.org/details/MSNBCW_20130925_000000_All_In_With_Chris_Hayes#start/2694/end/2729,9/25/2013 0:45:09,MSNBC,All In With Chris Hayes,MSNBCW_20130925_000000_All_In_With_Chris_Hayes,https://archive.org/download/MSNBCW_20130925_000000_All_In_With_Chris_Hayes/MSNBCW_20130925_000000_All_In_With_Chris_Hayes.thumbs/MSNBCW_20130925_000000_All_In_With_Chris_Hayes_002685.jpg,"of the day. there seems to be no conclusive scientific data that proves that global warming theory. it's a theory. the idea of human induced global climate change is one of"
https://archive.org/details/MSNBCW_20130925_030000_All_In_With_Chris_Hayes#start/2744/end/2779,9/25/2013 3:45:59,MSNBC,All In With Chris Hayes,MSNBCW_20130925_030000_All_In_With_Chris_Hayes,https://archive.org/download/MSNBCW_20130925_030000_All_In_With_Chris_Hayes/MSNBCW_20130925_030000_All_In_With_Chris_Hayes.thumbs/MSNBCW_20130925_030000_All_In_With_Chris_Hayes_002745.jpg,"i believe we don't know. we don't know what's causing climate change. there is no such thing as global warming. the science is not settled on this. when in doubt, call for backup."
https://archive.org/details/MSNBCW_20130926_040000_The_Rachel_Maddow_Show#start/2703/end/2738,9/26/2013 4:45:18,MSNBC,The Rachel Maddow Show,MSNBCW_20130926_040000_The_Rachel_Maddow_Show,https://archive.org/download/MSNBCW_20130926_040000_The_Rachel_Maddow_Show/MSNBCW_20130926_040000_The_Rachel_Maddow_Show.thumbs/MSNBCW_20130926_040000_The_Rachel_Maddow_Show_002685.jpg,"you have a reputation as a pragmatic person, you have worked with the republicans in congress, and before, there were a bunch of people sitting in the audience wearing the foil hats, to symbolize the climate change element, to put forth many conservatives think that climate"
https://archive.org/details/MSNBCW_20130925_030000_All_In_With_Chris_Hayes#start/2697/end/2732,9/25/2013 3:45:12,MSNBC,All In With Chris Hayes,MSNBCW_20130925_030000_All_In_With_Chris_Hayes,https://archive.org/download/MSNBCW_20130925_030000_All_In_With_Chris_Hayes/MSNBCW_20130925_030000_All_In_With_Chris_Hayes.thumbs/MSNBCW_20130925_030000_All_In_With_Chris_Hayes_002685.jpg,"climate change. you're probably familiar with the old conservative approach. deny, deny, deny. i don't think that it has been established yet as a fact that global warming is the issue of the day. there seems to be no"
https://archive.org/details/MSNBCW_20130925_030000_All_In_With_Chris_Hayes#start/2713/end/2748,9/25/2013 3:45:28,MSNBC,All In With Chris Hayes,MSNBCW_20130925_030000_All_In_With_Chris_Hayes,https://archive.org/download/MSNBCW_20130925_030000_All_In_With_Chris_Hayes/MSNBCW_20130925_030000_All_In_With_Chris_Hayes.thumbs/MSNBCW_20130925_030000_All_In_With_Chris_Hayes_002685.jpg,"conclusive scientific data that proves that global warming theory. it's a theory. the idea of human induced global climate change is one of the greatest hoaxes perpetrated out of the scientific community. my point is god is still up"
https://archive.org/details/MSNBCW_20130925_030000_All_In_With_Chris_Hayes#start/2950/end/2985,9/25/2013 3:49:25,MSNBC,All In With Chris Hayes,MSNBCW_20130925_030000_All_In_With_Chris_Hayes,https://archive.org/download/MSNBCW_20130925_030000_All_In_With_Chris_Hayes/MSNBCW_20130925_030000_All_In_With_Chris_Hayes.thumbs/MSNBCW_20130925_030000_All_In_With_Chris_Hayes_002925.jpg,"joining me from washington. mr. salazar, i'd like to ask you first in the most blunt terms possible, is it the case that the u.s.' inaction legislatively on this is the single biggest obstacle to a global solution on climate? well, first, i would say, chris, that climate change is"
https://archive.org/details/MSNBCW_20130925_000000_All_In_With_Chris_Hayes#start/2681/end/2716,9/25/2013 0:44:56,MSNBC,All In With Chris Hayes,MSNBCW_20130925_000000_All_In_With_Chris_Hayes,https://archive.org/download/MSNBCW_20130925_000000_All_In_With_Chris_Hayes/MSNBCW_20130925_000000_All_In_With_Chris_Hayes.thumbs/MSNBCW_20130925_000000_All_In_With_Chris_Hayes_002655.jpg,"efforts seem to be actually paying off is on the issue of climate change. you're probably familiar with the old conservative approach. deny, deny, deny. i don't think that it has been established yet as a fact that global warming is the issue"
https://archive.org/details/MSNBCW_20130925_030000_All_In_With_Chris_Hayes#start/1785/end/1820,9/25/2013 3:30:00,MSNBC,All In With Chris Hayes,MSNBCW_20130925_030000_All_In_With_Chris_Hayes,https://archive.org/download/MSNBCW_20130925_030000_All_In_With_Chris_Hayes/MSNBCW_20130925_030000_All_In_With_Chris_Hayes.thumbs/MSNBCW_20130925_030000_All_In_With_Chris_Hayes_001695.jpg,"who told you to take a break? [ male announcer ] want to win your own football fantasy? just tell us. then use your visa card for a chance to win it. i'll tell you what desperate attempt senator marco rubio has made to get back to the tea party's good graces. the new tactic in climate change"
https://archive.org/details/MSNBCW_20130927_150000_MSNBC_Live#start/523/end/558,9/27/2013 15:08:58,MSNBC,MSNBC Live,MSNBCW_20130927_150000_MSNBC_Live,https://archive.org/download/MSNBCW_20130927_150000_MSNBC_Live/MSNBCW_20130927_150000_MSNBC_Live.thumbs/MSNBCW_20130927_150000_MSNBC_Live_000525.jpg,"climate change to date and points the finger at us. the report by the u.n. intergovernmental panel on climate calls global warming, quote, unequivocal and says that it is extremely likely that human influence has been the dominant cause of the observed warming since the mid-20th"
https://archive.org/details/MSNBCW_20130925_000000_All_In_With_Chris_Hayes#start/3408/end/3443,9/25/2013 0:57:03,MSNBC,All In With Chris Hayes,MSNBCW_20130925_000000_All_In_With_Chris_Hayes,https://archive.org/download/MSNBCW_20130925_000000_All_In_With_Chris_Hayes/MSNBCW_20130925_000000_All_In_With_Chris_Hayes.thumbs/MSNBCW_20130925_000000_All_In_With_Chris_Hayes_003405.jpg,"about this. what you've had here, you've had the president and some members of congress trying to move forward with this issue. you have an agreement of the united states that climate change is a reality and something needs to be done about it. you have epa now moving forward with greenhouse gas rules, and, in fact, more than 40% of our"
https://archive.org/details/MSNBCW_20130926_220000_PoliticsNation#start/1233/end/1268,9/26/2013 22:20:48,MSNBC,PoliticsNation,MSNBCW_20130926_220000_PoliticsNation,https://archive.org/download/MSNBCW_20130926_220000_PoliticsNation/MSNBCW_20130926_220000_PoliticsNation.thumbs/MSNBCW_20130926_220000_PoliticsNation_001215.jpg,"keystone pipeline, paul ryan's tax plan, more offshore drilling, more greenhouse gases. i mean, many folks have pointed out that this is essentially mitt romney's economic plan."
https://archive.org/details/MSNBCW_20130926_040000_The_Rachel_Maddow_Show#start/2473/end/2508,9/26/2013 4:41:28,MSNBC,The Rachel Maddow Show,MSNBCW_20130926_040000_The_Rachel_Maddow_Show,https://archive.org/download/MSNBCW_20130926_040000_The_Rachel_Maddow_Show/MSNBCW_20130926_040000_The_Rachel_Maddow_Show.thumbs/MSNBCW_20130926_040000_The_Rachel_Maddow_Show_002445.jpg,"power plants put out about 30 or 40% of the greenhouse gases that we have right now. obviously, those are from existing plants. and those are regulations we have to wait for, do we have to"
https://archive.org/details/MSNBCW_20130925_000000_All_In_With_Chris_Hayes#start/3560/end/3595,9/25/2013 0:59:35,MSNBC,All In With Chris Hayes,MSNBCW_20130925_000000_All_In_With_Chris_Hayes,https://archive.org/download/MSNBCW_20130925_000000_All_In_With_Chris_Hayes/MSNBCW_20130925_000000_All_In_With_Chris_Hayes.thumbs/MSNBCW_20130925_000000_All_In_With_Chris_Hayes_003555.jpg,"and china that signed off on a big contributor to greenhouse gases and that's a kind of movement that has to take place, because what's happening here is polarization essentially is keeping a solution from being found. absolutely."
https://archive.org/details/MSNBCW_20130920_100000_Morning_Joe#start/741/end/776,9/20/2013 10:12:36,MSNBC,Morning Joe,MSNBCW_20130920_100000_Morning_Joe,https://archive.org/download/MSNBCW_20130920_100000_Morning_Joe/MSNBCW_20130920_100000_Morning_Joe.thumbs/MSNBCW_20130920_100000_Morning_Joe_000735.jpg,"murders has gone from 2200 in the early '90s to 420. because of stop-and-frisk. we had global warming during that period. you can blame it on global warming. these two things happen at the"
https://archive.org/details/MSNBCW_20130927_150000_MSNBC_Live#start/601/end/636,9/27/2013 15:10:16,MSNBC,MSNBC Live,MSNBCW_20130927_150000_MSNBC_Live,https://archive.org/download/MSNBCW_20130927_150000_MSNBC_Live/MSNBCW_20130927_150000_MSNBC_Live.thumbs/MSNBCW_20130927_150000_MSNBC_Live_000585.jpg,"anywhere from 10 to 32 inches by the end of this century. we are seeing greater concentrations of greenhouse gases in the atmosphere. we're now up to 400 parts per million. they also say that we can expect more heat waves."
https://archive.org/details/MSNBCW_20130926_080000_The_Rachel_Maddow_Show#start/2458/end/2493,9/26/2013 8:41:13,MSNBC,The Rachel Maddow Show,MSNBCW_20130926_080000_The_Rachel_Maddow_Show,https://archive.org/download/MSNBCW_20130926_080000_The_Rachel_Maddow_Show/MSNBCW_20130926_080000_The_Rachel_Maddow_Show.thumbs/MSNBCW_20130926_080000_The_Rachel_Maddow_Show_002445.jpg,"power plants put out about 30 or 40% of the greenhouse gases that we have right now. obviously, those are from existing plants. and those are regulations we have to wait for, do we have to wait another year because those are harder to figure out"
https://archive.org/details/MSNBCW_20130925_000000_All_In_With_Chris_Hayes#start/2743/end/2778,9/25/2013 0:45:58,MSNBC,All In With Chris Hayes,MSNBCW_20130925_000000_All_In_With_Chris_Hayes,https://archive.org/download/MSNBCW_20130925_000000_All_In_With_Chris_Hayes/MSNBCW_20130925_000000_All_In_With_Chris_Hayes.thumbs/MSNBCW_20130925_000000_All_In_With_Chris_Hayes_002715.jpg,"this. when in doubt, call for backup. a fox news global warming alert. it's still cold. it's still really cold. and it's the most severe winter storm in years, which would seem to contradict al gore's hysterical global warming theories. but then the 2012 election"
https://archive.org/details/MSNBCW_20130926_010000_The_Rachel_Maddow_Show#start/3507/end/3542,9/26/2013 1:58:42,MSNBC,The Rachel Maddow Show,MSNBCW_20130926_010000_The_Rachel_Maddow_Show,https://archive.org/download/MSNBCW_20130926_010000_The_Rachel_Maddow_Show/MSNBCW_20130926_010000_The_Rachel_Maddow_Show.thumbs/MSNBCW_20130926_010000_The_Rachel_Maddow_Show_003495.jpg,"oregon who truly believed in the many health benefits of exposure to raidy dioactivity. so much so we should sprinkle in our vegetable patches and schooling yards for our health, the guy that believes global"
https://archive.org/details/MSNBCW_20130919_050000_The_Last_Word#start/3448/end/3483,9/19/2013 5:57:43,MSNBC,The Last Word,MSNBCW_20130919_050000_The_Last_Word,https://archive.org/download/MSNBCW_20130919_050000_The_Last_Word/MSNBCW_20130919_050000_The_Last_Word.thumbs/MSNBCW_20130919_050000_The_Last_Word_003435.jpg,"investment, fossil fuel investment on a flood plane in the era of climate change. now months after the government accountability office said that individuals in the government need to be looking at climate change and are not looking at climate change when making permit decisions."
https://archive.org/details/MSNBCW_20130906_130000_The_Daily_Rundown#start/3431/end/3466,9/6/2013 13:57:26,MSNBC,The Daily Rundown,MSNBCW_20130906_130000_The_Daily_Rundown,https://archive.org/download/MSNBCW_20130906_130000_The_Daily_Rundown/MSNBCW_20130906_130000_The_Daily_Rundown.thumbs/MSNBCW_20130906_130000_The_Daily_Rundown_003406.jpg,"we are moving ahead with our development agenda, with the focus on issues like food security and combating corruption and i'm very pleased that the g-20 nations agreed to make faster progress on phasing down certain greenhouse gases a priority. that is an important step in our"
https://archive.org/details/MSNBCW_20130925_030000_All_In_With_Chris_Hayes#start/3572/end/3607,9/25/2013 3:59:47,MSNBC,All In With Chris Hayes,MSNBCW_20130925_030000_All_In_With_Chris_Hayes,https://archive.org/download/MSNBCW_20130925_030000_All_In_With_Chris_Hayes/MSNBCW_20130925_030000_All_In_With_Chris_Hayes.thumbs/MSNBCW_20130925_030000_All_In_With_Chris_Hayes_003555.jpg,"part of the problem here is the polarization of the debate is keeping any common sense solution from moving forward. it was just the united states and china that signed off on a big contributor to greenhouse gases and that's a kind of movement that has to take place, because what's happening here is"
https://archive.org/details/MSNBCW_20130909_130000_The_Daily_Rundown#start/2742/end/2777,9/9/2013 13:45:57,MSNBC,The Daily Rundown,MSNBCW_20130909_130000_The_Daily_Rundown,https://archive.org/download/MSNBCW_20130909_130000_The_Daily_Rundown/MSNBCW_20130909_130000_The_Daily_Rundown.thumbs/MSNBCW_20130909_130000_The_Daily_Rundown_002716.jpg,"history. the field of only female candidates. 11democrats. that is all changing with two weeks to go. candidates who can afford them, the topics range from climate"
https://archive.org/details/MSNBCW_20130927_160000_NOW_With_Alex_Wagner#start/2461/end/2496,9/27/2013 16:41:16,MSNBC,NOW With Alex Wagner,MSNBCW_20130927_160000_NOW_With_Alex_Wagner,https://archive.org/download/MSNBCW_20130927_160000_NOW_With_Alex_Wagner/MSNBCW_20130927_160000_NOW_With_Alex_Wagner.thumbs/MSNBCW_20130927_160000_NOW_With_Alex_Wagner_002446.jpg,"reality of human caused climate change. the threat that climate change represents. instead, as you allude to, very unfortunately corporate interests front groupings tied to the fossil fuel industry,"
https://archive.org/details/MSNBCW_20130926_010000_The_Rachel_Maddow_Show#start/2724/end/2759,9/26/2013 1:45:39,MSNBC,The Rachel Maddow Show,MSNBCW_20130926_010000_The_Rachel_Maddow_Show,https://archive.org/download/MSNBCW_20130926_010000_The_Rachel_Maddow_Show/MSNBCW_20130926_010000_The_Rachel_Maddow_Show.thumbs/MSNBCW_20130926_010000_The_Rachel_Maddow_Show_002715.jpg,"to symbolize the climate change element, to put forth many conservatives think that climate change is not happening. how do they get over it? is the debate getting any less"
https://archive.org/details/MSNBCW_20130925_070000_All_In_With_Chris_Hayes#start/3578/end/3613,9/25/2013 7:59:53,MSNBC,All In With Chris Hayes,MSNBCW_20130925_070000_All_In_With_Chris_Hayes,https://archive.org/download/MSNBCW_20130925_070000_All_In_With_Chris_Hayes/MSNBCW_20130925_070000_All_In_With_Chris_Hayes.thumbs/MSNBCW_20130925_070000_All_In_With_Chris_Hayes_003555.jpg,"last few months. especially since the second term of president obama. it's actually very, very good news. kumi from green peace international. christina fegarus from the u.n. framework convention on climate"
https://archive.org/details/MSNBCW_20130920_090000_First_Look#start/797/end/832,9/20/2013 9:13:32,MSNBC,First Look,MSNBCW_20130920_090000_First_Look,https://archive.org/download/MSNBCW_20130920_090000_First_Look/MSNBCW_20130920_090000_First_Look.thumbs/MSNBCW_20130920_090000_First_Look_000796.jpg,"for new power plants that would place limits on greenhouse gas emissions. they want energy industry to achieve new new technology. they argue it it will inkrecrea"
https://archive.org/details/MSNBCW_20130904_100000_Morning_Joe#start/10606/end/10641,9/4/2013 12:57:01,MSNBC,Morning Joe,MSNBCW_20130904_100000_Morning_Joe,https://archive.org/download/MSNBCW_20130904_100000_Morning_Joe/MSNBCW_20130904_100000_Morning_Joe.thumbs/MSNBCW_20130904_100000_Morning_Joe_010606.jpg,"and combats climate change effectively. sweden is be an extraordinary leader when it comes to tackling climate change and increasing energy efficiency and developing -- we're listening right now to president obama. live press conference from"
https://archive.org/details/MSNBCW_20130927_160000_NOW_With_Alex_Wagner#start/2490/end/2525,9/27/2013 16:41:45,MSNBC,NOW With Alex Wagner,MSNBCW_20130927_160000_NOW_With_Alex_Wagner,https://archive.org/download/MSNBCW_20130927_160000_NOW_With_Alex_Wagner/MSNBCW_20130927_160000_NOW_With_Alex_Wagner.thumbs/MSNBCW_20130927_160000_NOW_With_Alex_Wagner_002476.jpg,"by climate change deniers. the chair of the house science committee is a climate change denyer. what that leaves is the opportunity or executive actions we've seen by the president recently. more stringent rules of epa,"
https://archive.org/details/MSNBCW_20130925_070000_All_In_With_Chris_Hayes#start/3548/end/3583,9/25/2013 7:59:23,MSNBC,All In With Chris Hayes,MSNBCW_20130925_070000_All_In_With_Chris_Hayes,https://archive.org/download/MSNBCW_20130925_070000_All_In_With_Chris_Hayes/MSNBCW_20130925_070000_All_In_With_Chris_Hayes.thumbs/MSNBCW_20130925_070000_All_In_With_Chris_Hayes_003525.jpg,"let me just finish. more coal fired plants than anybody else. true. but look at the progress that has been made. part of the problem here is the polarization of the debate is keeping any common sense solution from moving forward. it was just the united states and china that signed off on a big contributor to greenhouse gases and that's a kind of"
https://archive.org/details/MSNBCW_20130925_040000_The_Rachel_Maddow_Show#start/0/end/32,9/25/2013 4:00:12,MSNBC,The Rachel Maddow Show,MSNBCW_20130925_040000_The_Rachel_Maddow_Show,https://archive.org/download/MSNBCW_20130925_040000_The_Rachel_Maddow_Show/MSNBCW_20130925_040000_The_Rachel_Maddow_Show.thumbs/MSNBCW_20130925_040000_The_Rachel_Maddow_Show_000016.jpg,"united states and china in the last few months. especially since the second term of president obama. it's actually very, very good news. kumi from green peace international. christina fegarus from the u.n. framework convention on climate"
https://archive.org/details/MSNBCW_20130919_020000_The_Last_Word#start/3448/end/3483,9/19/2013 2:57:43,MSNBC,The Last Word,MSNBCW_20130919_020000_The_Last_Word,https://archive.org/download/MSNBCW_20130919_020000_The_Last_Word/MSNBCW_20130919_020000_The_Last_Word.thumbs/MSNBCW_20130919_020000_The_Last_Word_003435.jpg,"accountability office said that individuals in the government need to be looking at climate change and are not looking at climate change when making permit decisions. months after that happened. guess what president? we have a climate-enhanced"
https://archive.org/details/MSNBCW_20130925_070000_All_In_With_Chris_Hayes#start/2752/end/2787,9/25/2013 7:46:07,MSNBC,All In With Chris Hayes,MSNBCW_20130925_070000_All_In_With_Chris_Hayes,https://archive.org/download/MSNBCW_20130925_070000_All_In_With_Chris_Hayes/MSNBCW_20130925_070000_All_In_With_Chris_Hayes.thumbs/MSNBCW_20130925_070000_All_In_With_Chris_Hayes_002745.jpg,"but then the 2012 election happened and younger voters sided with the president. on the issue of climate change, there was a particular rift between the republican party and the under 30 set. it didn't help the gop's climate change poster boy --  _"
https://archive.org/details/MSNBCW_20130925_060000_Hardball_With_Chris_Matthews#start/3642/end/3677,9/25/2013 7:00:57,MSNBC,Hardball With Chris Matthews,MSNBCW_20130925_060000_Hardball_With_Chris_Matthews,https://archive.org/download/MSNBCW_20130925_060000_Hardball_With_Chris_Matthews/MSNBCW_20130925_060000_Hardball_With_Chris_Matthews.thumbs/MSNBCW_20130925_060000_Hardball_With_Chris_Matthews_003645.jpg,"pathetic tale of desperation. and climate change annihilation 2.0. the one part of a conservative rebranding effort that's been sneakally effective."
https://archive.org/details/MSNBCW_20130925_000000_All_In_With_Chris_Hayes#start/2758/end/2793,9/25/2013 0:46:13,MSNBC,All In With Chris Hayes,MSNBCW_20130925_000000_All_In_With_Chris_Hayes,https://archive.org/download/MSNBCW_20130925_000000_All_In_With_Chris_Hayes/MSNBCW_20130925_000000_All_In_With_Chris_Hayes.thumbs/MSNBCW_20130925_000000_All_In_With_Chris_Hayes_002745.jpg,"happened and younger voters sided with the president. on the issue of climate change, there was a particular rift between the republican party and the under 30 set. it didn't help the gop's climate change poster boy -- it's all about money. sounded an awful lot like"
https://archive.org/details/MSNBCW_20130929_160000_Weekends_With_Alex_Witt#start/3325/end/3360,9/29/2013 16:55:40,MSNBC,Weekends With Alex Witt,MSNBCW_20130929_160000_Weekends_With_Alex_Witt,https://archive.org/download/MSNBCW_20130929_160000_Weekends_With_Alex_Witt/MSNBCW_20130929_160000_Weekends_With_Alex_Witt.thumbs/MSNBCW_20130929_160000_Weekends_With_Alex_Witt_003225.jpg,"watch over all drilling activity twenty-four-seven. and we're sharing what we've learned, so we can all produce energy more safely. our commitment has never been stronger. a new report to be released tomorrow delivers the toughest assessment to date on climate"
https://archive.org/details/MSNBCW_20130927_160000_NOW_With_Alex_Wagner#start/2320/end/2355,9/27/2013 16:38:55,MSNBC,NOW With Alex Wagner,MSNBCW_20130927_160000_NOW_With_Alex_Wagner,https://archive.org/download/MSNBCW_20130927_160000_NOW_With_Alex_Wagner/MSNBCW_20130927_160000_NOW_With_Alex_Wagner.thumbs/MSNBCW_20130927_160000_NOW_With_Alex_Wagner_002296.jpg,"of 'the hockey stick and the climate wars.' thanks. great to be with you. i want to start with you and ask if this report will that ma a difference in debate. a consensus believe humans are the primary cause of climate"
https://archive.org/details/MSNBCW_20130926_200000_Martin_Bashir#start/191/end/226,9/26/2013 20:03:26,MSNBC,Martin Bashir,MSNBCW_20130926_200000_Martin_Bashir,https://archive.org/download/MSNBCW_20130926_200000_Martin_Bashir/MSNBCW_20130926_200000_Martin_Bashir.thumbs/MSNBCW_20130926_200000_Martin_Bashir_000165.jpg,"ceiling. republican demands would include a delay to the nation's health care law, of course, but also the elimination of greenhouse gas regulations, good for asthmatics and the authorization of the keystone pipeline. an end to the social service"
https://archive.org/details/MSNBCW_20130925_000000_All_In_With_Chris_Hayes#start/3423/end/3458,9/25/2013 0:57:18,MSNBC,All In With Chris Hayes,MSNBCW_20130925_000000_All_In_With_Chris_Hayes,https://archive.org/download/MSNBCW_20130925_000000_All_In_With_Chris_Hayes/MSNBCW_20130925_000000_All_In_With_Chris_Hayes.thumbs/MSNBCW_20130925_000000_All_In_With_Chris_Hayes_003405.jpg,"greenhouse gas comes from coal-burning fired power power plants. moving ahead between now and 2014, you're going to have epa putting together a set of rules, but it's going to involve the states. and so these state implementation plans hopefully"
https://archive.org/details/MSNBCW_20130926_160000_NOW_With_Alex_Wagner#start/55/end/90,9/26/2013 16:01:10,MSNBC,NOW With Alex Wagner,MSNBCW_20130926_160000_NOW_With_Alex_Wagner,https://archive.org/download/MSNBCW_20130926_160000_NOW_With_Alex_Wagner/MSNBCW_20130926_160000_NOW_With_Alex_Wagner.thumbs/MSNBCW_20130926_160000_NOW_With_Alex_Wagner_000046.jpg,"ceiling. authorizing bills the payment already racked up, the president must agree to a delay in the nation's health care law, the elimination of greenhouse gas regulations, the authorization of the keystone pipeline and end to social service grants that provide daycare and provide"
https://archive.org/details/MSNBCW_20130926_040000_The_Rachel_Maddow_Show#start/2612/end/2647,9/26/2013 4:43:47,MSNBC,The Rachel Maddow Show,MSNBCW_20130926_040000_The_Rachel_Maddow_Show,https://archive.org/download/MSNBCW_20130926_040000_The_Rachel_Maddow_Show/MSNBCW_20130926_040000_The_Rachel_Maddow_Show.thumbs/MSNBCW_20130926_040000_The_Rachel_Maddow_Show_002595.jpg,"climate science and don't believe that global warming is real. they don't want to eliminate carbon emissions, and those places end up not just because economically poor but environmentally poor."
https://archive.org/details/MSNBCW_20130927_170000_Andrea_Mitchell_Reports#start/910/end/945,9/27/2013 17:15:25,MSNBC,Andrea Mitchell Reports,MSNBCW_20130927_170000_Andrea_Mitchell_Reports,https://archive.org/download/MSNBCW_20130927_170000_Andrea_Mitchell_Reports/MSNBCW_20130927_170000_Andrea_Mitchell_Reports.thumbs/MSNBCW_20130927_170000_Andrea_Mitchell_Reports_000885.jpg,"our role in global warming. informal affairs correspondent anne thompson joins me now. anne, 95% certain it's us. like pogo, the problem is us. exactly. it's extremely likely the world"
https://archive.org/details/MSNBCW_20130926_010000_The_Rachel_Maddow_Show#start/2743/end/2778,9/26/2013 1:45:58,MSNBC,The Rachel Maddow Show,MSNBCW_20130926_010000_The_Rachel_Maddow_Show,https://archive.org/download/MSNBCW_20130926_010000_The_Rachel_Maddow_Show/MSNBCW_20130926_010000_The_Rachel_Maddow_Show.thumbs/MSNBCW_20130926_010000_The_Rachel_Maddow_Show_002745.jpg,"deni denialist over time? and how do you see the issue resolving? i think it is, i think it changed dramatically, i think the president having the courage to stand up and do what he did in his speech is to talk about how the climate surface is certain. humans are causing the climate"
https://archive.org/details/MSNBCW_20130924_230000_Hardball_With_Chris_Matthews#start/3644/end/3679,9/25/2013 0:00:59,MSNBC,Hardball With Chris Matthews,MSNBCW_20130924_230000_Hardball_With_Chris_Matthews,https://archive.org/download/MSNBCW_20130924_230000_Hardball_With_Chris_Matthews/MSNBCW_20130924_230000_Hardball_With_Chris_Matthews.thumbs/MSNBCW_20130924_230000_Hardball_With_Chris_Matthews_003645.jpg,"the tea party's good graces decides to kneecap a judicial nominee for no good reason. we'll tell the entire, sad, pathetic tale of desperation. and climate change annihilation 2.0. the one part o"
https://archive.org/details/MSNBCW_20130927_100000_Morning_Joe#start/8276/end/8311,9/27/2013 12:18:11,MSNBC,Morning Joe,MSNBCW_20130927_100000_Morning_Joe,https://archive.org/download/MSNBCW_20130927_100000_Morning_Joe/MSNBCW_20130927_100000_Morning_Joe.thumbs/MSNBCW_20130927_100000_Morning_Joe_008265.jpg,"human dominant cause since the 1950s, they said 90%. they are more certain now that the global warming thing caused by us. they are saying it will increase by 2 to 4 degrees."
https://archive.org/details/MSNBCW_20130930_160000_NOW_With_Alex_Wagner#start/715/end/750,9/30/2013 16:12:10,MSNBC,NOW With Alex Wagner,MSNBCW_20130930_160000_NOW_With_Alex_Wagner,https://archive.org/download/MSNBCW_20130930_160000_NOW_With_Alex_Wagner/MSNBCW_20130930_160000_NOW_With_Alex_Wagner.thumbs/MSNBCW_20130930_160000_NOW_With_Alex_Wagner_000706.jpg,"to do with the budget. look at the list of demands when you move to the debt limit. talking about delay health care law, undo greenhouse gas, keystone pipeline, eliminate social service grants, eliminate dodd/frank financial reform. now this is basically things they couldn't win in an"
https://archive.org/details/MSNBCW_20130926_010000_The_Rachel_Maddow_Show#start/3460/end/3495,9/26/2013 1:57:55,MSNBC,The Rachel Maddow Show,MSNBCW_20130926_010000_The_Rachel_Maddow_Show,https://archive.org/download/MSNBCW_20130926_010000_The_Rachel_Maddow_Show/MSNBCW_20130926_010000_The_Rachel_Maddow_Show.thumbs/MSNBCW_20130926_010000_The_Rachel_Maddow_Show_003435.jpg,"congressman, peter defazio. are he said global warming was a plot to make people into slaves. we should sprinkle nuclear waste in the oceans and around the school yards. art robinson was hard to talk"
https://archive.org/details/MSNBCW_20130926_080000_The_Rachel_Maddow_Show#start/3494/end/3529,9/26/2013 8:58:29,MSNBC,The Rachel Maddow Show,MSNBCW_20130926_080000_The_Rachel_Maddow_Show,https://archive.org/download/MSNBCW_20130926_080000_The_Rachel_Maddow_Show/MSNBCW_20130926_080000_The_Rachel_Maddow_Show.thumbs/MSNBCW_20130926_080000_The_Rachel_Maddow_Show_003495.jpg,"our vegetable patches and schooling yards for our health, the guy that believes global warming is a conspiracy to enslave america and aids is a myth or government conspiracy too. art robinson was amazing."
https://archive.org/details/MSNBCW_20130926_010000_The_Rachel_Maddow_Show#start/2609/end/2644,9/26/2013 1:43:44,MSNBC,The Rachel Maddow Show,MSNBCW_20130926_010000_The_Rachel_Maddow_Show,https://archive.org/download/MSNBCW_20130926_010000_The_Rachel_Maddow_Show/MSNBCW_20130926_010000_The_Rachel_Maddow_Show.thumbs/MSNBCW_20130926_010000_The_Rachel_Maddow_Show_002595.jpg,"dirtier air, and have more asthma because they're allowed to -- they don't believe in climate science and don't believe that global warming is real. they don't want to eliminate carbon emissions, and those places end up not just because"
https://archive.org/details/MSNBCW_20130904_210000_The_Ed_Show#start/786/end/821,9/4/2013 21:13:21,MSNBC,The Ed Show,MSNBCW_20130904_210000_The_Ed_Show,https://archive.org/download/MSNBCW_20130904_210000_The_Ed_Show/MSNBCW_20130904_210000_The_Ed_Show.thumbs/MSNBCW_20130904_210000_The_Ed_Show_000766.jpg,"there are a number of them. number one, the congress as everybody knows is significantly dysfunctional today. and in the midst of a collapsing middle class, high unemployment, low wages, global warming and all of the other major problems,"
https://archive.org/details/MSNBCW_20130926_080000_The_Rachel_Maddow_Show#start/3434/end/3469,9/26/2013 8:57:29,MSNBC,The Rachel Maddow Show,MSNBCW_20130926_080000_The_Rachel_Maddow_Show,https://archive.org/download/MSNBCW_20130926_080000_The_Rachel_Maddow_Show/MSNBCW_20130926_080000_The_Rachel_Maddow_Show.thumbs/MSNBCW_20130926_080000_The_Rachel_Maddow_Show_003435.jpg,"art robinson was the republican who was running in oregon trying to unseat a 12-term democratic congressman, peter defazio. he said global warming was a plot to make people into slaves. we should sprinkle nuclear waste"
https://archive.org/details/MSNBCW_20130926_040000_The_Rachel_Maddow_Show#start/3458/end/3493,9/26/2013 4:57:53,MSNBC,The Rachel Maddow Show,MSNBCW_20130926_040000_The_Rachel_Maddow_Show,https://archive.org/download/MSNBCW_20130926_040000_The_Rachel_Maddow_Show/MSNBCW_20130926_040000_The_Rachel_Maddow_Show.thumbs/MSNBCW_20130926_040000_The_Rachel_Maddow_Show_003435.jpg,"to unseat a 12-term democratic congressman, peter defazio. he said global warming was a plot to make people into slaves. we should sprinkle nuclear waste in the oceans and around the school yards. art robinson was hard to talk"
https://archive.org/details/MSNBCW_20130928_160000_Weekends_With_Alex_Witt#start/2774/end/2809,9/28/2013 16:46:29,MSNBC,Weekends With Alex Witt,MSNBCW_20130928_160000_Weekends_With_Alex_Witt,https://archive.org/download/MSNBCW_20130928_160000_Weekends_With_Alex_Witt/MSNBCW_20130928_160000_Weekends_With_Alex_Witt.thumbs/MSNBCW_20130928_160000_Weekends_With_Alex_Witt_002775.jpg,"a united nations report said there is a 95% likelihood an humans are behind global warming. as afghanistan undergoes a tough period of reconstruction, a new documentary opening this weekend chronicles a facet of transformation. the film is called 'the"
https://archive.org/details/MSNBCW_20130918_100000_Morning_Joe#start/5071/end/5106,9/18/2013 11:24:46,MSNBC,Morning Joe,MSNBCW_20130918_100000_Morning_Joe,https://archive.org/download/MSNBCW_20130918_100000_Morning_Joe/MSNBCW_20130918_100000_Morning_Joe.thumbs/MSNBCW_20130918_100000_Morning_Joe_005055.jpg,"you got bernie sanders. you won one chamber. it's a chamber that passes the laws. we can't even run it. is it the notion the white house can't, everything, the weather, global warming. it's all because of the house. it's ridiculous."
https://archive.org/details/MSNBCW_20130909_150000_MSNBC_Live#start/414/end/449,9/9/2013 15:07:09,MSNBC,MSNBC Live,MSNBCW_20130909_150000_MSNBC_Live,https://archive.org/download/MSNBCW_20130909_150000_MSNBC_Live/MSNBCW_20130909_150000_MSNBC_Live.thumbs/MSNBCW_20130909_150000_MSNBC_Live_000405.jpg,"people care most about, and that is the collapsing middle class, high unemployment, growing wealth and income inequality, global warming. we have a huge menu of issues that we are not addressing. i think what the people of vermont, the people all over"
https://archive.org/details/MSNBCW_20130926_080000_The_Rachel_Maddow_Show#start/2584/end/2619,9/26/2013 8:43:19,MSNBC,The Rachel Maddow Show,MSNBCW_20130926_080000_The_Rachel_Maddow_Show,https://archive.org/download/MSNBCW_20130926_080000_The_Rachel_Maddow_Show/MSNBCW_20130926_080000_The_Rachel_Maddow_Show.thumbs/MSNBCW_20130926_080000_The_Rachel_Maddow_Show_002565.jpg,"are we looking at a future where to be blunt, states with more conservative politicians have dirtier air, and have more asthma because they're allowed to -- they don't believe in climate science and don't believe that global warming is real. they don't want to eliminate"
https://archive.org/details/MSNBCW_20130904_130000_The_Daily_Rundown#start/1191/end/1226,9/4/2013 13:20:06,MSNBC,The Daily Rundown,MSNBCW_20130904_130000_The_Daily_Rundown,https://archive.org/download/MSNBCW_20130904_130000_The_Daily_Rundown/MSNBCW_20130904_130000_The_Daily_Rundown.thumbs/MSNBCW_20130904_130000_The_Daily_Rundown_001186.jpg,"talk that you had today with prime minister reinfeldt move the world a step closer to resolving the climate crisis? i would refer you to the speech that i gave when i received the nobel prize."
https://archive.org/details/MSNBCW_20130926_040000_The_Rachel_Maddow_Show#start/3505/end/3540,9/26/2013 4:58:40,MSNBC,The Rachel Maddow Show,MSNBCW_20130926_040000_The_Rachel_Maddow_Show,https://archive.org/download/MSNBCW_20130926_040000_The_Rachel_Maddow_Show/MSNBCW_20130926_040000_The_Rachel_Maddow_Show.thumbs/MSNBCW_20130926_040000_The_Rachel_Maddow_Show_003495.jpg,"oregon who truly believed in the many health benefits of exposure to radioactivity. so much so we should sprinkle in our vegetable patches and schooling yards for our health, the guy that believes global warming is a conspiracy to enslave america and aids is a myth or government conspiracy"
https://archive.org/details/MSNBCW_20130927_170000_Andrea_Mitchell_Reports#start/956/end/991,9/27/2013 17:16:11,MSNBC,Andrea Mitchell Reports,MSNBCW_20130927_170000_Andrea_Mitchell_Reports,https://archive.org/download/MSNBCW_20130927_170000_Andrea_Mitchell_Reports/MSNBCW_20130927_170000_Andrea_Mitchell_Reports.thumbs/MSNBCW_20130927_170000_Andrea_Mitchell_Reports_000945.jpg,"to the severity of the storms we've been seeing some not just sandy but other storms do seem to be much more powerful. they are a little more squishy, if you will, on that. clearly when you have global warming and more moisture -- more heat goes into the air,"
https://archive.org/details/MSNBCW_20130927_170000_Andrea_Mitchell_Reports#start/1005/end/1040,9/27/2013 17:17:00,MSNBC,Andrea Mitchell Reports,MSNBCW_20130927_170000_Andrea_Mitchell_Reports,https://archive.org/download/MSNBCW_20130927_170000_Andrea_Mitchell_Reports/MSNBCW_20130927_170000_Andrea_Mitchell_Reports.thumbs/MSNBCW_20130927_170000_Andrea_Mitchell_Reports_001005.jpg,"during sandy. we had 12 inches of sea level rise in the new york area not all due to global warming. when sandy came to shore, because there was that much more water, the impact is far greater than it would have been and that's what we're looking at."
https://archive.org/details/MSNBCW_20130923_200000_Martin_Bashir#start/2718/end/2753,9/23/2013 20:45:33,MSNBC,Martin Bashir,MSNBCW_20130923_200000_Martin_Bashir,https://archive.org/download/MSNBCW_20130923_200000_Martin_Bashir/MSNBCW_20130923_200000_Martin_Bashir.thumbs/MSNBCW_20130923_200000_Martin_Bashir_002715.jpg,"yeah. so you have freedom to work for 3 bucks an hour, the freedom not to have any health insurance, the freedom not to deal with global warming. that's their definition of freedom. well, the thing is, sir, we keep being told that the food stamps program has to be"
https://archive.org/details/MSNBCW_20130927_140000_Jansing_and_Co.#start/2199/end/2234,9/27/2013 14:36:54,MSNBC,Jansing and Co.,MSNBCW_20130927_140000_Jansing_and_Co.,https://archive.org/download/MSNBCW_20130927_140000_Jansing_and_Co./MSNBCW_20130927_140000_Jansing_and_Co..thumbs/MSNBCW_20130927_140000_Jansing_and_Co._002175.jpg,"organization released these details in a report, including some of its strongest language to date about global warming. they also predict oceans will rise more than two and a half feet by the end of the century. incredible video out of boston. look at this, a doctor walks"
https://archive.org/details/MSNBCW_20130901_140000_Melissa_Harris-Perry#start/6913/end/6948,9/1/2013 15:55:28,MSNBC,Melissa Harris-Perry,MSNBCW_20130901_140000_Melissa_Harris-Perry,https://archive.org/download/MSNBCW_20130901_140000_Melissa_Harris-Perry/MSNBCW_20130901_140000_Melissa_Harris-Perry.thumbs/MSNBCW_20130901_140000_Melissa_Harris-Perry_006886.jpg,"ongoing march for justice, so too did the people of new orleans use the eighth anniversary of katrina to ask the question martin luther king posed in 1967. where do we go from here? chaos or community? where do we go as we confront global warming even as a"
https://archive.org/details/MSNBCW_20130926_040000_The_Rachel_Maddow_Show#start/2457/end/2492,9/26/2013 4:41:12,MSNBC,The Rachel Maddow Show,MSNBCW_20130926_040000_The_Rachel_Maddow_Show,https://archive.org/download/MSNBCW_20130926_040000_The_Rachel_Maddow_Show/MSNBCW_20130926_040000_The_Rachel_Maddow_Show.thumbs/MSNBCW_20130926_040000_The_Rachel_Maddow_Show_002445.jpg,"using new technologies, reducing carbon, hopefully, we're taking our first big step in the president's climb plan to address climate change, which is really our most pressing public health threat."
https://archive.org/details/MSNBCW_20130926_040000_The_Rachel_Maddow_Show#start/2566/end/2601,9/26/2013 4:43:01,MSNBC,The Rachel Maddow Show,MSNBCW_20130926_040000_The_Rachel_Maddow_Show,https://archive.org/download/MSNBCW_20130926_040000_The_Rachel_Maddow_Show/MSNBCW_20130926_040000_The_Rachel_Maddow_Show.thumbs/MSNBCW_20130926_040000_The_Rachel_Maddow_Show_002565.jpg,"you can do things that make sense economically. you can drive a clean energy agenda. and you can address climate change in a very serious common sense appropriate economically viable way."
https://archive.org/details/MSNBCW_20130929_160000_Weekends_With_Alex_Witt#start/3357/end/3392,9/29/2013 16:56:12,MSNBC,Weekends With Alex Witt,MSNBCW_20130929_160000_Weekends_With_Alex_Witt,https://archive.org/download/MSNBCW_20130929_160000_Weekends_With_Alex_Witt/MSNBCW_20130929_160000_Weekends_With_Alex_Witt.thumbs/MSNBCW_20130929_160000_Weekends_With_Alex_Witt_003345.jpg,"intergovernmental panel on climate change is the first since 2007. it's based on research by hundreds of the world's top climate scientists. they say it's irrefutable that humans are to blame."
https://archive.org/details/MSNBCW_20130925_000000_All_In_With_Chris_Hayes#start/3591/end/3626,9/25/2013 1:00:06,MSNBC,All In With Chris Hayes,MSNBCW_20130925_000000_All_In_With_Chris_Hayes,https://archive.org/download/MSNBCW_20130925_000000_All_In_With_Chris_Hayes/MSNBCW_20130925_000000_All_In_With_Chris_Hayes.thumbs/MSNBCW_20130925_000000_All_In_With_Chris_Hayes_003585.jpg,"international. christina fegarus from the u.n. framework convention on climate change and ken salazar, thank you all. that is all for this evening. the 'rachel maddow' show starts now. thanks."
https://archive.org/details/MSNBCW_20130925_030000_All_In_With_Chris_Hayes#start/70/end/105,9/25/2013 3:01:25,MSNBC,All In With Chris Hayes,MSNBCW_20130925_030000_All_In_With_Chris_Hayes,https://archive.org/download/MSNBCW_20130925_030000_All_In_With_Chris_Hayes/MSNBCW_20130925_030000_All_In_With_Chris_Hayes.thumbs/MSNBCW_20130925_030000_All_In_With_Chris_Hayes_000045.jpg,"and climate change annihilation 2.0. the one part of a conservative rebranding effort that's been sneakally effective. but tonight we begin with munich on the potomac. you go to the 1940s."
https://archive.org/details/MSNBCW_20130925_030000_All_In_With_Chris_Hayes#start/2808/end/2843,9/25/2013 3:47:03,MSNBC,All In With Chris Hayes,MSNBCW_20130925_030000_All_In_With_Chris_Hayes,https://archive.org/download/MSNBCW_20130925_030000_All_In_With_Chris_Hayes/MSNBCW_20130925_030000_All_In_With_Chris_Hayes.thumbs/MSNBCW_20130925_030000_All_In_With_Chris_Hayes_002805.jpg,"moving away from denying the problem, to denying the solution. even if you concede climate change is real, you can't do it alone. china and india are planning to"
https://archive.org/details/MSNBCW_20130925_070000_All_In_With_Chris_Hayes#start/47/end/82,9/25/2013 7:01:02,MSNBC,All In With Chris Hayes,MSNBCW_20130925_070000_All_In_With_Chris_Hayes,https://archive.org/download/MSNBCW_20130925_070000_All_In_With_Chris_Hayes/MSNBCW_20130925_070000_All_In_With_Chris_Hayes.thumbs/MSNBCW_20130925_070000_All_In_With_Chris_Hayes_000045.jpg,"pathetic tale of desperation. and climate change annihilation 2.0. the one part of a conservative rebranding effort that's been sneakally effective. but tonight we begin with munich on the potomac."
https://archive.org/details/MSNBCW_20130925_070000_All_In_With_Chris_Hayes#start/2783/end/2818,9/25/2013 7:46:38,MSNBC,All In With Chris Hayes,MSNBCW_20130925_070000_All_In_With_Chris_Hayes,https://archive.org/download/MSNBCW_20130925_070000_All_In_With_Chris_Hayes/MSNBCW_20130925_070000_All_In_With_Chris_Hayes.thumbs/MSNBCW_20130925_070000_All_In_With_Chris_Hayes_002775.jpg,"solution. even if you concede climate change is real, you can't do it alone. china and india are planning to build hundreds of coal-fired power plants. there are other countries"
https://archive.org/details/MSNBCW_20130930_210000_The_Ed_Show#start/3051/end/3086,9/30/2013 21:51:06,MSNBC,The Ed Show,MSNBCW_20130930_210000_The_Ed_Show,https://archive.org/download/MSNBCW_20130930_210000_The_Ed_Show/MSNBCW_20130930_210000_The_Ed_Show.thumbs/MSNBCW_20130930_210000_The_Ed_Show_003046.jpg,"dangerous of contraceptions. horribly created in the sense of rape but nevertheless a gift and in a broken way the gift of human life. and accept what god is giving to you. there is no such thing as global warming. president obama once said he wants everybody in america to go to college."
https://archive.org/details/MSNBCW_20130926_010000_The_Rachel_Maddow_Show#start/2344/end/2379,9/26/2013 1:39:19,MSNBC,The Rachel Maddow Show,MSNBCW_20130926_010000_The_Rachel_Maddow_Show,https://archive.org/download/MSNBCW_20130926_010000_The_Rachel_Maddow_Show/MSNBCW_20130926_010000_The_Rachel_Maddow_Show.thumbs/MSNBCW_20130926_010000_The_Rachel_Maddow_Show_002325.jpg,"idea that he would act alone on climate change, even if the epa would not act. they just announced the first-ever regulation that limited how much carbon pollution that can be belched"
https://archive.org/details/MSNBCW_20130924_140000_Jansing_and_Co.#start/3043/end/3078,9/24/2013 14:50:58,MSNBC,Jansing and Co.,MSNBCW_20130924_140000_Jansing_and_Co.,https://archive.org/download/MSNBCW_20130924_140000_Jansing_and_Co./MSNBCW_20130924_140000_Jansing_and_Co..thumbs/MSNBCW_20130924_140000_Jansing_and_Co._003016.jpg,"eager to join the cause of eradicating extreme poverty and combatting climate change, starting businesses, expanding freedom, and leaving behind the old ideological battles of the past. that's what's happening in asia"
https://archive.org/details/MSNBCW_20130919_210000_The_Ed_Show#start/2982/end/3017,9/19/2013 21:49:57,MSNBC,The Ed Show,MSNBCW_20130919_210000_The_Ed_Show,https://archive.org/download/MSNBCW_20130919_210000_The_Ed_Show/MSNBCW_20130919_210000_The_Ed_Show.thumbs/MSNBCW_20130919_210000_The_Ed_Show_002956.jpg,"most experts believe by 2083, in 70 years, the benefits of climate change will still outweigh the harm. twist and turn, twist and turn, folks, there are countless studies proving temperature has"
https://archive.org/details/MSNBCW_20130919_210000_The_Ed_Show#start/2951/end/2986,9/19/2013 21:49:26,MSNBC,The Ed Show,MSNBCW_20130919_210000_The_Ed_Show,https://archive.org/download/MSNBCW_20130919_210000_The_Ed_Show/MSNBCW_20130919_210000_The_Ed_Show.thumbs/MSNBCW_20130919_210000_The_Ed_Show_002926.jpg,"your door to more. in pretenders tonight the king of denial, congressman david mckinley. listen to this. during the house climate change policy hearing the west virginia congressman took a facts and"
https://archive.org/details/MSNBCW_20130908_160000_Weekends_With_Alex_Witt#start/4248/end/4283,9/8/2013 17:11:03,MSNBC,Weekends With Alex Witt,MSNBCW_20130908_160000_Weekends_With_Alex_Witt,https://archive.org/download/MSNBCW_20130908_160000_Weekends_With_Alex_Witt/MSNBCW_20130908_160000_Weekends_With_Alex_Witt.thumbs/MSNBCW_20130908_160000_Weekends_With_Alex_Witt_004245.jpg,"global warming in the united states are also important issues that have to be addressed. i worry, you know? the united states congress has a hard time walking and chewing bubblegum. very hard to do two things at the same time. i want to hear from the president that we're going to move forward and take care of"
https://archive.org/details/MSNBCW_20130919_020000_The_Last_Word#start/3434/end/3469,9/19/2013 2:57:29,MSNBC,The Last Word,MSNBCW_20130919_020000_The_Last_Word,https://archive.org/download/MSNBCW_20130919_020000_The_Last_Word/MSNBCW_20130919_020000_The_Last_Word.thumbs/MSNBCW_20130919_020000_The_Last_Word_003435.jpg,"gas reserves in the tooentire wd not just the united states. here you have $4 billion investment, fossil fuel investment on a flood plane in the era of climate change. now months after the government"
https://archive.org/details/MSNBCW_20130919_050000_The_Last_Word#start/3402/end/3437,9/19/2013 5:56:57,MSNBC,The Last Word,MSNBCW_20130919_050000_The_Last_Word,https://archive.org/download/MSNBCW_20130919_050000_The_Last_Word/MSNBCW_20130919_050000_The_Last_Word.thumbs/MSNBCW_20130919_050000_The_Last_Word_003375.jpg,"when you look at debates in colorado where to site fraking wells, and permit oil drilling and severe weather events in the era of climate change has not been happening. they do no worse case"
https://archive.org/details/MSNBCW_20130927_160000_NOW_With_Alex_Wagner#start/2646/end/2681,9/27/2013 16:44:21,MSNBC,NOW With Alex Wagner,MSNBCW_20130927_160000_NOW_With_Alex_Wagner,https://archive.org/download/MSNBCW_20130927_160000_NOW_With_Alex_Wagner/MSNBCW_20130927_160000_NOW_With_Alex_Wagner.thumbs/MSNBCW_20130927_160000_NOW_With_Alex_Wagner_002626.jpg,"climate change and what it does for our disappearing front lines against the hurricanes that we in the long-term have a deep need to change how we are, in fact, generating energy in this"
https://archive.org/details/MSNBCW_20130925_000000_All_In_With_Chris_Hayes#start/46/end/81,9/25/2013 0:01:01,MSNBC,All In With Chris Hayes,MSNBCW_20130925_000000_All_In_With_Chris_Hayes,https://archive.org/download/MSNBCW_20130925_000000_All_In_With_Chris_Hayes/MSNBCW_20130925_000000_All_In_With_Chris_Hayes.thumbs/MSNBCW_20130925_000000_All_In_With_Chris_Hayes_000045.jpg,"decides to kneecap a judicial nominee for no good reason. we'll tell the entire, sad, pathetic tale of desperation. and climate change annihilation 2.0. the one part of a conservative rebranding effort that's been"
https://archive.org/details/MSNBCW_20130925_030000_All_In_With_Chris_Hayes#start/2775/end/2810,9/25/2013 3:46:30,MSNBC,All In With Chris Hayes,MSNBCW_20130925_030000_All_In_With_Chris_Hayes,https://archive.org/download/MSNBCW_20130925_030000_All_In_With_Chris_Hayes/MSNBCW_20130925_030000_All_In_With_Chris_Hayes.thumbs/MSNBCW_20130925_030000_All_In_With_Chris_Hayes_002775.jpg,"theories. but then the 2012 election happened and younger voters sided with the president. on the issue of climate change, there was a particular rift between the republican party and the under 30 set."
https://archive.org/details/MSNBCW_20130927_160000_NOW_With_Alex_Wagner#start/2568/end/2603,9/27/2013 16:43:03,MSNBC,NOW With Alex Wagner,MSNBCW_20130927_160000_NOW_With_Alex_Wagner,https://archive.org/download/MSNBCW_20130927_160000_NOW_With_Alex_Wagner/MSNBCW_20130927_160000_NOW_With_Alex_Wagner.thumbs/MSNBCW_20130927_160000_NOW_With_Alex_Wagner_002566.jpg,"or immune to the notion of the data. climate change is something that has to cross state boundaries, require collective action, extremely difficult to do in global policymaking. but i also think that part of"
https://archive.org/details/MSNBCW_20130906_130000_The_Daily_Rundown#start/3446/end/3481,9/6/2013 13:57:41,MSNBC,The Daily Rundown,MSNBCW_20130906_130000_The_Daily_Rundown,https://archive.org/download/MSNBCW_20130906_130000_The_Daily_Rundown/MSNBCW_20130906_130000_The_Daily_Rundown.thumbs/MSNBCW_20130906_130000_The_Daily_Rundown_003436.jpg,"fight against climate change. during my trip, we also continued our efforts to advance two key trade initiatives. the transatlantic trade and investment partnership and the transpacific partnership area i believe if we move forward on"
https://archive.org/details/MSNBCW_20130918_200000_Martin_Bashir#start/1671/end/1706,9/18/2013 20:28:06,MSNBC,Martin Bashir,MSNBCW_20130918_200000_Martin_Bashir,https://archive.org/download/MSNBCW_20130918_200000_Martin_Bashir/MSNBCW_20130918_200000_Martin_Bashir.thumbs/MSNBCW_20130918_200000_Martin_Bashir_001665.jpg,"legislation. absolutely. krystal ball, jonathan capehart, thank you so much, both of you. thanks, martin. coming up, climate change, sequester and benghazi. oh, my. it is a busy hump day in washington. [ female announcer ] we lowered her fever."
https://archive.org/details/MSNBCW_20130918_200000_Martin_Bashir#start/1907/end/1942,9/18/2013 20:32:02,MSNBC,Martin Bashir,MSNBCW_20130918_200000_Martin_Bashir,https://archive.org/download/MSNBCW_20130918_200000_Martin_Bashir/MSNBCW_20130918_200000_Martin_Bashir.thumbs/MSNBCW_20130918_200000_Martin_Bashir_001905.jpg,"oversight and government reform subcommittee, where house republicans variously questioned the validity of climate change and the obama administration's attempt to confront it. and, of course, what wednesday would be complete in the house without a hearing on benghazi."
https://archive.org/details/MSNBCW_20130919_220000_PoliticsNation#start/2865/end/2900,9/19/2013 22:48:00,MSNBC,PoliticsNation,MSNBCW_20130919_220000_PoliticsNation,https://archive.org/download/MSNBCW_20130919_220000_PoliticsNation/MSNBCW_20130919_220000_PoliticsNation.thumbs/MSNBCW_20130919_220000_PoliticsNation_002866.jpg,"senator ted cruz. they also try to influence politics locally donating to state level candidates and ballot measures. and their pet causes include attacking health care laws, denying climate change, and fighting wall street reform. and it's not working."
https://archive.org/details/MSNBCW_20130919_210000_The_Ed_Show#start/1687/end/1722,9/19/2013 21:28:22,MSNBC,The Ed Show,MSNBCW_20130919_210000_The_Ed_Show,https://archive.org/download/MSNBCW_20130919_210000_The_Ed_Show/MSNBCW_20130919_210000_The_Ed_Show.thumbs/MSNBCW_20130919_210000_The_Ed_Show_001666.jpg,"up next, the tip of the melting iceberg in republican lives, about climate change, and a moment of temporary sanity, yes, i said sanity. from our old buddy ted cruz. next, i am taking your questions"
https://archive.org/details/MSNBCW_20130927_160000_NOW_With_Alex_Wagner#start/2523/end/2558,9/27/2013 16:42:18,MSNBC,NOW With Alex Wagner,MSNBCW_20130927_160000_NOW_With_Alex_Wagner,https://archive.org/download/MSNBCW_20130927_160000_NOW_With_Alex_Wagner/MSNBCW_20130927_160000_NOW_With_Alex_Wagner.thumbs/MSNBCW_20130927_160000_NOW_With_Alex_Wagner_002506.jpg,"who do want to have a serious discussion about this problem. a former republican from south carolina he's heading up an effort to find free market-driven can have solutions to climate change. lets have that worthy debate"
https://archive.org/details/MSNBCW_20130925_070000_All_In_With_Chris_Hayes#start/1770/end/1805,9/25/2013 7:29:45,MSNBC,All In With Chris Hayes,MSNBCW_20130925_070000_All_In_With_Chris_Hayes,https://archive.org/download/MSNBCW_20130925_070000_All_In_With_Chris_Hayes/MSNBCW_20130925_070000_All_In_With_Chris_Hayes.thumbs/MSNBCW_20130925_070000_All_In_With_Chris_Hayes_001545.jpg,"click three. i'll tell you what desperate attempt senator marco rubio has made to get back to the tea party's good graces. the new tactic in climate change denialism that's surprisingly effective. i'll explain that coming up."
https://archive.org/details/MSNBCW_20130925_070000_All_In_With_Chris_Hayes#start/2675/end/2710,9/25/2013 7:44:50,MSNBC,All In With Chris Hayes,MSNBCW_20130925_070000_All_In_With_Chris_Hayes,https://archive.org/download/MSNBCW_20130925_070000_All_In_With_Chris_Hayes/MSNBCW_20130925_070000_All_In_With_Chris_Hayes.thumbs/MSNBCW_20130925_070000_All_In_With_Chris_Hayes_002655.jpg,"efforts seem to be actually paying off is on the issue of climate change. you're probably familiar with the old conservative approach. deny, deny, deny. i don't think that it has been established yet as a fact"
https://archive.org/details/MSNBCW_20130925_000000_All_In_With_Chris_Hayes#start/2619/end/2654,9/25/2013 0:43:54,MSNBC,All In With Chris Hayes,MSNBCW_20130925_000000_All_In_With_Chris_Hayes,https://archive.org/download/MSNBCW_20130925_000000_All_In_With_Chris_Hayes/MSNBCW_20130925_000000_All_In_With_Chris_Hayes.thumbs/MSNBCW_20130925_000000_All_In_With_Chris_Hayes_002595.jpg,"young people everywhere who can access the entire world with the click of a button, and who are eager to join the cause of eradicating extreme poverty and combatting climate change, starting businesses, expanding freedom, an leaving behind the"
https://archive.org/details/MSNBCW_20130925_000000_All_In_With_Chris_Hayes#start/2635/end/2670,9/25/2013 0:44:10,MSNBC,All In With Chris Hayes,MSNBCW_20130925_000000_All_In_With_Chris_Hayes,https://archive.org/download/MSNBCW_20130925_000000_All_In_With_Chris_Hayes/MSNBCW_20130925_000000_All_In_With_Chris_Hayes.thumbs/MSNBCW_20130925_000000_All_In_With_Chris_Hayes_002625.jpg,"old ideological ballotses of the past. that was the president speaking today before the u.n. general assembly and that was his one mention of climate change. putting it in a generational context, speaking to the young"
https://archive.org/details/MSNBCW_20130926_080000_The_Rachel_Maddow_Show#start/2708/end/2743,9/26/2013 8:45:23,MSNBC,The Rachel Maddow Show,MSNBCW_20130926_080000_The_Rachel_Maddow_Show,https://archive.org/download/MSNBCW_20130926_080000_The_Rachel_Maddow_Show/MSNBCW_20130926_080000_The_Rachel_Maddow_Show.thumbs/MSNBCW_20130926_080000_The_Rachel_Maddow_Show_002685.jpg,"element, to put forth many conservatives think that climate change is not happening. how do they get over it? is the debate getting any less denialist over time? and how do you see the issue resolving?"
https://archive.org/details/MSNBCW_20130926_010000_The_Rachel_Maddow_Show#start/2577/end/2612,9/26/2013 1:43:12,MSNBC,The Rachel Maddow Show,MSNBCW_20130926_010000_The_Rachel_Maddow_Show,https://archive.org/download/MSNBCW_20130926_010000_The_Rachel_Maddow_Show/MSNBCW_20130926_010000_The_Rachel_Maddow_Show.thumbs/MSNBCW_20130926_010000_The_Rachel_Maddow_Show_002565.jpg,"and you can address climate change in a very serious common sense appropriate economically viable way. if -- staying on that issue of the existing 6000 or whatever power plants that we have got, if that is a process that is regionally tailored,"
https://archive.org/details/MSNBCW_20130926_040000_The_Rachel_Maddow_Show#start/2331/end/2366,9/26/2013 4:39:06,MSNBC,The Rachel Maddow Show,MSNBCW_20130926_040000_The_Rachel_Maddow_Show,https://archive.org/download/MSNBCW_20130926_040000_The_Rachel_Maddow_Show/MSNBCW_20130926_040000_The_Rachel_Maddow_Show.thumbs/MSNBCW_20130926_040000_The_Rachel_Maddow_Show_002325.jpg,"decision for people who have been waiting for science for a long time. president obama addressed the idea that he would act alone on climate change, even if the epa would not act. they just announced the first-ever regulation that"
https://archive.org/details/MSNBCW_20130926_040000_The_Rachel_Maddow_Show#start/2734/end/2769,9/26/2013 4:45:49,MSNBC,The Rachel Maddow Show,MSNBCW_20130926_040000_The_Rachel_Maddow_Show,https://archive.org/download/MSNBCW_20130926_040000_The_Rachel_Maddow_Show/MSNBCW_20130926_040000_The_Rachel_Maddow_Show.thumbs/MSNBCW_20130926_040000_The_Rachel_Maddow_Show_002715.jpg,"the president having the courage to stand up and do what he did in his speech is to talk about how the climate surface is certain. humans are causing the climate change, they're fuelling it. that is the message that needs"
https://archive.org/details/MSNBCW_20130919_020000_The_Last_Word#start/3402/end/3437,9/19/2013 2:56:57,MSNBC,The Last Word,MSNBCW_20130919_020000_The_Last_Word,https://archive.org/download/MSNBCW_20130919_020000_The_Last_Word/MSNBCW_20130919_020000_The_Last_Word.thumbs/MSNBCW_20130919_020000_The_Last_Word_003375.jpg,"colorado where to site fraking wells, and permit oil drilling and severe weather events in the era of climate change has not been happening. they do no worse case scenario modeling. according to what i read in your piece, they don't do any -- even       _"
https://archive.org/details/MSNBCW_20130909_160000_NOW_With_Alex_Wagner#start/1582/end/1617,9/9/2013 16:26:37,MSNBC,NOW With Alex Wagner,MSNBCW_20130909_160000_NOW_With_Alex_Wagner,https://archive.org/download/MSNBCW_20130909_160000_NOW_With_Alex_Wagner/MSNBCW_20130909_160000_NOW_With_Alex_Wagner.thumbs/MSNBCW_20130909_160000_NOW_With_Alex_Wagner_001576.jpg,"climate change, anything substantive the president wants to do in the second term. it's completely conceivable his political capital would go up if you actually respected the will of congress and voted it down. can he not? that's the other question."
https://archive.org/details/MSNBCW_20130925_030000_All_In_With_Chris_Hayes#start/3603/end/3638,9/25/2013 4:00:18,MSNBC,All In With Chris Hayes,MSNBCW_20130925_030000_All_In_With_Chris_Hayes,https://archive.org/download/MSNBCW_20130925_030000_All_In_With_Chris_Hayes/MSNBCW_20130925_030000_All_In_With_Chris_Hayes.thumbs/MSNBCW_20130925_030000_All_In_With_Chris_Hayes_003585.jpg,"of president obama. it's actually very, very good news. kumi from green peace international. christina fegarus from the u.n. framework convention on climate change and ken salazar, thank you all. that is all for this evening. the 'rachel maddow' show starts"
https://archive.org/details/MSNBCW_20130925_070000_All_In_With_Chris_Hayes#start/2613/end/2648,9/25/2013 7:43:48,MSNBC,All In With Chris Hayes,MSNBCW_20130925_070000_All_In_With_Chris_Hayes,https://archive.org/download/MSNBCW_20130925_070000_All_In_With_Chris_Hayes/MSNBCW_20130925_070000_All_In_With_Chris_Hayes.thumbs/MSNBCW_20130925_070000_All_In_With_Chris_Hayes_002595.jpg,"i see it in the faces of young people everywhere who can access the entire world with the click of a button, and who are eager to join the cause of eradicating extreme poverty and combatting climate change, starting businesses, expanding"
https://archive.org/details/MSNBCW_20130925_070000_All_In_With_Chris_Hayes#start/2937/end/2972,9/25/2013 7:49:12,MSNBC,All In With Chris Hayes,MSNBCW_20130925_070000_All_In_With_Chris_Hayes,https://archive.org/download/MSNBCW_20130925_070000_All_In_With_Chris_Hayes/MSNBCW_20130925_070000_All_In_With_Chris_Hayes.thumbs/MSNBCW_20130925_070000_All_In_With_Chris_Hayes_002925.jpg,"possible, is it the case that the u.s.' inaction legislatively on this is the single biggest obstacle to a global solution on climate? well, first, i would say, chris, that climate change is real. the global climate is in fact changing."
https://archive.org/details/MSNBCW_20130925_000000_All_In_With_Chris_Hayes#start/2945/end/2980,9/25/2013 0:49:20,MSNBC,All In With Chris Hayes,MSNBCW_20130925_000000_All_In_With_Chris_Hayes,https://archive.org/download/MSNBCW_20130925_000000_All_In_With_Chris_Hayes/MSNBCW_20130925_000000_All_In_With_Chris_Hayes.thumbs/MSNBCW_20130925_000000_All_In_With_Chris_Hayes_002925.jpg,"obstacle to a global solution on climate? well, first, i would say, chris, that climate change is real. the global climate is in fact changing. our planet is getting warmer and 97% of the scientists are there. secondly, i would say that the"
https://archive.org/details/MSNBCW_20130925_070000_All_In_With_Chris_Hayes#start/2628/end/2663,9/25/2013 7:44:03,MSNBC,All In With Chris Hayes,MSNBCW_20130925_070000_All_In_With_Chris_Hayes,https://archive.org/download/MSNBCW_20130925_070000_All_In_With_Chris_Hayes/MSNBCW_20130925_070000_All_In_With_Chris_Hayes.thumbs/MSNBCW_20130925_070000_All_In_With_Chris_Hayes_002625.jpg,"freedom, an leaving behind the old ideological battles of the past. that was the president speaking today before the u.n. general assembly and that was his one mention of climate change. putting it in a generational context, speaking to the young"
https://archive.org/details/MSNBCW_20130926_080000_The_Rachel_Maddow_Show#start/2322/end/2357,9/26/2013 8:38:57,MSNBC,The Rachel Maddow Show,MSNBCW_20130926_080000_The_Rachel_Maddow_Show,https://archive.org/download/MSNBCW_20130926_080000_The_Rachel_Maddow_Show/MSNBCW_20130926_080000_The_Rachel_Maddow_Show.thumbs/MSNBCW_20130926_080000_The_Rachel_Maddow_Show_002325.jpg,"president obama addressed the idea that he would act alone on climate change, even if the epa would not act. they just announced the first-ever regulation that limited how much carbon pollution that can be belched into the air."
https://archive.org/details/MSNBCW_20130926_080000_The_Rachel_Maddow_Show#start/2553/end/2588,9/26/2013 8:42:48,MSNBC,The Rachel Maddow Show,MSNBCW_20130926_080000_The_Rachel_Maddow_Show,https://archive.org/download/MSNBCW_20130926_080000_The_Rachel_Maddow_Show/MSNBCW_20130926_080000_The_Rachel_Maddow_Show.thumbs/MSNBCW_20130926_080000_The_Rachel_Maddow_Show_002535.jpg,"you can do things that make sense economically. you can drive a clean energy agenda. and you can address climate change in a very serious common sense appropriate economically viable way. if -- staying on that issue of the existing 6000 or"
https://archive.org/details/MSNBCW_20130919_020000_The_Last_Word#start/3544/end/3579,9/19/2013 2:59:19,MSNBC,The Last Word,MSNBCW_20130919_020000_The_Last_Word,https://archive.org/download/MSNBCW_20130919_020000_The_Last_Word/MSNBCW_20130919_020000_The_Last_Word.thumbs/MSNBCW_20130919_020000_The_Last_Word_003525.jpg,"situationed are being cited you. have climate change coming in with severe weather to create not just an instant or couple week kind of disaster but a disaster that if you contaminate the ground waument water create question of everything from drinking walt ining water to to"
https://archive.org/details/MSNBCW_20130927_100000_Morning_Joe#start/1365/end/1400,9/27/2013 10:23:00,MSNBC,Morning Joe,MSNBCW_20130927_100000_Morning_Joe,https://archive.org/download/MSNBCW_20130927_100000_Morning_Joe/MSNBCW_20130927_100000_Morning_Joe.thumbs/MSNBCW_20130927_100000_Morning_Joe_001365.jpg,"panel on the climate change, 259 scientists got together, the big headline they're saying for the first time, it's extremely likely that humans dominate the cause of observed warming since 1950. that's up from likelihood. they're saying 95% chance that the warming of the planet is"
https://archive.org/details/MSNBCW_20130919_160000_NOW_With_Alex_Wagner#start/3312/end/3347,9/19/2013 16:55:27,MSNBC,NOW With Alex Wagner,MSNBCW_20130919_160000_NOW_With_Alex_Wagner,https://archive.org/download/MSNBCW_20130919_160000_NOW_With_Alex_Wagner/MSNBCW_20130919_160000_NOW_With_Alex_Wagner.thumbs/MSNBCW_20130919_160000_NOW_With_Alex_Wagner_003286.jpg,"is a great win. the president approved it with these conditions. these conditions can't be met when, in fact, those conditions are met or there's devil in the details. what does that mean, maggie. i think there's a sense climate change is something the"
https://archive.org/details/MSNBCW_20130919_050000_The_Last_Word#start/3541/end/3576,9/19/2013 5:59:16,MSNBC,The Last Word,MSNBCW_20130919_050000_The_Last_Word,https://archive.org/download/MSNBCW_20130919_050000_The_Last_Word/MSNBCW_20130919_050000_The_Last_Word.thumbs/MSNBCW_20130919_050000_The_Last_Word_003525.jpg,"where water is a huge issue. where officials in the government aren't properly regulating where the energy situationed are being cited you. have climate change coming in with severe weather to create not just an instant or couple week kind of disaster but a"
https://archive.org/details/MSNBCW_20130927_160000_NOW_With_Alex_Wagner#start/2257/end/2292,9/27/2013 16:37:52,MSNBC,NOW With Alex Wagner,MSNBCW_20130927_160000_NOW_With_Alex_Wagner,https://archive.org/download/MSNBCW_20130927_160000_NOW_With_Alex_Wagner/MSNBCW_20130927_160000_NOW_With_Alex_Wagner.thumbs/MSNBCW_20130927_160000_NOW_With_Alex_Wagner_002236.jpg,"international panel on climate change, the world's top climate research group, made up of hundreds of researchers around the world declared in its most confident assessment yet that the human influence on the climate system is clear and that it is extremely likely that"
https://archive.org/details/MSNBCW_20130927_160000_NOW_With_Alex_Wagner#start/2679/end/2714,9/27/2013 16:44:54,MSNBC,NOW With Alex Wagner,MSNBCW_20130927_160000_NOW_With_Alex_Wagner,https://archive.org/download/MSNBCW_20130927_160000_NOW_With_Alex_Wagner/MSNBCW_20130927_160000_NOW_With_Alex_Wagner.thumbs/MSNBCW_20130927_160000_NOW_With_Alex_Wagner_002656.jpg,"energy produced at home and yet this, climate change. penn state university professor michael mann, thank you very much. thank you. it's great to be with you. we're still monitoring the senate floor where they are holding a cloture vote on the senate funding bill."
https://archive.org/details/MSNBCW_20130925_030000_All_In_With_Chris_Hayes#start/2791/end/2826,9/25/2013 3:46:46,MSNBC,All In With Chris Hayes,MSNBCW_20130925_030000_All_In_With_Chris_Hayes,https://archive.org/download/MSNBCW_20130925_030000_All_In_With_Chris_Hayes/MSNBCW_20130925_030000_All_In_With_Chris_Hayes.thumbs/MSNBCW_20130925_030000_All_In_With_Chris_Hayes_002775.jpg,"it didn't help the gop's climate change poster boy -- it's all about money. sounded an awful lot like grandpa simpson. all right, i admit it. i am the lindbergh baby. so now the smarter and salvier of the bunch have made a calculated pivot."
https://archive.org/details/MSNBCW_20130927_160000_NOW_With_Alex_Wagner#start/2397/end/2432,9/27/2013 16:40:12,MSNBC,NOW With Alex Wagner,MSNBCW_20130927_160000_NOW_With_Alex_Wagner,https://archive.org/download/MSNBCW_20130927_160000_NOW_With_Alex_Wagner/MSNBCW_20130927_160000_NOW_With_Alex_Wagner.thumbs/MSNBCW_20130927_160000_NOW_With_Alex_Wagner_002386.jpg,"we will see misdirection, cherry picking, half truths and outright false hoods in the months ahead. don't be if you would by smoke and mirrors. the true take hoem message of the report is crystal clear, climate change is real and caused by humans and continues"
https://archive.org/details/MSNBCW_20130926_080000_The_Rachel_Maddow_Show#start/2725/end/2760,9/26/2013 8:45:40,MSNBC,The Rachel Maddow Show,MSNBCW_20130926_080000_The_Rachel_Maddow_Show,https://archive.org/download/MSNBCW_20130926_080000_The_Rachel_Maddow_Show/MSNBCW_20130926_080000_The_Rachel_Maddow_Show.thumbs/MSNBCW_20130926_080000_The_Rachel_Maddow_Show_002715.jpg,"i think it is, i think it changed dramatically, i think the president having the courage to stand up and do what he did in his speech is to talk about how the climate surface is certain. humans are causing the climate change, they're fuelling it."
https://archive.org/details/MSNBCW_20130904_090000_First_Look#start/238/end/273,9/4/2013 9:04:13,MSNBC,First Look,MSNBCW_20130904_090000_First_Look,https://archive.org/download/MSNBCW_20130904_090000_First_Look/MSNBCW_20130904_090000_First_Look.thumbs/MSNBCW_20130904_090000_First_Look_000226.jpg,"tracie potts is live in washington. good morning. what is the president hoping to accomplish on this trip? reporter: he's hoping in sweden to get some good discussion going on climate change. and security and trade. those are going to be the focus. and he did touchdown in sweden"
https://archive.org/details/MSNBCW_20130925_030000_All_In_With_Chris_Hayes#start/2638/end/2673,9/25/2013 3:44:13,MSNBC,All In With Chris Hayes,MSNBCW_20130925_030000_All_In_With_Chris_Hayes,https://archive.org/download/MSNBCW_20130925_030000_All_In_With_Chris_Hayes/MSNBCW_20130925_030000_All_In_With_Chris_Hayes.thumbs/MSNBCW_20130925_030000_All_In_With_Chris_Hayes_002565.jpg,"young people everywhere who can access the entire world with the click of a button, and who are eager to join the cause of eradicating extreme poverty and combatting climate change, starting businesses, expanding freedom, an leaving behind the old ideological battles of the past. that was the president"
https://archive.org/details/MSNBCW_20130927_160000_NOW_With_Alex_Wagner#start/2554/end/2589,9/27/2013 16:42:49,MSNBC,NOW With Alex Wagner,MSNBCW_20130927_160000_NOW_With_Alex_Wagner,https://archive.org/download/MSNBCW_20130927_160000_NOW_With_Alex_Wagner/MSNBCW_20130927_160000_NOW_With_Alex_Wagner.thumbs/MSNBCW_20130927_160000_NOW_With_Alex_Wagner_002536.jpg,"disbelief on the right. i think i challenge that a little bit. on the one hand i think the professor is right. we have a big challenge with climate change, we agree it's happening and data is true. part of the challenge here is the notion we can't get passed"
https://archive.org/details/MSNBCW_20130925_000000_All_In_With_Chris_Hayes#start/1781/end/1816,9/25/2013 0:29:56,MSNBC,All In With Chris Hayes,MSNBCW_20130925_000000_All_In_With_Chris_Hayes,https://archive.org/download/MSNBCW_20130925_000000_All_In_With_Chris_Hayes/MSNBCW_20130925_000000_All_In_With_Chris_Hayes.thumbs/MSNBCW_20130925_000000_All_In_With_Chris_Hayes_001755.jpg,"party's good graces. the new tactic in climate change denialism that's surprisingly effective. i'll explain that coming up. first i want to share the three awesomest things on the internet. we begin in the united states senate with a wingman for the ages. ted cruz thought he had the"
https://archive.org/details/MSNBCW_20130925_000000_All_In_With_Chris_Hayes#start/2791/end/2826,9/25/2013 0:46:46,MSNBC,All In With Chris Hayes,MSNBCW_20130925_000000_All_In_With_Chris_Hayes,https://archive.org/download/MSNBCW_20130925_000000_All_In_With_Chris_Hayes/MSNBCW_20130925_000000_All_In_With_Chris_Hayes.thumbs/MSNBCW_20130925_000000_All_In_With_Chris_Hayes_002775.jpg,"solution. en. even if you concede climate change is real, you can't do it alone. china and india are planning to build hundreds of coal-fired power plants. there are other countries that are polluting in the atmosphere much greater than we are at this point, china and"
https://archive.org/details/MSNBCW_20130929_160000_Weekends_With_Alex_Witt#start/3467/end/3502,9/29/2013 16:58:02,MSNBC,Weekends With Alex Witt,MSNBCW_20130929_160000_Weekends_With_Alex_Witt,https://archive.org/download/MSNBCW_20130929_160000_Weekends_With_Alex_Witt/MSNBCW_20130929_160000_Weekends_With_Alex_Witt.thumbs/MSNBCW_20130929_160000_Weekends_With_Alex_Witt_003465.jpg,"information and really get aggressive about stopping this. you talk about this 95%. any wiggle room left out there for scientists who question whether climate change is real? yeah, you know, i think that what they said in the report is that there's certainly uncertainty, but that the uncertainty cuts in both"
https://archive.org/details/MSNBCW_20130925_030000_All_In_With_Chris_Hayes#start/2652/end/2687,9/25/2013 3:44:27,MSNBC,All In With Chris Hayes,MSNBCW_20130925_030000_All_In_With_Chris_Hayes,https://archive.org/download/MSNBCW_20130925_030000_All_In_With_Chris_Hayes/MSNBCW_20130925_030000_All_In_With_Chris_Hayes.thumbs/MSNBCW_20130925_030000_All_In_With_Chris_Hayes_002625.jpg,"speaking today before the u.n. general assembly and that was his one mention of climate change. putting it in a generational context, speaking to the young people who will inherit the most urgent problem. as much as he might hope we are done with the old ideological battles of the past, those old"
https://archive.org/details/MSNBCW_20130926_080000_The_Rachel_Maddow_Show#start/2443/end/2478,9/26/2013 8:40:58,MSNBC,The Rachel Maddow Show,MSNBCW_20130926_080000_The_Rachel_Maddow_Show,https://archive.org/download/MSNBCW_20130926_080000_The_Rachel_Maddow_Show/MSNBCW_20130926_080000_The_Rachel_Maddow_Show.thumbs/MSNBCW_20130926_080000_The_Rachel_Maddow_Show_002445.jpg,"proposals next june for existing power plants. so we're doing both, we're doing them in sequence, we know all we need to know about new plants and how to keep the plants functioning into the future. using new technologies, reducing carbon, hopefully, we're taking our first big step in the president's climb plan to address climate change, which is really our most pressing public health threat."
